prompt,query,reference,generation_function_vector,bleu_function_vector,chrf_function_vector,function_vector_lang,reference_lang,bleu_function_vector_lang,chrf_function_vector_lang,metricx_qe_function_vector,metricx_function_vector,commet_function_vector
"Q: « Nous avons à présent des souris de 4 mois qui ne sont pas diabétiques alors qu'elles l'étaient auparavant », a-t-il ajouté.
A:","« Nous avons à présent des souris de 4 mois qui ne sont pas diabétiques alors qu'elles l'étaient auparavant », a-t-il ajouté.","""We now have 4-month-old mice that are non-diabetic that used to be diabetic,"" he added.","We have now two mice that were 4 months old when they were not diabetic, so they were previously 4 months old when they were not diabetic.",7.988739893685171,32.46895832978033,eng_Latn," ""We now have 4-month-old mice that are non-diabetic that used to be diabetic,"" he added.",7.988739893685171,32.46895832978033,14.6875,15.375,-0.00946044921875
"Q: Le Dr Ehud Ur, professeur de médecine à l'Université Dalhousie de Halifax (Nouvelle-Écosse) et président de la division clinique et scientifique de l'Association canadienne du diabète, a averti que la recherche en était encore à ses débuts.
A:","Le Dr Ehud Ur, professeur de médecine à l'Université Dalhousie de Halifax (Nouvelle-Écosse) et président de la division clinique et scientifique de l'Association canadienne du diabète, a averti que la recherche en était encore à ses débuts.","Dr. Ehud Ur, professor of medicine at Dalhousie University in Halifax, Nova Scotia and chair of the clinical and scientific division of the Canadian Diabetes Association cautioned that the research is still in its early days.","Dr Ehud Ur, professor of medicine at Dalhousie University in Halifax (Nova Scotia) and president of the Division of Clinical and Scientific Research, has warned that the research is still in its infancy.",45.55472235006777,63.51791733411228,eng_Latn," Dr. Ehud Ur, professor of medicine at Dalhousie University in Halifax, Nova Scotia and chair of the clinical and scientific division of the Canadian Diabetes Association cautioned that the research is still in its early days.",45.55472235006777,63.51791733411228,4.40625,3.453125,0.734375
"Q: À l'instar d'autres experts, il se montre sceptique quant à la possibilité de guérir le diabète, faisant remarquer que ces résultats ne sont pas applicables aux personnes qui souffrent déjà de diabète de type 1.
A:","À l'instar d'autres experts, il se montre sceptique quant à la possibilité de guérir le diabète, faisant remarquer que ces résultats ne sont pas applicables aux personnes qui souffrent déjà de diabète de type 1.","Like some other experts, he is skeptical about whether diabetes can be cured, noting that these findings have no relevance to people who already have Type 1 diabetes.","The doctor is skeptical about the possibility of curing the diabetes, making the findings are not applicable to people who suffer from diabetes type 1.",11.588786265971308,38.562808789801174,eng_Latn," Like some other experts, he is skeptical about whether diabetes can be cured, noting that these findings have no relevance to people who already have Type 1 diabetes.",11.588786265971308,38.562808789801174,5.46875,5.0625,0.5703125
"Q: Lundi, lors d'une émission de radio sur Sveriges Radio, en Suède, Sara Danius, secrétaire permanente du Comité Nobel de Littérature de l'Académie Suédoise, a annoncé publiquement que le comité, incapable de joindre directement Bob Dylan au sujet du prix Nobel de littérature 2016, avait renoncé à le contacter.
A:","Lundi, lors d'une émission de radio sur Sveriges Radio, en Suède, Sara Danius, secrétaire permanente du Comité Nobel de Littérature de l'Académie Suédoise, a annoncé publiquement que le comité, incapable de joindre directement Bob Dylan au sujet du prix Nobel de littérature 2016, avait renoncé à le contacter.","On Monday, Sara Danius, permanent secretary of the Nobel Committee for Literature at the Swedish Academy, publicly announced during a radio program on Sveriges Radio in Sweden the committee, unable to reach Bob Dylan directly about winning the 2016 Nobel Prize in Literature, had abandoned its efforts to reach him.","On broadcasted a radio program on Sveriges Radio in Sweden, in Sweden, Sara Danius, the secretary-general of the Nobel Prize in Literature 2016, announced publicly that the Nobel Prize in Literature 2016 had renounced the contact with Bob Dylan, the secretary-general of the Nobel Prize in Literature 2016, announced publicly that the Nobel Prize in Literature 2016 had renounced the contact with Bob Dylan, the secretary-general",19.740585826559112,46.93307999316934,eng_Latn," On Monday, Sara Danius, permanent secretary of the Nobel Committee for Literature at the Swedish Academy, publicly announced during a radio program on Sveriges Radio in Sweden the committee, unable to reach Bob Dylan directly about winning the 2016 Nobel Prize in Literature, had abandoned its efforts to reach him.",19.740585826559112,46.93307999316934,22.125,22.25,-0.025634765625
"Q: Danius a déclaré : « En ce moment, nous ne faisons rien. J'ai appelé et envoyé des courriels à son plus proche collaborateur et j'ai reçu des réponses très amicales. Pour l'instant, c'est certainement suffisant. »
A:","Danius a déclaré : « En ce moment, nous ne faisons rien. J'ai appelé et envoyé des courriels à son plus proche collaborateur et j'ai reçu des réponses très amicales. Pour l'instant, c'est certainement suffisant. »","Danius said, ""Right now we are doing nothing. I have called and sent emails to his closest collaborator and received very friendly replies. For now, that is certainly enough.""","Danius said: ""At the moment, we are not doing anything. I called and sent a letter to his closest collaborator and I received a very friendly reply. For the moment, it is probably enough. For now, it is probably enough. """,23.90511427120972,58.528135712162175,eng_Latn," Danius said, ""Right now we are doing nothing. I have called and sent emails to his closest collaborator and received very friendly replies. For now, that is certainly enough.""",23.90511427120972,58.528135712162175,6.09375,7.21875,0.2421875
"Q: Auparavant, le PDG de Ring, Jamie Siminoff, a fait remarquer qu'il a lancé l'entreprise lorsque la sonnette de sa porte d'entrée n'était pas audible depuis son magasin dans son garage.
A:","Auparavant, le PDG de Ring, Jamie Siminoff, a fait remarquer qu'il a lancé l'entreprise lorsque la sonnette de sa porte d'entrée n'était pas audible depuis son magasin dans son garage.","Previously, Ring's CEO, Jamie Siminoff, remarked the company started when his doorbell wasn't audible from his shop in his garage.","Before, the CEO of Ring, Jamie Siminoff, said that he launched the company when the door to his office was not audible from his office.",24.6689521005082,43.258777159975246,eng_Latn," Previously, Ring's CEO, Jamie Siminoff, remarked the company started when his doorbell wasn't audible from his shop in his garage.",24.6689521005082,43.258777159975246,10.0625,10.3125,0.39453125
"Q: Il dit avoir conçu une sonnette de porte Wi-Fi.
A:",Il dit avoir conçu une sonnette de porte Wi-Fi.,"He built a WiFi door bell, he said.",He said he designed a Wi-Fi door speaker.,5.865587580131999,30.13755326664485,eng_Latn," He built a WiFi door bell, he said.",5.865587580131999,30.13755326664485,3.765625,6.71875,0.357421875
"Q: M. Siminoff a déclaré que les ventes ont augmenté après son apparition en 2013 dans un épisode de Shark Tank où le panel de la série a refusé de financer la start-up.
A:",M. Siminoff a déclaré que les ventes ont augmenté après son apparition en 2013 dans un épisode de Shark Tank où le panel de la série a refusé de financer la start-up.,Siminoff said sales boosted after his 2013 appearance in a Shark Tank episode where the show panel declined funding the startup.,The show was broadcast on Shark Tank where the panel of the show refused to fund the startup.,9.451617840983976,33.75506792434717,eng_Latn, Siminoff said sales boosted after his 2013 appearance in a Shark Tank episode where the show panel declined funding the startup.,9.451617840983976,33.75506792434717,13.6875,11.3125,-0.01019287109375
"Q: Fin 2017, Siminoff est apparu sur la chaîne de télé-achat QVC.
A:","Fin 2017, Siminoff est apparu sur la chaîne de télé-achat QVC.","In late 2017, Siminoff appeared on shopping television channel QVC.","Fin 2017, Siminoff appeared on the QVC channel.",41.99973984488548,52.40292231331121,eng_Latn," In late 2017, Siminoff appeared on shopping television channel QVC.",41.99973984488548,52.40292231331121,8.5,8.25,0.4375
"Q: Ring a également réglé un procès avec une entreprise de sécurité concurrente, l'ADT Corporation.
A:","Ring a également réglé un procès avec une entreprise de sécurité concurrente, l'ADT Corporation.","Ring also settled a lawsuit with competing security company, the ADT Corporation.","Ring a also also also a also a security company, the ADT Corporation.",42.31998716486693,57.01133023155851,eng_Latn," Ring also settled a lawsuit with competing security company, the ADT Corporation.",42.31998716486693,57.01133023155851,17.0,17.0,0.054931640625
"Q: Même si un vaccin expérimental semble jusqu'ici capable de réduire le taux de mortalité d'Ebola, aucun remède n'a encore été suffisamment efficace pour traiter l'infection existante.
A:","Même si un vaccin expérimental semble jusqu'ici capable de réduire le taux de mortalité d'Ebola, aucun remède n'a encore été suffisamment efficace pour traiter l'infection existante.","While one experimental vaccine appears able to reduce Ebola mortality, up until now, no drugs have been clearly demonstrated suitable for treating existing infection.","Even if a vaccine seems to be capable of reducing the mortality rate of Ebola, no vaccine has yet been sufficiently effective for treating the infection currently existing.",7.21475093102872,35.806268775765055,eng_Latn," While one experimental vaccine appears able to reduce Ebola mortality, up until now, no drugs have been clearly demonstrated suitable for treating existing infection.",7.21475093102872,35.806268775765055,4.34375,5.53125,0.458984375
"Q: Même si l'administration d'un cocktail d'anticorps, ZMapp, avait d'abord montré des signes prometteurs sur le terrain, des études formelles ont démontré que sa capacité à limiter les décès ne répondait pas aux attentes.
A:","Même si l'administration d'un cocktail d'anticorps, ZMapp, avait d'abord montré des signes prometteurs sur le terrain, des études formelles ont démontré que sa capacité à limiter les décès ne répondait pas aux attentes.","One antibody cocktail, ZMapp, initially showed promise in the field, but formal studies indicated it had less benefit than sought in preventing death.","The administration of a cocktail of antibodies, ZMapp, had initially shown promising signs on the field, but studies have shown that it did not meet expectations.",19.244764543811286,41.98932301382923,eng_Latn," One antibody cocktail, ZMapp, initially showed promise in the field, but formal studies indicated it had less benefit than sought in preventing death.",19.244764543811286,41.98932301382923,5.65625,4.96875,0.72265625
"Q: Dans l'essai PALM, le ZMapp a servi de témoin, ce qui signifie que les scientifiques l'ont utilisé comme base de référence et lui ont comparé les trois autres traitements.
A:","Dans l'essai PALM, le ZMapp a servi de témoin, ce qui signifie que les scientifiques l'ont utilisé comme base de référence et lui ont comparé les trois autres traitements.","In the PALM trial, ZMapp served as a control, meaning scientists used it as a baseline and compared the three other treatments to it.","The PALM test was used as a reference for the test, which means that the scientists used it as a reference and compared the three other treatments.",33.595010195687195,54.741947145543136,eng_Latn," In the PALM trial, ZMapp served as a control, meaning scientists used it as a baseline and compared the three other treatments to it.",33.595010195687195,54.741947145543136,9.3125,9.6875,0.546875
"Q: La Fédération américaine de gymnastique soutient la lettre du Comité olympique des États-Unis et accepte la nécessité absolue de la famille olympique de promouvoir un environnement sûr pour tous nos athlètes.
A:",La Fédération américaine de gymnastique soutient la lettre du Comité olympique des États-Unis et accepte la nécessité absolue de la famille olympique de promouvoir un environnement sûr pour tous nos athlètes.,USA Gymnastics supports the United States Olympic Committee's letter and accepts the absolute need of the Olympic family to promote a safe environment for all of our athletes.,The American Olympic Committee supports the letter of the Olympic Committee and accepts the necessity of the Olympic Committee to promote a safe environment for all our athletes.,37.537485994907215,61.71014952815391,eng_Latn, USA Gymnastics supports the United States Olympic Committee's letter and accepts the absolute need of the Olympic family to promote a safe environment for all of our athletes.,37.537485994907215,61.71014952815391,5.28125,5.90625,0.578125
"Q: Nous sommes d'accord avec la déclaration de l'USOC (Comité olympique des États-Unis) selon laquelle les intérêts de nos athlètes et de nos clubs, ainsi que de leur sport, pourraient être mieux servis. Cela peut être fait en allant de l'avant et en procédant plutôt à des changements significatifs au sein de notre organisation, qu'à la révocation d'accréditation.
A:","Nous sommes d'accord avec la déclaration de l'USOC (Comité olympique des États-Unis) selon laquelle les intérêts de nos athlètes et de nos clubs, ainsi que de leur sport, pourraient être mieux servis. Cela peut être fait en allant de l'avant et en procédant plutôt à des changements significatifs au sein de notre organisation, qu'à la révocation d'accréditation.","We agree with the USOC's statement that the interests of our athletes and clubs, and their sport, may be better served by moving forward with meaningful change within our organization, rather than decertification.","I agree with the USOC (Comité olympique des États-Unis) that our athletes and our clubs, as well as their sport, could be better served if we went the extra mile and did not make any significant changes to our organisation, rather than the rescission of accreditation.",16.10639346986797,50.460878334657686,eng_Latn," We agree with the USOC's statement that the interests of our athletes and clubs, and their sport, may be better served by moving forward with meaningful change within our organization, rather than decertification.",16.10639346986797,50.460878334657686,10.6875,11.1875,0.34765625
"Q: USA Gymnastics soutient une enquête indépendante qui pourrait faire la lumière sur la façon dont l’abus de la proportion décrite si courageusement par les survivants de Larry Nassar a pu passer inaperçu pendant si longtemps et adopte tout changement nécessaire et approprié.
A:",USA Gymnastics soutient une enquête indépendante qui pourrait faire la lumière sur la façon dont l’abus de la proportion décrite si courageusement par les survivants de Larry Nassar a pu passer inaperçu pendant si longtemps et adopte tout changement nécessaire et approprié.,USA Gymnastics supports an independent investigation that may shine light on how abuse of the proportion described so courageously by the survivors of Larry Nassar could have gone undetected for so long and embraces any necessary and appropriate changes.,The USA Gymnastics has conducted an independent investigation which could reveal the way that the abuse described by the survivors of Larry Nassar has been hidden for so long and has adopted all necessary and appropriate changes and has not changed since it was discovered and has not changed.,30.043896951910828,54.55442033053862,eng_Latn, USA Gymnastics supports an independent investigation that may shine light on how abuse of the proportion described so courageously by the survivors of Larry Nassar could have gone undetected for so long and embraces any necessary and appropriate changes.,30.043896951910828,54.55442033053862,12.25,12.6875,0.047607421875
"Q: USA Gymnastics et l'USOC ont le même objectif : rendre la gymnastique, ainsi que d'autres sports, aussi sûrs que possible pour que les athlètes puissent poursuivre leurs rêves dans un environnement sûr, positif et responsabilisant.
A:","USA Gymnastics et l'USOC ont le même objectif : rendre la gymnastique, ainsi que d'autres sports, aussi sûrs que possible pour que les athlètes puissent poursuivre leurs rêves dans un environnement sûr, positif et responsabilisant.","USA Gymnastics and the USOC have the same goal — making the sport of gymnastics, and others, as safe as possible for athletes to follow their dreams in a safe, positive and empowered environment.","The USA Gymnastics and the USOC have the same goal: to make the gymnastics, other sports, and other sports, as safe as possible, so that athletes can continue their dreams in a safe, positive and responsible environment, and so that athletes can continue their dreams in a safe, positive and responsible environment.",36.835955119392125,64.96212211533101,eng_Latn," USA Gymnastics and the USOC have the same goal — making the sport of gymnastics, and others, as safe as possible for athletes to follow their dreams in a safe, positive and empowered environment.",36.835955119392125,64.96212211533101,11.625,10.1875,0.0556640625
"Q: Tout au long des années 1960, Brzezinski a travaillé pour John F. Kennedy en tant que conseiller, puis pour l'administration de Lyndon B. Johnson.
A:","Tout au long des années 1960, Brzezinski a travaillé pour John F. Kennedy en tant que conseiller, puis pour l'administration de Lyndon B. Johnson.","Throughout 1960s, Brzezinski worked for John F. Kennedy as his advisor and then the Lyndon B. Johnson administration.","Brzezinski worked for John F. Kennedy as a senior adviser, and Lyndon B. Johnson was his chief adviser.",48.195037403501765,57.68010944080698,eng_Latn," Throughout 1960s, Brzezinski worked for John F. Kennedy as his advisor and then the Lyndon B. Johnson administration.",48.195037403501765,57.68010944080698,13.0,12.1875,0.546875
"Q: Lors des sélections de 1976, il a conseillé Carter en matière de politique étrangère, puis a été conseiller à la sécurité nationale (NSA) de 1977 à 1981, succédant à Henry Kissinger.
A:","Lors des sélections de 1976, il a conseillé Carter en matière de politique étrangère, puis a été conseiller à la sécurité nationale (NSA) de 1977 à 1981, succédant à Henry Kissinger.","During the 1976 selections he advised Carter on foreign policy, then served as National Security Advisor (NSA) from 1977 to 1981, succeeding Henry Kissinger.","During the 1976 elections, he advised Carter on foreign policy, and then was a member of the National Security Council (NSC) of 1977 to 1981, succeeding Henry Kissinger.",44.910995009687426,71.58921645081851,eng_Latn," During the 1976 selections he advised Carter on foreign policy, then served as National Security Advisor (NSA) from 1977 to 1981, succeeding Henry Kissinger.",44.910995009687426,71.58921645081851,2.4375,2.765625,0.82421875
"Q: Pendant son temps au sein de la NSA, il a aidé Carter à résoudre diplomatiquement des questions internationales telles que les accords de Camp David, en 1978, la normalisation des relations entre les États-Unis et la Chine à la fin des années 1970, la révolution iranienne et ses conséquences comme la prise d'otages en Iran, en 1979, et l'invasion des forces soviétiques en Afghanistan, en 1979.
A:","Pendant son temps au sein de la NSA, il a aidé Carter à résoudre diplomatiquement des questions internationales telles que les accords de Camp David, en 1978, la normalisation des relations entre les États-Unis et la Chine à la fin des années 1970, la révolution iranienne et ses conséquences comme la prise d'otages en Iran, en 1979, et l'invasion des forces soviétiques en Afghanistan, en 1979.","As NSA, he assisted Carter in diplomatically handling world affairs, such as the Camp David Accords, 1978; normalizing US–China relations thought the late 1970s; the Iranian Revolution, which led to the Iran hostage crisis, 1979; and the Soviet invasion in Afghanistan, 1979.","He helped Carter to solve diplomatic issues such as the Camp David Accords, the normalization of relations between the United States and China, the revolution in Iran and its consequences, the invasion of Afghanistan, in 1979, and the invasion of Afghanistan, in 1979, he helped Carter to solve diplomatic issues such as the Camp David Accords, the normalization of relations between the United States and China, the revolution in Iran and its consequences, the invasion of Afghanistan, in",10.64308420820351,39.03070536942301,eng_Latn," As NSA, he assisted Carter in diplomatically handling world affairs, such as the Camp David Accords, 1978; normalizing US–China relations thought the late 1970s; the Iranian Revolution, which led to the Iran hostage crisis, 1979; and the Soviet invasion in Afghanistan, 1979.",10.64308420820351,39.03070536942301,16.0,18.375,0.0205078125
"Q: Le film, avec Ryan Gosling et Emma Stone, a reçu des nominations dans toutes les grandes catégories.
A:","Le film, avec Ryan Gosling et Emma Stone, a reçu des nominations dans toutes les grandes catégories.","The movie, featuring Ryan Gosling and Emma Stone, received nominations in all major categories.","The film, with Ryan Gosling and Emma Stone, received nominations in all the major categories.",62.64925158073505,77.92260486289105,eng_Latn," The movie, featuring Ryan Gosling and Emma Stone, received nominations in all major categories.",62.64925158073505,77.92260486289105,1.78125,1.3515625,1.015625
"Q: Golsling et Stone ont respectivement été nominés pour le Meilleur Acteur et la Meilleure Actrice.
A:",Golsling et Stone ont respectivement été nominés pour le Meilleur Acteur et la Meilleure Actrice.,Gosling and Stone received nominations for Best Actor and Actress respectively.,Golsling and Stone were nominated for the Best Actress and the Best Actress.,11.268706361337427,42.17198303595307,eng_Latn, Gosling and Stone received nominations for Best Actor and Actress respectively.,11.268706361337427,42.17198303595307,8.8125,10.0,0.40234375
"Q: Parmi les autres nominations figurent celles du meilleur film, du meilleur réalisateur, de la meilleure cinématographie, des meilleurs costumes, du meilleur montage, de la meilleure musique originale, des meilleurs décors, du meilleur montage sonore, du meilleur mixage et du meilleur scénario original.
A:","Parmi les autres nominations figurent celles du meilleur film, du meilleur réalisateur, de la meilleure cinématographie, des meilleurs costumes, du meilleur montage, de la meilleure musique originale, des meilleurs décors, du meilleur montage sonore, du meilleur mixage et du meilleur scénario original.","The other nominations include Best Picture, Director, Cinematography, Costume Design, Film-editing, Original Score, Production Design, Sound Editing, Sound Mixing and Original Screenplay.","Among the other nominations, the best film, the best director, the best director, the best costume, the best montage, the best soundtrack, the best montage, the best music, the best original script, the best original script, the best costume, the best montage, the best soundtrack, the best original script, the best costume, the best montage, the best soundtrack, the best original script, the best costume, the best montage, the best soundtrack, the best original script, the best",1.618889093497393,23.054264956546174,eng_Latn," The other nominations include Best Picture, Director, Cinematography, Costume Design, Film-editing, Original Score, Production Design, Sound Editing, Sound Mixing and Original Screenplay.",1.618889093497393,23.054264956546174,15.0,15.75,-0.002166748046875
"Q: Deux chansons du film, Audition (The Fools Who Dream) et City of Stars, ont été nominées pour la meilleure chanson originale. Le studio Lionsgate a reçu 26 nominations — plus que tout autre studio.
A:","Deux chansons du film, Audition (The Fools Who Dream) et City of Stars, ont été nominées pour la meilleure chanson originale. Le studio Lionsgate a reçu 26 nominations — plus que tout autre studio.","Two songs from the movie, Audition (The Fools Who Dream) and City of Stars, received nominations for best original song. Lionsgate studio received 26 nominations — more than any other studio.","The two songs from the film, Audition (The Fools Who Dream) and City of Stars, were nominated for the best song. Lionsgate received 26 nominations — more than any other studio.",68.83679677937049,74.25201815775438,eng_Latn," Two songs from the movie, Audition (The Fools Who Dream) and City of Stars, received nominations for best original song. Lionsgate studio received 26 nominations — more than any other studio.",68.83679677937049,74.25201815775438,2.625,3.296875,0.8671875
"Q: Tard dimanche, le président des États-Unis Donald Trump, dans une déclaration faite par l'intermédiaire du secrétaire de presse, a annoncé que les troupes américaines allaient se retirer de la Syrie.
A:","Tard dimanche, le président des États-Unis Donald Trump, dans une déclaration faite par l'intermédiaire du secrétaire de presse, a annoncé que les troupes américaines allaient se retirer de la Syrie.","Late on Sunday, the United States President Donald Trump, in a statement delivered via the press secretary, announced US troops would be leaving Syria.","The president of the United States, Donald Trump, in a statement made by the press, announced that the United States would withdraw from Syria.",24.985387421974725,51.816090943119185,eng_Latn," Late on Sunday, the United States President Donald Trump, in a statement delivered via the press secretary, announced US troops would be leaving Syria.",24.985387421974725,51.816090943119185,5.5625,6.28125,0.50390625
"Q: L’annonce a été faite après que M. Trump ait eu une conversation téléphonique avec le président turc Recep Tayyip Erdoğan.
A:",L’annonce a été faite après que M. Trump ait eu une conversation téléphonique avec le président turc Recep Tayyip Erdoğan.,The announcement was made after Trump had a phone conversation with Turkish President Recep Tayyip Erdoğan.,The announcement was made after Trump had a phone call with Recep Tayyip Erdoğan.,74.93731939490358,70.55983734327896,eng_Latn, The announcement was made after Trump had a phone conversation with Turkish President Recep Tayyip Erdoğan.,74.93731939490358,70.55983734327896,2.03125,2.078125,0.85546875
"Q: La Turquie prendrait également en charge la garde des combattants d'ISIS capturés que, selon la déclaration, les nations européennes ont refusé de rapatrier.
A:","La Turquie prendrait également en charge la garde des combattants d'ISIS capturés que, selon la déclaration, les nations européennes ont refusé de rapatrier.","Turkey would also take over guarding captured ISIS fighters which, the statement said, European nations have refused to repatriate.","The Turkish government would also be responsible for the capture of the captured ISIS fighters that, according to the statement, the European Union has refused to send them.",20.60839617400364,48.24122433172957,eng_Latn," Turkey would also take over guarding captured ISIS fighters which, the statement said, European nations have refused to repatriate.",20.60839617400364,48.24122433172957,10.3125,11.4375,0.625
"Q: Cela confirme non seulement qu'au moins certains dinosaures avaient des plumes, une théorie déjà très répandue, mais fournit des détails que les fossiles ne peuvent généralement pas fournir, comme la couleur et la disposition tridimensionnelle.
A:","Cela confirme non seulement qu'au moins certains dinosaures avaient des plumes, une théorie déjà très répandue, mais fournit des détails que les fossiles ne peuvent généralement pas fournir, comme la couleur et la disposition tridimensionnelle.","This not only confirms that at least some dinosaurs had feathers, a theory already widespread, but provides details fossils generally cannot, such as color and three-dimensional arrangement.","This confirms that at least some dinosauroids had plumes, a theory already widely accepted, but it provides details that the fossils can't usually provide, like the color and disposition, and the fossils can't usually provide, like the color and disposition.",18.22762038242766,50.88320329959009,eng_Latn," This not only confirms that at least some dinosaurs had feathers, a theory already widespread, but provides details fossils generally cannot, such as color and three-dimensional arrangement.",18.22762038242766,50.88320329959009,11.75,12.0,0.1025390625
"Q: Les scientifiques disent que le plumage de cet animal était brun châtain sur le dessus et de couleur pâle ou caroténoïde sur le dessous.
A:",Les scientifiques disent que le plumage de cet animal était brun châtain sur le dessus et de couleur pâle ou caroténoïde sur le dessous.,. Scientists say this animal's plumage was chestnut-brown on top with a pale or carotenoid-colored underside.,The scientists say that this animal was brown in color on the front and pale or carotene-like on the front and the back.,9.924116086627922,39.15626771110281,eng_Latn, . Scientists say this animal's plumage was chestnut-brown on top with a pale or carotenoid-colored underside.,9.924116086627922,39.15626771110281,9.4375,9.8125,0.671875
"Q: Cette découverte permet également de mieux comprendre l'évolution des plumes chez les oiseaux.
A:",Cette découverte permet également de mieux comprendre l'évolution des plumes chez les oiseaux.,The find also grants insight into the evolution of feathers in birds.,This discovery allows you to better understand the evolution of the plumes of birds.,10.70454632987902,35.03581974583638,eng_Latn, The find also grants insight into the evolution of feathers in birds.,10.70454632987902,35.03581974583638,3.78125,4.0,0.765625
"Q: Étant donné que les plumes de dinosaure n'ont pas une tige entièrement développée, que l'on appelle rachis, mais montrent cependant d'autres caractéristiques propres aux plumes – barbes et barbules – les chercheurs en ont déduit que le rachis était probablement un développement évolutif ultérieur à ces autres caractéristiques.
A:","Étant donné que les plumes de dinosaure n'ont pas une tige entièrement développée, que l'on appelle rachis, mais montrent cependant d'autres caractéristiques propres aux plumes – barbes et barbules – les chercheurs en ont déduit que le rachis était probablement un développement évolutif ultérieur à ces autres caractéristiques.","Because the dinosaur feathers do not have a well-developed shaft, called a rachis, but do have other features of feathers — barbs and barbules — the researchers inferred the rachis was likely a later evolutionary development that these other features.","The plumes of dinosaure have not developed a whole rachis, but they show other characteristics that are different from the other characteristics of the plumes – barbs and barbules – the researchers concluded that the rachis was probably an evolutional development that was later developed to these other characteristics.",19.984917367559284,48.52968498819148,eng_Latn," Because the dinosaur feathers do not have a well-developed shaft, called a rachis, but do have other features of feathers — barbs and barbules — the researchers inferred the rachis was likely a later evolutionary development that these other features.",19.984917367559284,48.52968498819148,8.6875,9.6875,0.38671875
"Q: La structure des plumes suggère qu’elles n’étaient pas utilisées en vol mais plutôt pour la régulation ou l’affichage de la température. Les chercheurs ont suggéré que, même s’il s’agit de la queue d’un jeune dinosaure, l’échantillon montre un plumage d’adulte et non le duvet d’un poussin.
A:","La structure des plumes suggère qu’elles n’étaient pas utilisées en vol mais plutôt pour la régulation ou l’affichage de la température. Les chercheurs ont suggéré que, même s’il s’agit de la queue d’un jeune dinosaure, l’échantillon montre un plumage d’adulte et non le duvet d’un poussin.","The feathers' structure suggests that they were not used in flight but rather for temperature regulation or display. The researchers suggested that, even though this is the tail of a young dinosaur, the sample shows adult plumage and not a chick's down.",The structure of plumes suggests that they were not used in flight but rather for regulation or display of temperature. The researchers suggested that they were not used in flight but rather for regulation or display of temperature. The researchers suggested that they were not used in flight but rather for regulation or display of temperature. The researchers suggested that they were not used in flight but rather for regulation or display of temperature. The researchers suggested that they were not used in flight but rather for regulation or display of temperature. The researchers suggested,16.651895903872152,44.6344757220405,eng_Latn," The feathers' structure suggests that they were not used in flight but rather for temperature regulation or display. The researchers suggested that, even though this is the tail of a young dinosaur, the sample shows adult plumage and not a chick's down.",16.651895903872152,44.6344757220405,25.0,25.0,-0.01904296875
"Q: Les scientifiques précisent qu'il s'agit certes de la queue d'un dinosaure juvénile, mais l'échantillon révèle un plumage appartenant à un individu adulte, et non à un jeune.
A:","Les scientifiques précisent qu'il s'agit certes de la queue d'un dinosaure juvénile, mais l'échantillon révèle un plumage appartenant à un individu adulte, et non à un jeune.","The researchers suggested that, even though this is the tail of a young dinosaur, the sample shows adult plumage and not a chick's down.","It is clear that it is indeed a juvenile, but the sample shows that it is indeed a juvenile, but the sample shows that it is indeed a juvenile.",4.9918233114942465,25.452270062637993,eng_Latn," The researchers suggested that, even though this is the tail of a young dinosaur, the sample shows adult plumage and not a chick's down.",4.9918233114942465,25.452270062637993,20.125,19.875,-0.017578125
"Q: Une voiture piégée a explosé au siège de la police à Gaziantep, en Turquie, hier matin, tuant deux officiers de police et blessant plus de vingt autres personnes.
A:","Une voiture piégée a explosé au siège de la police à Gaziantep, en Turquie, hier matin, tuant deux officiers de police et blessant plus de vingt autres personnes.","A car bomb detonated at police headquarters in Gaziantep, Turkey yesterday morning killed two police officers and injured more than twenty other people.","A car exploded in Gaziantep, Turkey, yesterday, killing two police officers and injuring more than 20 people.",34.31543917622582,50.59598418845557,eng_Latn," A car bomb detonated at police headquarters in Gaziantep, Turkey yesterday morning killed two police officers and injured more than twenty other people.",34.31543917622582,50.59598418845557,4.9375,4.875,0.54296875
"Q: Le bureau du gouverneur a déclaré que dix-neuf des blessés étaient des officiers de police.
A:",Le bureau du gouverneur a déclaré que dix-neuf des blessés étaient des officiers de police.,The governor's office said nineteen of the injured were police officers.,The bureau of the governor declared that there were 10 of the injured were police officers.,44.44183736091338,59.95811826678803,eng_Latn, The governor's office said nineteen of the injured were police officers.,44.44183736091338,59.95811826678803,11.1875,15.625,0.62890625
"Q: La police a déclaré soupçonner un militant présumé de Daesh (ÉI) comme le suspect à l'origine de cette attaque.
A:",La police a déclaré soupçonner un militant présumé de Daesh (ÉI) comme le suspect à l'origine de cette attaque.,Police said they suspect an alleged Daesh (ISIL) militant of responsibility for the attack.,The police said that a suspected militant was suspected of being a member of Daesh (ISIS) as the suspect was accused of being a member of Daesh (ISIS) as the suspect was accused of being a member of Daesh (ISIS) as the suspect was accused of being a member of Daesh (ISIS) as the suspect was accused of being a member of Daesh (ISIS) as the suspect was accused of being a member of Daesh (ISIS) as the suspect was accused of,2.7579921060434125,21.943121187630215,eng_Latn, Police said they suspect an alleged Daesh (ISIL) militant of responsibility for the attack.,2.7579921060434125,21.943121187630215,19.0,20.0,-0.01458740234375
"Q: Ils ont constaté que le Soleil fonctionnait selon les mêmes principes de base que les autres étoiles. L'activité de toutes les étoiles du système est déterminée par leur luminosité, leur rotation et rien d'autre.
A:","Ils ont constaté que le Soleil fonctionnait selon les mêmes principes de base que les autres étoiles. L'activité de toutes les étoiles du système est déterminée par leur luminosité, leur rotation et rien d'autre.","They found the Sun operated on the same basic principles as other stars: The activity of all stars in the system was found to be driven by their luminosity, their rotation, and nothing else.","The Sun's activity is determined by its luminosity, its rotation and nothing else. All the stars in the system are determined by their luminosity, their rotation and nothing else.",30.949257727220253,47.20448288590666,eng_Latn," They found the Sun operated on the same basic principles as other stars: The activity of all stars in the system was found to be driven by their luminosity, their rotation, and nothing else.",30.949257727220253,47.20448288590666,8.3125,7.96875,0.81640625
"Q: La luminosité et la rotation sont utilisées conjointement afin de déterminer le nombre de Rossby d'une étoile, qui est lié au flux de plasma.
A:","La luminosité et la rotation sont utilisées conjointement afin de déterminer le nombre de Rossby d'une étoile, qui est lié au flux de plasma.","The luminosity and rotation are used together to determine a star's Rossby number, which is related to plasma flow.","The luminosity and rotation are used together to determine the number of Rossby d'an, which is related to the flux of plasma.",53.18457608717033,75.32407458283143,eng_Latn," The luminosity and rotation are used together to determine a star's Rossby number, which is related to plasma flow.",53.18457608717033,75.32407458283143,9.0,8.25,0.40234375
"Q: En ce qui concerne les inversions magnétiques, plus le nombre de Rossby est petit, moins l’étoile est active .
A:","En ce qui concerne les inversions magnétiques, plus le nombre de Rossby est petit, moins l’étoile est active .","The smaller the Rossby number, the less active the star with respect to magnetic reversals.","The more Rossby, the more the Rossby is small, the less the star is active.",14.028127113194751,39.743302714672105,eng_Latn," The smaller the Rossby number, the less active the star with respect to magnetic reversals.",14.028127113194751,39.743302714672105,15.0625,16.125,0.04541015625
"Q: Au cours de son voyage, Iwasaki a eu des problèmes à de nombreuses occasions.
A:","Au cours de son voyage, Iwasaki a eu des problèmes à de nombreuses occasions.","During his trip, Iwasaki ran into trouble on many occasions.","During his voyage, Iwasaki had problems with many occasions.",36.38016316415843,51.46362256491845,eng_Latn," During his trip, Iwasaki ran into trouble on many occasions.",36.38016316415843,51.46362256491845,12.125,12.0,0.94921875
"Q: Il a été volé par des pirates, attaqué au Tibet par un chien enragé, a échappé à un mariage au Népal et a été arrêté en Inde.
A:","Il a été volé par des pirates, attaqué au Tibet par un chien enragé, a échappé à un mariage au Népal et a été arrêté en Inde.","He was robbed by pirates, attacked in Tibet by a rabid dog, escaped marriage in Nepal and was arrested in India.","He was stolen by pirates, he escaped from Tibet by a dog, he escaped from Tibet by a dog, he escaped from Tibet by a dog.",13.009868453084907,32.49162217854005,eng_Latn," He was robbed by pirates, attacked in Tibet by a rabid dog, escaped marriage in Nepal and was arrested in India.",13.009868453084907,32.49162217854005,23.875,22.75,-0.03466796875
"Q: La norme 802.11n fonctionne à la fois sur les fréquences 2,4 GHz et 5,0 GHz.
A:","La norme 802.11n fonctionne à la fois sur les fréquences 2,4 GHz et 5,0 GHz.",The 802.11n standard operates on both the 2.4Ghz and 5.0Ghz frequencies.,"The 802.11n standard works both on frequencies 2,4 GHz and 5,0 GHz.",24.075258994618547,49.585145138562645,eng_Latn, The 802.11n standard operates on both the 2.4Ghz and 5.0Ghz frequencies.,24.075258994618547,49.585145138562645,1.15625,1.921875,1.0
"Q: Ceci autorisera la rétro-compatibilité avec les itérations 802.11a, b et g, sous réserve que la station possède deux radios.
A:","Ceci autorisera la rétro-compatibilité avec les itérations 802.11a, b et g, sous réserve que la station possède deux radios.","This will allow it to be backwards compatible with 802.11a, 802.11b and 802.11g, provided that the base station has dual radios.","This authorization will allow the retro-compatibility with the 802.11b, b and g, under the condition that the station has two radios.",13.629233665156518,39.760545887317924,eng_Latn," This will allow it to be backwards compatible with 802.11a, 802.11b and 802.11g, provided that the base station has dual radios.",13.629233665156518,39.760545887317924,6.40625,7.625,0.6484375
"Q: Les vitesses de la norme Wi-Fi 802.11n sont sensiblement plus rapides que celles de ses prédécesseurs, avec un débit théorique maximum de 600 Mbit/s.
A:","Les vitesses de la norme Wi-Fi 802.11n sont sensiblement plus rapides que celles de ses prédécesseurs, avec un débit théorique maximum de 600 Mbit/s.",The speeds of 802.11n are substantially faster than that of its predecessors with a maximum theoretical throughput of 600Mbit/s.,"The Wi-Fi 802.11n standards are substantially faster than those of their predecessors, with a theoretical maximum data transfer rate of 600 Mbit/s.",31.177131969031855,57.85224100892856,eng_Latn, The speeds of 802.11n are substantially faster than that of its predecessors with a maximum theoretical throughput of 600Mbit/s.,31.177131969031855,57.85224100892856,1.7890625,1.8671875,1.0078125
"Q: Duvall, qui est marié et a deux enfants adultes, n’a pas fait bonne impression à Miller, à qui l’histoire a été relatée.
A:","Duvall, qui est marié et a deux enfants adultes, n’a pas fait bonne impression à Miller, à qui l’histoire a été relatée.","Duvall, who is married with two adult children, did not leave a big impression on Miller, to whom the story was related.","Miller, who is married and has two adult children, has not made a good impression to Miller, who has been told that the story has been told.",19.482625361119226,49.923186374131134,eng_Latn," Duvall, who is married with two adult children, did not leave a big impression on Miller, to whom the story was related.",19.482625361119226,49.923186374131134,12.75,12.125,0.109375
"Q: Lorsqu'on lui a demandé de commenter, Miller a déclaré : « Mike parle beaucoup pendant l'audience… Je me préparais, donc je n'ai pas vraiment entendu ce qu'il disait ».
A:","Lorsqu'on lui a demandé de commenter, Miller a déclaré : « Mike parle beaucoup pendant l'audience… Je me préparais, donc je n'ai pas vraiment entendu ce qu'il disait ».","When asked for comment, Miller said, ""Mike talks a lot during the hearing...I was getting ready so I wasn't really hearing what he was saying.""","When he asked me to comment, Mike said he was very busy during the audience, so I prepared myself, so I didn't really hear what he said.",8.303699936171524,37.5891757245886,eng_Latn," When asked for comment, Miller said, ""Mike talks a lot during the hearing...I was getting ready so I wasn't really hearing what he was saying.""",8.303699936171524,37.5891757245886,10.125,11.5625,0.1015625
"Q: « Nous nous efforcerons de réduire les émissions de dioxyde de carbone par unité de PIB de manière significative d'ici 2020 par rapport au niveau de 2005 », a déclaré M. Hu.
A:","« Nous nous efforcerons de réduire les émissions de dioxyde de carbone par unité de PIB de manière significative d'ici 2020 par rapport au niveau de 2005 », a déclaré M. Hu.","""We will endeavour to cut carbon dioxide emissions per unit of GDP by a notable margin by 2020 from the 2005 level,"" Hu said.",We are working to reduce the emissions of carbon by a significant amount in order to reduce the emissions by a significant amount in order to reduce the emissions by a significant amount in order to reduce the emissions by a significant amount in order to reduce the emissions by a significant amount in order to reduce the emissions by a significant amount in order to reduce the emissions by a significant amount in order to reduce the emissions by a significant amount in order to reduce the emissions by a significant amount in order to reduce the emissions by,1.0152938344458982,14.347955323110687,eng_Latn," ""We will endeavour to cut carbon dioxide emissions per unit of GDP by a notable margin by 2020 from the 2005 level,"" Hu said.",1.0152938344458982,14.347955323110687,20.875,23.125,-0.019287109375
"Q: Il n'a pas chiffré ces réductions, disant qu'elles seront basées sur la production économique chinoise.
A:","Il n'a pas chiffré ces réductions, disant qu'elles seront basées sur la production économique chinoise.","He did not set a figure for the cuts, saying they will be made based on China's economic output.","The company has not yet calculated these reductions, saying that they will be based on the economic production of China.",9.84934946888872,42.38781089807424,eng_Latn," He did not set a figure for the cuts, saying they will be made based on China's economic output.",9.84934946888872,42.38781089807424,4.46875,8.8125,0.75390625
"Q: Hu a encouragé les pays en voie de développement « à éviter l'ancienne méthode qui consistait à polluer d'abord et à nettoyer ensuite ».
A:",Hu a encouragé les pays en voie de développement « à éviter l'ancienne méthode qui consistait à polluer d'abord et à nettoyer ensuite ».,"Hu encouraged developing countries ""to avoid the old path of polluting first and cleaning up later.""",The Chinese government has encouraged the countries to avoid the old method that consisted in first cleaning and then cleaning.,9.22635643555325,41.64722849133465,eng_Latn," Hu encouraged developing countries ""to avoid the old path of polluting first and cleaning up later.""",9.22635643555325,41.64722849133465,13.5,13.625,0.1865234375
"Q: Il a ajouté qu’« on ne devrait cependant pas leur demander d’assumer des obligations qui dépassent leur stade de développement, leur responsabilité et leurs capacités. »
A:","Il a ajouté qu’« on ne devrait cependant pas leur demander d’assumer des obligations qui dépassent leur stade de développement, leur responsabilité et leurs capacités. »","He added that ""they should not, however, be asked to take on obligations that go beyond their development stage, responsibility and capabilities.""","« On should not ask them to assume obligations that exceed their development stage, their responsibility and their capacities. »",12.135648215201744,49.74914694301289,eng_Latn," He added that ""they should not, however, be asked to take on obligations that go beyond their development stage, responsibility and capabilities.""",12.135648215201744,49.74914694301289,5.53125,5.90625,0.57421875
"Q: Le groupe d’étude sur l’Irak a présenté son rapport aujourd’hui à 12 h GMT.
A:",Le groupe d’étude sur l’Irak a présenté son rapport aujourd’hui à 12 h GMT.,The Iraq Study Group presented its report at 12.00 GMT today.,The study on the Iraq has presented its report today to 12 h GMT.,13.259061490238881,49.459850951397726,eng_Latn, The Iraq Study Group presented its report at 12.00 GMT today.,13.259061490238881,49.459850951397726,6.71875,6.90625,0.451171875
"Q: Il avertit que personne ne peut garantir que toute action en Irak à ce stade mettra fin à la guerre sectaire, à la violence croissante ou au glissement vers le chaos.
A:","Il avertit que personne ne peut garantir que toute action en Irak à ce stade mettra fin à la guerre sectaire, à la violence croissante ou au glissement vers le chaos.","It warns No one can guarantee that any course of action in Iraq at this point will stop sectarian warfare, growing violence, or a slide toward chaos.","The Iraqi leader warned that no one can guarantee that any action in Iraq will end soon, or that violence will increase or the chaos will spread.",16.898655417252904,41.604973926565265,eng_Latn," It warns No one can guarantee that any course of action in Iraq at this point will stop sectarian warfare, growing violence, or a slide toward chaos.",16.898655417252904,41.604973926565265,9.1875,9.8125,0.546875
"Q: Le rapport s'ouvre par un appel à un débat ouvert et à la formation d'un consensus aux États-Unis sur la politique à l'égard du Moyen-Orient.
A:",Le rapport s'ouvre par un appel à un débat ouvert et à la formation d'un consensus aux États-Unis sur la politique à l'égard du Moyen-Orient.,The Report opens with plea for open debate and the formation of a consensus in the United States about the policy towards the Middle East.,The report opens with a call for a debate open and a formation of consensus to the United States on the issue of the Middle East.,19.08346195962921,56.18686913508544,eng_Latn, The Report opens with plea for open debate and the formation of a consensus in the United States about the policy towards the Middle East.,19.08346195962921,56.18686913508544,6.28125,6.34375,0.71484375
"Q: Le rapport est très critique envers presque tous les aspects de la politique actuelle du gouvernement à l'égard de l'Irak et plaide vivement pour un changement de direction immédiat.
A:",Le rapport est très critique envers presque tous les aspects de la politique actuelle du gouvernement à l'égard de l'Irak et plaide vivement pour un changement de direction immédiat.,The Report is highly critical of almost every aspect of the present policy of the Executive towards Iraq and it urges an immediate change of direction.,The report is very critical of the current government's approach to the Irak and calls for a quick change of direction immediately.,7.862182331345135,39.33276819401767,eng_Latn, The Report is highly critical of almost every aspect of the present policy of the Executive towards Iraq and it urges an immediate change of direction.,7.862182331345135,39.33276819401767,4.53125,4.40625,0.85546875
"Q: La première de ses 78 recommandations est qu'une nouvelle initiative diplomatique devrait être prise avant la fin de l'année pour sécuriser les frontières de l'Irak contre les interventions hostiles et afin de rétablir les relations diplomatiques avec ses voisins.
A:",La première de ses 78 recommandations est qu'une nouvelle initiative diplomatique devrait être prise avant la fin de l'année pour sécuriser les frontières de l'Irak contre les interventions hostiles et afin de rétablir les relations diplomatiques avec ses voisins.,First among its 78 recommendations is that a new diplomatic initiative should be taken before the end of this year to secure Iraq’s borders against hostile interventions and to re-establish diplomatic relations with its neighbors.,The first of her 78 recommendations is that a new initiative should be taken before the end of the year to ensure that the new initiative is not before the end of the year to ensure that the new initiative is not before the end of the year to ensure that the new initiative is not before the end of the year to ensure that the new initiative is not before the end of the year to ensure that the new initiative is not before the end of the year to ensure that the new initiative is not,12.89088916681072,36.79912292989041,eng_Latn, First among its 78 recommendations is that a new diplomatic initiative should be taken before the end of this year to secure Iraq’s borders against hostile interventions and to re-establish diplomatic relations with its neighbors.,12.89088916681072,36.79912292989041,20.5,22.0,-0.0244140625
"Q: L'actuelle sénatrice et Première Dame d'Argentine Cristina Fernandez de Kirchner a annoncé sa candidature présidentielle, hier soir, à La Plata, une ville située à 50 kilomètres (31 miles) de Buenos Aires.
A:","L'actuelle sénatrice et Première Dame d'Argentine Cristina Fernandez de Kirchner a annoncé sa candidature présidentielle, hier soir, à La Plata, une ville située à 50 kilomètres (31 miles) de Buenos Aires.","Current senator and Argentine First Lady Cristina Fernandez de Kirchner announced her presidential candidacy yesterday evening in La Plata, a city 50 kilometers (31 miles) away from Buenos Aires.","Cristina Fernandez de Kirchner announced her candidacy for the presidential election, yesterday, at La Plata, a city located 50 kilometers (31 miles) from Buenos Aires.",53.05759140810587,65.11374900758389,eng_Latn," Current senator and Argentine First Lady Cristina Fernandez de Kirchner announced her presidential candidacy yesterday evening in La Plata, a city 50 kilometers (31 miles) away from Buenos Aires.",53.05759140810587,65.11374900758389,5.09375,4.4375,0.6953125
"Q: Mme Kirchner a annoncé son intention de se présenter à la présidence au Théâtre argentin, le même endroit où elle a commencé sa campagne 2005 pour le Sénat en tant que membre de la délégation de la province de Buenos Aires.
A:","Mme Kirchner a annoncé son intention de se présenter à la présidence au Théâtre argentin, le même endroit où elle a commencé sa campagne 2005 pour le Sénat en tant que membre de la délégation de la province de Buenos Aires.","Mrs. Kirchner announced her intention to run for president at the Argentine Theatre, the same location she used to start her 2005 campaign for the Senate as member of the Buenos Aires province delegation.","Mme Kirchner announced her intention to run for president in Argentina, the same place where she began her campaign in 2005 to run for president in Argentina.",25.8122920088277,44.82229131470964,eng_Latn," Mrs. Kirchner announced her intention to run for president at the Argentine Theatre, the same location she used to start her 2005 campaign for the Senate as member of the Buenos Aires province delegation.",25.8122920088277,44.82229131470964,10.5,9.8125,0.1572265625
"Q: Le débat a été déclenché par la controverse sur les dépenses liées aux secours et à la reconstruction à la suite de l'ouragan Katrina ; ce que certains conservateurs en matière budgétaire ont appelé avec humour « l'accord Bush pour la Nouvelle-Orléans ».
A:",Le débat a été déclenché par la controverse sur les dépenses liées aux secours et à la reconstruction à la suite de l'ouragan Katrina ; ce que certains conservateurs en matière budgétaire ont appelé avec humour « l'accord Bush pour la Nouvelle-Orléans ».,"The debate was sparked by controversy over spending on relief and reconstruction in the wake Hurricane Katrina; which some fiscal conservatives have humorously labeled ""Bush's New Orleans Deal.""","The debate was sparked by the controversy over the budget debate over the budget, which some conservatives called with humour ""the Bush deal for the New Orleans"", which some conservatives called with humour ""the Bush deal for the New Orleans"", which some conservatives called with humour ""the Bush deal for the New Orleans"", which some conservatives called with humour ""the Bush deal for the New Orleans"", which some conservatives called with humour ""the Bush deal for the New Orleans"", which some conservatives called with humour ""the Bush deal",7.4803914184083515,32.21990959881512,eng_Latn," The debate was sparked by controversy over spending on relief and reconstruction in the wake Hurricane Katrina; which some fiscal conservatives have humorously labeled ""Bush's New Orleans Deal.""",7.4803914184083515,32.21990959881512,20.75,23.25,-0.028076171875
"Q: Les critiques des libéraux sur l'effort de reconstruction se sont concentrées sur l'attribution de contrats de reconstruction à des personnes perçues comme des initiés de Washington.
A:",Les critiques des libéraux sur l'effort de reconstruction se sont concentrées sur l'attribution de contrats de reconstruction à des personnes perçues comme des initiés de Washington.,Liberal criticism of the reconstruction effort has focused on the awarding of reconstruction contracts to perceived Washington insiders.,The critiques of the liberals on the effort to reconstruct have focused on the attribution of contracts of reconstruction to people who have been perceived as initiators of Washington.,11.735344762898595,53.58202336723756,eng_Latn, Liberal criticism of the reconstruction effort has focused on the awarding of reconstruction contracts to perceived Washington insiders.,11.735344762898595,53.58202336723756,5.84375,6.9375,0.84765625
"Q: Plus de 4 000 000 personnes sont se sont rendues à Rome pour l'enterrement.
A:",Plus de 4 000 000 personnes sont se sont rendues à Rome pour l'enterrement.,Over four million people went to Rome to attend the funeral.,4 000 000 people are going to Rome for the funeral.,16.59038701421972,37.46116525150083,eng_Latn, Over four million people went to Rome to attend the funeral.,16.59038701421972,37.46116525150083,6.03125,8.3125,0.82421875
"Q: En raison du nombre important de personnes présentes, il n'a pas été possible pour tout le monde d'assister aux funérailles sur la place Saint-Pierre.
A:","En raison du nombre important de personnes présentes, il n'a pas été possible pour tout le monde d'assister aux funérailles sur la place Saint-Pierre.",The number of people present was so large that it was not possible for everybody to gain access to the funeral in St. Peter's Square.,The number of people who attended the funeral was not possible for everyone to attend the funeral on the Saint-Pierre Place.,18.536097616625426,45.36487041236081,eng_Latn, The number of people present was so large that it was not possible for everybody to gain access to the funeral in St. Peter's Square.,18.536097616625426,45.36487041236081,6.28125,7.625,0.63671875
"Q: Plusieurs grands écrans de télévision ont été installés à différents endroits à Rome pour permettre aux gens de regarder la cérémonie.
A:",Plusieurs grands écrans de télévision ont été installés à différents endroits à Rome pour permettre aux gens de regarder la cérémonie.,Several large television screens were installed in various places in Rome to let the people watch the ceremony.,Several large screens have been installed at various locations in Rome to allow people to watch the ceremony.,28.57373199760992,56.9278388742467,eng_Latn, Several large television screens were installed in various places in Rome to let the people watch the ceremony.,28.57373199760992,56.9278388742467,1.1640625,0.89453125,0.8359375
"Q: Dans de nombreuses autres villes d'Italie et dans le reste du monde, en particulier en Pologne, des installations similaires ont été réalisées et ont été vues par un grand nombre de personnes.
A:","Dans de nombreuses autres villes d'Italie et dans le reste du monde, en particulier en Pologne, des installations similaires ont été réalisées et ont été vues par un grand nombre de personnes.","In many other cities of Italy and in the rest of the world, particularly in Poland, similar setups were made, which were viewed by a great number of people.","In many other cities in Italy and in the rest of the world, especially in Poland, similar installations have been made and have been seen by a large number of people.",44.78315454797505,61.04016421949107,eng_Latn," In many other cities of Italy and in the rest of the world, particularly in Poland, similar setups were made, which were viewed by a great number of people.",44.78315454797505,61.04016421949107,2.609375,2.671875,0.92578125
"Q: Les historiens ont critiqué les politiques passées du FBI pour avoir concentré les ressources sur des affaires faciles à résoudre, en particulier les affaires de voitures volées, avec l'intention d'augmenter le taux de réussite de l'agence.
A:","Les historiens ont critiqué les politiques passées du FBI pour avoir concentré les ressources sur des affaires faciles à résoudre, en particulier les affaires de voitures volées, avec l'intention d'augmenter le taux de réussite de l'agence.","Historians have criticized past FBI policies for focusing resources on cases which are easy to solve, especially stolen car cases, with the intent of boosting the agency's success rate.","The historians have criticized the past policies that were passed by the FBI for concentrating on easy-to-solve problems, especially car accidents, with the intention of increasing the success rate of the FBI for car accidents, with the intention of increasing the success rate of the FBI for car accidents, with the intention of increasing the success rate of the FBI for car accidents, with the intention of increasing the success rate of the FBI for car accidents, with the intention of increasing the success rate of the FBI for car",5.5944730277912464,35.95173084570948,eng_Latn," Historians have criticized past FBI policies for focusing resources on cases which are easy to solve, especially stolen car cases, with the intent of boosting the agency's success rate.",5.5944730277912464,35.95173084570948,21.75,21.0,-0.022705078125
"Q: Le Congrès a lancé le financement de l'initiative contre la pornographie au cours de l'exercice 2005, tout en précisant que le FBI s'apprêtait à affecter dix agents à la lutte contre la pornographie adulte.
A:","Le Congrès a lancé le financement de l'initiative contre la pornographie au cours de l'exercice 2005, tout en précisant que le FBI s'apprêtait à affecter dix agents à la lutte contre la pornographie adulte.",Congress began funding the obscenity initiative in fiscal 2005 and specified that the FBI must devote 10 agents to adult pornography.,"The Congress launched the initiative in 2005, and the FBI was preparing to affect ten agents to fight the pornographic exploitation in 2005, and the FBI was preparing to affect ten agents to fight the pornographic exploitation in 2005.",3.2000891908801075,34.96863152172515,eng_Latn, Congress began funding the obscenity initiative in fiscal 2005 and specified that the FBI must devote 10 agents to adult pornography.,3.2000891908801075,34.96863152172515,18.75,15.1875,0.05419921875
"Q: Robin Uthappa a obtenu le score le plus élevé des manches, 70 points en seulement 41 balles en frappant 11 fois quatre runs et 2 fois six runs.
A:","Robin Uthappa a obtenu le score le plus élevé des manches, 70 points en seulement 41 balles en frappant 11 fois quatre runs et 2 fois six runs.","Robin Uthappa made the innings highest score, 70 runs in just 41 balls by hitting 11 fours and 2 sixes.","Robin Uthappa scored the highest score of the matches, 70 points in only 41 points in just 41 points in just 41 points in just 41 points in just 41 points in just 41 points in just 41 points in just 41 points in just 41 points in just 41 points in just 41 points in just 41 points in just 41 points in just 41 points",5.766418626173908,28.158763863359454,eng_Latn," Robin Uthappa made the innings highest score, 70 runs in just 41 balls by hitting 11 fours and 2 sixes.",5.766418626173908,28.158763863359454,19.875,14.0625,-0.0283203125
"Q: Les batteurs d'ordre moyen, Sachin Tendulkar et Rahul Dravid, ont obtenu de bons résultats et ont accompli un century ensemble.
A:","Les batteurs d'ordre moyen, Sachin Tendulkar et Rahul Dravid, ont obtenu de bons résultats et ont accompli un century ensemble.","Middle order batsmen, Sachin Tendulkar and Rahul Dravid, performed well and made a hundred-run partnership.","Sachin Tendulkar and Rahul Dravid, who have won the batting order, have achieved good results and have achieved a century together.",38.63770163993387,41.75492006613689,eng_Latn," Middle order batsmen, Sachin Tendulkar and Rahul Dravid, performed well and made a hundred-run partnership.",38.63770163993387,41.75492006613689,7.75,7.5,0.80078125
"Q: Mais après avoir perdu le guichet de son capitaine, l'Inde n'a réalisé que 36 courses et perdu sept guichets jusqu'à la fin de la manche.
A:","Mais après avoir perdu le guichet de son capitaine, l'Inde n'a réalisé que 36 courses et perdu sept guichets jusqu'à la fin de la manche.","But, after losing the captain's wicket India only made 36 runs loosing 7 wickets to end the innings.","After losing the captain's guichet, India has only won 36 races and lost seven times since the start of the race.",15.822637961675994,37.03378441054871,eng_Latn," But, after losing the captain's wicket India only made 36 runs loosing 7 wickets to end the innings.",15.822637961675994,37.03378441054871,10.5,13.5625,0.6640625
"Q: Le président américain George W. Bush est arrivé à Singapour le matin du 16 novembre, débutant une tournée d’une semaine en Asie.
A:","Le président américain George W. Bush est arrivé à Singapour le matin du 16 novembre, débutant une tournée d’une semaine en Asie.","U.S. President George W. Bush arrived in Singapore the morning of November 16, beginning a week-long tour of Asia.","George W. Bush arrived in Singapore on the morning of November 16, starting a week-long tour in Asia.",51.2581416521167,72.69234917170847,eng_Latn," U.S. President George W. Bush arrived in Singapore the morning of November 16, beginning a week-long tour of Asia.",51.2581416521167,72.69234917170847,1.5546875,1.7421875,0.94921875
"Q: Il a été accueilli par Wong Kan Seng, le vice-premier ministre de Singapour, et a discuté de commerce et de terrorisme avec Lee Hsien Loong, le Premier ministre de Singapour.
A:","Il a été accueilli par Wong Kan Seng, le vice-premier ministre de Singapour, et a discuté de commerce et de terrorisme avec Lee Hsien Loong, le Premier ministre de Singapour.",He was greeted by Singapore's Deputy Prime Minister Wong Kan Seng and discussed trade and terrorism issues with the Singapore Prime Minister Lee Hsien Loong.,"The vice-premier minister of Singapore and Lee Hsien Loong have met with Wong Kan Seng, the vice-premier minister of Singapore, and have discussed commerce and terrorism with Lee Hsien Loong.",17.58574585123422,46.66574535765944,eng_Latn, He was greeted by Singapore's Deputy Prime Minister Wong Kan Seng and discussed trade and terrorism issues with the Singapore Prime Minister Lee Hsien Loong.,17.58574585123422,46.66574535765944,6.625,7.59375,0.2275390625
"Q: Après sept jours de défaites électorales aux élections de mi-mandat, Bush a fait part de son projet d'élargir le commerce en Asie.
A:","Après sept jours de défaites électorales aux élections de mi-mandat, Bush a fait part de son projet d'élargir le commerce en Asie.","After a week of losses in the midterm election, Bush told an audience about the expansion of trade in Asia.","After seven days of elections to the election of the first round, Bush said he was planning to expand the trade in Asia.",12.789533377801794,39.725488716039536,eng_Latn," After a week of losses in the midterm election, Bush told an audience about the expansion of trade in Asia.",12.789533377801794,39.725488716039536,8.125,8.0625,0.1943359375
"Q: Le Premier ministre Stephen Harper a accepté d'envoyer la « loi sur la qualité de l'air » du gouvernement à un comité multipartite pour examen, avant sa deuxième lecture, après la réunion de 25 minutes de mardi avec le chef du NPD, Jack Layton, au CPM.
A:","Le Premier ministre Stephen Harper a accepté d'envoyer la « loi sur la qualité de l'air » du gouvernement à un comité multipartite pour examen, avant sa deuxième lecture, après la réunion de 25 minutes de mardi avec le chef du NPD, Jack Layton, au CPM.","Prime Minister Stephen Harper has agreed to send the government's 'Clean Air Act' to an all-party committee for review, before its second reading, after Tuesday's 25 minute meeting with NDP leader Jack Layton at the PMO.","The Premier Minister Stephen Harper has accepted the “ law on the quality of air” from the government has agreed to send the “ law on the quality of air” to a committee for review, before the meeting with the chief of the government has agreed to send the “ law on the quality of air” to a committee for review, before the meeting with the chief of the government has agreed to send the “ law on the quality of air” to a committee for",10.550859165038776,41.05966067428344,eng_Latn," Prime Minister Stephen Harper has agreed to send the government's 'Clean Air Act' to an all-party committee for review, before its second reading, after Tuesday's 25 minute meeting with NDP leader Jack Layton at the PMO.",10.550859165038776,41.05966067428344,21.625,22.125,-0.00341796875
"Q: Layton avait demandé des changements au sujet du projet de loi environnemental des conservateurs lors de la réunion avec le premier ministre, demandant une « reformulation complète et approfondie » du projet de loi environnemental du parti conservateur.
A:","Layton avait demandé des changements au sujet du projet de loi environnemental des conservateurs lors de la réunion avec le premier ministre, demandant une « reformulation complète et approfondie » du projet de loi environnemental du parti conservateur.","Layton had asked for changes to the conservatives' environmental bill during the meeting with the PM, asking for a ""thorough and complete rewriting"" of the Conservative party's environmental bill.","Layton asked the question about the environmental reform of the project of the environmental reform of the party conservator, asking for a ""reformulation complete and deepened"" of the project of the environmental reform of the party conservator, asking for a ""reformulation complete and deepened"" of the project of the environmental reform of the party conservator, asking for a ""reformulation complete and deepened"" of the project of the environmental reform of the party conservator, asking for a ""reformulation complete and deepened""",5.252291217735051,33.60833277185023,eng_Latn," Layton had asked for changes to the conservatives' environmental bill during the meeting with the PM, asking for a ""thorough and complete rewriting"" of the Conservative party's environmental bill.",5.252291217735051,33.60833277185023,24.0,23.5,-0.01544189453125
"Q: Et depuis, le gouvernement fédéral a pris les devants en se chargeant du financement du Mersey Hospital à Devonport, en Tasmanie. Le gouvernement d'état et certains parlementaires ont qualifié cet acte de farce à l'approche des élections de novembre.
A:","Et depuis, le gouvernement fédéral a pris les devants en se chargeant du financement du Mersey Hospital à Devonport, en Tasmanie. Le gouvernement d'état et certains parlementaires ont qualifié cet acte de farce à l'approche des élections de novembre.","Ever since the Federal Government stepped in to take over funding of the Mersey hospital in Devonport, Tasmania, the state government and some federal MPs have criticised this act as a stunt in the prelude to the federal election to be called by November.","Since, the federal government has taken the lead in the Mersey Hospital, the government and some members of parliament have called it a farce to the approaching elections of November. The federal government has taken the lead in the Mersey Hospital, the government and some members of parliament have called it a farce to the approaching elections of November.",5.2884339127820414,40.95109392074737,eng_Latn," Ever since the Federal Government stepped in to take over funding of the Mersey hospital in Devonport, Tasmania, the state government and some federal MPs have criticised this act as a stunt in the prelude to the federal election to be called by November.",5.2884339127820414,40.95109392074737,23.375,23.75,-0.00823974609375
"Q: Mais le Premier ministre John Howard a déclaré que cette loi visait uniquement à éviter que les installations de l'hôpital ne soient déclassées par le gouvernement de Tasmanie, en donnant 45 millions de dollars australiens supplémentaires.
A:","Mais le Premier ministre John Howard a déclaré que cette loi visait uniquement à éviter que les installations de l'hôpital ne soient déclassées par le gouvernement de Tasmanie, en donnant 45 millions de dollars australiens supplémentaires.","But Prime Minister John Howard has said the act was only to safeguard the facilities of the hospital from being downgraded by the Tasmanian government, in giving an extra AUD$45 million.","The Premier Minister John Howard said this law aimed to prevent the hospital from being classified as a ""de-classifying"" act, giving 45 million dollars Australian dollars.",9.24716548572072,39.044561070389165,eng_Latn," But Prime Minister John Howard has said the act was only to safeguard the facilities of the hospital from being downgraded by the Tasmanian government, in giving an extra AUD$45 million.",9.24716548572072,39.044561070389165,8.625,8.625,0.62890625
"Q: D'après le dernier bulletin, les relevés du niveau de la mer indiquent qu'un tsunami s'est produit. Une activité tsunami précise a été enregistrée près de Pago Pago et de Niue.
A:","D'après le dernier bulletin, les relevés du niveau de la mer indiquent qu'un tsunami s'est produit. Une activité tsunami précise a été enregistrée près de Pago Pago et de Niue.","According to the latest bulletin, sea level readings indicated a tsunami was generated. There was some definite tsunami activity recorded near Pago Pago and Niue.","According to the latest bulletin, the level of the sea indicates that a tsunami has occurred near Pago Pago and Niue. A tsunami has occurred near Pago Pago and Niue.",34.00426546498776,52.917062767287035,eng_Latn," According to the latest bulletin, sea level readings indicated a tsunami was generated. There was some definite tsunami activity recorded near Pago Pago and Niue.",34.00426546498776,52.917062767287035,11.3125,10.0,0.150390625
"Q: Aucun dommage ou blessure grave n’a été signalé à Tonga, mais l’électricité a été temporairement coupée, ce qui aurait empêché les autorités tonganes de recevoir l’alerte au tsunami émise par le centre d’alerte des tsunamis dans le Pacifique.
A:","Aucun dommage ou blessure grave n’a été signalé à Tonga, mais l’électricité a été temporairement coupée, ce qui aurait empêché les autorités tonganes de recevoir l’alerte au tsunami émise par le centre d’alerte des tsunamis dans le Pacifique.","No major damage or injuries have been reported in Tonga, but power was temporarily lost, which reportedly prevented Tongan authorities from receiving the tsunami warning issued by the PTWC.","The electricity was temporarily disconnected, but the Tonga authorities received the warning that the tsunami was caused by the tsunami, and the authorities in Tonga were unable to receive the warning.",6.909792747415067,38.610965310118566,eng_Latn," No major damage or injuries have been reported in Tonga, but power was temporarily lost, which reportedly prevented Tongan authorities from receiving the tsunami warning issued by the PTWC.",6.909792747415067,38.610965310118566,17.5,15.5,-0.0001220703125
"Q: Quatorze écoles d’Hawaii situées sur ou près des côtes ont été fermées toute la journée de mercredi malgré la levée des alertes.
A:",Quatorze écoles d’Hawaii situées sur ou près des côtes ont été fermées toute la journée de mercredi malgré la levée des alertes.,Fourteen schools in Hawaii located on or near coastlines were closed all of Wednesday despite the warnings being lifted.,The Hawaii schools that are located on or near the coast have been closed since Wednesday despite the alert levelling up.,16.694103342733868,48.130636071809185,eng_Latn, Fourteen schools in Hawaii located on or near coastlines were closed all of Wednesday despite the warnings being lifted.,16.694103342733868,48.130636071809185,7.3125,7.96875,0.51953125
"Q: Le président américain George W. Bush a accueilli cette annonce avec satisfaction.
A:",Le président américain George W. Bush a accueilli cette annonce avec satisfaction.,U.S. President George W. Bush welcomed the announcement.,The president George W. Bush has welcomed this announcement with great satisfaction.,23.987717557009486,62.31545689526683,eng_Latn, U.S. President George W. Bush welcomed the announcement.,23.987717557009486,62.31545689526683,2.0625,4.0,0.6796875
"Q: Le porte-parole de Bush, Gordon Johndroe, a qualifié la promesse de la Corée du Nord « d'étape majeure vers l'objectif de la dénucléarisation vérifiable de la péninsule coréenne ».
A:","Le porte-parole de Bush, Gordon Johndroe, a qualifié la promesse de la Corée du Nord « d'étape majeure vers l'objectif de la dénucléarisation vérifiable de la péninsule coréenne ».","Bush spokesman Gordon Johndroe called North Korea's pledge ""a major step towards the goal of achieving the verifiable denuclearization of the Korean peninsula.""","The Bush, Gordon Johndroe, a called the promise of the Corée du Nord ""a major step towards the objective of the de-nuclearisation verified by the de-nuclearisation of the Corée du Nord ""a major step towards the objective of the de-nuclearisation verified by the de-nuclearisation of the Corée du Nord ""a major step towards the objective of the de-nuclearisation verified by the de-nuclearisation of the Corée du Nord ""a major step",6.8588432648249835,35.01389776778897,eng_Latn," Bush spokesman Gordon Johndroe called North Korea's pledge ""a major step towards the goal of achieving the verifiable denuclearization of the Korean peninsula.""",6.8588432648249835,35.01389776778897,24.0,23.0,-0.01458740234375
"Q: La tempête subtropicale Jerry, 10ème tempête de la saison des ouragans à porter un nom, est apparue ce jour dans l'océan Atlantique.
A:","La tempête subtropicale Jerry, 10ème tempête de la saison des ouragans à porter un nom, est apparue ce jour dans l'océan Atlantique.","The tenth named storm of the Atlantic Hurricane season, Subtropical Storm Jerry, formed in the Atlantic Ocean today.","The subtropical hurricane Jerry, 10th hurricane of the season, is seen this day in the Atlantic Ocean.",15.701382758997571,47.25717145564585,eng_Latn," The tenth named storm of the Atlantic Hurricane season, Subtropical Storm Jerry, formed in the Atlantic Ocean today.",15.701382758997571,47.25717145564585,4.28125,4.53125,0.73828125
"Q: Le National Hurricane Center (NHC) affirme qu'à ce stade, Jerry ne représente aucune menace pour les terres.
A:","Le National Hurricane Center (NHC) affirme qu'à ce stade, Jerry ne représente aucune menace pour les terres.",The National Hurricane Center (NHC) says that at this point Jerry poses no threat to land.,"The National Hurricane Center (NHC) says that at this stage, Jerry is not a threat to the land.",59.330670450907064,74.50956085644593,eng_Latn, The National Hurricane Center (NHC) says that at this point Jerry poses no threat to land.,59.330670450907064,74.50956085644593,2.390625,1.3203125,0.96875
"Q: D’après le U.S. Corps of Engineers, une pluviométrie de 6 pouces pourrait ouvrir une brèche dans les digues précédemment endommagées.
A:","D’après le U.S. Corps of Engineers, une pluviométrie de 6 pouces pourrait ouvrir une brèche dans les digues précédemment endommagées.",The U.S. Corps of Engineers estimated that 6 inches of rainfall could breach the previously damaged levees.,"According to the U.S. Corps of Engineers, a 6 pouches could open a hole in the diggings previously damaged.",36.33807897417648,47.100033000492765,eng_Latn, The U.S. Corps of Engineers estimated that 6 inches of rainfall could breach the previously damaged levees.,36.33807897417648,47.100033000492765,13.0,14.5625,0.52734375
"Q: Le neuvième district, qui a connu des inondations atteignant 20 pieds de haut lors de l'ouragan Katrina, est actuellement sous les eaux jusqu'à la taille car la digue voisine a été débordée.
A:","Le neuvième district, qui a connu des inondations atteignant 20 pieds de haut lors de l'ouragan Katrina, est actuellement sous les eaux jusqu'à la taille car la digue voisine a été débordée.","The Ninth Ward, which saw flooding as high as 20 feet during Hurricane Katrina, is currently in waist-high water as the nearby levee was overtopped.","The second district, which was flooded during Katrina, is currently under the water until the size of the second district, which was flooded during Katrina, is currently under the water until the size of the second district, which was flooded during Katrina, is currently under the water until the size of the second district, which was flooded during Katrina, is currently under the water until the size of the second district, which was flooded during Katrina, is currently under the water until the size of the second district, which",2.8851017167755733,23.394052404593427,eng_Latn," The Ninth Ward, which saw flooding as high as 20 feet during Hurricane Katrina, is currently in waist-high water as the nearby levee was overtopped.",2.8851017167755733,23.394052404593427,24.25,24.625,-0.028564453125
"Q: L'eau se déverse sur la digue dans une section de 100 pieds de large.
A:",L'eau se déverse sur la digue dans une section de 100 pieds de large.,Water is spilling over the levee in a section 100 feet wide.,The water flows down the drain into a section of 100 feet of wide.,8.23351492792295,35.97215256619754,eng_Latn, Water is spilling over the levee in a section 100 feet wide.,8.23351492792295,35.97215256619754,7.25,9.9375,0.8515625
"Q: Lors de son discours sur Wikinews le mois dernier, Adam Cuerden, directeur de Commons, a exprimé sa frustration quant aux suppressions qui avaient été faites.
A:","Lors de son discours sur Wikinews le mois dernier, Adam Cuerden, directeur de Commons, a exprimé sa frustration quant aux suppressions qui avaient été faites.",Commons Administrator Adam Cuerden expressed his frustration over the deletions when he spoke to Wikinews last month.,"Adam Cuerden, director of Commons, expressed his frustration that the Commons had been suppressed for a while.",15.573188896329047,41.507045310269966,eng_Latn, Commons Administrator Adam Cuerden expressed his frustration over the deletions when he spoke to Wikinews last month.,15.573188896329047,41.507045310269966,10.0,11.125,0.1650390625
"Q: « Il [Wales] nous a carrément menti dès le départ. Tout d'abord en prétextant des raison légales, puis en faisant semblant de nous écouter jusqu'à ce qu'il ait supprimé son œuvre. »
A:","« Il [Wales] nous a carrément menti dès le départ. Tout d'abord en prétextant des raison légales, puis en faisant semblant de nous écouter jusqu'à ce qu'il ait supprimé son œuvre. »","""He [Wales] basically lied to us from the start. First, by acting as if this was for legal reasons. Second, by pretending he was listening to us, right up to his art deletion.""","« We have been told that Wales has been deliberately lied to us from the start. First, we were told that Wales was deliberately lied to us from the start. Then, we were told that Wales was deliberately lied to us from the start. Then, we were told that Wales was deliberately lied to us from the start. Then, we were told that Wales was deliberately lied to us from the start. Then, we were told that Wales was deliberately lied to us from the start. Then, we",8.609204140948068,26.99866247257378,eng_Latn," ""He [Wales] basically lied to us from the start. First, by acting as if this was for legal reasons. Second, by pretending he was listening to us, right up to his art deletion.""",8.609204140948068,26.99866247257378,24.75,25.0,-0.037841796875
"Q: Le mécontentement de la communauté a entraîné les efforts actuels visant à concevoir une politique relative au contenu à caractère sexuel du site qui héberge des millions de médias libres d’accès.
A:",Le mécontentement de la communauté a entraîné les efforts actuels visant à concevoir une politique relative au contenu à caractère sexuel du site qui héberge des millions de médias libres d’accès.,The community irritation led to current efforts to draft a policy regarding sexual content for the site which hosts millions of openly-licensed media.,The discontent with the community has led efforts to develop a policy that is aimed at conceiving a policy that is aimed at sex.,4.270692058364305,30.875138333244163,eng_Latn, The community irritation led to current efforts to draft a policy regarding sexual content for the site which hosts millions of openly-licensed media.,4.270692058364305,30.875138333244163,17.625,15.0625,0.08935546875
"Q: Le travail effectué était principalement théorique, mais le programme a été écrit pour simuler les observations faites de la galaxie du Sagittaire.
A:","Le travail effectué était principalement théorique, mais le programme a été écrit pour simuler les observations faites de la galaxie du Sagittaire.","The work done was mostly theoretical, but the program was written to simulate observations made of the Sagittarius galaxy.","The work was primarily theoretical, but the programme was written to simulate observations made of the galaxy of the Sagittarian.",56.39503296872996,76.98032945244296,eng_Latn," The work done was mostly theoretical, but the program was written to simulate observations made of the Sagittarius galaxy.",56.39503296872996,76.98032945244296,4.9375,4.875,0.9296875
"Q: L’effet que l’équipe recherchait serait causé par les forces de marée entre la matière noire de la galaxie et la matière noire de la Voie lactée.
A:",L’effet que l’équipe recherchait serait causé par les forces de marée entre la matière noire de la galaxie et la matière noire de la Voie lactée.,The effect the team was looking for would be caused by tidal forces between the galaxy's dark matter and the Milky Way's dark matter.,The team was looking for a cause of the effect was caused by the force of the sea between the black hole of the galaxy and the black hole of the Voile lacte.,12.475846123062702,45.71617372883407,eng_Latn, The effect the team was looking for would be caused by tidal forces between the galaxy's dark matter and the Milky Way's dark matter.,12.475846123062702,45.71617372883407,11.5625,13.25,0.294921875
"Q: Tout comme la lune exerce une traction sur la terre, provoquant des marées, la Voie lactée exerce une force sur la galaxie du Sagittaire.
A:","Tout comme la lune exerce une traction sur la terre, provoquant des marées, la Voie lactée exerce une force sur la galaxie du Sagittaire.","Just like the moon exerts a pull on the earth, causing tides, so does the Milky Way exert a force on the Sagittarius galaxy.","The Moon exerts a force on the Earth, causing the Earth to rotate, and the Earth rotates on its axis.",13.088476821644827,36.23115792859787,eng_Latn," Just like the moon exerts a pull on the earth, causing tides, so does the Milky Way exert a force on the Sagittarius galaxy.",13.088476821644827,36.23115792859787,14.625,13.875,0.03369140625
"Q: Les scientifiques ont pu conclure que la matière noire affecte les autres matières noires de la même manière que la matière normale.
A:",Les scientifiques ont pu conclure que la matière noire affecte les autres matières noires de la même manière que la matière normale.,The scientists were able to conclude that the dark matter affect other dark matter in the same way regular matter does.,The scientists concluded that the matter that is black in the universe affects other black matter in the same way that the normal matter does.,21.47607499133801,56.276795272539026,eng_Latn, The scientists were able to conclude that the dark matter affect other dark matter in the same way regular matter does.,21.47607499133801,56.276795272539026,4.90625,5.0,0.9296875
"Q: Selon cette théorie, la majeure partie de la matière noire autour d’une galaxie se trouve dans une sorte de halo, et est constituée d’un grand nombre de petites particules.
A:","Selon cette théorie, la majeure partie de la matière noire autour d’une galaxie se trouve dans une sorte de halo, et est constituée d’un grand nombre de petites particules.","This theory says that most dark matter around a galaxy is located around a galaxy in a kind of halo, and is made of lots of small particles.","According to this theory, the majority of the matter that is around a galaxy is made up of a halo, and is made up of a large number of tiny particles.",25.395307800718733,45.60746244748446,eng_Latn," This theory says that most dark matter around a galaxy is located around a galaxy in a kind of halo, and is made of lots of small particles.",25.395307800718733,45.60746244748446,3.75,3.390625,0.67578125
"Q: Les reportages télévisés montrent de la fumée blanche provenant de l'usine.
A:",Les reportages télévisés montrent de la fumée blanche provenant de l'usine.,Television reports show white smoke coming from the plant.,The television reports show a black smoke coming from the factory.,26.20251007173262,66.89267974912875,eng_Latn, Television reports show white smoke coming from the plant.,26.20251007173262,66.89267974912875,5.15625,13.5,0.6796875
"Q: Les autorités locales avertissent les habitants des environs de rester à l’intérieur, d’éteindre les climatiseurs et de ne pas boire l’eau du robinet.
A:","Les autorités locales avertissent les habitants des environs de rester à l’intérieur, d’éteindre les climatiseurs et de ne pas boire l’eau du robinet.","Local authorities are warning residents in the vicinity of the plant to stay indoors, turn off air-conditioners and not to drink tap water.","The local authorities warn residents to stay indoors, to not drink the water from the tap, and to not drink the water from the tap.",14.541847255756135,41.78564130619956,eng_Latn," Local authorities are warning residents in the vicinity of the plant to stay indoors, turn off air-conditioners and not to drink tap water.",14.541847255756135,41.78564130619956,10.1875,11.0625,0.1318359375
"Q: Selon l'agence nucléaire japonaise, du césium et de l'iode radioactifs ont été identifiés à la centrale.
A:","Selon l'agence nucléaire japonaise, du césium et de l'iode radioactifs ont été identifiés à la centrale.","According to Japan's nuclear agency, radioactive caesium and iodine has been identified at the plant.","According to the Japanese nuclear agency, plutonium and iodine radioisotopes have been identified to be radioactive at the nuclear power plant.",16.68715431033979,63.282945640527544,eng_Latn," According to Japan's nuclear agency, radioactive caesium and iodine has been identified at the plant.",16.68715431033979,63.282945640527544,6.0625,6.71875,0.7265625
"Q: Les autorités supposent que cela signifie que les réservoirs de combustible d'uranium sur le site comporteraient des fissures et des fuites.
A:",Les autorités supposent que cela signifie que les réservoirs de combustible d'uranium sur le site comporteraient des fissures et des fuites.,Authorities speculate that this indicates that containers holding uranium fuel at the site may have ruptured and are leaking.,The authorities are assuming that this means that the fuel tanks on the site contain fissures and leaks.,4.620500365958133,34.62423308787325,eng_Latn, Authorities speculate that this indicates that containers holding uranium fuel at the site may have ruptured and are leaking.,4.620500365958133,34.62423308787325,4.0625,4.34375,0.71484375
"Q: Le Dr Tony Moll a découvert la tuberculose multirésistante (TB-MR) dans la région sud-africaine du KwaZulu-Natal.
A:",Le Dr Tony Moll a découvert la tuberculose multirésistante (TB-MR) dans la région sud-africaine du KwaZulu-Natal.,Dr. Tony Moll discovered the Extremely Drug Resistant Tuberculosis (XDR-TB) in the South African region KwaZulu-Natal.,Dr Tony Moll discovered the multiresistent TB (MR) in the KwaZulu-Natal region of South Africa.,24.061040246530293,51.368865786721344,eng_Latn, Dr. Tony Moll discovered the Extremely Drug Resistant Tuberculosis (XDR-TB) in the South African region KwaZulu-Natal.,24.061040246530293,51.368865786721344,4.34375,8.375,1.0234375
"Q: ""Dans une interview, il a déclaré que la nouvelle mutation était """"très troublante et alarmante en raison du taux de mortalité très élevé"""".""
A:","""Dans une interview, il a déclaré que la nouvelle mutation était """"très troublante et alarmante en raison du taux de mortalité très élevé"""".""","In an interview, he said the new variant was ""very highly troubling and alarming because of the very high fatality rate.""","""In an interview, he said that the new mutation was ""very disturbing and alarming because it is very difficult and alarmist because it is very difficult and alarmist because it is very difficult and alarmist because it is very difficult and alarmist because it is very difficult and alarmist because it is very difficult and alarmist because it is very difficult and alarmist because it is very difficult and alarmist because it is very difficult and alarmist because it is very difficult and alarmist because it is",7.102336560245568,33.992501415826204,eng_Latn," In an interview, he said the new variant was ""very highly troubling and alarming because of the very high fatality rate.""",7.102336560245568,33.992501415826204,21.75,23.0,-0.044677734375
"Q: Certains patients auraient contracté le virus à l’hôpital, selon le Dr Moll, et au moins deux d’entre eux faisaient partie du personnel de l’hôpital.
A:","Certains patients auraient contracté le virus à l’hôpital, selon le Dr Moll, et au moins deux d’entre eux faisaient partie du personnel de l’hôpital.","Some patients might have contracted the bug in the hospital, Dr. Moll thinks, and at least two were hospital health workers.","Some patients have contracted the virus at the hospital, according to the Dr Moll, and at least two of them had contracted the virus at the hospital.",24.878144219731066,54.61896219171318,eng_Latn," Some patients might have contracted the bug in the hospital, Dr. Moll thinks, and at least two were hospital health workers.",24.878144219731066,54.61896219171318,9.5,8.9375,0.7734375
"Q: Sur une période d'un an, une personne infectée peut infecter 10 à 15 contacts proches.
A:","Sur une période d'un an, une personne infectée peut infecter 10 à 15 contacts proches.","In one year's time, an infected person may infect 10 to 15 close contacts.",A person who is infected can infect 10 to 15 contacts close to them.,17.55945041116494,49.22358711304469,eng_Latn," In one year's time, an infected person may infect 10 to 15 close contacts.",17.55945041116494,49.22358711304469,6.75,7.34375,0.71484375
"Q: Cependant, le pourcentage de TB-UR dans l’ensemble du groupe de personnes atteintes de tuberculose semble encore faible ; 6 000 personnes sur un total de 330 000 ont été infectées à un moment donné en Afrique du Sud.
A:","Cependant, le pourcentage de TB-UR dans l’ensemble du groupe de personnes atteintes de tuberculose semble encore faible ; 6 000 personnes sur un total de 330 000 ont été infectées à un moment donné en Afrique du Sud.","However, the percentage of XDR-TB in the entire group of people with tuberculosis still seems to be low; 6,000 of the total 330,000 people infected at any particular moment in South Africa.",The percentage of people who have been infected with tuberculosis in the general population is still low. 6 000 people have been infected with tuberculosis in the general population in South Africa.,15.433651631684336,43.641312834226994,eng_Latn," However, the percentage of XDR-TB in the entire group of people with tuberculosis still seems to be low; 6,000 of the total 330,000 people infected at any particular moment in South Africa.",15.433651631684336,43.641312834226994,10.75,10.375,0.609375
"Q: Les satellites, qui pesaient tous les deux plus de 450 kg et se déplaçaient à environ 28000 km/h, sont entrés en collision à 790 km au-dessus de la Terre.
A:","Les satellites, qui pesaient tous les deux plus de 450 kg et se déplaçaient à environ 28000 km/h, sont entrés en collision à 790 km au-dessus de la Terre.","The satellites, both of which weighed in excess of 1,000 pounds, and traveling at approximately 17,500 miles per hour, collided 491 miles above the Earth.","The satellites, which weighed in at 450 kg and were traveling at about 28000 km/h, collided at 790 km above the Earth.",28.243525032576773,45.72662800891614,eng_Latn," The satellites, both of which weighed in excess of 1,000 pounds, and traveling at approximately 17,500 miles per hour, collided 491 miles above the Earth.",28.243525032576773,45.72662800891614,3.578125,6.09375,0.6875
"Q: Les scientifiques affirment que l'explosion causée par la collision a été massive.
A:",Les scientifiques affirment que l'explosion causée par la collision a été massive.,Scientists say the explosion caused by the collision was massive.,The scientists believe that the explosion caused by the collision was massive.,70.1205513308646,83.11810078683432,eng_Latn, Scientists say the explosion caused by the collision was massive.,70.1205513308646,83.11810078683432,4.125,3.796875,1.015625
"Q: On essaie encore de déterminer quelle a été l'ampleur de l'accident et comment la Terre sera affectée.
A:",On essaie encore de déterminer quelle a été l'ampleur de l'accident et comment la Terre sera affectée.,They are still trying to determine just how large the crash was and how the Earth will be affected.,This is still a question of determining the extent of the accident and how the Earth will be affected.,34.77250470582593,50.11614620351415,eng_Latn, They are still trying to determine just how large the crash was and how the Earth will be affected.,34.77250470582593,50.11614620351415,5.125,5.25,0.9140625
"Q: Le commandement stratégique du bureau du département de la défense des États-Unis suit les débris.
A:",Le commandement stratégique du bureau du département de la défense des États-Unis suit les débris.,The United States Strategic Command of the U.S. Department of Defense office is tracking the debris.,The strategic command of the bureau of the US Department of Defense follows the destruction.,8.71176169516403,44.37466132576084,eng_Latn, The United States Strategic Command of the U.S. Department of Defense office is tracking the debris.,8.71176169516403,44.37466132576084,8.75,9.6875,0.78125
"Q: Le résultat de l'analyse du tracé sera publié sur un site Web public.
A:",Le résultat de l'analyse du tracé sera publié sur un site Web public.,The result of plotting analysis will be posted to a public website.,The result of the analysis of the route will be published on a public site.,14.247788801610149,50.53905452870622,eng_Latn, The result of plotting analysis will be posted to a public website.,14.247788801610149,50.53905452870622,3.328125,4.40625,0.81640625
"Q: Un médecin exerçant à l'hôpital pour enfants de Pittsburgh, en Pennsylvanie, a été accusé de meurtre avec circonstances aggravantes après que sa mère ait été retrouvée morte dans le coffre de sa voiture mercredi, selon les autorités de l'Ohio.
A:","Un médecin exerçant à l'hôpital pour enfants de Pittsburgh, en Pennsylvanie, a été accusé de meurtre avec circonstances aggravantes après que sa mère ait été retrouvée morte dans le coffre de sa voiture mercredi, selon les autorités de l'Ohio.","A doctor who worked at Children's Hospital of Pittsburgh, Pennsylvania will be charged with aggravated murder after her mother was found dead in the trunk of her car Wednesday, authorities in Ohio say.","A doctor who is an employee at the hospital for children in Pittsburgh, Pennsylvania, was accused of murder after his mother was found dead in the car of the hospital on Wednesday, according to the Ohio authorities.",20.013761011884313,54.9876051476208,eng_Latn," A doctor who worked at Children's Hospital of Pittsburgh, Pennsylvania will be charged with aggravated murder after her mother was found dead in the trunk of her car Wednesday, authorities in Ohio say.",20.013761011884313,54.9876051476208,7.875,8.6875,0.60546875
"Q: Le Dr Malar Balasubramanian, 29 ans, a été trouvé allongé sur le sol au bord de la route, à Blue Ash, dans l'Ohio, une banlieue située à environ 15 miles au nord de Cincinnati. Il était en T-shirt et en sous-vêtements, dans un état apparemment très médicamenté.
A:","Le Dr Malar Balasubramanian, 29 ans, a été trouvé allongé sur le sol au bord de la route, à Blue Ash, dans l'Ohio, une banlieue située à environ 15 miles au nord de Cincinnati. Il était en T-shirt et en sous-vêtements, dans un état apparemment très médicamenté.","Dr. Malar Balasubramanian, 29, was found in Blue Ash, Ohio, a suburb approximately 15 miles north of Cincinnati lying on the ground beside the road in a T-shirt and underwear in an apparently heavily medicated state.","Dr Malar Balasubramanian, 29 years old, was found lying on the ground in the Ohio, a suburb located about 15 miles north of Cincinnati. He was in a very bad shape, in a state that appeared to be very sick.",34.24958124157167,53.85467269039417,eng_Latn," Dr. Malar Balasubramanian, 29, was found in Blue Ash, Ohio, a suburb approximately 15 miles north of Cincinnati lying on the ground beside the road in a T-shirt and underwear in an apparently heavily medicated state.",34.24958124157167,53.85467269039417,6.71875,5.9375,0.49609375
"Q: Elle a dirigé les officiers vers son Oldsmobile Intrigue noire qui se trouvait à 500 pieds de là.
A:",Elle a dirigé les officiers vers son Oldsmobile Intrigue noire qui se trouvait à 500 pieds de là.,She directed officers to her black Oldsmobile Intrigue which was 500 feet away.,She led the officers to the Oldsmobile Intrigue that was parked at 500 feet from the road.,32.14110553053943,47.7707356353245,eng_Latn, She directed officers to her black Oldsmobile Intrigue which was 500 feet away.,32.14110553053943,47.7707356353245,4.0625,4.28125,0.462890625
"Q: Là, ils ont trouvé le corps de Saroja Balasubramanian, 53 ans, couvert de couvertures tachées de sang.
A:","Là, ils ont trouvé le corps de Saroja Balasubramanian, 53 ans, couvert de couvertures tachées de sang.","There, they found the body of Saroja Balasubramanian, 53, covered with blood-stained blankets.","They found the body of Saroja Balasubramanian, 53 years old, covered in bandages, with blood stains on his body.",40.87501331941742,65.60244109533963,eng_Latn," There, they found the body of Saroja Balasubramanian, 53, covered with blood-stained blankets.",40.87501331941742,65.60244109533963,4.6875,6.3125,0.63671875
"Q: La police a déclaré qu’il semblerait que le corps se trouvait là depuis un jour environ.
A:",La police a déclaré qu’il semblerait que le corps se trouvait là depuis un jour environ.,Police said that the body appeared to have been there for about a day.,The police said that it seems that the body was found there for a day or so.,13.23007976179665,50.18412241088816,eng_Latn, Police said that the body appeared to have been there for about a day.,13.23007976179665,50.18412241088816,8.6875,8.4375,0.87890625
"Q: Les premiers cas de cette maladie saisonnière ont été déclarés fin juillet.
A:",Les premiers cas de cette maladie saisonnière ont été déclarés fin juillet.,The first cases of the disease this season were reported in late July.,The first cases of this seasonal illness have been reported in the first half of July.,18.107197870881738,57.34657954005492,eng_Latn, The first cases of the disease this season were reported in late July.,18.107197870881738,57.34657954005492,5.53125,8.1875,0.63671875
"Q: Les porcs sont porteurs de la maladie, qui est ensuite transmise à l'homme par les moustiques.
A:","Les porcs sont porteurs de la maladie, qui est ensuite transmise à l'homme par les moustiques.","The disease is carried by pigs, which then migrates to humans through mosquitos.","The porcs carry the disease, which is then transmitted to the man by the moustaches.",5.290165775046923,34.42968729844351,eng_Latn," The disease is carried by pigs, which then migrates to humans through mosquitos.",5.290165775046923,34.42968729844351,11.125,13.1875,0.77734375
"Q: L’épidémie a incité le gouvernement indien à prendre des mesures telles que le déploiement de collecteurs de porcs dans les zones gravement touchées, la distribution de milliers de moustiquaires et la pulvérisation de pesticides.
A:","L’épidémie a incité le gouvernement indien à prendre des mesures telles que le déploiement de collecteurs de porcs dans les zones gravement touchées, la distribution de milliers de moustiquaires et la pulvérisation de pesticides.","The outbreak has prompted the Indian government to undertake such measures as deployment of pig catchers in seriously affected areas, distributing thousands of mosquito curtains and spraying pesticides.","The epidemic has encouraged the Indian government to take measures such as the deployment of porcs in the areas of serious concern, the distribution of thousands of moustaches and the spraying of pesticides.",20.224165138513783,50.74204316001504,eng_Latn," The outbreak has prompted the Indian government to undertake such measures as deployment of pig catchers in seriously affected areas, distributing thousands of mosquito curtains and spraying pesticides.",20.224165138513783,50.74204316001504,13.625,14.4375,0.494140625
"Q: Plusieurs millions de flacons de vaccin contre l'encéphalite ont également été promis par le gouvernement, ce qui aidera à préparer les agences sanitaires pour l'année prochaine.
A:","Plusieurs millions de flacons de vaccin contre l'encéphalite ont également été promis par le gouvernement, ce qui aidera à préparer les agences sanitaires pour l'année prochaine.","Several million vials of encephalitis vaccine have also been promised by the government, which will help prepare health agencies for next year.","The millions of flacons of the vaccine against the Ebola have also been promised by the government, which will help prepare the health agencies for the upcoming year.",43.6268642586656,68.3337115435944,eng_Latn," Several million vials of encephalitis vaccine have also been promised by the government, which will help prepare health agencies for next year.",43.6268642586656,68.3337115435944,8.25,9.75,0.84375
"Q: Les plans de livraison de vaccins dans les zones historiquement les plus touchées cette année ont été retardés en raison du manque de fonds et de la faible priorité accordée à ces maladies par rapport à d’autres.
A:",Les plans de livraison de vaccins dans les zones historiquement les plus touchées cette année ont été retardés en raison du manque de fonds et de la faible priorité accordée à ces maladies par rapport à d’autres.,Plans for vaccines to be delivered to the historically most affected areas this year were delayed due to lack of funds and low prioritisation relative to other diseases.,The plans of delivery of vaccines in the historical zones most affected this year have been delayed due to the lack of funds and the low priority given to these diseases this year.,18.254307849003865,54.00669760470166,eng_Latn, Plans for vaccines to be delivered to the historically most affected areas this year were delayed due to lack of funds and low prioritisation relative to other diseases.,18.254307849003865,54.00669760470166,3.21875,3.53125,0.95703125
"Q: En 1956, Słania s'est installé en Suède, où trois ans plus tard, il a commencé à travailler pour la poste suédoise pour en devenir le graveur en chef.
A:","En 1956, Słania s'est installé en Suède, où trois ans plus tard, il a commencé à travailler pour la poste suédoise pour en devenir le graveur en chef.","In 1956 Słania moved to Sweden, where three years later he began work for the Swedish Post Office and became their chief engraver.","In 1956, Słania s'est installed in Sweden, where three years later, he began to work for the post office in Sweden, where he became the grave-cutter in 1956.",19.842310872166415,54.600536965205514,eng_Latn," In 1956 Słania moved to Sweden, where three years later he began work for the Swedish Post Office and became their chief engraver.",19.842310872166415,54.600536965205514,10.375,11.5625,0.2490234375
"Q: Il a produit plus de 1000 timbres pour la Suède et 28 autres pays.
A:",Il a produit plus de 1000 timbres pour la Suède et 28 autres pays.,"He produced over 1,000 stamps for Sweden and 28 other countries.",He produced 1000 timbres for the United States and 28 other countries.,29.256127307315065,56.25692282753055,eng_Latn," He produced over 1,000 stamps for Sweden and 28 other countries.",29.256127307315065,56.25692282753055,13.875,15.0625,0.25390625
"Q: Son travail est d'une telle qualité et d'un tel niveau de détail qu'il est l'un des rares philatélistes bien connus du « grand public ». Certains collectionneurs consacrent leur attention uniquement à ses œuvres.
A:",Son travail est d'une telle qualité et d'un tel niveau de détail qu'il est l'un des rares philatélistes bien connus du « grand public ». Certains collectionneurs consacrent leur attention uniquement à ses œuvres.,"His work is of such recognized quality and detail that he is one of the very few ""household names"" among philatelists. Some specialize in collecting his work alone.",This is a work of such great quality and such a level of detail that it is the one of the rare philatelists who is known to the public. Some collectors devote their attention to only his works.,11.22147718116152,41.14488448559075,eng_Latn," His work is of such recognized quality and detail that he is one of the very few ""household names"" among philatelists. Some specialize in collecting his work alone.",11.22147718116152,41.14488448559075,5.21875,5.3125,0.609375
"Q: Son millième timbre a été le magnifique « Great Deeds by Swedish Kings » de David Klöcker Ehrenstrahl en 2000, qui figure dans le Livre Guinness des records.
A:","Son millième timbre a été le magnifique « Great Deeds by Swedish Kings » de David Klöcker Ehrenstrahl en 2000, qui figure dans le Livre Guinness des records.","His 1,000th stamp was the magnificent ""Great Deeds by Swedish Kings"" by David Klöcker Ehrenstrahl in 2000, which is listed in the Guinness Book of World Records.","The great deeds of Swedish kings were the magnificent « Great Deeds by Swedish Kings » of David Klöcker Ehrenstrahl in 2000, which are included in the Guinness Book of Records.",45.11788496991041,66.17841288444232,eng_Latn," His 1,000th stamp was the magnificent ""Great Deeds by Swedish Kings"" by David Klöcker Ehrenstrahl in 2000, which is listed in the Guinness Book of World Records.",45.11788496991041,66.17841288444232,10.8125,9.3125,0.6015625
"Q: Il a également gravé des billets de banque pour de nombreux pays. Parmi les exemples récents de son travail, on peut citer les portraits du Premier ministre au recto des nouveaux billets canadiens de 5 et 100 dollars.
A:","Il a également gravé des billets de banque pour de nombreux pays. Parmi les exemples récents de son travail, on peut citer les portraits du Premier ministre au recto des nouveaux billets canadiens de 5 et 100 dollars.","He was also engaged in engraving banknotes for many countries, recent examples of his work including the Prime Ministerial portraits on the front of the new Canadian $5 and $100 bills.","He also painted the portraits of the Premier Minister on the new Canadian banknotes. Among the examples of his work, we can mention portraits of the Premier Minister on the new Canadian banknotes. Among the examples of his work, we can mention portraits of the Premier Minister on the new Canadian banknotes. Among the examples of his work, we can mention portraits of the Premier Minister on the new Canadian banknotes. Among the examples of his work, we can mention portraits of the Premier Minister on the new Canadian banknotes. Among",6.075011902405627,32.16170804339669,eng_Latn," He was also engaged in engraving banknotes for many countries, recent examples of his work including the Prime Ministerial portraits on the front of the new Canadian $5 and $100 bills.",6.075011902405627,32.16170804339669,25.0,25.0,-0.02685546875
"Q: Suite à l’accident, Gibson a été transporté à l’hôpital, mais a succombé immédiatement après.
A:","Suite à l’accident, Gibson a été transporté à l’hôpital, mais a succombé immédiatement après.","After the accident occurred, Gibson was transported to a hospital but died shortly afterwards.","Gibson was transported to the hospital, but immediately after the accident, Gibson was transported to the hospital, but immediately after the accident.",20.477156411200443,52.30098664465025,eng_Latn," After the accident occurred, Gibson was transported to a hospital but died shortly afterwards.",20.477156411200443,52.30098664465025,24.0,20.375,0.0068359375
"Q: Le chauffeur du camion, âgé de 64 ans, n’a pas été blessé dans l’accident.
A:","Le chauffeur du camion, âgé de 64 ans, n’a pas été blessé dans l’accident.","The truck driver, who is aged 64, was not injured in the crash.","The driver of the truck, aged 64 years, was not injured in the accident.",31.671615012203976,59.462114811339184,eng_Latn," The truck driver, who is aged 64, was not injured in the crash.",31.671615012203976,59.462114811339184,0.97265625,0.7265625,0.953125
"Q: Le véhicule lui-même a été enlevé du lieu de l'accident vers 12 h 00 GMT le même jour.
A:",Le véhicule lui-même a été enlevé du lieu de l'accident vers 12 h 00 GMT le même jour.,The vehicle itself was taken away from the scene of the accident at approximately 1200 GMT on the same day.,The vehicle itself was taken from the place of the accident at 12:00 GMT the same day.,42.59820956173151,64.1930692571208,eng_Latn, The vehicle itself was taken away from the scene of the accident at approximately 1200 GMT on the same day.,42.59820956173151,64.1930692571208,2.53125,2.40625,0.9765625
"Q: Un employé d'un garage proche du lieu de l’accident a déclaré : « il y avait des enfants qui cherchaient à traverser la route, et qui criaient et pleuraient. »
A:","Un employé d'un garage proche du lieu de l’accident a déclaré : « il y avait des enfants qui cherchaient à traverser la route, et qui criaient et pleuraient. »","A person working in a garage near where the accident occurred said: ""There were children waiting to cross the road and they were all screaming and crying.""","A worker at a nearby garage said: “There were children who wanted to pass through the road, and who cried and laughed. “",7.205335066302805,32.14639338547428,eng_Latn," A person working in a garage near where the accident occurred said: ""There were children waiting to cross the road and they were all screaming and crying.""",7.205335066302805,32.14639338547428,10.8125,13.0,0.72265625
"Q: Ils sont tous revenus en courant de l’endroit où l’accident s’était produit.
A:",Ils sont tous revenus en courant de l’endroit où l’accident s’était produit.,They all ran back from where the accident had happened.,They all returned to the same place where the accident happened.,18.52797255583095,60.03758230674925,eng_Latn, They all ran back from where the accident had happened.,18.52797255583095,60.03758230674925,7.75,7.8125,0.1708984375
"Q: Parmi les autres sujets à l’ordre du jour à Bali figurent la sauvegarde des dernières forêts du monde et le partage des technologies pour aider les pays en développement à poursuivre leur croissance de manière moins polluante.
A:",Parmi les autres sujets à l’ordre du jour à Bali figurent la sauvegarde des dernières forêts du monde et le partage des technologies pour aider les pays en développement à poursuivre leur croissance de manière moins polluante.,"Other subjects on the agenda in Bali include saving the world's remaining forests, and sharing technologies to help developing nations grow in less-polluting ways.",Among the other topics on the agenda at Bali is the preservation of the last forests of the world and the sharing of the technologies for the future and the sharing of the technologies for the future. Among the other topics on the agenda at Bali is the preservation of the last forests of the world and the sharing of the technologies for the future. Among the other topics on the agenda at Bali is the preservation of the last forests of the world and the sharing of the technologies for the future. Among the other topics,2.040074988344958,26.38424219365935,eng_Latn," Other subjects on the agenda in Bali include saving the world's remaining forests, and sharing technologies to help developing nations grow in less-polluting ways.",2.040074988344958,26.38424219365935,25.0,24.75,0.0093994140625
"Q: L'ONU espère également finaliser un fonds pour aider les pays touchés par le réchauffement climatique à faire face aux impacts.
A:",L'ONU espère également finaliser un fonds pour aider les pays touchés par le réchauffement climatique à faire face aux impacts.,The U.N. also hopes to finalize a fund to help countries affected by global warming to cope with the impacts.,The UN is also interested in helping countries affected by climate change to face the impacts.,11.538184104597692,39.84104489190404,eng_Latn, The U.N. also hopes to finalize a fund to help countries affected by global warming to cope with the impacts.,11.538184104597692,39.84104489190404,6.9375,6.8125,0.890625
"Q: L’argent pourrait être reversé dans la construction de maisons résistantes aux inondations, dans une meilleure gestion de l’eau et dans la diversification des cultures.
A:","L’argent pourrait être reversé dans la construction de maisons résistantes aux inondations, dans une meilleure gestion de l’eau et dans la diversification des cultures.","The money could go toward flood-proof houses, better water management, and crop diversification.","The money could be returned to the construction of houses that resist floods, in a better management of the water and in diversification of cultures.",7.647779668764416,50.74444852260596,eng_Latn," The money could go toward flood-proof houses, better water management, and crop diversification.",7.647779668764416,50.74444852260596,5.15625,6.40625,0.93359375
"Q: Fluke a écrit que les efforts de certains pour empêcher les femmes de parler de leur santé ont échoué.
A:",Fluke a écrit que les efforts de certains pour empêcher les femmes de parler de leur santé ont échoué.,Fluke wrote that the efforts by some to drown out women from speaking out about women’s health were unsuccessful.,Fluke says that some efforts to prevent women from speaking about their health have failed.,6.976008483328146,40.048293622511636,eng_Latn, Fluke wrote that the efforts by some to drown out women from speaking out about women’s health were unsuccessful.,6.976008483328146,40.048293622511636,3.265625,2.609375,0.82421875
"Q: Elle est arrivée à cette conclusion grâce aux multiples commentaires positifs et encouragements qu’elle a reçus aussi bien des femmes que des hommes sur l’importance de considérer la contraception comme une nécessité.
A:",Elle est arrivée à cette conclusion grâce aux multiples commentaires positifs et encouragements qu’elle a reçus aussi bien des femmes que des hommes sur l’importance de considérer la contraception comme une nécessité.,She came to this conclusion due to the multitude of positive comments and encouragement sent to her by both female and male individuals urging that contraception medication be considered a medical necessity.,She was told that she was able to conclude this conclusion thanks to the numerous positive comments and encouragement that she has received from both women and men on the importance of considering contraception as a necessity.,17.83979728612364,46.545950174284435,eng_Latn, She came to this conclusion due to the multitude of positive comments and encouragement sent to her by both female and male individuals urging that contraception medication be considered a medical necessity.,17.83979728612364,46.545950174284435,5.625,6.28125,0.8515625
"Q: Une fois la bagarre arrêtée après que les blessés ont été conduits à l'infirmerie, environ 40 des détenus restants sont restés dans la cour, refusant de retourner dans leur cellule.
A:","Une fois la bagarre arrêtée après que les blessés ont été conduits à l'infirmerie, environ 40 des détenus restants sont restés dans la cour, refusant de retourner dans leur cellule.","When the fighting ceased after the wounded were transported to the hospital, about 40 of the other remaining inmates stayed in the yard and refused to return to their cells.","After the fight was stopped after the fight broke out, about 40 of the detainees remained in the cells, refusing to return to their cells.",24.201687860250157,45.13313886457989,eng_Latn," When the fighting ceased after the wounded were transported to the hospital, about 40 of the other remaining inmates stayed in the yard and refused to return to their cells.",24.201687860250157,45.13313886457989,13.3125,13.8125,0.455078125
"Q: Les négociateurs ont essayé de rectifier la situation, mais les demandes des prisonniers ne sont pas claires.
A:","Les négociateurs ont essayé de rectifier la situation, mais les demandes des prisonniers ne sont pas claires.","Negotiators tried to rectify the situation, but the prisoners' demands are not clear.","The negotiators tried to correct the situation, but the requests for prisoners are not clear.",36.49716704775574,68.29047131477218,eng_Latn," Negotiators tried to rectify the situation, but the prisoners' demands are not clear.",36.49716704775574,68.29047131477218,5.21875,5.09375,0.953125
"Q: Entre 22 h 00 et 23 h 00 MDT, les détenus ont allumé un feu dans la cour.
A:","Entre 22 h 00 et 23 h 00 MDT, les détenus ont allumé un feu dans la cour.","Between 10:00-11:00 pm MDT, a fire was started by the inmates in the yard.",The detainees lit a fire in the courtyard at 22 h 00 and 23 h 00 MDT.,6.143746140722884,23.75050618971536,eng_Latn," Between 10:00-11:00 pm MDT, a fire was started by the inmates in the yard.",6.143746140722884,23.75050618971536,2.984375,5.03125,0.8984375
"Q: Bientôt, des officiers équipés de matériel antiémeute pénétrèrent dans la cour et coincèrent les détenus avec des gaz lacrymogènes.
A:","Bientôt, des officiers équipés de matériel antiémeute pénétrèrent dans la cour et coincèrent les détenus avec des gaz lacrymogènes.","Soon, officers equipped with riot gear entered the yard and cornered the inmates with tear gas.","Soon, the police officers equipped with equipment will enter the courtyard and will block the prisoners with gas lacrymogames.",16.17308490175298,43.36778535663707,eng_Latn," Soon, officers equipped with riot gear entered the yard and cornered the inmates with tear gas.",16.17308490175298,43.36778535663707,7.96875,9.375,0.33203125
"Q: L’équipe des sapeurs pompiers a finalement éteint le feu à 23 h 35.
A:",L’équipe des sapeurs pompiers a finalement éteint le feu à 23 h 35.,Fire rescue crews eventually doused the fire by 11:35 pm.,The team of firefighters finally extinguished the fire at 23 h 35.,4.295382417831811,23.235889872115596,eng_Latn, Fire rescue crews eventually doused the fire by 11:35 pm.,4.295382417831811,23.235889872115596,1.7890625,4.09375,1.0078125
"Q: Après la construction du barrage en 1963, les inondations saisonnières qui devaient répandre des sédiments dans le fleuve ont été stoppées.
A:","Après la construction du barrage en 1963, les inondations saisonnières qui devaient répandre des sédiments dans le fleuve ont été stoppées.","After the dam was built in 1963, the seasonal floods that would spread sediment throughout the river were halted.","After the construction of the barrage in 1963, the floods that had to be stopped were stopped.",12.074120900631343,35.27879903030398,eng_Latn," After the dam was built in 1963, the seasonal floods that would spread sediment throughout the river were halted.",12.074120900631343,35.27879903030398,14.125,12.125,0.62109375
"Q: Ce sédiment était nécessaire à la création de bancs de sable et de plages, qui servaient d’habitats à la faune.
A:","Ce sédiment était nécessaire à la création de bancs de sable et de plages, qui servaient d’habitats à la faune.","This sediment was necessary for creating sandbars and beaches, which served as wildlife habitats.","The sediment was necessary to create a beach and a beach hut, which served as a habitat for the fauna.",22.816849039973935,50.70913544568815,eng_Latn," This sediment was necessary for creating sandbars and beaches, which served as wildlife habitats.",22.816849039973935,50.70913544568815,9.3125,10.625,0.67578125
"Q: En conséquence, deux espèces de poissons ont disparu et deux autres sont en voie de disparition, dont le chevesne à bosse.
A:","En conséquence, deux espèces de poissons ont disparu et deux autres sont en voie de disparition, dont le chevesne à bosse.","As a result, two fish species have become extinct, and two others have become endangered, including the humpback chub.","Because, two species of fish have disappeared and two other species are in danger, and two other species are in danger, including the fishbone.",9.77299216430373,40.249934288210696,eng_Latn," As a result, two fish species have become extinct, and two others have become endangered, including the humpback chub.",9.77299216430373,40.249934288210696,10.375,11.8125,0.10791015625
"Q: Bien que le niveau de l’eau ne grimpera que de quelques mètres après l’inondation, les autorités espèrent que cela suffira à restaurer les bancs de sable érodés en aval.
A:","Bien que le niveau de l’eau ne grimpera que de quelques mètres après l’inondation, les autorités espèrent que cela suffira à restaurer les bancs de sable érodés en aval.","Although the water level will only rise a few feet after the flood, officials are hoping it will be enough to restore eroded sandbars downstream.","The level of the water will not rise until it is completely submerged after the flood, and the authorities hope that this will not be too high.",13.523511781977861,32.22533419105832,eng_Latn," Although the water level will only rise a few feet after the flood, officials are hoping it will be enough to restore eroded sandbars downstream.",13.523511781977861,32.22533419105832,13.4375,14.25,-0.0006103515625
"Q: Aucune alerte au tsunami n’a été émise et, selon l’agence de géophysique de Jakarta, aucune alerte au tsunami ne sera émise parce que le séisme n’a pas atteint la magnitude 6,5 requise.
A:","Aucune alerte au tsunami n’a été émise et, selon l’agence de géophysique de Jakarta, aucune alerte au tsunami ne sera émise parce que le séisme n’a pas atteint la magnitude 6,5 requise.","No tsunami warning has been issued, and according to the Jakarta geophysics agency, no tsunami warning will be issued because the quake did not meet the magnitude 6.5 requirement.","The tsunami alert has not been issued yet and, according to the Jakarta-based seismologist, no tsunami alert has been issued yet and no tsunami alert will be issued because the tsunami has not yet been issued yet and no tsunami alert will be issued yet.",16.329601737606552,45.653961836386124,eng_Latn," No tsunami warning has been issued, and according to the Jakarta geophysics agency, no tsunami warning will be issued because the quake did not meet the magnitude 6.5 requirement.",16.329601737606552,45.653961836386124,13.625,13.6875,0.07861328125
"Q: Malgré l’absence de risque de tsunami, les résidents se sont mis à paniquer et ont quitté leurs maisons et commerces.
A:","Malgré l’absence de risque de tsunami, les résidents se sont mis à paniquer et ont quitté leurs maisons et commerces.","Despite there being no tsunami threat, residents started to panic and began to leave their businesses and homes.","Despite the absence of a tsunami risk, residents have been panicking and have left their homes and businesses.",6.12957497932821,43.632705786694665,eng_Latn," Despite there being no tsunami threat, residents started to panic and began to leave their businesses and homes.",6.12957497932821,43.632705786694665,3.6875,3.96875,0.9296875
"Q: Malgré les larmes versées lors de ses adieux, Oprah Winfrey a clairement dit à ses fans qu'elle serait de retour.
A:","Malgré les larmes versées lors de ses adieux, Oprah Winfrey a clairement dit à ses fans qu'elle serait de retour.","Although Winfrey was tearful in her farewell, she made it clear to her fans she will be back.","Oprah Winfrey has clearly said that she would be back at the end of her farewell, and she clearly said that she would be back at the end of her farewell, and she clearly said that she would be back at the end of her farewell, and she clearly said that she would be back at the end of her farewell, and she clearly said that she would be back at the end of her farewell, and she clearly said that she would be back at the end of her farewell, and she clearly",3.5663869640394816,22.74547046773372,eng_Latn," Although Winfrey was tearful in her farewell, she made it clear to her fans she will be back.",3.5663869640394816,22.74547046773372,24.5,25.0,-0.02685546875
"Q: « Ce n'est pas un au revoir. C'est une page qui se tourne, et une autre qui s'ouvre. »
A:","« Ce n'est pas un au revoir. C'est une page qui se tourne, et une autre qui s'ouvre. »","""This is not going to be goodbye. This is the closing of one chapter and the opening of a new one.""","It's not a goodbye. It's a page that's gone, and another page that's opening. It's a page that's gone, and another page that's opening.",3.9585298754221863,23.66955641547938,eng_Latn," ""This is not going to be goodbye. This is the closing of one chapter and the opening of a new one.""",3.9585298754221863,23.66955641547938,23.875,23.125,0.038818359375
"Q: Les résultats définitifs des élections présidentielles et parlementaires namibiennes indiquent que le président sortant, Hifikepunye Pohamba, a été réélu par une large majorité.
A:","Les résultats définitifs des élections présidentielles et parlementaires namibiennes indiquent que le président sortant, Hifikepunye Pohamba, a été réélu par une large majorité.","Final results from Namibian presidential and parliamentary elections have indicated that the incumbent president, Hifikepunye Pohamba, has been reelected by a large margin.","The results of the presidential elections and parliamentary elections in Namibia indicate that Hifikepunye Pohamba, the outgoing president, was re-elected by a large majority.",37.790801014939845,57.88596315429112,eng_Latn," Final results from Namibian presidential and parliamentary elections have indicated that the incumbent president, Hifikepunye Pohamba, has been reelected by a large margin.",37.790801014939845,57.88596315429112,2.46875,2.921875,0.32421875
"Q: Le parti au pouvoir, l'Organisation du peuple du Sud-Ouest africain (SWAPO), a lui aussi réussi à conserver la majorité aux élections législatives.
A:","Le parti au pouvoir, l'Organisation du peuple du Sud-Ouest africain (SWAPO), a lui aussi réussi à conserver la majorité aux élections législatives.","The ruling party, South West Africa People's Organisation (SWAPO), also retained a majority in the parliamentary elections.","The SWAPO party has managed to retain the majority in the elections, and the SWAPO party has also managed to retain the majority in the elections.",8.234504830547136,35.581851572586025,eng_Latn," The ruling party, South West Africa People's Organisation (SWAPO), also retained a majority in the parliamentary elections.",8.234504830547136,35.581851572586025,8.4375,8.0,0.007659912109375
"Q: Les troupes de coalition et Afghanes se sont déplacées dans la zone pour sécuriser le site et un avion d’une autre coalition a été envoyé pour seconder.
A:",Les troupes de coalition et Afghanes se sont déplacées dans la zone pour sécuriser le site et un avion d’une autre coalition a été envoyé pour seconder.,Coalition and Afghan troops moved into the area to secure the site and other coalition aircraft have been sent to assist.,The coalition and the Afghan forces have moved to the site to secure the site and a plane was sent to support.,20.511558841328508,45.47241617681064,eng_Latn, Coalition and Afghan troops moved into the area to secure the site and other coalition aircraft have been sent to assist.,20.511558841328508,45.47241617681064,4.90625,4.90625,0.625
"Q: L’accident a eu lieu en terrain montagneux, et il semblerait que cela ait été causé par un incendie malveillant.
A:","L’accident a eu lieu en terrain montagneux, et il semblerait que cela ait été causé par un incendie malveillant.","The crash occurred high up in mountainous terrain, and is believed to have been the result of hostile fire.","The accident occurred in a mountainous terrain, and it seems that it was caused by a fire that was malicious.",28.755838200176385,37.91876014276795,eng_Latn," The crash occurred high up in mountainous terrain, and is believed to have been the result of hostile fire.",28.755838200176385,37.91876014276795,3.0,3.09375,0.9921875
"Q: Les efforts visant à trouver le lieu de l’accident sont restreints par des intempéries et le terrain accidenté.
A:",Les efforts visant à trouver le lieu de l’accident sont restreints par des intempéries et le terrain accidenté.,Efforts to search for the crash site are being met by bad weather and harsh terrain.,The efforts to find the accident are limited by weather conditions and the terrain accident is limited by weather conditions and the terrain accident is limited by weather conditions and the terrain accident is limited by weather conditions and the terrain accident is limited by weather conditions and the terrain accident is limited by weather conditions and the terrain accident is limited by weather conditions and the terrain accident is limited by weather conditions and the terrain accident is limited by weather conditions and the terrain accident is limited by weather conditions and the terrain accident is limited by weather,0.9217079234914175,14.361069388609806,eng_Latn, Efforts to search for the crash site are being met by bad weather and harsh terrain.,0.9217079234914175,14.361069388609806,24.0,23.75,-0.01141357421875
"Q: Selon l'ONG Mangola, Médecins Sans Frontières et l'Organisation mondiale de la santé, il s'agit de la pire épidémie enregistrée dans le pays.
A:","Selon l'ONG Mangola, Médecins Sans Frontières et l'Organisation mondiale de la santé, il s'agit de la pire épidémie enregistrée dans le pays.","The medical charity Mangola, Medecines Sans Frontieres and the World Health Organisation say it is the worst outbreak recorded in the country.","According to the NGO Mangola, Médecins Sans Frontières and the World Health Organization, it is the worst recorded in the country.",34.781401460644894,61.81001472835618,eng_Latn," The medical charity Mangola, Medecines Sans Frontieres and the World Health Organisation say it is the worst outbreak recorded in the country.",34.781401460644894,61.81001472835618,5.78125,4.8125,0.76171875
"Q: Le porte-parole de Médecins Sans Frontières, Richard Veerman, a déclaré : « L'Angola se dirige vers la pire épidémie jamais connue et la situation reste très mauvaise en Angola », a-t-il déclaré.
A:","Le porte-parole de Médecins Sans Frontières, Richard Veerman, a déclaré : « L'Angola se dirige vers la pire épidémie jamais connue et la situation reste très mauvaise en Angola », a-t-il déclaré.","Spokesman for Medecines Sans Frontiere Richard Veerman said: ""Angola is heading for its worst ever outbreak and the situation remains very bad in Angola,"" he said.","The Angolan ambassador to Médecins Sans Frontières, Richard Veerman, said: "" Angola is heading towards the worst ever known and the situation is very bad in Angola, and the situation remains very bad in Angola.""",26.502891492682462,59.828686388845234,eng_Latn," Spokesman for Medecines Sans Frontiere Richard Veerman said: ""Angola is heading for its worst ever outbreak and the situation remains very bad in Angola,"" he said.",26.502891492682462,59.828686388845234,10.875,10.0625,0.1494140625
"Q: Les matchs ont commencé à 10 heures du matin avec un temps magnifique et, à part la bruine du milieu de la matinée qui s’est rapidement dissipée, c’était une journée parfaite pour le rugby à 7.
A:","Les matchs ont commencé à 10 heures du matin avec un temps magnifique et, à part la bruine du milieu de la matinée qui s’est rapidement dissipée, c’était une journée parfaite pour le rugby à 7.","The games kicked off at 10:00am with great weather and apart from mid morning drizzle which quickly cleared up, it was a perfect day for 7's rugby.","The matches started at 10 hours of the morning with a beautiful sunrise and, apart from the rain, it was a perfect day for rugby to 7.",20.59517326100764,39.32028016085072,eng_Latn," The games kicked off at 10:00am with great weather and apart from mid morning drizzle which quickly cleared up, it was a perfect day for 7's rugby.",20.59517326100764,39.32028016085072,8.25,8.375,0.6484375
"Q: L'Afrique du Sud, à la tête du classement, a commencé sur une bonne note en s'imposant 26 à 0 face à la Zambie, 5e du classement.
A:","L'Afrique du Sud, à la tête du classement, a commencé sur une bonne note en s'imposant 26 à 0 face à la Zambie, 5e du classement.",Tournament top seeds South Africa started on the right note when they had a comfortable 26 - 00 win against 5th seeded Zambia.,"The South African Republic, led by the ranking, started on a good note in the ranking, and the Zambian Republic, led by the ranking, started on a good note in the ranking.",2.331372206682652,28.00210751733602,eng_Latn, Tournament top seeds South Africa started on the right note when they had a comfortable 26 - 00 win against 5th seeded Zambia.,2.331372206682652,28.00210751733602,15.75,14.9375,0.05615234375
"Q: L'Afrique du Sud, qui semblait décidément rouillée lors de son match contre ses consœurs du sud, s'est cependant graduellement améliorée au fil du tournoi.
A:","L'Afrique du Sud, qui semblait décidément rouillée lors de son match contre ses consœurs du sud, s'est cependant graduellement améliorée au fil du tournoi.","Looking decidedly rusty in the game against their southern sisters, South Africa however steadily improved as the tournament progressed.","The South African team has been slowly improving over the course of its tourney, but it has gradually improved over the course of its tourney.",3.2715338175759148,27.493384703711254,eng_Latn," Looking decidedly rusty in the game against their southern sisters, South Africa however steadily improved as the tournament progressed.",3.2715338175759148,27.493384703711254,12.9375,10.875,0.072265625
"Q: Leur défense bien disciplinée, leur adresse dans le contrôle du ballon et leur formidable travail d’équipe leur ont permis de se distinguer et il est évident que c’était l’équipe à battre.
A:","Leur défense bien disciplinée, leur adresse dans le contrôle du ballon et leur formidable travail d’équipe leur ont permis de se distinguer et il est évident que c’était l’équipe à battre.","Their disciplined defence, ball handling skills and excellent team work made them stand out and it was clear that this was the team to beat.","Their discipline is well-disciplined, their attitude is well-disciplined, and their team is very good.",2.008770214674633,22.07846670815673,eng_Latn," Their disciplined defence, ball handling skills and excellent team work made them stand out and it was clear that this was the team to beat.",2.008770214674633,22.07846670815673,11.0,10.8125,-0.00787353515625
"Q: Les responsables de la ville d’Amsterdam et du Musée Anne Frank affirment que l’arbre est infecté par un champignon et qu’il constitue un danger pour la santé publique, car ils soutiennent qu’il existe un danger immédiat de chute.
A:","Les responsables de la ville d’Amsterdam et du Musée Anne Frank affirment que l’arbre est infecté par un champignon et qu’il constitue un danger pour la santé publique, car ils soutiennent qu’il existe un danger immédiat de chute.",Officials for the city of Amsterdam and the Anne Frank Museum state that the tree is infected with a fungus and poses a public health hazard as they argue that it was in imminent danger of falling over.,"The city of Amsterdam and the Museum of Amsterdam and the Anne Frank Museum say that the tree is infected by a fungus and that it is a danger to the public, because they believe that there is a direct risk of falling and that there is a danger of falling. They say that there is a direct risk of falling and that there is a danger of falling. They say that there is a direct risk of falling and that there is a danger of falling. They say that there is a direct risk of",15.649275429263149,46.61625361671636,eng_Latn, Officials for the city of Amsterdam and the Anne Frank Museum state that the tree is infected with a fungus and poses a public health hazard as they argue that it was in imminent danger of falling over.,15.649275429263149,46.61625361671636,25.0,23.75,-0.00482177734375
"Q: Il devait être abattu mardi, mais il a été sauvé suite à une décision d'urgence du tribunal.
A:","Il devait être abattu mardi, mais il a été sauvé suite à une décision d'urgence du tribunal.","It had been scheduled to be cut down on Tuesday, but was saved after an emergency court ruling.","The man was shot on Tuesday, but he was saved by a court order of emergency.",14.169028445914154,38.6694290802401,eng_Latn," It had been scheduled to be cut down on Tuesday, but was saved after an emergency court ruling.",14.169028445914154,38.6694290802401,7.40625,11.8125,0.765625
"Q: Toutes les entrées des grottes, qui ont été baptisées « Les sept sœurs », ont un diamètre d’au moins 100 à 250 mètres.
A:","Toutes les entrées des grottes, qui ont été baptisées « Les sept sœurs », ont un diamètre d’au moins 100 à 250 mètres.","All of the cave entrances, which were named ""The Seven Sisters"", are at least 100 to 250 meters (328 to 820 feet) in diameter.","All the entrances to the grottos, which were named « The sept sisters », have a diameter of at least 100 meters.",14.846302335556539,46.29355081154651,eng_Latn," All of the cave entrances, which were named ""The Seven Sisters"", are at least 100 to 250 meters (328 to 820 feet) in diameter.",14.846302335556539,46.29355081154651,6.9375,7.21875,0.66015625
"Q: Les images infrarouges révèlent, au vu des variations de température le jour et la nuit, qu’il s’agit sans doute de grottes.
A:","Les images infrarouges révèlent, au vu des variations de température le jour et la nuit, qu’il s’agit sans doute de grottes.",Infrared images show that the temperature variations from night and day show that they are likely caves.,"The infrarouged images reveal that the day and night, the day and night, the day and night, the day and night, the day and night, the day and night, the day and night, the day and night, the day and night, the day and night, the day and night, the day and night, the day and night, the day and night, the day and night, the day and night, the day and night, the day and night, the day",0.9353403174507183,16.70221524903512,eng_Latn, Infrared images show that the temperature variations from night and day show that they are likely caves.,0.9353403174507183,16.70221524903512,17.75,17.875,0.00567626953125
"Q: « Ils sont plus frais que la surface environnante le jour et plus chauds la nuit ».
A:",« Ils sont plus frais que la surface environnante le jour et plus chauds la nuit ».,"""They are cooler than the surrounding surface in the day and warmer at night.","« They are more expensive than the surface around the world, and they are more expensive than the surface around the world. The sun is more expensive than the surface around the world. The sun is more expensive than the surface around the world. The sun is more expensive than the surface around the world. The sun is more expensive than the surface around the world. The sun is more expensive than the surface around the world. The sun is more expensive than the surface around the world. The",1.002314126237802,19.02038600132199,eng_Latn," ""They are cooler than the surrounding surface in the day and warmer at night.",1.002314126237802,19.02038600132199,24.25,23.75,-0.021484375
"Q: « Leur comportement thermique n’est pas aussi stable que celui des grandes grottes de la planète qui maintiennent une température constante, mais ils se ressemblent en ce qu’ils sont des trous profonds dans la terre », selon Glen Cushing, membre de l’équipage de l'USGS (Centre américain d’études géologiques) et du personnel de l’Université d’Arizona du Nord situé à Flagstaff, en Arizona.
A:","« Leur comportement thermique n’est pas aussi stable que celui des grandes grottes de la planète qui maintiennent une température constante, mais ils se ressemblent en ce qu’ils sont des trous profonds dans la terre », selon Glen Cushing, membre de l’équipage de l'USGS (Centre américain d’études géologiques) et du personnel de l’Université d’Arizona du Nord situé à Flagstaff, en Arizona.","Their thermal behavior is not as steady as large caves on Earth that often maintain a fairly constant temperature, but it is consistent with these being deep holes in the ground,"" said Glen Cushing of the United States Geological Survey (USGS) Astrogeology Team and of Northern Arizona University located in Flagstaff, Arizona.","«Leurs comportement thermique est notifiable as well as the large caves of the planet that maintain a constant temperature, but they are similar in this regard as well as the large caves of the planet that maintain a constant temperature, but they are similar in this regard as well as the large caves of the planet that maintain a constant temperature, but they are similar in this regard as well as the large caves of the planet that maintain a constant temperature, but they are similar in this regard as well as the",4.223796328039986,26.568216793092898,eng_Latn," Their thermal behavior is not as steady as large caves on Earth that often maintain a fairly constant temperature, but it is consistent with these being deep holes in the ground,"" said Glen Cushing of the United States Geological Survey (USGS) Astrogeology Team and of Northern Arizona University located in Flagstaff, Arizona.",4.223796328039986,26.568216793092898,25.0,25.0,-0.02734375
"Q: En France, le vote est traditionnellement une expérience de faible technicité : les électeurs s’isolent dans une cabine, mettent dans une enveloppe une feuille de papier pré-imprimée indiquant le candidat de leur choix.
A:","En France, le vote est traditionnellement une expérience de faible technicité : les électeurs s’isolent dans une cabine, mettent dans une enveloppe une feuille de papier pré-imprimée indiquant le candidat de leur choix.","In France, voting has traditionally been a low-tech experience: voters isolate themselves in a booth, put a pre-printed sheet of paper indicating their candidate of choice into an envelope.","In France, the vote is traditionally a low-tech experience: the vote is traditionally a low-tech experience: the voters are isolated in a cabalette, put a paper on the table, and put a sheet of paper on the table.",17.612213570395628,44.99829121048976,eng_Latn," In France, voting has traditionally been a low-tech experience: voters isolate themselves in a booth, put a pre-printed sheet of paper indicating their candidate of choice into an envelope.",17.612213570395628,44.99829121048976,14.6875,14.875,-0.03857421875
"Q: Après que les agents ont vérifié son identité, l’électeur jette l’enveloppe dans l’urne et signe sa carte d’électeur.
A:","Après que les agents ont vérifié son identité, l’électeur jette l’enveloppe dans l’urne et signe sa carte d’électeur.","After officials verify the voter's identity, the voter drops the envelope into the ballot box and signs the voting roll.","After the agents have checked the envelope, the person throws the envelope in the trash and signs his card.",11.055667815886249,32.458170770011506,eng_Latn," After officials verify the voter's identity, the voter drops the envelope into the ballot box and signs the voting roll.",11.055667815886249,32.458170770011506,13.375,15.375,0.3671875
"Q: Le Code électoral français réglemente les opérations de façon assez stricte.
A:",Le Code électoral français réglemente les opérations de façon assez stricte.,French electoral law rather strictly codifies the proceedings.,The French electoral code is quite strict.,7.966506956353643,34.84787516430628,eng_Latn, French electoral law rather strictly codifies the proceedings.,7.966506956353643,34.84787516430628,5.9375,6.125,0.90625
"Q: Depuis 1988, les urnes doivent être transparentes afin que les électeurs et les observateurs puissent constater qu'aucune enveloppe n'est présente au début du vote et qu'aucune enveloppe n'est ajoutée, sauf celles des électeurs dûment comptés et autorisés.
A:","Depuis 1988, les urnes doivent être transparentes afin que les électeurs et les observateurs puissent constater qu'aucune enveloppe n'est présente au début du vote et qu'aucune enveloppe n'est ajoutée, sauf celles des électeurs dûment comptés et autorisés.","Since 1988, ballot boxes must be transparent so that voters and observers can witness that no envelopes are present at the start of the vote and that no envelopes are added except those of the duly counted and authorized voters.","Since 1988, the urns must be transparent to ensure that the voters and observers can see that no envelope has been present at the beginning of the vote and that no envelope has been added, except those who are counted and authorized.",35.51290322691791,63.461282320506776,eng_Latn," Since 1988, ballot boxes must be transparent so that voters and observers can witness that no envelopes are present at the start of the vote and that no envelopes are added except those of the duly counted and authorized voters.",35.51290322691791,63.461282320506776,4.25,5.25,0.84375
"Q: Les candidats peuvent envoyer des représentants pour assister à chaque étape du processus. Le soir, les votes sont comptés par des bénévoles sous haute surveillance, selon des procédures spécifiques.
A:","Les candidats peuvent envoyer des représentants pour assister à chaque étape du processus. Le soir, les votes sont comptés par des bénévoles sous haute surveillance, selon des procédures spécifiques.","Candidates can send representatives to witness every part of the process. In the evening, votes are counted by volunteers under heavy supervision, following specific procedures.","The candidates can send representatives to each stage of the process. The night votes are counted by volunteers under high surveillance, according to specific procedures. The night votes are counted by volunteers under high surveillance, according to specific procedures.",31.877452051201146,57.910398141140604,eng_Latn," Candidates can send representatives to witness every part of the process. In the evening, votes are counted by volunteers under heavy supervision, following specific procedures.",31.877452051201146,57.910398141140604,24.125,24.125,0.041015625
"Q: L'ASUS Eee PC, lancé précédemment à l'échelle mondiale pour des raisons d'économies et de fonctionnalités, est devenu un sujet brûlant lors du Taipei IT Month de 2007.
A:","L'ASUS Eee PC, lancé précédemment à l'échelle mondiale pour des raisons d'économies et de fonctionnalités, est devenu un sujet brûlant lors du Taipei IT Month de 2007.","ASUS Eee PC, earlier launched world-wide for cost-saving and functionality factors, became a hot topic in 2007 Taipei IT Month.","The ASUS Eee PC, launched previously in the world for reasons of cost savings and features, has become a hot topic during the Taipei IT Month of 2007.",25.837130980300252,47.04503251914192,eng_Latn," ASUS Eee PC, earlier launched world-wide for cost-saving and functionality factors, became a hot topic in 2007 Taipei IT Month.",25.837130980300252,47.04503251914192,1.296875,1.4140625,0.9765625
"Q: Mais le marché des ordinateurs portables sera profondément bouleversé et diversifié après qu'ASUS se soit vu récompenser du prix Taiwan Sustainable Award 2007 décerné par le Yuan exécutif de la République de Chine.
A:",Mais le marché des ordinateurs portables sera profondément bouleversé et diversifié après qu'ASUS se soit vu récompenser du prix Taiwan Sustainable Award 2007 décerné par le Yuan exécutif de la République de Chine.,But the consumer market on laptop computer will be radically varied and changed after ASUS was awarded in the 2007 Taiwan Sustainable Award by Executive Yuan of the Republic of China.,The market of portable computers will be profoundly changed and diversified after that ASUS has been recognized for its success in Taiwan.,3.6349768893150576,28.350354000368515,eng_Latn, But the consumer market on laptop computer will be radically varied and changed after ASUS was awarded in the 2007 Taiwan Sustainable Award by Executive Yuan of the Republic of China.,3.6349768893150576,28.350354000368515,7.09375,6.09375,0.578125
"Q: Le site web de la station décrit l’émission comme un « théâtre radiophonique de la vieille école avec une nouvelle et scandaleuse tournure geek ! ».
A:",Le site web de la station décrit l’émission comme un « théâtre radiophonique de la vieille école avec une nouvelle et scandaleuse tournure geek ! ».,"The station's web site describes the show as ""old school radio theater with a new and outrageous geeky spin!""",The site website describes the station as a “théâtre radio of the old school with a new and scandalous turn with a geek-like twist! ”.,10.33255016333835,50.216820344801825,eng_Latn," The station's web site describes the show as ""old school radio theater with a new and outrageous geeky spin!""",10.33255016333835,50.216820344801825,10.0625,11.0,0.26171875
"Q: Initialement, l'émission était uniquement diffusée sur le vénérable site de radio Internet TogiNet Radio, un site consacré à la radio parlée.
A:","Initialement, l'émission était uniquement diffusée sur le vénérable site de radio Internet TogiNet Radio, un site consacré à la radio parlée.","In its early days, the show was featured solely at the long-running internet radio site TogiNet Radio, a site focused on talk radio.","The initial broadcast was only broadcast on the Internet TogiNet Radio, a radio broadcast dedicated to spoken radio.",15.670491628508186,31.717629368378862,eng_Latn," In its early days, the show was featured solely at the long-running internet radio site TogiNet Radio, a site focused on talk radio.",15.670491628508186,31.717629368378862,6.3125,7.34375,0.546875
"Q: Fin 2015, TogiNet a créé AstroNet Radio en tant que station subsidiaire.
A:","Fin 2015, TogiNet a créé AstroNet Radio en tant que station subsidiaire.","In late 2015, TogiNet established AstroNet Radio as a subsidiary station.","2015, TogiNet created AstroNet Radio as a sub-station.",44.09928765478173,58.71392746469436,eng_Latn," In late 2015, TogiNet established AstroNet Radio as a subsidiary station.",44.09928765478173,58.71392746469436,4.90625,6.0625,0.9140625
"Q: À l'origine, l'émission mettait en scène des comédiens de doublage amateurs, originaires de l'est du Texas.
A:","À l'origine, l'émission mettait en scène des comédiens de doublage amateurs, originaires de l'est du Texas.","The show originally featured amateur voice actors, local to East Texas.","The show was filmed in the early 1960s, and it was filmed in the early 1960s.",4.108053662461269,18.685809203509994,eng_Latn," The show originally featured amateur voice actors, local to East Texas.",4.108053662461269,18.685809203509994,20.75,19.5,0.012451171875
"Q: Le pillage généralisé se serait poursuivi pendant la nuit, les forces de l'ordre n'étant pas présentes dans les rues de Bichkek.
A:","Le pillage généralisé se serait poursuivi pendant la nuit, les forces de l'ordre n'étant pas présentes dans les rues de Bichkek.","Widespread looting reportedly continued overnight, as law enforcement officers were not present on Bishkek's streets.","The general mass pillaging has continued during the night, the police forces were not present in the streets of Bichkek.",6.715151231803626,37.21486484305074,eng_Latn," Widespread looting reportedly continued overnight, as law enforcement officers were not present on Bishkek's streets.",6.715151231803626,37.21486484305074,5.03125,5.3125,0.9296875
"Q: Un observateur a décrit Bichkek comme étant en train de sombrer dans un état d’« anarchie », tandis que la population se déplaçait en bandes dans les rues et pillait les magasins de biens de consommation.
A:","Un observateur a décrit Bichkek comme étant en train de sombrer dans un état d’« anarchie », tandis que la population se déplaçait en bandes dans les rues et pillait les magasins de biens de consommation.","Bishkek was described as sinking into a state of ""anarchy"" by one observer, as gangs of people roamed the streets and plundered stores of consumer goods.",A witness described Bichkek as being in a state of “ anarchism ” while the population was marching in the streets and pillaging stores of goods of consumption.,12.008755845176175,41.22535980618194,eng_Latn," Bishkek was described as sinking into a state of ""anarchy"" by one observer, as gangs of people roamed the streets and plundered stores of consumer goods.",12.008755845176175,41.22535980618194,4.71875,5.84375,0.890625
"Q: Plusieurs habitants de Bichkek ont reproché les manifestants du sud d'être responsables de l'anarchie.
A:",Plusieurs habitants de Bichkek ont reproché les manifestants du sud d'être responsables de l'anarchie.,Several Bishkek residents blamed protesters from the south for the lawlessness.,Several residents of Bichkek have been accused of being responsible for the anarchy.,6.228496954013446,30.163555457628366,eng_Latn, Several Bishkek residents blamed protesters from the south for the lawlessness.,6.228496954013446,30.163555457628366,10.375,9.5625,0.49609375
"Q: L'Afrique du Sud a battu les All Blacks (Nouvelle-Zélande) lors d'un match de rugby du Tri-nations au Royal Bafokeng Stadium de Rustenburg, en Afrique du Sud.
A:","L'Afrique du Sud a battu les All Blacks (Nouvelle-Zélande) lors d'un match de rugby du Tri-nations au Royal Bafokeng Stadium de Rustenburg, en Afrique du Sud.","South Africa have defeated the All Blacks (New Zealand) in a rugby union Tri Nations match at the Royal Bafokeng Stadium in Rustenburg, South Africa.","The South African Rugby team defeated the All Blacks (New Zealand) during a rugby match in Rustenburg, in South Africa.",42.49544171151373,57.20357702025435,eng_Latn," South Africa have defeated the All Blacks (New Zealand) in a rugby union Tri Nations match at the Royal Bafokeng Stadium in Rustenburg, South Africa.",42.49544171151373,57.20357702025435,6.34375,5.5,0.5625
"Q: Le match s'est joué à un point, 21 à 20, mettant fin à la série de 15 victoires des All Blacks.
A:","Le match s'est joué à un point, 21 à 20, mettant fin à la série de 15 victoires des All Blacks.","The final score was a one-point victory, 21 to 20, ending the All Blacks' 15 game winning streak.","The match was played at a point, 21 to 20, with the All Blacks ending the series of 15 victories, with the All Blacks ending the series of 15 victories.",15.17249576563017,40.8128151039014,eng_Latn," The final score was a one-point victory, 21 to 20, ending the All Blacks' 15 game winning streak.",15.17249576563017,40.8128151039014,12.375,12.75,0.09375
"Q: Pour les Springboks, ce fut la fin d'une série de cinq défaites.
A:","Pour les Springboks, ce fut la fin d'une série de cinq défaites.","For the Springboks, it ended a five-match losing streak.","The Springboks were the last of the five teams to lose to them, this was the end of a five-game series.",9.615094003919298,31.59653682441989,eng_Latn," For the Springboks, it ended a five-match losing streak.",9.615094003919298,31.59653682441989,8.4375,9.9375,0.42578125
"Q: C’était le dernier match des All Blacks, qui avaient déjà remporté le trophée il y a deux semaines.
A:","C’était le dernier match des All Blacks, qui avaient déjà remporté le trophée il y a deux semaines.","It was the final match for the All Blacks, who had already won the trophy two weeks ago.","The last match of the All Blacks, which had already won the trophy before, they had already won the trophy before.",31.988034573230674,52.92981618449384,eng_Latn," It was the final match for the All Blacks, who had already won the trophy two weeks ago.",31.988034573230674,52.92981618449384,10.375,10.8125,0.1357421875
"Q: Le dernier match du championnat aura lieu à l’Ellis Park de Johannesburg la semaine prochaine, lorsque les Springboks affronteront l’Australie.
A:","Le dernier match du championnat aura lieu à l’Ellis Park de Johannesburg la semaine prochaine, lorsque les Springboks affronteront l’Australie.","The final match of the series will take place at Ellis Park in Johannesburg next week, when the Springboks play Australia.","The last match of the championship will be held at the Ellis Park of Johannesburg on the 10th of this month, when the Springboks will face Australia on the 10th of this month, when the Springboks will face Australia on the 10th of this month.",11.897183234438035,44.58329440079457,eng_Latn," The final match of the series will take place at Ellis Park in Johannesburg next week, when the Springboks play Australia.",11.897183234438035,44.58329440079457,12.6875,8.25,-0.015625
"Q: Un tremblement de terre modéré a secoué l’ouest du Montana lundi à 22 h 08.
A:",Un tremblement de terre modéré a secoué l’ouest du Montana lundi à 22 h 08.,A moderate earthquake shook western Montana at 10:08 p.m. on Monday.,A moderate tremor has moved over the west of Montana on Monday at 22 h08.,9.25617898868023,37.852102191170644,eng_Latn, A moderate earthquake shook western Montana at 10:08 p.m. on Monday.,9.25617898868023,37.852102191170644,4.28125,6.3125,0.7265625
"Q: L’USGS (United States Geological Survey) et son centre national d’information sur les tremblements de terre n’ont pas reçu de rapports immédiats sur les dommages.
A:",L’USGS (United States Geological Survey) et son centre national d’information sur les tremblements de terre n’ont pas reçu de rapports immédiats sur les dommages.,No immediate reports of damage have been received by the United States Geological Survey (USGS) and its National Earthquake Information Center.,The USGS (United States Geological Survey) and its national information center have not received any reports from the USGS.,13.819497917492665,49.16733422294949,eng_Latn, No immediate reports of damage have been received by the United States Geological Survey (USGS) and its National Earthquake Information Center.,13.819497917492665,49.16733422294949,13.5,11.5,0.2177734375
"Q: L'épicentre du séisme se situait a environ 20 km (15 miles) entre le nord et le nord-est de Dillon, et à environ 65 km (40 miles) au sud de Butte.
A:","L'épicentre du séisme se situait a environ 20 km (15 miles) entre le nord et le nord-est de Dillon, et à environ 65 km (40 miles) au sud de Butte.","The earthquake was centered about 20 km (15 miles) north-northeast of Dillon, and about 65 km (40 miles) south of Butte.","The epicenter of the earthquake was located at about 20 km (15 miles) from Dillon, and at about 65 km (40 miles) from Butte.",43.9705566735751,66.51080520279596,eng_Latn," The earthquake was centered about 20 km (15 miles) north-northeast of Dillon, and about 65 km (40 miles) south of Butte.",43.9705566735751,66.51080520279596,6.375,3.8125,0.63671875
"Q: La souche de la grippe aviaire mortelle pour l'homme, H5N1, a été confirmée comme ayant infecté un canard sauvage mort, trouvé lundi, dans un marais près de Lyon dans l'est de la France.
A:","La souche de la grippe aviaire mortelle pour l'homme, H5N1, a été confirmée comme ayant infecté un canard sauvage mort, trouvé lundi, dans un marais près de Lyon dans l'est de la France.","The strain of bird flu lethal to humans, H5N1, has been confirmed to have infected a dead wild duck, found on Monday, in marshland near Lyon in the east of France.","The bird that was found dead in the avian flu virus that is known to have infected a wild bird, H5N1, has been confirmed to have infected a wild bird, found dead in Lyon in the French countryside.",30.334383175324202,47.24056450240025,eng_Latn," The strain of bird flu lethal to humans, H5N1, has been confirmed to have infected a dead wild duck, found on Monday, in marshland near Lyon in the east of France.",30.334383175324202,47.24056450240025,11.125,11.75,0.041748046875
"Q: La France est le septième pays de l’UE à subir l'impact du virus, faisant suite à l’Autriche, l’Allemagne, la Slovénie, la Bulgarie, la Grèce et l’Italie.
A:","La France est le septième pays de l’UE à subir l'impact du virus, faisant suite à l’Autriche, l’Allemagne, la Slovénie, la Bulgarie, la Grèce et l’Italie.","France is the seventh country in the European Union to suffer this virus; following Austria, Germany, Slovenia, Bulgaria, Greece and Italy.","France is the seventh country to be affected by the virus, followed by Austria, Germany, Slovakia, Bulgaria, Greece and Italy.",49.42654936814538,63.58965454926464,eng_Latn," France is the seventh country in the European Union to suffer this virus; following Austria, Germany, Slovenia, Bulgaria, Greece and Italy.",49.42654936814538,63.58965454926464,3.640625,2.9375,0.6015625
"Q: Les cas suspects de H5N1 en Croatie et au Danemark ne sont pas encore confirmés.
A:",Les cas suspects de H5N1 en Croatie et au Danemark ne sont pas encore confirmés.,Suspected cases of H5N1 in Croatia and Denmark remain unconfirmed.,The cases suspected of H5N1 in Croatia and Denmark are not yet confirmed.,45.78987865106251,66.96439664779302,eng_Latn, Suspected cases of H5N1 in Croatia and Denmark remain unconfirmed.,45.78987865106251,66.96439664779302,1.71875,1.1796875,0.9765625
"Q: Chambers avait poursuivi Dieu en justice pour « mise à mort généralisée, destruction et terreur infligées à des millions et des millions d'habitants de la Terre. »
A:","Chambers avait poursuivi Dieu en justice pour « mise à mort généralisée, destruction et terreur infligées à des millions et des millions d'habitants de la Terre. »","Chambers had sued God for ""widespread death, destruction and terrorization of millions upon millions of the Earth's inhabitants.""","The Chambers had sued God in justice for “massacre, destruction and terror inflicted on millions and millions of people of the Earth. ”",27.783654049065042,54.952693216762206,eng_Latn," Chambers had sued God for ""widespread death, destruction and terrorization of millions upon millions of the Earth's inhabitants.""",27.783654049065042,54.952693216762206,5.40625,5.5,0.796875
"Q: Chambers, un ange, affirme que son procès est « frivole » et que « n'importe qui peut poursuivre n'importe qui ».
A:","Chambers, un ange, affirme que son procès est « frivole » et que « n'importe qui peut poursuivre n'importe qui ».","Chambers, an agnostic, argues that his lawsuit is ""frivolous"" and ""anybody can sue anybody.""","Chambers, a declared that his trial is “frivolous” and that “anyone can pursue him,” and that “anyone can pursue him.”",7.716785044306419,32.262323797863345,eng_Latn," Chambers, an agnostic, argues that his lawsuit is ""frivolous"" and ""anybody can sue anybody.""",7.716785044306419,32.262323797863345,11.4375,13.625,0.02978515625
"Q: L'histoire présentée dans l'opéra français, par Camille Saint-Saens, est celle d'un artiste « dont la vie est dictée par son amour pour la drogue et pour le Japon ».
A:","L'histoire présentée dans l'opéra français, par Camille Saint-Saens, est celle d'un artiste « dont la vie est dictée par son amour pour la drogue et pour le Japon ».","The story presented in the French opera, by Camille Saint-Saens, is of an artist ""whose life is dictated by a love for drugs and Japan.""","The history presented in the French operatic play, by Camille Saint-Saens, is that of a man who is determined to be a “man who is determined to be a man who is determined to be a man who is determined to be a man who is determined to be a man who is determined to be a man who is determined to be a man who is determined to be a man who is determined to be a man who is determined to be a man who is determined to be a man",11.408978179182503,36.295684925543185,eng_Latn," The story presented in the French opera, by Camille Saint-Saens, is of an artist ""whose life is dictated by a love for drugs and Japan.""",11.408978179182503,36.295684925543185,22.625,22.75,-0.04833984375
"Q: En conséquence, les artistes fument des joints de cannabis sur scène, et le théâtre lui-même encourage le public à se joindre à eux.
A:","En conséquence, les artistes fument des joints de cannabis sur scène, et le théâtre lui-même encourage le public à se joindre à eux.","As a result, the performers smoke cannabis joints on stage, and the theatre itself is encouraging the audience to join in.","The artists fume cannabis joints on stage, and the theatre itself encourages the public to join them.",39.96534939223408,55.073096222070504,eng_Latn," As a result, the performers smoke cannabis joints on stage, and the theatre itself is encouraging the audience to join in.",39.96534939223408,55.073096222070504,6.3125,7.25,0.9140625
"Q: Newt Gingrich, l’ancien président de la Chambre des représentants, Rick Perry, le gouverneur du Texas, et la sénatrice Michele Bachmann ont terminé respectivement à la quatrième, cinquième et sixième place.
A:","Newt Gingrich, l’ancien président de la Chambre des représentants, Rick Perry, le gouverneur du Texas, et la sénatrice Michele Bachmann ont terminé respectivement à la quatrième, cinquième et sixième place.","Former House Speaker Newt Gingrich, Texas governor Rick Perry, and Congresswoman Michele Bachmann finished in fourth, fifth, and sixth place, respectively.","Gingrich, former president of the House of Representatives, Rick Perry, the governor of Texas, and the senator Michele Bachmann have finished at the fourth, fifth and sixth place.",25.14742683739799,53.75495752655027,eng_Latn," Former House Speaker Newt Gingrich, Texas governor Rick Perry, and Congresswoman Michele Bachmann finished in fourth, fifth, and sixth place, respectively.",25.14742683739799,53.75495752655027,2.671875,3.890625,0.63671875
"Q: Après publication des résultats, Newt Gingrich a félicité Rick Santorum, mais a eu des mots durs à l'encontre de Mitt Romney, au nom de qui des campagnes publicitaires négatives avaient été diffusées en Iowa contre Newt Gingrich.
A:","Après publication des résultats, Newt Gingrich a félicité Rick Santorum, mais a eu des mots durs à l'encontre de Mitt Romney, au nom de qui des campagnes publicitaires négatives avaient été diffusées en Iowa contre Newt Gingrich.","After the results came in, Gingrich lauded Santorum, but had tough words for Romney, on whose behalf negative campaign advertisements were aired in Iowa against Gingrich.","After publication of the results, Rick Santorum said Mitt Romney, but he had some words to say about Mitt Romney, but he had some words to say about Mitt Romney, in the name of which advertising campaigns were broadcast in Iowa against Mitt Romney, but he had some words to say about Mitt Romney, but he had some words to say about Mitt Romney.",4.272073689473847,36.007439213176376,eng_Latn," After the results came in, Gingrich lauded Santorum, but had tough words for Romney, on whose behalf negative campaign advertisements were aired in Iowa against Gingrich.",4.272073689473847,36.007439213176376,22.625,22.375,-0.0078125
"Q: Perry a déclaré qu'il « retournerait au Texas pour évaluer les résultats du caucus de ce soir, et déterminer s'il y a une voie à suivre pour moi dans cette course », mais il a affirmé plus tard qu'il resterait dans la course et participerait aux primaires du 21 janvier en Caroline du Sud.
A:","Perry a déclaré qu'il « retournerait au Texas pour évaluer les résultats du caucus de ce soir, et déterminer s'il y a une voie à suivre pour moi dans cette course », mais il a affirmé plus tard qu'il resterait dans la course et participerait aux primaires du 21 janvier en Caroline du Sud.","Perry stated that he would ""return to Texas to assess the results of tonight's caucus, determine whether there is a path forward for myself in this race"", but later said that he would remain in the race and compete in the January 21 South Carolina primary.","Perry said he would return to Texas for a caucus this evening, and he would participate in the primary of this evening, and he would participate in the primary of this evening.",5.051496870059138,31.176865380808827,eng_Latn," Perry stated that he would ""return to Texas to assess the results of tonight's caucus, determine whether there is a path forward for myself in this race"", but later said that he would remain in the race and compete in the January 21 South Carolina primary.",5.051496870059138,31.176865380808827,17.25,14.0,-0.03271484375
"Q: Bachmann, qui avait gagné le « vote de paille » d’Âmes en août, décida de mettre un terme à sa campagne.
A:","Bachmann, qui avait gagné le « vote de paille » d’Âmes en août, décida de mettre un terme à sa campagne.","Bachmann, who won the Ames Straw Poll in August, decided to end her campaign.","Bachmann, who had won the “vote of paille” in August, decided to end his campaign.",35.45968452939003,64.89115274774348,eng_Latn," Bachmann, who won the Ames Straw Poll in August, decided to end her campaign.",35.45968452939003,64.89115274774348,8.0,9.5,0.51171875
"Q: Le photographe a été transporté au Ronald Reagan UCLA Medical Center, où il est mort à la suite de ses blessures.
A:","Le photographe a été transporté au Ronald Reagan UCLA Medical Center, où il est mort à la suite de ses blessures.","The photographer was transported to Ronald Reagan UCLA Medical Center, where he subsequently died.","The photographer was transported to the Ronald Reagan UCLA Medical Center, where he was killed in the hospital.",60.54657750562689,77.19112947149621,eng_Latn," The photographer was transported to Ronald Reagan UCLA Medical Center, where he subsequently died.",60.54657750562689,77.19112947149621,5.25,6.84375,0.89453125
"Q: Selon certaines sources, il aurait une vingtaine d'années. Dans une déclaration, Bieber a déclaré : « Bien que je n'aie pas été présent ni directement impliqué dans ce tragique accident, mes pensées et prières vont à la famille de la victime. »
A:","Selon certaines sources, il aurait une vingtaine d'années. Dans une déclaration, Bieber a déclaré : « Bien que je n'aie pas été présent ni directement impliqué dans ce tragique accident, mes pensées et prières vont à la famille de la victime. »","He was reportedly aged in his 20s. In a statement, Bieber said ""[w]hile I was not present nor directly involved with this tragic accident, my thoughts and prayers are with the family of the victim.""","According to some sources, it would be about a decade. In a statement, Bieber said: ""I have not been present or directly involved in this tragic accident, my thoughts and prayers will go to the family of the victim. """,41.16723857366583,61.64942036523231,eng_Latn," He was reportedly aged in his 20s. In a statement, Bieber said ""[w]hile I was not present nor directly involved with this tragic accident, my thoughts and prayers are with the family of the victim.""",41.16723857366583,61.64942036523231,7.8125,11.375,0.74609375
"Q: Le site d’information TMZ affirme que le photographe a arrêté son véhicule de l’autre côté du boulevard Sepulveda et a tenté de prendre des photos de l’arrêt de police avant de traverser la route et de continuer, incitant l’agent de police de la California Highway Patrol à  lui ordonner de repasser, à deux reprises.
A:","Le site d’information TMZ affirme que le photographe a arrêté son véhicule de l’autre côté du boulevard Sepulveda et a tenté de prendre des photos de l’arrêt de police avant de traverser la route et de continuer, incitant l’agent de police de la California Highway Patrol à  lui ordonner de repasser, à deux reprises.","Entertainment news website TMZ understands the photographer stopped his vehicle on the other side of Sepulveda Boulevard and attempted to take pictures of the police stop before crossing the road and continuing, prompting the California Highway Patrol police officer conducting the traffic stop to order him back across, twice.","TMZ says the photographer stopped his vehicle of the other side of the street and tried to take photos of the police before crossing the street and continued, prompting the police officer to order him to pass, twice.",22.98871745583141,50.271321893768196,eng_Latn," Entertainment news website TMZ understands the photographer stopped his vehicle on the other side of Sepulveda Boulevard and attempted to take pictures of the police stop before crossing the road and continuing, prompting the California Highway Patrol police officer conducting the traffic stop to order him back across, twice.",22.98871745583141,50.271321893768196,6.40625,6.9375,0.5078125
"Q: Selon la police, il est peu probable que le conducteur du véhicule ayant heurté le photographe fasse l'objet de poursuites pénales.
A:","Selon la police, il est peu probable que le conducteur du véhicule ayant heurté le photographe fasse l'objet de poursuites pénales.","According to police, the driver of the vehicle that hit the photographer is unlikely to face criminal charges.",The police believe that the driver of the vehicle that hit the photographer was not likely to be prosecuted for a crime.,36.760411441989504,57.47940295425968,eng_Latn," According to police, the driver of the vehicle that hit the photographer is unlikely to face criminal charges.",36.760411441989504,57.47940295425968,2.828125,3.640625,0.91796875
"Q: Avec seulement dix-huit médailles disponibles par jour, un certain nombre de pays n'ont pas réussi à monter sur le podium des médaillés.
A:","Avec seulement dix-huit médailles disponibles par jour, un certain nombre de pays n'ont pas réussi à monter sur le podium des médaillés.","With only eighteen medals available a day, a number of countries have failed to make the medal podium.","With only 14 medals available per day, a certain number of countries have not made it to the podium of medals.",20.32238838275298,57.76764556088692,eng_Latn," With only eighteen medals available a day, a number of countries have failed to make the medal podium.",20.32238838275298,57.76764556088692,6.6875,9.375,0.70703125
"Q: Ils incluent les Pays-Bas, avec Anna Jochemsen qui a terminé neuvième dans la catégorie féminine au Super-G hier, et la Finlande, avec Katja Saarinen qui a terminé dixième dans la même épreuve.
A:","Ils incluent les Pays-Bas, avec Anna Jochemsen qui a terminé neuvième dans la catégorie féminine au Super-G hier, et la Finlande, avec Katja Saarinen qui a terminé dixième dans la même épreuve.","They include the Netherlands, with Anna Jochemsen finishing ninth in the women's standing class in the Super-G yesterday, and Finland with Katja Saarinen finishing tenth in the same event.","They include the Netherlands, with Anna Jochemsen who finished second in the Super-G yesterday, and Finland, with Katja Saarinen who finished second in the same race yesterday.",49.52782117494135,64.98874085150447,eng_Latn," They include the Netherlands, with Anna Jochemsen finishing ninth in the women's standing class in the Super-G yesterday, and Finland with Katja Saarinen finishing tenth in the same event.",49.52782117494135,64.98874085150447,12.5,11.6875,0.5390625
"Q: L’Australien Mitchell Gourley est arrivé 11e du Super-G debout homme. Le Tchèque Oldrich Jelinek s'est classé 16e au Super-G assis homme.
A:",L’Australien Mitchell Gourley est arrivé 11e du Super-G debout homme. Le Tchèque Oldrich Jelinek s'est classé 16e au Super-G assis homme.,Australia's Mitchell Gourley finished eleventh in the men's standing Super-G. Czech competitor Oldrich Jelinek finished sixteenth in the men's sitting Super-G.,The Australian Mitchell Gourley has arrived 11th in the Super-G standing man. The Czech Oldrich Jelinek has arrived 16th in the Super-G standing man.,20.76328204127772,44.441757312979256,eng_Latn, Australia's Mitchell Gourley finished eleventh in the men's standing Super-G. Czech competitor Oldrich Jelinek finished sixteenth in the men's sitting Super-G.,20.76328204127772,44.441757312979256,4.84375,8.0625,0.75390625
"Q: Le Mexicain Arly Velasquez a terminé quinzième au Super-G masculin assis. Le Néo-Zélandais Adam Hall a terminé à la neuvième place du Super-G masculin debout.
A:",Le Mexicain Arly Velasquez a terminé quinzième au Super-G masculin assis. Le Néo-Zélandais Adam Hall a terminé à la neuvième place du Super-G masculin debout.,Arly Velasquez of Mexico finished fifteenth in the men's sitting Super-G. New Zealand's Adam Hall finished ninth in the men's standing Super-G.,The Mexican American Arly Velasquez finished second in the Super-G male position. The Mexican American Adam Hall finished second in the Super-G male position.,18.659166679283686,43.522109851540854,eng_Latn, Arly Velasquez of Mexico finished fifteenth in the men's sitting Super-G. New Zealand's Adam Hall finished ninth in the men's standing Super-G.,18.659166679283686,43.522109851540854,19.0,19.625,0.138671875
"Q: Le skieur polonais malvoyant Maciej Krezel et sa guide Anna Ogarzynska ont terminé à la treizième place du Super-G. Le sud coréen Jong Seork Park a terminé à la vingt-quatrième place du Super-G assis masculin.
A:",Le skieur polonais malvoyant Maciej Krezel et sa guide Anna Ogarzynska ont terminé à la treizième place du Super-G. Le sud coréen Jong Seork Park a terminé à la vingt-quatrième place du Super-G assis masculin.,Poland's men's visually impaired skier Maciej Krezel and guide Anna Ogarzynska finished thirteenth in the Super-G. South Korea's Jong Seork Park finished twenty-fourth in the men's sitting Super-G.,The Polish skier Malvoyant Maciej Krezel and his guide Anna Ogarzynska have finished in the top ten of the Super-G. The Korean skier Jong Seork Park has finished in the top ten of the Super-G.,31.613458267069745,50.70991855857865,eng_Latn, Poland's men's visually impaired skier Maciej Krezel and guide Anna Ogarzynska finished thirteenth in the Super-G. South Korea's Jong Seork Park finished twenty-fourth in the men's sitting Super-G.,31.613458267069745,50.70991855857865,11.9375,13.0,0.6875
"Q: Les soldats de la paix de l'ONU, qui sont arrivés en Haïti après le tremblement de terre de 2010, sont accusés de la propagation de la maladie qui a commencé près du campement de la troupe.
A:","Les soldats de la paix de l'ONU, qui sont arrivés en Haïti après le tremblement de terre de 2010, sont accusés de la propagation de la maladie qui a commencé près du campement de la troupe.","UN peacekeepers, whom arrived in Haiti after the 2010 earthquake, are being blamed for the spread of the disease which started near the troop's encampment.","The soldiers of the peace mission who arrived in Haiti after the earthquake of 2010, are accused of spreading the disease that began near the camp of the peace mission, which is accused of spreading the disease that began near the camp of the peace mission, which is accused of spreading the disease that began near the camp of the peace mission, which is accused of spreading the disease that began near the camp of the peace mission, which is accused of spreading the disease that began near the camp of",5.634113296924293,34.783791133491775,eng_Latn," UN peacekeepers, whom arrived in Haiti after the 2010 earthquake, are being blamed for the spread of the disease which started near the troop's encampment.",5.634113296924293,34.783791133491775,23.375,23.0,-0.0361328125
"Q: Selon le procès, les déchets du camp de l'ONU n'ont pas été bien assainis, provoquant l'entrée de bactéries dans l'affluent du fleuve Artibonite, l'un des plus grands fleuves d'Haïti.
A:","Selon le procès, les déchets du camp de l'ONU n'ont pas été bien assainis, provoquant l'entrée de bactéries dans l'affluent du fleuve Artibonite, l'un des plus grands fleuves d'Haïti.","According to the lawsuit, waste from the UN camp was not properly sanitized, causing bacteria to enter the tributary of the Artibonite River, one of Haiti's largest.","According to the trial, the waste from the camp of the UN did not properly clean up, causing the bacteria to enter the river, the one of the largest river in Haiti.",16.662716815193363,55.778678781247685,eng_Latn," According to the lawsuit, waste from the UN camp was not properly sanitized, causing bacteria to enter the tributary of the Artibonite River, one of Haiti's largest.",16.662716815193363,55.778678781247685,7.6875,8.0,0.6171875
"Q: Avant l'arrivée des troupes, Haïti n'avait pas rencontré de problèmes liés à la maladie depuis les années 1800.
A:","Avant l'arrivée des troupes, Haïti n'avait pas rencontré de problèmes liés à la maladie depuis les années 1800.","Prior to the arrival of troops, Haiti had not encountered problems related to the disease since the 1800s.",The arrival of the troops was not a problem for Haïti until the early 1800s.,11.562428623710744,32.361494632017305,eng_Latn," Prior to the arrival of troops, Haiti had not encountered problems related to the disease since the 1800s.",11.562428623710744,32.361494632017305,15.125,16.375,0.052978515625
"Q: L'Institut haïtien pour la justice et la démocratie a fait référence à des études indépendantes qui suggèrent que le bataillon népalais de maintien de la paix de l'ONU a involontairement apporté la maladie à Haïti.
A:",L'Institut haïtien pour la justice et la démocratie a fait référence à des études indépendantes qui suggèrent que le bataillon népalais de maintien de la paix de l'ONU a involontairement apporté la maladie à Haïti.,The Haitian Institute for Justice and Democracy has referenced independent studies that suggest the Nepalese UN peacekeeping battalion unknowingly brought the disease to Haiti.,The Institute for Haiti's Justice and Democracy has referred to studies that have been independently conducted that suggest that the Haitian National Guard's 1989-1989 peacekeeping mission inadvertently contributed to the illness to Haiti.,17.469615227171992,55.00039404914836,eng_Latn, The Haitian Institute for Justice and Democracy has referenced independent studies that suggest the Nepalese UN peacekeeping battalion unknowingly brought the disease to Haiti.,17.469615227171992,55.00039404914836,10.125,9.5625,0.412109375
"Q: Danielle Lantagne, experte de l'ONU sur la maladie, a déclaré que l'épidémie avait probablement été causée par les Casques bleus.
A:","Danielle Lantagne, experte de l'ONU sur la maladie, a déclaré que l'épidémie avait probablement été causée par les Casques bleus.","Danielle Lantagne, a UN expert on the disease, stated the outbreak was likely caused by the peacekeepers.","Danielle Lantagne, a expert on the disease, has said that the epidemic probably was caused by the Casque bleus.",39.25121365052661,55.86916503214658,eng_Latn," Danielle Lantagne, a UN expert on the disease, stated the outbreak was likely caused by the peacekeepers.",39.25121365052661,55.86916503214658,7.375,7.96875,0.228515625
"Q: Hamilton a confirmé que l’hôpital universitaire d’Howard a admis le patient dans un état stable.
A:",Hamilton a confirmé que l’hôpital universitaire d’Howard a admis le patient dans un état stable.,Hamilton confirmed Howard University Hospital admitted the patient in stable condition.,Hamilton confirmed that the Howard University Hospital admitted the patient into a stable condition.,49.35578819979932,87.62206724181787,eng_Latn, Hamilton confirmed Howard University Hospital admitted the patient in stable condition.,49.35578819979932,87.62206724181787,3.4375,2.734375,0.953125
"Q: Le patient s'était rendu au Nigeria, où certains cas de virus Ebola se sont produits.
A:","Le patient s'était rendu au Nigeria, où certains cas de virus Ebola se sont produits.","The patient had been to Nigeria, where some cases of the Ebola virus have occurred.","The patient was in Nigeria, where some cases of Ebola have occurred.",44.30006936196753,65.35459443691745,eng_Latn," The patient had been to Nigeria, where some cases of the Ebola virus have occurred.",44.30006936196753,65.35459443691745,3.328125,4.53125,0.9375
"Q: L'hôpital a respecté le protocole pour la prévention des infections, notamment l'isolement du patient afin d'éviter une possible infection d'autres patients.
A:","L'hôpital a respecté le protocole pour la prévention des infections, notamment l'isolement du patient afin d'éviter une possible infection d'autres patients.","The hospital has followed protocol for infection control, including separating the patient from others to prevent possible infection of others.","The hospital has respected the protocol for the prevention of infections, including isolation of the patient to avoid possible infection, including the isolation of the patient to avoid possible infection.",8.873751188169448,52.89486123789593,eng_Latn," The hospital has followed protocol for infection control, including separating the patient from others to prevent possible infection of others.",8.873751188169448,52.89486123789593,9.3125,7.8125,0.12353515625
"Q: Avant les Simpsons, Simon avait travaillé sur plusieurs séries, occupant divers postes.
A:","Avant les Simpsons, Simon avait travaillé sur plusieurs séries, occupant divers postes.",Before The Simpsons Simon had worked on several shows in various positions.,"Simon had worked on several series, Simon was working on several series, occupying various positions.",25.34743707366162,58.45259959126688,eng_Latn, Before The Simpsons Simon had worked on several shows in various positions.,25.34743707366162,58.45259959126688,14.875,13.75,0.045654296875
"Q: Pendant les années 1980, il a travaillé sur des spectacles tels que Taxi, Cheers et The Tracy Ullman Show.
A:","Pendant les années 1980, il a travaillé sur des spectacles tels que Taxi, Cheers et The Tracy Ullman Show.","During the 1980s he worked on shows such as Taxi, Cheers, and The Tracy Ullman Show.","The 1980s, he worked on a number of shows such as Taxi, Cheers and The Tracy Ullman Show.",58.798374010174506,76.86139227493317,eng_Latn," During the 1980s he worked on shows such as Taxi, Cheers, and The Tracy Ullman Show.",58.798374010174506,76.86139227493317,3.84375,3.609375,0.9375
"Q: En 1989, il a participé à la création des Simpsons avec Brooks et Groening et a été responsable de l'embauche de la première équipe de scénaristes de la série.
A:","En 1989, il a participé à la création des Simpsons avec Brooks et Groening et a été responsable de l'embauche de la première équipe de scénaristes de la série.","In 1989 he helped create The Simpsons with Brooks and Groening, and was responsible for hiring the show's first writing team.","In 1989, he participated in the creation of the Simpsons with Brooks and Groening and was responsible for hiring the first team of writers of the series.",36.91641264523682,64.44774737955132,eng_Latn," In 1989 he helped create The Simpsons with Brooks and Groening, and was responsible for hiring the show's first writing team.",36.91641264523682,64.44774737955132,0.73828125,0.75,0.984375
"Q: Malgré son départ de l'émission en 1993, il a conservé le titre de producteur exécutif et a continué à recevoir des dizaines de millions de dollars chaque saison en redevances.
A:","Malgré son départ de l'émission en 1993, il a conservé le titre de producteur exécutif et a continué à recevoir des dizaines de millions de dollars chaque saison en redevances.","Despite leaving the show in 1993 he kept the title of executive producer, and continued to receive tens of millions of dollars every season in royalties.","Despite his departure from the show in 1993, he continued to receive millions of dollars each season in re-payments.",12.27473171935532,48.00000514659188,eng_Latn," Despite leaving the show in 1993 he kept the title of executive producer, and continued to receive tens of millions of dollars every season in royalties.",12.27473171935532,48.00000514659188,7.9375,7.6875,0.55859375
"Q: L’agence de presse chinoise Xinhua a annoncé précédemment la nouvelle du détournement d'un avion.
A:",L’agence de presse chinoise Xinhua a annoncé précédemment la nouvelle du détournement d'un avion.,Earlier the Chinese news agency Xinhua reported a plane to be hijacked.,The Chinese media reported that the new plane has been found.,3.628512053745174,33.151642335396794,eng_Latn, Earlier the Chinese news agency Xinhua reported a plane to be hijacked.,3.628512053745174,33.151642335396794,14.125,14.9375,0.000274658203125
"Q: Des rapports ultérieurs ont ensuite révélé que l’appareil avait fait l'objet d'une menace d’attaque à la bombe et été redirigé vers l’Afghanistan pour atterrir à Kandahar.
A:",Des rapports ultérieurs ont ensuite révélé que l’appareil avait fait l'objet d'une menace d’attaque à la bombe et été redirigé vers l’Afghanistan pour atterrir à Kandahar.,"Later reports then stated the plane received a bomb threat and was diverted back to Afghanistan, landing in Kandahar.",The reports that the device were subsequently revealed that the device had been used to target the bomb and had been redirected to Kandahar.,5.905575616757554,27.544488376265996,eng_Latn," Later reports then stated the plane received a bomb threat and was diverted back to Afghanistan, landing in Kandahar.",5.905575616757554,27.544488376265996,12.3125,12.625,0.265625
"Q: Les premiers rapports indiquent que l’avion a été détourné vers l’Afghanistan après s’être vu refuser un atterrissage d’urgence à Ürümqi.
A:",Les premiers rapports indiquent que l’avion a été détourné vers l’Afghanistan après s’être vu refuser un atterrissage d’urgence à Ürümqi.,The early reports say the plane was diverted back to Afghanistan after being denied an emergency landing in Ürümqi.,The first reports indicate that the plane was diverted to Afghanistan after it was rejected by the United States after it was refused a landing in Ürümqi.,34.24885275916588,54.78494047060825,eng_Latn, The early reports say the plane was diverted back to Afghanistan after being denied an emergency landing in Ürümqi.,34.24885275916588,54.78494047060825,9.5625,8.6875,0.126953125
"Q: Les accidents aériens sont fréquents en Iran, qui dispose d'une flotte vieillissante et mal entretenue autant pour les vols civils que militaires.
A:","Les accidents aériens sont fréquents en Iran, qui dispose d'une flotte vieillissante et mal entretenue autant pour les vols civils que militaires.","Air accidents are common in Iran, which has an aging fleet that is poorly maintained both for civil and military operations.","Iran has been known to have frequent accidents on the air, which is a common occurrence in Iran, which has a long-standing fleet and is aging and neglected, and the air is known to have frequent accidents on the air, which is a common occurrence in Iran, which has a long-standing fleet and is aging and neglected, and the air is known to have frequent accidents on the air, which is a common occurrence in Iran, which has a long-standing fleet and is aging and neglected",4.1209318767945256,26.01979358015693,eng_Latn," Air accidents are common in Iran, which has an aging fleet that is poorly maintained both for civil and military operations.",4.1209318767945256,26.01979358015693,25.0,25.0,-0.01025390625
"Q: En raison des sanctions internationales, il n'est pas possible d'acheter de nouveaux avions.
A:","En raison des sanctions internationales, il n'est pas possible d'acheter de nouveaux avions.",International sanctions have meant that new aircraft cannot be purchased.,The sanctions on international flights are not possible.,6.9161417925511355,27.079774048901605,eng_Latn, International sanctions have meant that new aircraft cannot be purchased.,6.9161417925511355,27.079774048901605,16.75,14.5625,0.004638671875
"Q: Au début de cette semaine, l'accident d'un hélicoptère de la police a tué trois personnes et en a blessé trois autres.
A:","Au début de cette semaine, l'accident d'un hélicoptère de la police a tué trois personnes et en a blessé trois autres.","Earlier this week, a police helicopter crash killed three people and wounded three more.",The accident of a police helicopter killed three people and injured three others.,26.83804644556116,53.6879008334788,eng_Latn," Earlier this week, a police helicopter crash killed three people and wounded three more.",26.83804644556116,53.6879008334788,4.1875,4.46875,0.6796875
"Q: Le mois dernier, l'Iran a connu sa pire catastrophe aérienne depuis des années lorsqu'un avion de ligne se dirigeant vers l'Arménie s'est écrasé, tuant les 168 personnes à bord.
A:","Le mois dernier, l'Iran a connu sa pire catastrophe aérienne depuis des années lorsqu'un avion de ligne se dirigeant vers l'Arménie s'est écrasé, tuant les 168 personnes à bord.","Last month Iran saw its worst air disaster in years when an airliner heading to Armenia crashed, killing the 168 on board.",The Iranian regime has been hit by a terrible air disaster since the beginning of the year when a plane heading to Iran was hit by a terrible air disaster.,6.058940427955914,30.27039286263597,eng_Latn," Last month Iran saw its worst air disaster in years when an airliner heading to Armenia crashed, killing the 168 on board.",6.058940427955914,30.27039286263597,14.25,13.125,-0.01092529296875
"Q: Le même mois, un autre avion de ligne a fait une sortie de piste à Mashhad et a heurté un mur, tuant ainsi dix-sept personnes.
A:","Le même mois, un autre avion de ligne a fait une sortie de piste à Mashhad et a heurté un mur, tuant ainsi dix-sept personnes.","The same month saw another airliner overrun a runway at Mashhad and strike a wall, killing seventeen.","The same month, another flight from Mashhad crashed and killed ten people.",7.554785509189311,31.410821402779966,eng_Latn," The same month saw another airliner overrun a runway at Mashhad and strike a wall, killing seventeen.",7.554785509189311,31.410821402779966,13.375,13.9375,0.53515625
"Q: Le groupe Aerosmith a annulé les derniers concerts de sa tournée.
A:",Le groupe Aerosmith a annulé les derniers concerts de sa tournée.,Aerosmith have cancelled their remaining concerts on their tour.,Aerosmith has canceled their last concert.,16.81150862430929,37.834455358321144,eng_Latn, Aerosmith have cancelled their remaining concerts on their tour.,16.81150862430929,37.834455358321144,4.53125,7.875,0.49609375
"Q: Le groupe de rock devait faire une tournée aux États-Unis et au Canada jusqu'au 16 septembre.
A:",Le groupe de rock devait faire une tournée aux États-Unis et au Canada jusqu'au 16 septembre.,The rock band was due to tour the United States and Canada until September 16.,The rock group was supposed to make a tour in the United States and Canada until the 16 September.,29.359738279508402,63.76095194319815,eng_Latn, The rock band was due to tour the United States and Canada until September 16.,29.359738279508402,63.76095194319815,3.734375,4.5,1.0078125
"Q: Ils ont annulé la tournée après que le chanteur Steven Tyler se soit blessé en tombant de scène lors d'un concert le 5 août dernier.
A:",Ils ont annulé la tournée après que le chanteur Steven Tyler se soit blessé en tombant de scène lors d'un concert le 5 août dernier.,They have cancelled the tour after lead singer Steven Tyler was injured after he fell off stage while performing on August 5.,The band has canceled their tour after Tyler had to be injured in the concert on 5 August.,4.8438253172160035,29.811246018336224,eng_Latn, They have cancelled the tour after lead singer Steven Tyler was injured after he fell off stage while performing on August 5.,4.8438253172160035,29.811246018336224,5.65625,5.78125,0.57421875
"Q: Murray a perdu le premier set au tie break après que les deux hommes ont gardé leur service pendant tout le set.
A:",Murray a perdu le premier set au tie break après que les deux hommes ont gardé leur service pendant tout le set.,Murray lost the first set in a tie break after both men held each and every serve in the set.,Murray lost the first set in the tie break after he lost the first set in the tie break after he lost the first set in the tie break after he lost the first set in the tie break after he lost the first set in the tie break after he lost the first set in the tie break after he lost the first set in the tie break after he lost the first set in the tie break after he lost the first set in the tie break after he lost the first set in the tie break after,6.254352746622223,30.01251279899021,eng_Latn, Murray lost the first set in a tie break after both men held each and every serve in the set.,6.254352746622223,30.01251279899021,17.5,21.875,-0.0205078125
"Q: Malgré le net avantage de Del Potro pendant le deuxième set, il a fallu passer par un tie-break une fois que le score a atteint 6-6.
A:","Malgré le net avantage de Del Potro pendant le deuxième set, il a fallu passer par un tie-break une fois que le score a atteint 6-6.","Del Potro had the early advantage in the second set, but this too required a tie break after reaching 6-6.","Despite the net advantage of Del Potro during the second set, he had to pass through a tie-break once he scored 6-6.",15.070010234605377,41.94536670143592,eng_Latn," Del Potro had the early advantage in the second set, but this too required a tie break after reaching 6-6.",15.070010234605377,41.94536670143592,4.625,4.90625,0.9375
"Q: Potro a reçu à ce moment des soins pour son épaule, mais a réussi à reprendre le match.
A:","Potro a reçu à ce moment des soins pour son épaule, mais a réussi à reprendre le match.",Potro received treatment to his shoulder at this point but managed to return to the game.,"He received a treatment for his shoulder, but he managed to return to the match.",28.15107491974925,55.75673219402646,eng_Latn, Potro received treatment to his shoulder at this point but managed to return to the game.,28.15107491974925,55.75673219402646,5.28125,4.96875,0.76953125
"Q: Le programme a démarré à 20 h 30, heure locale (15 h 00 UTC).
A:","Le programme a démarré à 20 h 30, heure locale (15 h 00 UTC).",The program started at 8:30 p.m. local time (15.00 UTC).,"The programme began at 20:30, local time (15:00 UTC).",6.988157272632075,49.54545740906677,eng_Latn, The program started at 8:30 p.m. local time (15.00 UTC).,6.988157272632075,49.54545740906677,0.984375,1.984375,0.9296875
"Q: Des chanteurs célèbres dans tout le pays ont présenté des bhajans, ou chants de dévotion, aux pieds de Shri Shyam.
A:","Des chanteurs célèbres dans tout le pays ont présenté des bhajans, ou chants de dévotion, aux pieds de Shri Shyam.","Famous singers across the country presented bhajans, or devotional songs, to Shri Shyam's feet.","The famous singers in all the countries have performed bhajans, or chants of devotion, to the feet of Shri Shyam.",24.304428332641095,49.09069475173947,eng_Latn," Famous singers across the country presented bhajans, or devotional songs, to Shri Shyam's feet.",24.304428332641095,49.09069475173947,3.34375,3.96875,0.87109375
"Q: La chanteuse Sanju Sharma a commencé la soirée, suivie par Jai Shankar Choudhary. Lakkha Singh a également présenté le bhajan de Chhappan Bhog. Le chanteur Raju Khandelwal l’accompagnait.
A:","La chanteuse Sanju Sharma a commencé la soirée, suivie par Jai Shankar Choudhary. Lakkha Singh a également présenté le bhajan de Chhappan Bhog. Le chanteur Raju Khandelwal l’accompagnait.","Singer Sanju Sharma started the evening, followed by Jai Shankar Choudhary. esented the chhappan bhog bhajan as well. Singer, Raju Khandelwal was accompanying him.","The singer Sanju Sharma started the evening, followed by Jai Shankar Choudhary. Raju Khandelwal also accompanied the singer. The singer Raju Khandelwal accompanied the singer. The singer Raju Khandelwal accompanied the singer. The singer Raju Khandelwal accompanied the singer. The singer Raju Khandelwal accompanied the singer. The singer Raju Khandelwal accompanied the singer. The singer Raju Khandelwal accompanied the singer. The singer Raju Khandelwal accompanied the singer. The singer Raju Khandel",13.877382651130617,44.500685547206835,eng_Latn," Singer Sanju Sharma started the evening, followed by Jai Shankar Choudhary. esented the chhappan bhog bhajan as well. Singer, Raju Khandelwal was accompanying him.",13.877382651130617,44.500685547206835,15.3125,21.875,-0.028076171875
"Q: Ensuite, Lakkha Singh a pris l'initiative de chanter les bhajans.
A:","Ensuite, Lakkha Singh a pris l'initiative de chanter les bhajans.","Then, Lakkha Singh took the lead in singing the bhajans.","The first time I sang the bhajans, Lakkha Singh was the initiative of Chanting the bhajans.",26.512298021756184,48.12146354731322,eng_Latn," Then, Lakkha Singh took the lead in singing the bhajans.",26.512298021756184,48.12146354731322,14.875,14.5625,0.140625
"Q: 108 assiettes de Chhappan Bhog (dans l'hindouisme, 56 aliments comestibles différents, comme des sucreries, des fruits, des noix, des plats etc. qui sont offerts à la divinité) ont été servis à Baba Shyam.
A:","108 assiettes de Chhappan Bhog (dans l'hindouisme, 56 aliments comestibles différents, comme des sucreries, des fruits, des noix, des plats etc. qui sont offerts à la divinité) ont été servis à Baba Shyam.","108 plates of Chhappan Bhog (in Hinduism, 56 different edible items, like, sweets, fruits, nuts, dishes etc. which are offered to deity) were served to Baba Shyam.","108 assiettes of Chhappan Bhog (dans the hindus, 56 foods are offered to Baba Shyam.",19.44141883038673,34.505734883775695,eng_Latn," 108 plates of Chhappan Bhog (in Hinduism, 56 different edible items, like, sweets, fruits, nuts, dishes etc. which are offered to deity) were served to Baba Shyam.",19.44141883038673,34.505734883775695,17.125,16.25,0.5
"Q: Quant à Lakkha Singh, il a lui aussi présenté le chhappan bhog bhajan, tout en étant accompagné du chanteur Raju Khandelwal.
A:","Quant à Lakkha Singh, il a lui aussi présenté le chhappan bhog bhajan, tout en étant accompagné du chanteur Raju Khandelwal.","Lakkha Singh presented the chhappan bhog bhajan as well. Singer, Raju Khandelwal was accompanying him.","The Chhappan Bhog Bhajan, by Lakkha Singh, also presented the chhappan bhog, all in addition to being accompanied by Raju Khandelwal.",28.485438630755105,54.25901418697219,eng_Latn," Lakkha Singh presented the chhappan bhog bhajan as well. Singer, Raju Khandelwal was accompanying him.",28.485438630755105,54.25901418697219,9.75,9.0625,0.2255859375
"Q: Jeudi, lors de la présentation principale du Tokyo Game Show, le président de Nintendo, Satoru Iwata, a dévoilé le design de la manette de la nouvelle console Nintendo Revolution de la société.
A:","Jeudi, lors de la présentation principale du Tokyo Game Show, le président de Nintendo, Satoru Iwata, a dévoilé le design de la manette de la nouvelle console Nintendo Revolution de la société.","At Thursday's keynote presentation of the Tokyo Game Show, Nintendo president Satoru Iwata unveiled the controller design for the company's new Nintendo Revolution console.","On revealed the design of the Nintendo Revolution console at the presentation of the Tokyo Game Show, Satoru Iwata, revealed the design of the new Nintendo Revolution console.",37.693468470372395,57.64505800369209,eng_Latn," At Thursday's keynote presentation of the Tokyo Game Show, Nintendo president Satoru Iwata unveiled the controller design for the company's new Nintendo Revolution console.",37.693468470372395,57.64505800369209,9.4375,8.8125,-0.0064697265625
"Q: Identique à une télécommande de télévision, la commande utilise deux capteurs placés près du téléviseur de l'utilisateur pour trianguler sa position dans l'espace tridimensionnel.
A:","Identique à une télécommande de télévision, la commande utilise deux capteurs placés près du téléviseur de l'utilisateur pour trianguler sa position dans l'espace tridimensionnel.","Resembling a television remote, the controller uses two sensors placed near the user's television to triangulate its position in three-dimensional space.","The control uses two sensors placed near the TV remote, which triangulates your position in the three-dimensional space.",37.204806025380655,58.28249171700078,eng_Latn," Resembling a television remote, the controller uses two sensors placed near the user's television to triangulate its position in three-dimensional space.",37.204806025380655,58.28249171700078,4.59375,4.875,0.59375
"Q: Cela permettra aux joueurs de contrôler les actions et les mouvements dans les jeux vidéo en déplaçant l’appareil dans l’air.
A:",Cela permettra aux joueurs de contrôler les actions et les mouvements dans les jeux vidéo en déplaçant l’appareil dans l’air.,This will allow players to control actions and movements in video games by moving the device through the air.,This will allow players to control the actions and movements in video games by moving the device in the air.,73.89984311706958,87.66830182663713,eng_Latn, This will allow players to control actions and movements in video games by moving the device through the air.,73.89984311706958,87.66830182663713,1.2421875,0.92578125,1.015625
"Q: Giancarlo Fisichella a perdu le contrôle de sa voiture et a terminé la course peu après le démarrage.
A:",Giancarlo Fisichella a perdu le contrôle de sa voiture et a terminé la course peu après le démarrage.,Giancarlo Fisichella lost control of his car and ended the race very soon after the start.,Giancarlo Fisichella has lost control of his car and has finished the race less than a minute after the start.,51.41842557174699,71.60917304234337,eng_Latn, Giancarlo Fisichella lost control of his car and ended the race very soon after the start.,51.41842557174699,71.60917304234337,4.875,4.71875,0.93359375
"Q: Son coéquipier Fernando Alonso a dominé pendant toute la course, mais son arrêt au stand a mis fin à cette domination, sans doute en raison d'une roue avant droite mal fixée.
A:","Son coéquipier Fernando Alonso a dominé pendant toute la course, mais son arrêt au stand a mis fin à cette domination, sans doute en raison d'une roue avant droite mal fixée.","His teammate Fernando Alonso was in the lead for most of the race, but ended it right after his pit-stop, probably because a badly tucked right front wheel.","Fernando Alonso was the star of the race throughout the race, but his stop at the finish was due to his lack of control, perhaps due to a wheel being mis-set.",12.286297838660657,35.0956698744231,eng_Latn," His teammate Fernando Alonso was in the lead for most of the race, but ended it right after his pit-stop, probably because a badly tucked right front wheel.",12.286297838660657,35.0956698744231,9.375,9.375,0.388671875
"Q: Michael Schumacher a terminé sa course peu de temps après Alonso, en raison des dommages subis au niveau des suspensions tout au long de la course.
A:","Michael Schumacher a terminé sa course peu de temps après Alonso, en raison des dommages subis au niveau des suspensions tout au long de la course.","Michael Schumacher ended his race not long after Alonso, because of the suspension damage in the numerous battles during the race.","Michael Schumacher finished his race a few days after Alonso, due to the damage he suffered at the end of the race, due to the damage he suffered at the end of the race.",12.40745211972404,44.80950764941712,eng_Latn," Michael Schumacher ended his race not long after Alonso, because of the suspension damage in the numerous battles during the race.",12.40745211972404,44.80950764941712,13.625,12.5625,0.01806640625
"Q: « Elle est très jolie, et elle chante très bien aussi », a-t-il déclaré selon une transcription de la conférence de presse.
A:","« Elle est très jolie, et elle chante très bien aussi », a-t-il déclaré selon une transcription de la conférence de presse.","""She’s very cute and sings quite well, too,"" he said according to a transcript of the news conference.","She is very pretty, and she sings very well too.",2.9762467171551736,16.953377092102556,eng_Latn," ""She’s very cute and sings quite well, too,"" he said according to a transcript of the news conference.",2.9762467171551736,16.953377092102556,7.78125,7.625,-0.00732421875
"Q: « J’ai été ému à chaque fois que nous avons fait une répétition sur ce sujet, du fond du cœur. »
A:","« J’ai été ému à chaque fois que nous avons fait une répétition sur ce sujet, du fond du cœur. »","""I was moved every time we did a rehearsal on this, from the bottom of my heart.""","« I was so overwhelmed with the repetition that I was so angry every time we did a repetition on this topic, from the heart. »",16.040877109820237,47.35651452929868,eng_Latn," ""I was moved every time we did a rehearsal on this, from the bottom of my heart.""",16.040877109820237,47.35651452929868,16.625,17.875,0.1083984375
"Q: Environ trois minutes après le lancement, une caméra embarquée montrait de nombreux morceaux de mousse isolante en train de se détacher du réservoir de carburant.
A:","Environ trois minutes après le lancement, une caméra embarquée montrait de nombreux morceaux de mousse isolante en train de se détacher du réservoir de carburant.","Around 3 minutes into the launch, an on-board camera showed numerous pieces of insulation foam break away from the fuel tank.","The first time the camera was launched, a camera was equipped with a large number of insulation pieces that were detached from the tank.",7.60493327903722,33.95008992398031,eng_Latn," Around 3 minutes into the launch, an on-board camera showed numerous pieces of insulation foam break away from the fuel tank.",7.60493327903722,33.95008992398031,13.75,14.625,0.032958984375
"Q: On ne pense cependant pas qu'ils aient causé le moindre dégât à la navette.
A:",On ne pense cependant pas qu'ils aient causé le moindre dégât à la navette.,"However, they are not thought to have caused any damage to the shuttle.",I do not think they have caused the slightest damage to the train.,12.94214832447352,41.25853003157898,eng_Latn," However, they are not thought to have caused any damage to the shuttle.",12.94214832447352,41.25853003157898,6.8125,14.125,0.03271484375
"Q: Le chef du programme de la navette de la NASA, N. Wayne Hale Jr., a dit que la mousse était tombée « après le temps qui nous préoccupe ».
A:","Le chef du programme de la navette de la NASA, N. Wayne Hale Jr., a dit que la mousse était tombée « après le temps qui nous préoccupe ».","NASA's shuttle program chief N. Wayne Hale Jr. said the foam had fallen ""after the time we are concerned about.""","The chef of the NASA’s program of the shuttle, N. Wayne Hale Jr., said that the mousse had fallen after the time we’re thinking about.",18.164305788156724,51.529534581637236,eng_Latn," NASA's shuttle program chief N. Wayne Hale Jr. said the foam had fallen ""after the time we are concerned about.""",18.164305788156724,51.529534581637236,6.59375,7.875,0.79296875
"Q: Cinq minutes après le début de l'exposition, un vent se met à souffler pour atteindre, environ une minute plus tard, la vitesse de 70km/h... puis la pluie arrive, mais si forte et si grosse qu'elle frappe votre peau comme une aiguille, puis la grêle tombe du ciel, les gens paniquent, crient et se roulent dessus.
A:","Cinq minutes après le début de l'exposition, un vent se met à souffler pour atteindre, environ une minute plus tard, la vitesse de 70km/h... puis la pluie arrive, mais si forte et si grosse qu'elle frappe votre peau comme une aiguille, puis la grêle tombe du ciel, les gens paniquent, crient et se roulent dessus.","Five minutes into the display a wind starts rolling in, about a minute later, the wind is reaching 70km/h... then the rain comes, but so hard and so large that it slaps your skin like a needle, then hail fell from the sky, people panicking and screaming and running over each other.","The wind is blowing for a minute or so after the beginning of the exhibition, the wind is blowing for a minute or so. Then the rain arrives, but if it is strong and if it is strong and if it is strong, the people panics, cry and run over.",6.560313455993133,31.642518203939773,eng_Latn," Five minutes into the display a wind starts rolling in, about a minute later, the wind is reaching 70km/h... then the rain comes, but so hard and so large that it slaps your skin like a needle, then hail fell from the sky, people panicking and screaming and running over each other.",6.560313455993133,31.642518203939773,16.75,16.125,0.028076171875
"Q: J'ai perdu ma sœur et son amie, et sur mon chemin, il y avait deux personnes handicapées en fauteuil roulant, des gens qui ne faisaient que sauter et les pousser », a déclaré Armand Versace.
A:","J'ai perdu ma sœur et son amie, et sur mon chemin, il y avait deux personnes handicapées en fauteuil roulant, des gens qui ne faisaient que sauter et les pousser », a déclaré Armand Versace.","I lost my sister and her friend, and on my way there were two disabled people in wheelchairs, people just jumping over and pushing them,"" Armand Versace said.","I lost my sister and my friend, and on my way, there were two people with disabilities, and on my way, they were pushing and pushing, and they were pushing and pushing.",25.674632635028672,47.41587709249696,eng_Latn," I lost my sister and her friend, and on my way there were two disabled people in wheelchairs, people just jumping over and pushing them,"" Armand Versace said.",25.674632635028672,47.41587709249696,14.0,13.375,0.034423828125
"Q: La NHK a également fait savoir que la centrale nucléaire de Kashiwazaki Kariwa, dans la préfecture de Niigata, fonctionnait normalement.
A:","La NHK a également fait savoir que la centrale nucléaire de Kashiwazaki Kariwa, dans la préfecture de Niigata, fonctionnait normalement.",NHK also reported that the Kashiwazaki Kariwa nuclear power plant in Niigata prefecture was operating normally.,"The NHK also made it known that the nuclear power plant in Kashiwazaki Kariwa, in Niigata Prefecture, functioned normally.",37.56210944378306,63.28450312648275,eng_Latn, NHK also reported that the Kashiwazaki Kariwa nuclear power plant in Niigata prefecture was operating normally.,37.56210944378306,63.28450312648275,2.84375,3.5,1.0078125
"Q: Hokuriku Electric Power Co. n'a signalé aucun effet du tremblement de terre et que les réacteurs numéro 1 et 2 de sa centrale nucléaire de Shika ont été arrêtés.
A:",Hokuriku Electric Power Co. n'a signalé aucun effet du tremblement de terre et que les réacteurs numéro 1 et 2 de sa centrale nucléaire de Shika ont été arrêtés.,Hokuriku Electric Power Co. reported no effects from the earthquake and that the Number 1 and 2 reactors at its Shika nuclear power plant were shut down.,The Hokuriku Electric Power Co. has reported no effect of the earthquake and that the number 1 and 2 of its nuclear power plant have been stopped.,42.060579757862186,64.07834441841607,eng_Latn, Hokuriku Electric Power Co. reported no effects from the earthquake and that the Number 1 and 2 reactors at its Shika nuclear power plant were shut down.,42.060579757862186,64.07834441841607,5.90625,5.09375,0.419921875
"Q: On signale qu'environ 9 400 habitations de la région sont privées d'eau, et qu'environ 100 sont privées d'électricité.
A:","On signale qu'environ 9 400 habitations de la région sont privées d'eau, et qu'environ 100 sont privées d'électricité.",It is reported that some 9400 homes in the region are without water and approximately 100 without electricity.,"The average number of houses in the region is 9400, and the average number of houses is 1000.",8.378832915629483,24.813340358879998,eng_Latn, It is reported that some 9400 homes in the region are without water and approximately 100 without electricity.,8.378832915629483,24.813340358879998,17.75,17.0,0.00830078125
"Q: Certaines routes ont été endommagées, le service ferroviaire a été suspendu dans les zones affectées, et l’aéroport de Noto de la préfecture d’Ishikawa est toujours fermé.
A:","Certaines routes ont été endommagées, le service ferroviaire a été suspendu dans les zones affectées, et l’aéroport de Noto de la préfecture d’Ishikawa est toujours fermé.","Some roads have been damaged, railway service interrupted in the affected areas, and the Noto Airport in Ishikawa prefecture remains closed.","The railway has been suspended, the railway has been suspended in the affected areas, and the airport of Noto has been closed.",23.67978274520611,42.100671958018566,eng_Latn," Some roads have been damaged, railway service interrupted in the affected areas, and the Noto Airport in Ishikawa prefecture remains closed.",23.67978274520611,42.100671958018566,10.625,9.3125,0.11279296875
"Q: Une bombe a explosé devant le bureau du gouverneur général.
A:",Une bombe a explosé devant le bureau du gouverneur général.,One bomb exploded outside the governor general's office.,A bomb exploded in front of the governor general.,36.883688707312125,53.929078003826056,eng_Latn, One bomb exploded outside the governor general's office.,36.883688707312125,53.929078003826056,3.859375,5.9375,0.53125
"Q: Trois autres bombes ont explosé près des bâtiments du gouvernement en l'espace de deux heures.
A:",Trois autres bombes ont explosé près des bâtiments du gouvernement en l'espace de deux heures.,Three more bombs exploded near government buildings in a period of two hours.,The other three bombs exploded near the government buildings in the same way that two bombs exploded in the same way that two bombs exploded in the same way that two bombs exploded in the same way that two bombs exploded in the same way that two bombs exploded in the same way that two bombs exploded in the same way that two bombs exploded in the same way that two bombs exploded in the same way that two bombs exploded in the same way that two bombs exploded in the same way that two bombs exploded in the same,4.232432549995519,26.833291659175156,eng_Latn, Three more bombs exploded near government buildings in a period of two hours.,4.232432549995519,26.833291659175156,17.875,21.0,-0.01031494140625
"Q: Certains rapports portent le nombre officiel de morts à huit, et des rapports officiels confirment que jusqu'à 30 personnes ont été blessées ; mais les chiffres définitifs ne sont pas encore connus.
A:","Certains rapports portent le nombre officiel de morts à huit, et des rapports officiels confirment que jusqu'à 30 personnes ont été blessées ; mais les chiffres définitifs ne sont pas encore connus.","Some reports put the official death toll at eight, and official reports confirm that up to 30 were injured; but final numbers are not yet known.","Some reports refer to the number of deaths as eight, and some reports confirm that there are at least 30 people have been killed, and some reports state that there are at least 30 people have been killed.",7.2690202628153715,36.68595812557325,eng_Latn," Some reports put the official death toll at eight, and official reports confirm that up to 30 were injured; but final numbers are not yet known.",7.2690202628153715,36.68595812557325,15.125,13.3125,0.12158203125
"Q: De l'acide cyanurique et de la mélamine ont été découverts dans les échantillons d'urine prélevés sur les animaux domestiques qui sont morts après avoir ingéré de la nourriture pour animaux contaminée.
A:",De l'acide cyanurique et de la mélamine ont été découverts dans les échantillons d'urine prélevés sur les animaux domestiques qui sont morts après avoir ingéré de la nourriture pour animaux contaminée.,Both cyanuric acid and melamine were found in urine samples from pets that died after consuming contaminated pet food.,The cyanuric acid and the methyl group were discovered in the urine samples collected on the animals that were killed after ingesting food for animals that were contaminated.,21.353237520047244,43.988923567941285,eng_Latn, Both cyanuric acid and melamine were found in urine samples from pets that died after consuming contaminated pet food.,21.353237520047244,43.988923567941285,8.5,9.625,0.73046875
"Q: Les deux composés réagissent l'un avec l'autre pour former des cristaux qui peuvent bloquer la fonction rénale, ont déclaré des chercheurs de l'université.
A:","Les deux composés réagissent l'un avec l'autre pour former des cristaux qui peuvent bloquer la fonction rénale, ont déclaré des chercheurs de l'université.","The two compounds react with one another to form crystals that may block kidney function, researchers at the university said.","The two compounds react together to form crystals that can block the function of the kidney, have said that the researchers from the University of California.",30.010054132441027,60.24833297614601,eng_Latn," The two compounds react with one another to form crystals that may block kidney function, researchers at the university said.",30.010054132441027,60.24833297614601,1.875,2.9375,0.66796875
"Q: Les enquêteurs ont découvert que des cristaux s'étaient formés dans l'urine des chats en raison de la présence de ces substances supplémentaires, la mélamine et l'acide cyanurique.
A:","Les enquêteurs ont découvert que des cristaux s'étaient formés dans l'urine des chats en raison de la présence de ces substances supplémentaires, la mélamine et l'acide cyanurique.",The researchers observed crystals formed in cat urine by the addition of melamine and cyanuric acid.,"The investigators discovered that the urine of the cats contained crystals of these substances, the cyanuric acid and the cyanuric acid.",19.454290935168927,36.467503677048725,eng_Latn, The researchers observed crystals formed in cat urine by the addition of melamine and cyanuric acid.,19.454290935168927,36.467503677048725,6.09375,6.96875,0.3515625
"Q: La composition de ces cristaux correspond à ce qui est trouvé dans l’urine des animaux domestiques affectés lorsqu’on compare par spectroscopie infrarouge (IRTF).
A:",La composition de ces cristaux correspond à ce qui est trouvé dans l’urine des animaux domestiques affectés lorsqu’on compare par spectroscopie infrarouge (IRTF).,The composition of these crystals matches those found in the urine of affected pets when compared by infrared spectroscopy (FTIR).,These cristals are found in the urine of domestic animals affected when they compare by IRTF.,13.309306283800844,37.77707079541913,eng_Latn, The composition of these crystals matches those found in the urine of affected pets when compared by infrared spectroscopy (FTIR).,13.309306283800844,37.77707079541913,12.4375,13.3125,0.51953125
"Q: Je ne sais pas si vous vous en rendez compte, mais la plupart des marchandises en provenance d'Amérique centrale sont entrées dans notre pays exonérées de taxes.
A:","Je ne sais pas si vous vous en rendez compte, mais la plupart des marchandises en provenance d'Amérique centrale sont entrées dans notre pays exonérées de taxes.","I don't know if you realize it or not, but most of the goods from Central America came into this country duty-free.","I don't know if you're aware, but the majority of goods that come from Central America are exempt from taxes.",29.002561875569324,43.58283372777308,eng_Latn," I don't know if you realize it or not, but most of the goods from Central America came into this country duty-free.",29.002561875569324,43.58283372777308,3.4375,2.96875,0.859375
"Q: Pourtant, 80 % de nos marchandises étaient taxées par des droits de douane dans les pays d’Amérique centrale. Nous vous soignons.
A:","Pourtant, 80 % de nos marchandises étaient taxées par des droits de douane dans les pays d’Amérique centrale. Nous vous soignons.",Yet eighty percent of our goods were taxed through tariffs in Central American countries. we treat you.,"Despite the fact that 80% of our goods were taxed in the countries of Central America, we are pleased to inform you. We will take care of you.",17.029144469900167,46.98891765479376,eng_Latn, Yet eighty percent of our goods were taxed through tariffs in Central American countries. we treat you.,17.029144469900167,46.98891765479376,7.34375,7.25,0.58984375
"Q: Cela ne me semblait pas logique ; ce n'était certainement pas juste.
A:",Cela ne me semblait pas logique ; ce n'était certainement pas juste.,That didn't seem to make sense to me; it certainly wasn't fair.,It seemed illogical; this was certainly not logical.,2.7673854938424567,22.673953870315565,eng_Latn, That didn't seem to make sense to me; it certainly wasn't fair.,2.7673854938424567,22.673953870315565,4.59375,4.9375,0.88671875
"Q: Tout ce que je dis aux gens, c’est que vous nous traitez comme nous vous traitons.
A:","Tout ce que je dis aux gens, c’est que vous nous traitez comme nous vous traitons.",All I say to people is you treat us the way we treat you.,I tell you that I treat you like we treat you.,18.990420965596826,37.074126581421915,eng_Latn, All I say to people is you treat us the way we treat you.,18.990420965596826,37.074126581421915,14.375,12.6875,0.003448486328125
"Q: Le gouverneur de Californie, Arnold Schwarzenegger, a promulgué une loi qui interdit la vente ou la location de jeux vidéo violents aux mineurs.
A:","Le gouverneur de Californie, Arnold Schwarzenegger, a promulgué une loi qui interdit la vente ou la location de jeux vidéo violents aux mineurs.",California Governor Arnold Schwarzenegger signed into law a bill that bans the sale or rental of violent video games to minors.,"The governor of California, Arnold Schwarzenegger, has issued a law that prohibits the sale or rental of violent video games to children.",43.49503813561632,63.65152169051909,eng_Latn, California Governor Arnold Schwarzenegger signed into law a bill that bans the sale or rental of violent video games to minors.,43.49503813561632,63.65152169051909,1.078125,2.734375,0.9609375
"Q: Le projet de loi exige que les jeux vidéo violents vendus dans l'État de Californie soient étiquetés avec un autocollant portant la mention « 18 » et rend leur vente à un mineur passible d'une amende de 1000 dollars par infraction.
A:",Le projet de loi exige que les jeux vidéo violents vendus dans l'État de Californie soient étiquetés avec un autocollant portant la mention « 18 » et rend leur vente à un mineur passible d'une amende de 1000 dollars par infraction.,"The bill requires violent video games sold in the state of California to be labeled with a decal reading ""18"" and makes their sale to a minor punishable by a fine of $1000 per offense.","The law requires that games sold in California must be labeled with a sticker that reads ""18"" and that it must be sold at a price of 1000 dollars per violation.",17.43433451071433,37.6864506850385,eng_Latn," The bill requires violent video games sold in the state of California to be labeled with a decal reading ""18"" and makes their sale to a minor punishable by a fine of $1000 per offense.",17.43433451071433,37.6864506850385,11.625,10.625,0.404296875
"Q: Le directeur des poursuites publiques, Kier Starmer QC, a fait une déclaration ce matin annonçant la poursuite de Huhne et Pryce.
A:","Le directeur des poursuites publiques, Kier Starmer QC, a fait une déclaration ce matin annonçant la poursuite de Huhne et Pryce.","The Director of Public Prosecutions, Kier Starmer QC, gave a statement this morning announcing the prosecution of both Huhne and Pryce.","The director of the public prosecutions, Kier Starmer QC, has made a statement this morning announcing the prosecution of Huhne and Pryce.",66.5985944903297,77.8293911246739,eng_Latn," The Director of Public Prosecutions, Kier Starmer QC, gave a statement this morning announcing the prosecution of both Huhne and Pryce.",66.5985944903297,77.8293911246739,2.0625,2.1875,1.0078125
"Q: Huhne a démissionné et il sera remplacé au sein du cabinet par le député Ed Davey. Le député Norman Lamb devrait prendre le poste de ministre des Affaires auquel Davey se désiste.
A:",Huhne a démissionné et il sera remplacé au sein du cabinet par le député Ed Davey. Le député Norman Lamb devrait prendre le poste de ministre des Affaires auquel Davey se désiste.,Huhne has resigned and he will be replaced in the Cabinet by Ed Davey MP. Norman Lamb MP is expected to take the Business Minister job Davey is vacating.,The former minister of the Department of Affairs is resigning and he will be replaced by the former minister of the Department of Affairs. The former minister of the Department of Affairs is resigning and he will be replaced by the former minister of the Department of Affairs. The former minister of the Department of Affairs is resigning and he will be replaced by the former minister of the Department of Affairs. The former minister of the Department of Affairs is resigning and he will be replaced by the former minister of the Department of Affairs.,3.9465078784461176,21.10210142786506,eng_Latn, Huhne has resigned and he will be replaced in the Cabinet by Ed Davey MP. Norman Lamb MP is expected to take the Business Minister job Davey is vacating.,3.9465078784461176,21.10210142786506,24.75,25.0,-0.00341796875
"Q: Huhne et Pryce doivent comparaître devant la Magistrates Court de Westminster le 16 février.
A:",Huhne et Pryce doivent comparaître devant la Magistrates Court de Westminster le 16 février.,Huhne and Pryce are scheduled to appear at the Westminster Magistrates Court on February 16.,The Magistrates Court of Westminster will be the place where the two of them will be tried before the Magistrates Court on February 16.,21.651956746181064,46.82034304371566,eng_Latn, Huhne and Pryce are scheduled to appear at the Westminster Magistrates Court on February 16.,21.651956746181064,46.82034304371566,7.3125,8.5,0.046875
"Q: Les victimes sont Nicholas Alden, 25 ans, et Zachary Cuddeback, 21 ans. Cuddeback était le conducteur.
A:","Les victimes sont Nicholas Alden, 25 ans, et Zachary Cuddeback, 21 ans. Cuddeback était le conducteur.","The fatalities were Nicholas Alden, 25, and Zachary Cuddeback, 21. Cuddeback had been the driver.","Nicholas Alden, 25 years old, and Zachary Cudback, 21 years old, were the drivers. Cudback was the driver.",20.89685256289425,54.3709922705492,eng_Latn," The fatalities were Nicholas Alden, 25, and Zachary Cuddeback, 21. Cuddeback had been the driver.",20.89685256289425,54.3709922705492,9.3125,10.125,0.52734375
"Q: Edgar Veguilla a été blessé au bras et à la mâchoire tandis que Kristoffer Schneider a dû subir une chirurgie reconstructive pour son visage.
A:",Edgar Veguilla a été blessé au bras et à la mâchoire tandis que Kristoffer Schneider a dû subir une chirurgie reconstructive pour son visage.,Edgar Veguilla received arm and jaw wounds while Kristoffer Schneider was left requiring reconstructive surgery for his face.,"Edgar Veguilla was injured while Kristoffer Schneider had to undergo reconstructive surgery for his face, and Kristoffer Schneider had to undergo reconstructive surgery for his face.",30.18146852695618,59.22532671292128,eng_Latn, Edgar Veguilla received arm and jaw wounds while Kristoffer Schneider was left requiring reconstructive surgery for his face.,30.18146852695618,59.22532671292128,13.875,10.625,0.07958984375
"Q: L'arme d'Uka s'est enrayée alors qu'elle était pointée sur la tête d'un cinquième homme. Schneider souffre d'une douleur lancinante, ne voit plus d'un œil, a perdu une partie de son crâne, et son visage a été reconstruit à partir de titane.
A:","L'arme d'Uka s'est enrayée alors qu'elle était pointée sur la tête d'un cinquième homme. Schneider souffre d'une douleur lancinante, ne voit plus d'un œil, a perdu une partie de son crâne, et son visage a été reconstruit à partir de titane.","Uka's weapon failed whilst pointed at a fifth man's head. Schneider has ongoing pain, blindness in one eye, a missing section of skull and a face rebuilt from titanium.","The arm of Uka was in the process of being drawn out when it was pointed at the head of a fifth man. Schneider is suffering from a severe pain, he cannot see clearly, and his face was rebuilt from the inside out, and his face was reconstructed from the inside out.",11.937739359683013,35.57575930486939,eng_Latn," Uka's weapon failed whilst pointed at a fifth man's head. Schneider has ongoing pain, blindness in one eye, a missing section of skull and a face rebuilt from titanium.",11.937739359683013,35.57575930486939,9.5625,10.5625,0.16015625
"Q: Schneider a témoigné par liaison vidéo depuis une base de l’USAF dans son pays.
A:",Schneider a témoigné par liaison vidéo depuis une base de l’USAF dans son pays.,Schneider testified via videolink from a USAF base in his homeland.,Schneider was interviewed by a video from the US.,5.288157046685395,26.99969211642618,eng_Latn, Schneider testified via videolink from a USAF base in his homeland.,5.288157046685395,26.99969211642618,12.75,15.125,0.01904296875
"Q: À part l'événement de mercredi, Carpanedo a participé à deux courses individuelles lors des Championnats.
A:","À part l'événement de mercredi, Carpanedo a participé à deux courses individuelles lors des Championnats.","Beyond Wednesday's event, Carpanedo competed in two individual races at the Championships.","Carpanedo participated in the event of Wednesday, Carpanedo participated in two individual races during the event of Wednesday, Carpanedo participated in the event of Wednesday, Carpanedo participated in the event of Wednesday, Carpanedo participated in the event of Wednesday, Carpanedo participated in the event of Wednesday, Carpanedo participated in the event of Wednesday, Carpanedo participated in the event of Wednesday, Carpanedo participated in the event of Wednesday, Carpanedo participated in the",6.45534809492015,26.94823602877773,eng_Latn," Beyond Wednesday's event, Carpanedo competed in two individual races at the Championships.",6.45534809492015,26.94823602877773,18.0,22.625,-0.03173828125
"Q: Elle a d'abord participé au slalom, où elle a obtenu un « did not finish » (DNF) lors de sa première course. 36 des 116 concurrents ont obtenu le même résultat dans cette course.
A:","Elle a d'abord participé au slalom, où elle a obtenu un « did not finish » (DNF) lors de sa première course. 36 des 116 concurrents ont obtenu le même résultat dans cette course.","Her first was the Slalom, where she earned a Did Not Finish in her first run. 36 of the 116 competitors had the same result in that race.","Elle first participated in slalom, where she won first place in slalom, and she won first place in slalom.",10.871116522409151,23.856456742006667,eng_Latn," Her first was the Slalom, where she earned a Did Not Finish in her first run. 36 of the 116 competitors had the same result in that race.",10.871116522409151,23.856456742006667,20.75,20.75,0.019287109375
"Q: Son autre course, le slalom géant, lui a permis de terminer à la dixième place du groupe des femmes assises avec un temps combiné de 4:41.30, soit 2:11.60 minutes de moins que l'Autrichienne Claudia Loesch, arrivée première, et 1:09.02 minutes de moins que la Hongroise Gyöngyi Dani, arrivée neuvième.
A:","Son autre course, le slalom géant, lui a permis de terminer à la dixième place du groupe des femmes assises avec un temps combiné de 4:41.30, soit 2:11.60 minutes de moins que l'Autrichienne Claudia Loesch, arrivée première, et 1:09.02 minutes de moins que la Hongroise Gyöngyi Dani, arrivée neuvième.","Her other race, the Giant Slalom, saw her finish in tenth in the women's sitting group with a combined run time of 4:41.30, 2:11.60 minutes slower than first place finisher Austrian Claudia Loesch and 1:09.02 minutes slower than the ninth place finisher Gyöngyi Dani of Hungary.","The slalom giant, the slalom giant, he finished in the slalom giant, and he finished in the slalom giant, he finished in the slalom giant, he finished in the slalom giant, he finished in the slalom giant, he finished in the slalom giant, he finished in the slalom giant, he finished in the slalom giant, he finished in the slalom giant, he finished in the slalom giant, he finished in the slalom giant, he finished in the slalom giant, he finished in the slalom giant,",0.9931555392236537,17.471164633654727,eng_Latn," Her other race, the Giant Slalom, saw her finish in tenth in the women's sitting group with a combined run time of 4:41.30, 2:11.60 minutes slower than first place finisher Austrian Claudia Loesch and 1:09.02 minutes slower than the ninth place finisher Gyöngyi Dani of Hungary.",0.9931555392236537,17.471164633654727,24.25,22.75,-0.02734375
"Q: Dans la catégorie des femmes en ski assis, quatre skieuses ne sont pas parvenues à terminer leur parcours ; en ce qui concerne le slalom géant, 45 skieuses sur un total de 117 dans cette course n'ont pas réussi à se classer.
A:","Dans la catégorie des femmes en ski assis, quatre skieuses ne sont pas parvenues à terminer leur parcours ; en ce qui concerne le slalom géant, 45 skieuses sur un total de 117 dans cette course n'ont pas réussi à se classer.","Four skiers in the women's sitting group failed to finish their runs, and 45 of the 117 total skiers in the Giant Slalom failed to rank in the race.",The women skiing in the category of women in ski are not able to finish their race.,4.662400492893467,26.185137904129306,eng_Latn," Four skiers in the women's sitting group failed to finish their runs, and 45 of the 117 total skiers in the Giant Slalom failed to rank in the race.",4.662400492893467,26.185137904129306,21.125,19.875,-0.017333984375
"Q: La police du Madhya Pradesh a retrouvé l'ordinateur portable et le téléphone mobile volés.
A:",La police du Madhya Pradesh a retrouvé l'ordinateur portable et le téléphone mobile volés.,The Madhya Pradesh Police recovered the stolen laptop and mobile phone.,The police of Madhya Pradesh found the mobile phone and the mobile phone stolen.,26.63254752905805,49.84295525955096,eng_Latn, The Madhya Pradesh Police recovered the stolen laptop and mobile phone.,26.63254752905805,49.84295525955096,9.5625,10.5625,0.42578125
"Q: L'inspecteur général adjoint D.K. Arya a déclaré : « Nous avons arrêté cinq personnes pour avoir violé la ressortissante suisse, et nous avons récupéré son téléphone et son ordinateur portables. »
A:","L'inspecteur général adjoint D.K. Arya a déclaré : « Nous avons arrêté cinq personnes pour avoir violé la ressortissante suisse, et nous avons récupéré son téléphone et son ordinateur portables. »","Deputy Inspector General D K Arya said, ""We have arrested five persons who raped the Swiss woman and recovered her mobile and laptop"".","The director general of the inspector general has said that he has decided to stop investigating people for violating the Swiss citizen, and he has taken the phone and the computer and the laptop and the computer and the laptop and the computer and the laptop and the computer and the laptop and the computer and the laptop and the computer and the laptop and the computer and the laptop and the computer and the laptop and the computer and the laptop and the computer and the laptop and the computer and the laptop and the computer",0.9852814524498864,18.54696498868245,eng_Latn," Deputy Inspector General D K Arya said, ""We have arrested five persons who raped the Swiss woman and recovered her mobile and laptop"".",0.9852814524498864,18.54696498868245,16.875,21.375,-0.03759765625
"Q: Les accusés s'appellent Baba Kanjar, Bhutha Kanjar, Rampro Kanjar, Gaza Kanjar et Vishnu Kanjar.
A:","Les accusés s'appellent Baba Kanjar, Bhutha Kanjar, Rampro Kanjar, Gaza Kanjar et Vishnu Kanjar.","The accused are named as Baba Kanjar, Bhutha Kanjar, Rampro Kanjar, Gaza Kanjar and Vishnu Kanjar.","Baba Kanjar, Bhutha Kanjar, Rampro Kanjar, Gaza Kanjar, Vishnu Kanjar.",69.97259627756432,71.7021116396154,zul_Latn," Abasolwa babizwa ngoBaba Kanjar, uBhutha Kanjar, uRampro Kanjar, uGaza Kanjar kanye noVishnu Kanjar.",31.08866565918898,54.37400197921721,17.25,12.875,0.74609375
"Q: Chandra Shekhar Solanki, commissaire de police, a déclaré que les personnes accusées avaient le visage dissimulé lorsqu'elles ont comparu devant le tribunal.
A:","Chandra Shekhar Solanki, commissaire de police, a déclaré que les personnes accusées avaient le visage dissimulé lorsqu'elles ont comparu devant le tribunal.",Police superintendent Chandra Shekhar Solanki said the accused appeared in court with covered faces.,"Chandra Shekhar Solanki, a declared that the people accused had the face concealed when they appeared before the court.",21.281701380712928,43.09409745659161,eng_Latn, Police superintendent Chandra Shekhar Solanki said the accused appeared in court with covered faces.,21.281701380712928,43.09409745659161,7.0625,7.34375,0.392578125
"Q: Bien que trois personnes aient été présentes dans la maison quand la voiture l'a percutée, aucune n'a été blessée.
A:","Bien que trois personnes aient été présentes dans la maison quand la voiture l'a percutée, aucune n'a été blessée.","Although three people were inside the house when the car impacted it, none of them were hurt.","The three people who were present in the house when the car hit the car, no one was injured.",20.331710659744477,45.05717933558683,eng_Latn," Although three people were inside the house when the car impacted it, none of them were hurt.",20.331710659744477,45.05717933558683,6.90625,5.59375,0.546875
"Q: Cependant, le conducteur a été grièvement blessé à la tête.
A:","Cependant, le conducteur a été grièvement blessé à la tête.","However, the driver sustained serious injuries to the head.",The driver was seriously injured in the head.,11.896441524336442,38.701048216111026,eng_Latn," However, the driver sustained serious injuries to the head.",11.896441524336442,38.701048216111026,4.21875,4.40625,0.330078125
"Q: La voie où l'accident a eu lieu a été temporairement barrée pour permettre aux services de secours d'extraire le conducteur de l'Audi TT rouge.
A:",La voie où l'accident a eu lieu a été temporairement barrée pour permettre aux services de secours d'extraire le conducteur de l'Audi TT rouge.,The road where the crash happened was temporarily closed while emergency services freed the driver from the red Audi TT.,"The accident occurred temporarily, so that the driver of the Audi TT red was temporarily blocked for safety to allow the emergency services to remove the driver of the Audi TT red.",6.666962995889164,45.29771262486017,eng_Latn, The road where the crash happened was temporarily closed while emergency services freed the driver from the red Audi TT.,6.666962995889164,45.29771262486017,13.1875,12.9375,0.134765625
"Q: Il a d'abord été hospitalisé à l'hôpital James Paget de Great Yarmouth.
A:",Il a d'abord été hospitalisé à l'hôpital James Paget de Great Yarmouth.,He was initially hospitalised in the James Paget Hospital in Great Yarmouth.,He was first admitted to the James Paget Hospital in Great Yarmouth.,55.26941281008063,65.84516718155582,eng_Latn, He was initially hospitalised in the James Paget Hospital in Great Yarmouth.,55.26941281008063,65.84516718155582,1.734375,2.40625,1.0390625
"Q: Il a ensuite été transféré au centre hospitalier Addenbrooke's Hospital de Cambridge.
A:",Il a ensuite été transféré au centre hospitalier Addenbrooke's Hospital de Cambridge.,He was subsequently relocated to Addenbrooke's Hospital in Cambridge.,He was transferred to the Addenbrooke's Hospital of Cambridge.,40.408045033654126,54.65480413115649,eng_Latn, He was subsequently relocated to Addenbrooke's Hospital in Cambridge.,40.408045033654126,54.65480413115649,4.5625,4.125,0.83984375
"Q: Adekoya a depuis été inculpée pour le meurtre de son fils par le tribunal Sheriff Court d'Édimbourg.
A:",Adekoya a depuis été inculpée pour le meurtre de son fils par le tribunal Sheriff Court d'Édimbourg.,Adekoya has since been in Edinburgh Sheriff Court charged with murdering her son.,Adekoya was charged with the murder of his son by the court of Sheriff Court of England.,15.40999172851786,42.250522926420736,eng_Latn, Adekoya has since been in Edinburgh Sheriff Court charged with murdering her son.,15.40999172851786,42.250522926420736,6.625,8.0,0.19140625
"Q: Elle se trouve en garde en vue en attendant sa mise en examen et son procès, mais les témoignages oculaires pourraient être compromis car son portrait a été très diffusé.
A:","Elle se trouve en garde en vue en attendant sa mise en examen et son procès, mais les témoignages oculaires pourraient être compromis car son portrait a été très diffusé.","She is in custody pending indictment and trial, but any eyewitness evidence may be tainted because her image has been widely published.","The portrait is hidden in the background, but the testimonies oculist could be compromised because of the portrait being very widely publicized.",3.890531292833292,27.183121039906986,eng_Latn," She is in custody pending indictment and trial, but any eyewitness evidence may be tainted because her image has been widely published.",3.890531292833292,27.183121039906986,12.5,12.5625,-0.00390625
"Q: Il s'agit d'une pratique courante ailleurs au Royaume-Uni, mais la justice écossaise fonctionne différemment et les tribunaux ont considéré que la publication de photos était potentiellement préjudiciable.
A:","Il s'agit d'une pratique courante ailleurs au Royaume-Uni, mais la justice écossaise fonctionne différemment et les tribunaux ont considéré que la publication de photos était potentiellement préjudiciable.",This is common practice elsewhere in the UK but Scottish justice works differently and courts have viewed publication of photos as potentially prejudicial.,"The practice of this is common elsewhere in the United Kingdom, but the justice in England works differently and the courts have considered it to be a common practice elsewhere in the United Kingdom, but the justice in England works differently and the courts have considered it to be a common practice elsewhere in the United Kingdom.",13.17582409712085,44.39516653952245,eng_Latn, This is common practice elsewhere in the UK but Scottish justice works differently and courts have viewed publication of photos as potentially prejudicial.,13.17582409712085,44.39516653952245,23.625,23.875,0.1416015625
"Q: La professeur Pamela Ferguson, de l’université de Dundee, note que « les journalistes semblent suivre une ligne dangereuse s’ils publient des photos, etc. de suspects ».
A:","La professeur Pamela Ferguson, de l’université de Dundee, note que « les journalistes semblent suivre une ligne dangereuse s’ils publient des photos, etc. de suspects ».","Professor Pamela Ferguson of the University of Dundee notes ""journalists do seem to be walking a dangerous line if publishing photos etc of suspects.""","Pamela Ferguson, a professor at Dundee University, notes that “the journalists seem to follow a dangerous line if they publish photos, etc. of suspects, they seem to follow a dangerous line if they publish photos, etc. of suspects, they seem to follow a dangerous line if they publish photos, etc. of suspects, they seem to follow a dangerous line if they publish photos, etc. of suspects, they seem to follow a dangerous line if they publish photos, etc. of suspects, they seem",5.424861219987543,40.09541111834594,eng_Latn," Professor Pamela Ferguson of the University of Dundee notes ""journalists do seem to be walking a dangerous line if publishing photos etc of suspects.""",5.424861219987543,40.09541111834594,22.625,23.75,-0.046630859375
"Q: Le bureau du Procureur de la Couronne, qui est en charge de l’ensemble des poursuites, a précisé aux journalistes qu’aucun autre commentaire ne sera fait au moins jusqu’à la mise en accusation.
A:","Le bureau du Procureur de la Couronne, qui est en charge de l’ensemble des poursuites, a précisé aux journalistes qu’aucun autre commentaire ne sera fait au moins jusqu’à la mise en accusation.","Crown Office, which is in overall charge of prosecutions, has indicated to journalists that no further comment will be made at least until indictment.","The Office of the Prosecutor of the Court of First Instance, which is responsible for the prosecution, has not yet made any comment about the other comments. The reporter has not yet made any comment about the other comments.",4.33554427721485,31.700048477382225,eng_Latn," Crown Office, which is in overall charge of prosecutions, has indicated to journalists that no further comment will be made at least until indictment.",4.33554427721485,31.700048477382225,13.5,13.125,-0.0185546875
"Q: D'après la fuite, le document portera sur le différend à la frontière que la Palestine revendique sur la base des frontières existantes avant la guerre du Moyen-Orient de 1967.
A:","D'après la fuite, le document portera sur le différend à la frontière que la Palestine revendique sur la base des frontières existantes avant la guerre du Moyen-Orient de 1967.","The document, according to the leak, will refer to the borders dispute, which Palestine wants based on the borders before the 1967 Mideast War.","According to the escape, the document will be on the border dispute that the Palestine claims on the basis of the border dispute that the Palestine claims on the basis of the border dispute that the Palestine claims on the basis of the border dispute that the Palestine claims on the basis of the border dispute that the Palestine claims on the basis of the border dispute that the Palestine claims on the basis of the border dispute that the Palestine claims on the basis of the border dispute that the Palestine claims on the basis of the border",1.3676578232617822,26.60319441549715,eng_Latn," The document, according to the leak, will refer to the borders dispute, which Palestine wants based on the borders before the 1967 Mideast War.",1.3676578232617822,26.60319441549715,23.375,23.625,-0.026123046875
"Q: Parmi les autres sujets abordés figurent le futur État de Jérusalem, qui est sacré pour les deux nations, et la question de la vallée du Jourdain.
A:","Parmi les autres sujets abordés figurent le futur État de Jérusalem, qui est sacré pour les deux nations, et la question de la vallée du Jourdain.",Other topics covered reportedly include the future state of Jerusalem which is sacred to both nations and the Jordan Valley issue.,"Among the other topics discussed are the future of Jerusalem, which is considered sacred for both nations, and the question of the future of Jerusalem, which is considered sacred for both nations, and the question of the future of Jerusalem.",4.0082202357129395,41.53330356290058,eng_Latn, Other topics covered reportedly include the future state of Jerusalem which is sacred to both nations and the Jordan Valley issue.,4.0082202357129395,41.53330356290058,14.0625,12.0625,0.02392578125
"Q: Israël exige une présence militaire permanente dans la vallée pour une durée de dix années à compter de la signature d'un accord, tandis que l'Autorité palestinienne ne consent qu'à une durée de cinq ans.
A:","Israël exige une présence militaire permanente dans la vallée pour une durée de dix années à compter de la signature d'un accord, tandis que l'Autorité palestinienne ne consent qu'à une durée de cinq ans.",Israel demands an ongoing military presence in the valley for ten years once an agreement is signed while the PA agrees to leave such presence only for five years.,"The Israeli government requires a permanent presence in the valley for a period of ten years to the signing of an agreement, while the Palestinian Authority does not consent to a five-year term.",16.007117882584865,42.67215617031965,eng_Latn, Israel demands an ongoing military presence in the valley for ten years once an agreement is signed while the PA agrees to leave such presence only for five years.,16.007117882584865,42.67215617031965,9.5625,10.3125,0.404296875
"Q: Les tireurs de l’essai supplémentaire de lutte contre les parasites devaient être étroitement surveillés par des rangers, car l’essai était contrôlé et son efficacité évaluée.
A:","Les tireurs de l’essai supplémentaire de lutte contre les parasites devaient être étroitement surveillés par des rangers, car l’essai était contrôlé et son efficacité évaluée.","Shooters in the supplementary pest control trial were to be closely supervised by rangers, as the trial was monitored and its effectiveness evaluated.","The test troops had to be closely monitored by rangers, because the test was checked and its effectiveness was evaluated.",31.491979538931698,48.38110628659088,eng_Latn," Shooters in the supplementary pest control trial were to be closely supervised by rangers, as the trial was monitored and its effectiveness evaluated.",31.491979538931698,48.38110628659088,8.25,8.1875,0.5703125
"Q: Dans le cadre d’un partenariat entre NPWS et le Sporting Shooters Association of Australia (NSW) inc., des bénévoles qualifiés ont été recrutés, dans le cadre du programme de chasse de la Sporting Shooters Association.
A:","Dans le cadre d’un partenariat entre NPWS et le Sporting Shooters Association of Australia (NSW) inc., des bénévoles qualifiés ont été recrutés, dans le cadre du programme de chasse de la Sporting Shooters Association.","In a partnership of NPWS and the Sporting Shooters Association of Australia (NSW) Inc, qualified volunteers were recruited, under the Sporting Shooters Association's hunting program.","The NPWS and the Sporting Shooters Association of Australia (NSW) have been recruiting volunteers, in the course of a partnership, the volunteers have been trained, in the course of a partnership, the volunteers have been trained, in the course of a partnership, the volunteers have been trained, in the course of a partnership, the volunteers have been trained, in the course of a partnership, the volunteers have been trained, in the course of a partnership, the volunteers have been trained, in the course",14.391937030327941,39.49621778678636,eng_Latn," In a partnership of NPWS and the Sporting Shooters Association of Australia (NSW) Inc, qualified volunteers were recruited, under the Sporting Shooters Association's hunting program.",14.391937030327941,39.49621778678636,21.375,21.375,-0.026123046875
"Q: Selon Mick O'Flynn, responsable par intérim de la conservation du parc et du patrimoine au NPWS, les quatre tireurs désignés pour la première campagne d'abattage ont été dûment entraînés et formés aux consignes de sécurité.
A:","Selon Mick O'Flynn, responsable par intérim de la conservation du parc et du patrimoine au NPWS, les quatre tireurs désignés pour la première campagne d'abattage ont été dûment entraînés et formés aux consignes de sécurité.","According to Mick O'Flynn, the Acting Director Park Conservation and Heritage with the NPWS, the four shooters selected for the first shooting operation received comprehensive safety and training instruction.","According to Mick O'Flynn, the four chosen to be the first to abduct are being trained and trained to the safety standards of the park and the park is being abductive.",25.821490669323126,35.96956608869773,eng_Latn," According to Mick O'Flynn, the Acting Director Park Conservation and Heritage with the NPWS, the four shooters selected for the first shooting operation received comprehensive safety and training instruction.",25.821490669323126,35.96956608869773,15.0,14.5625,-0.021484375
"Q: Martelly a intronisé hier un nouveau Conseil électoral provisoire (CEP) composé de neuf membres.
A:",Martelly a intronisé hier un nouveau Conseil électoral provisoire (CEP) composé de neuf membres.,Martelly swore in a new Provisional Electoral Council (CEP) of nine members yesterday.,The electoral council (CEP) was reconstituted in the early morning of this week.,13.113582195262211,28.887405828086692,eng_Latn, Martelly swore in a new Provisional Electoral Council (CEP) of nine members yesterday.,13.113582195262211,28.887405828086692,13.9375,11.5,0.01385498046875
"Q: C’est le cinquième PEC de Martelly en quatre ans.
A:",C’est le cinquième PEC de Martelly en quatre ans.,It is Martelly's fifth CEP in four years.,It’s the fifth PEC of Martelly in four years.,23.505204106959592,54.27130613756034,eng_Latn, It is Martelly's fifth CEP in four years.,23.505204106959592,54.27130613756034,5.21875,6.34375,0.97265625
"Q: Le mois dernier, une commission présidentielle a recommandé la dissolution du précédent CEP dans le cadre d’un ensemble de mesures visant à engager le pays sur la voie de nouvelles élections.
A:","Le mois dernier, une commission présidentielle a recommandé la dissolution du précédent CEP dans le cadre d’un ensemble de mesures visant à engager le pays sur la voie de nouvelles élections.",Last month a presidential commission recommended the prior CEP's resignation as part of a package of measures to move the country towards new elections.,"The commission recommended the dissolution of the previous CEP in the past, and the current CEP is being criticized for a number of measures aimed at engaging the country on the way to new elections.",10.17974905180314,44.89329699786417,eng_Latn, Last month a presidential commission recommended the prior CEP's resignation as part of a package of measures to move the country towards new elections.,10.17974905180314,44.89329699786417,7.90625,9.625,0.03857421875
"Q: Cette commission a été la réponse de Martelly aux vastes protestations contre le régime qui ont commencé en octobre.
A:",Cette commission a été la réponse de Martelly aux vastes protestations contre le régime qui ont commencé en octobre.,The commission was Martelly's response to widespread anti-regime protests that started in October.,The commission was the response of Martelly to the vast protests against the regime that began in October.,13.233134685199085,52.9209308070817,eng_Latn, The commission was Martelly's response to widespread anti-regime protests that started in October.,13.233134685199085,52.9209308070817,2.265625,1.9609375,0.99609375
"Q: Ces protestations parfois violentes ont été déclenchées par l’absence d’élections, dont certaines devaient avoir lieu en 2011.
A:","Ces protestations parfois violentes ont été déclenchées par l’absence d’élections, dont certaines devaient avoir lieu en 2011.","The sometimes-violent protests were triggered by failure to hold elections, some due since 2011.","The protests sometimes erupted when the absence of elections, which were often violent, were triggered by the absence of elections, which required them to be held in 2011.",14.116951041404784,45.841024918820274,eng_Latn," The sometimes-violent protests were triggered by failure to hold elections, some due since 2011.",14.116951041404784,45.841024918820274,8.9375,9.1875,0.25
"Q: Environ 60 cas de surchauffe d’iPods défectueux ont été signalés, provoquant au total six incendies et laissant quatre personnes avec des brûlures mineures.
A:","Environ 60 cas de surchauffe d’iPods défectueux ont été signalés, provoquant au total six incendies et laissant quatre personnes avec des brûlures mineures.","Around 60 cases of malfunctioning iPods overheating have been reported, causing a total of six fires and leaving four people with minor burns.","The environmental 60 cases of the iPods that were not working were reported, causing total six fires and leaving four people with burns.",35.91400235164873,56.0875818158958,eng_Latn," Around 60 cases of malfunctioning iPods overheating have been reported, causing a total of six fires and leaving four people with minor burns.",35.91400235164873,56.0875818158958,9.1875,8.5625,0.50390625
"Q: Le ministère japonais de l'économie, du commerce et de l'industrie (METI) a déclaré qu'il avait eu connaissance de 27 accidents liés à ces appareils.
A:","Le ministère japonais de l'économie, du commerce et de l'industrie (METI) a déclaré qu'il avait eu connaissance de 27 accidents liés à ces appareils.","Japan's Ministry of Economy, Trade and Industry (METI) said that it had been aware of 27 accidents related to the devices.","The Japanese Ministry of Economy, Trade and Industry (METI) has been informed that it has received information that it has been aware of 27 accidents related to these devices.",52.51476947780281,76.69529497889077,eng_Latn," Japan's Ministry of Economy, Trade and Industry (METI) said that it had been aware of 27 accidents related to the devices.",52.51476947780281,76.69529497889077,5.8125,4.875,0.6875
"Q: La semaine dernière, le METI a annoncé qu’Apple l’avait informé de 34 incidents de surchauffe supplémentaires, que la société a qualifiés de « non graves ».
A:","La semaine dernière, le METI a annoncé qu’Apple l’avait informé de 34 incidents de surchauffe supplémentaires, que la société a qualifiés de « non graves ».","Last week, METI announced that Apple had informed it of 34 additional overheating incidents, which the company called ""non-serious.""",Apple has informed the METI that Apple has notified the company that Apple has notified the company that Apple has notified the company that Apple has notified the company that Apple has notified the company that Apple has notified the company that Apple has notified the company that Apple has notified the company that Apple has notified the company that Apple has notified the company that Apple has notified the company that Apple has notified the company that Apple has notified the company that Apple has notified the company that Apple has notified the company that Apple has notified,1.11172544498912,17.09057210449177,eng_Latn," Last week, METI announced that Apple had informed it of 34 additional overheating incidents, which the company called ""non-serious.""",1.11172544498912,17.09057210449177,20.5,18.25,-0.043701171875
"Q: Le ministère a réagi en qualifiant de « vraiment regrettable » l'ajournement du rapport par Apple.
A:",Le ministère a réagi en qualifiant de « vraiment regrettable » l'ajournement du rapport par Apple.,"The ministry responded by calling Apple's postponement of the report ""truly regrettable.""",The Ministry has reacted by calling it really regrettable that Apple has not yet released a report.,9.392425050168402,37.34295768035955,eng_Latn," The ministry responded by calling Apple's postponement of the report ""truly regrettable.""",9.392425050168402,37.34295768035955,4.46875,6.53125,0.99609375
"Q: Le tremblement de terre a frappé les Mariannes à 7 h 19 heure locale (21 h 19 GMT vendredi).
A:",Le tremblement de terre a frappé les Mariannes à 7 h 19 heure locale (21 h 19 GMT vendredi).,The eathquake struck Mariana at 07:19 a.m. local time (09:19 p.m. GMT Friday).,The earthquake struck the Mariannes in 7 h 19 hours (21 h 19 GMT Friday) in France.,12.704578348554463,34.462373340527236,eng_Latn, The eathquake struck Mariana at 07:19 a.m. local time (09:19 p.m. GMT Friday).,12.704578348554463,34.462373340527236,7.3125,9.8125,0.37890625
"Q: Le Bureau de gestion des urgences des îles Mariannes du Nord a déclaré qu'aucun dégât n'avait été signalé dans ce pays.
A:",Le Bureau de gestion des urgences des îles Mariannes du Nord a déclaré qu'aucun dégât n'avait été signalé dans ce pays.,The Northern Marianas emergency management office said that there were no damages reported in the nation.,The Bureau of Emergency Medical Services of the Mariannes Islands of the Nord Islands have reported that no damage has been reported in this country.,3.639374222382003,37.18127921460659,eng_Latn, The Northern Marianas emergency management office said that there were no damages reported in the nation.,3.639374222382003,37.18127921460659,6.625,8.375,0.4375
"Q: De plus, le Centre d'alerte des tsunamis dans le Pacifique a déclaré qu'il n'y avait aucun signe de tsunami.
A:","De plus, le Centre d'alerte des tsunamis dans le Pacifique a déclaré qu'il n'y avait aucun signe de tsunami.",Also the Pacific Tsunami Warning Center said that there was no Tsunami indication.,The tsunami warning center in the Pacific has declared that there is no tsunami.,6.734850273596512,42.468960987587955,eng_Latn, Also the Pacific Tsunami Warning Center said that there was no Tsunami indication.,6.734850273596512,42.468960987587955,6.1875,5.25,0.61328125
"Q: Un ancien policier philippin a pris en otage des touristes de Hong Kong en détournant leur bus à Manille, la capitale des Philippines.
A:","Un ancien policier philippin a pris en otage des touristes de Hong Kong en détournant leur bus à Manille, la capitale des Philippines.","A former Filipino policeman has kept Hong Kong tourists hostage by hijacking their bus in Manila, the capital of the Philippines.","A former Philippine policeman took tourists to Hong Kong in a bus and diverted their bus to Manilla, the capital of the Philippines.",27.8556652304797,57.897375859875545,eng_Latn," A former Filipino policeman has kept Hong Kong tourists hostage by hijacking their bus in Manila, the capital of the Philippines.",27.8556652304797,57.897375859875545,9.875,9.75,0.453125
"Q: Rolando Mendoza tira avec son fusil M16 sur les touristes.
A:",Rolando Mendoza tira avec son fusil M16 sur les touristes.,Rolando Mendoza fired his M16 rifle at the tourists.,Rolando Mendoza shoots with his M16 rifle on the tourists.,50.243316187200534,68.9323898521096,eng_Latn, Rolando Mendoza fired his M16 rifle at the tourists.,50.243316187200534,68.9323898521096,3.34375,3.9375,0.99609375
"Q: Plusieurs otages ont été sauvés, et la mort d’au moins six d’entre eux a été confirmée jusqu’à présent.
A:","Plusieurs otages ont été sauvés, et la mort d’au moins six d’entre eux a été confirmée jusqu’à présent.",Several hostages have been rescued and least six have been confirmed dead so far.,"Several otages have been rescued, and the death of at least six of them has been confirmed so far. The death of at least six of them has been confirmed so far.",18.67302605998352,56.43014689706892,eng_Latn, Several hostages have been rescued and least six have been confirmed dead so far.,18.67302605998352,56.43014689706892,19.625,14.8125,0.08203125
"Q: Six otages, dont des enfants et des personnes âgées, ont été libérés prématurément, tout comme les photographes philippins.
A:","Six otages, dont des enfants et des personnes âgées, ont été libérés prématurément, tout comme les photographes philippins.","Six hostages, including the children and elderly, were released early, as were the Filipino photographers.","Six otages, not children and people aged, were released immediately, all of them were liberated immediately, and the photographers in the Philippines.",8.394562607762808,46.02235009441038,eng_Latn," Six hostages, including the children and elderly, were released early, as were the Filipino photographers.",8.394562607762808,46.02235009441038,14.9375,14.375,0.11962890625
"Q: Les photographes ont ensuite pris la place d'une dame âgée qui avait besoin d'aller aux toilettes. Mendoza a été abattue.
A:",Les photographes ont ensuite pris la place d'une dame âgée qui avait besoin d'aller aux toilettes. Mendoza a été abattue.,The photographers later took the place of an aged lady as she needed the lavatory. Mendoza was gunned down.,The photographers took the place of a woman who had to go to the toilet. Mendoza was abducted.,22.301098775189235,45.588405093809385,eng_Latn, The photographers later took the place of an aged lady as she needed the lavatory. Mendoza was gunned down.,22.301098775189235,45.588405093809385,11.6875,10.0625,0.5390625
"Q: Liggins a suivi les traces de son père et s'est lancé dans une carrière de médecin.
A:",Liggins a suivi les traces de son père et s'est lancé dans une carrière de médecin.,Liggins followed in his father’s footsteps and entered a career in medicine.,He followed his father and started a career as a doctor.,6.682025998431126,34.754695596765686,eng_Latn, Liggins followed in his father’s footsteps and entered a career in medicine.,6.682025998431126,34.754695596765686,6.0,7.0,0.7734375
"Q: Il a suivi une formation d'obstétricien, et a commencé à travailler au National Women's Hospital d'Auckland en 1959.
A:","Il a suivi une formation d'obstétricien, et a commencé à travailler au National Women's Hospital d'Auckland en 1959.",He trained as an obstetrician and began to work at the Auckland's National Women's Hospital in 1959.,"He has been a nurse, and he has worked in the hospital, and he has been a nurse, and he has worked in the hospital, and he has been a nurse.",1.4500372328365223,18.674620988686684,eng_Latn, He trained as an obstetrician and began to work at the Auckland's National Women's Hospital in 1959.,1.4500372328365223,18.674620988686684,23.75,22.625,-0.041259765625
"Q: Lorsqu'il travaillait à l'hôpital, Liggins a commencé à enquêter sur les accouchements prématurés pendant son temps libre.
A:","Lorsqu'il travaillait à l'hôpital, Liggins a commencé à enquêter sur les accouchements prématurés pendant son temps libre.",While he was working at the hospital Liggins began to investigate premature labor during his spare time.,Liggins began to investigate the birth control during his free time.,26.86021113084151,44.281898562657936,eng_Latn, While he was working at the hospital Liggins began to investigate premature labor during his spare time.,26.86021113084151,44.281898562657936,15.0,15.1875,0.361328125
"Q: Ses recherches ont démontré que si une hormone était administrée, elle accélérerait la maturation pulmonaire du bébé.
A:","Ses recherches ont démontré que si une hormone était administrée, elle accélérerait la maturation pulmonaire du bébé.",His research showed that if a hormone was administered it would speed up the baby's foetal lung maturation.,"The research showed that if a hormone was administered, it would accelerate the maturation of the lungs.",42.54127327439256,63.176686395699356,eng_Latn, His research showed that if a hormone was administered it would speed up the baby's foetal lung maturation.,42.54127327439256,63.176686395699356,3.390625,3.78125,0.65234375
"Q: L'agence Xinhua a rapporté que les enquêteurs du gouvernement ont récupéré deux enregistreurs de vol (ou « boîtes noires ») mercredi.
A:",L'agence Xinhua a rapporté que les enquêteurs du gouvernement ont récupéré deux enregistreurs de vol (ou « boîtes noires ») mercredi.,Xinhua reported that government investigators recovered two 'black box' flight recorders on Wednesday.,"The Xinhua agency reported that the government investigators have recovered two (or ""booths"") recorders (or ""booths"") on Wednesday.",15.485272821925566,60.73414368064083,eng_Latn, Xinhua reported that government investigators recovered two 'black box' flight recorders on Wednesday.,15.485272821925566,60.73414368064083,11.0625,10.4375,0.318359375
"Q: Les autres lutteurs ont également rendu hommage à Luna.
A:",Les autres lutteurs ont également rendu hommage à Luna.,Fellow wrestlers also paid tribute to Luna.,Luna has also made a special effort to honor Luna.,8.139165682360764,23.769535307727168,eng_Latn, Fellow wrestlers also paid tribute to Luna.,8.139165682360764,23.769535307727168,18.625,19.125,0.0115966796875
"Q: Tommy Dreamer a déclaré : « Luna a été la première reine de l'extrême. Mon premier manager. Luna est décédée la nuit de deux lunes. Un moment unique, tout comme elle. Une femme forte. »
A:","Tommy Dreamer a déclaré : « Luna a été la première reine de l'extrême. Mon premier manager. Luna est décédée la nuit de deux lunes. Un moment unique, tout comme elle. Une femme forte. »","Tommy Dreamer said ""Luna was the first Queen of Extreme. My first manager. Luna passed away on the night of two moons. Pretty unique just like her. Strong woman.""","Tommy Dreamer said: ""Luna was the first queen of the extreme. My first manager. Luna was the first queen of the extreme. My first manager. Luna is dead the night of two Mondays. A woman strong. My first manager. Luna was the first queen of the extreme. My first manager. Luna is dead the night of two Mondays. My first manager. Luna is dead the night of two Mondays. My first manager. Luna is dead the night of two Mondays. My first manager",14.160427291207549,42.89074936812088,eng_Latn," Tommy Dreamer said ""Luna was the first Queen of Extreme. My first manager. Luna passed away on the night of two moons. Pretty unique just like her. Strong woman.""",14.160427291207549,42.89074936812088,25.0,25.0,-0.0008544921875
"Q: Dustin « Goldust » Runnels a commenté que « Luna était aussi bizarre que moi… voire même encore plus… je l'aime et elle va me manquer… j'espère qu'elle repose dans un meilleur endroit. »
A:",Dustin « Goldust » Runnels a commenté que « Luna était aussi bizarre que moi… voire même encore plus… je l'aime et elle va me manquer… j'espère qu'elle repose dans un meilleur endroit. »,"Dustin ""Goldust"" Runnels commented that ""Luna was as freaky as me...maybe even more...love her and will miss her...hopefully she's in a better place.""","Dustin Goldust commented that Luna was also bizarre as well as me: ""Luna was also bizarre as well as me: ""Luna was also bizarre as well as me: ""Luna was also bizarre as well as me: ""Luna was also bizarre as well as me: ""Luna was also bizarre as well as me: ""Luna was also bizarre as well as me: ""Luna was also bizarre as well as me: ""Luna was also bizarre as well as me: ""Luna was also bizarre as",3.465276842701279,21.76449289920675,eng_Latn," Dustin ""Goldust"" Runnels commented that ""Luna was as freaky as me...maybe even more...love her and will miss her...hopefully she's in a better place.""",3.465276842701279,21.76449289920675,25.0,25.0,-0.02490234375
"Q: Un sondage effectué auprès de 1 400 personnes avant les élections fédérales de 2010 a révélé que le nombre d'opposants à la transformation de l'Australie en république avait augmenté de 8 % depuis 2008.
A:",Un sondage effectué auprès de 1 400 personnes avant les élections fédérales de 2010 a révélé que le nombre d'opposants à la transformation de l'Australie en république avait augmenté de 8 % depuis 2008.,"Out of 1,400 people polled prior to the 2010 federal election, those who oppose Australia becoming a republic grew by 8 per cent since 2008.",A survey conducted by 1 400 people before the federal elections of 2010 revealed that the number of opposition parties had increased by 8% since 2008.,3.5125536552755783,34.626332824125136,eng_Latn," Out of 1,400 people polled prior to the 2010 federal election, those who oppose Australia becoming a republic grew by 8 per cent since 2008.",3.5125536552755783,34.626332824125136,9.375,9.4375,0.6484375
"Q: La première ministre intérimaire Julia Gillard a déclaré pendant la campagne des élections fédérales de 2010 qu'elle pensait que l'Australie devrait devenir une république à la fin du règne de la reine Elizabeth II.
A:",La première ministre intérimaire Julia Gillard a déclaré pendant la campagne des élections fédérales de 2010 qu'elle pensait que l'Australie devrait devenir une république à la fin du règne de la reine Elizabeth II.,Caretaker Prime Minister Julia Gillard claimed during the campaign of the 2010 federal election that she believed Australia should become a republic at the end of Queen Elizabeth II's reign.,The first prime minister Julia Gillard said during the election campaign that she thought Australia would become a republic by the end of the election campaign.,10.433682292801516,49.55256253424883,eng_Latn, Caretaker Prime Minister Julia Gillard claimed during the campaign of the 2010 federal election that she believed Australia should become a republic at the end of Queen Elizabeth II's reign.,10.433682292801516,49.55256253424883,11.8125,12.375,0.1640625
"Q: 34 % des personnes interrogées partagent ce point de vue, et souhaitent que la reine Elizabeth II soit la dernière monarque à régner sur l'Australie.
A:","34 % des personnes interrogées partagent ce point de vue, et souhaitent que la reine Elizabeth II soit la dernière monarque à régner sur l'Australie.","34 per cent of those in the poll share this view, wanting Queen Elizabeth II to be Australia's last monarch.",34% of the people who were asked about this point of view believe that the Queen Elizabeth II will be the last monarch to rule on the Australian continent.,8.975099574265705,45.23377297954415,eng_Latn," 34 per cent of those in the poll share this view, wanting Queen Elizabeth II to be Australia's last monarch.",8.975099574265705,45.23377297954415,4.0625,4.25,0.8203125
"Q: Aux extrêmes du sondage, 29 % des personnes interrogées pensent que l'Australie devrait devenir une république le plus rapidement possible, tandis que 31 % pensent que l'Australie ne devrait jamais devenir une république.
A:","Aux extrêmes du sondage, 29 % des personnes interrogées pensent que l'Australie devrait devenir une république le plus rapidement possible, tandis que 31 % pensent que l'Australie ne devrait jamais devenir une république.","At the extremes of the poll, 29 per cent of those surveyed believe Australia should become a republic as soon as possible, while 31 per cent believe Australia should never become a republic.","The 29% of the people who were asked about the Australian should become a republic sooner than it should become a republic, while 31% of the people who were asked about the Australian should become a republic sooner than it should become a republic, while 31% of the people who were asked about the Australian should become a republic sooner than it should become a republic, while 31% of the people who were asked about the Australian should become a republic sooner than it should",5.1109109584312815,35.36878753917878,eng_Latn," At the extremes of the poll, 29 per cent of those surveyed believe Australia should become a republic as soon as possible, while 31 per cent believe Australia should never become a republic.",5.1109109584312815,35.36878753917878,24.0,22.875,-0.01519775390625
"Q: Le médaillé d'or olympique devait nager au 100 m et au 200 m nage libre et dans trois relais aux Jeux du Commonwealth, mais en raison de ses plaintes, sa condition physique a été mise en doute.
A:","Le médaillé d'or olympique devait nager au 100 m et au 200 m nage libre et dans trois relais aux Jeux du Commonwealth, mais en raison de ses plaintes, sa condition physique a été mise en doute.","The Olympic gold medalist was due to swim in the 100m and 200m freestyle and in three relays at the Commonwealth Games, but due to his complaints his fitness has been in doubt.","The Olympic gold medal was supposed to be nosedive at the 100 m and 200 m freestyle and in three relays, but due to his complaints, his condition was questioned.",40.08404511808545,57.85930135690347,eng_Latn," The Olympic gold medalist was due to swim in the 100m and 200m freestyle and in three relays at the Commonwealth Games, but due to his complaints his fitness has been in doubt.",40.08404511808545,57.85930135690347,12.4375,11.3125,0.53125
"Q: Il n'a pas pu prendre les médicaments nécessaires pour surmonter sa douleur, ceux-ci étant interdits au sein des Jeux.
A:","Il n'a pas pu prendre les médicaments nécessaires pour surmonter sa douleur, ceux-ci étant interdits au sein des Jeux.",He has been unable to take the drugs needed to overcome his pain as they are banned from the Games.,"He didn't have the medication necessary for the pain to overcome, those were not allowed in the Games.",10.90009697802911,32.29261782739943,eng_Latn, He has been unable to take the drugs needed to overcome his pain as they are banned from the Games.,10.90009697802911,32.29261782739943,6.0,6.03125,0.88671875
"Q: Curtis Cooper, mathématicien et professeur d'informatique à la University of Central Missouri, a découvert le 25 janvier le plus grand nombre premier connu à ce jour.
A:","Curtis Cooper, mathématicien et professeur d'informatique à la University of Central Missouri, a découvert le 25 janvier le plus grand nombre premier connu à ce jour.","Curtis Cooper, a mathematician and computer science professor at the University of Central Missouri, has discovered the largest known prime number to date on January 25.","Curtis Cooper, mathématicien et professor of mathematics at the University of Central Missouri, discovered the most famous number first known to date.",28.89297444995452,57.13059201956804,eng_Latn," Curtis Cooper, a mathematician and computer science professor at the University of Central Missouri, has discovered the largest known prime number to date on January 25.",28.89297444995452,57.13059201956804,14.75,15.5625,0.0625
"Q: Plusieurs personnes ont vérifié la découverte à l'aide de différents matériels et logiciels au début du mois de février, et elle a été annoncée mardi.
A:","Plusieurs personnes ont vérifié la découverte à l'aide de différents matériels et logiciels au début du mois de février, et elle a été annoncée mardi.",Several people verified the discovery using different hardware and software by the beginning of February and it was announced on Tuesday.,"Several people have checked the discovery at the beginning of February, and it has been announced that the discovery has been confirmed by the beginning of February, and it has been announced that the discovery has been confirmed by the beginning of February.",12.447904522984011,45.846871179711286,eng_Latn, Several people verified the discovery using different hardware and software by the beginning of February and it was announced on Tuesday.,12.447904522984011,45.846871179711286,10.0,9.9375,-0.002227783203125
"Q: Les comètes ont peut-être été une source d'approvisionnement en eau pour la terre, ainsi qu'en matière organique qui peut former des protéines et favoriser la vie.
A:","Les comètes ont peut-être été une source d'approvisionnement en eau pour la terre, ainsi qu'en matière organique qui peut former des protéines et favoriser la vie.",Comets may possibly have been a source of water delivery to the earth along with organic matter that can form proteins and support life.,"The comets may have been a source of water for the earth, as well as organic matter that can form a protein and promote life.",35.218565358232354,58.652339901867876,eng_Latn, Comets may possibly have been a source of water delivery to the earth along with organic matter that can form proteins and support life.,35.218565358232354,58.652339901867876,2.265625,2.65625,0.9609375
"Q: Les scientifiques espèrent comprendre comment les planètes se forment, et plus particulièrement comment la Terre s'est formée, puisque des comètes sont entrées en collision avec elle il y a longtemps.
A:","Les scientifiques espèrent comprendre comment les planètes se forment, et plus particulièrement comment la Terre s'est formée, puisque des comètes sont entrées en collision avec elle il y a longtemps.","Scientists hope to understand how planets form, especially how the Earth formed, since comets collided with the Earth long ago.","Scientists are hoping to understand how the planets form, and more specifically how the Earth formed, because the scientists are hoping to understand how the Earth formed, and more specifically how the Earth formed, because the scientists are hoping to understand how the Earth formed, and more specifically how the Earth formed.",11.81092941327831,45.75151650002493,eng_Latn," Scientists hope to understand how planets form, especially how the Earth formed, since comets collided with the Earth long ago.",11.81092941327831,45.75151650002493,19.25,20.0,-0.00762939453125
"Q: Cuomo, 53 ans, a commencé son mandat de gouverneur au début de cette année et a signé le mois dernier un projet de loi légalisant le mariage entre personnes du même sexe.
A:","Cuomo, 53 ans, a commencé son mandat de gouverneur au début de cette année et a signé le mois dernier un projet de loi légalisant le mariage entre personnes du même sexe.","Cuomo, 53, began his governorship earlier this year and signed a bill last month legalizing same-sex marriage.","Cuomo, 53, started his campaign in the spring of this year and signed a bill last year and has signed it this year.",32.685141385924574,45.851881533813476,eng_Latn," Cuomo, 53, began his governorship earlier this year and signed a bill last month legalizing same-sex marriage.",32.685141385924574,45.851881533813476,15.6875,14.25,0.057373046875
"Q: Il a qualifié les rumeurs de « bavardages et de bêtises politiques ».
A:",Il a qualifié les rumeurs de « bavardages et de bêtises politiques ».,"He referred to the rumors as ""political chatter and silliness"".",He has called the rumors of “bavardages and biddings” and he has called them “biddings and biddings.”,4.906081629292278,23.944652083393365,eng_Latn," He referred to the rumors as ""political chatter and silliness"".",4.906081629292278,23.944652083393365,15.6875,15.75,0.03857421875
"Q: On pense qu'il se présentera à la présidence en 2016.
A:",On pense qu'il se présentera à la présidence en 2016.,He is speculated to make a run for president in 2016.,He will be on the ballot in 2016.,7.561318691530973,21.923427000833144,eng_Latn, He is speculated to make a run for president in 2016.,7.561318691530973,21.923427000833144,12.125,12.8125,-0.00555419921875
"Q: D’après la FAA, NextGen est un système qui permettrait aux appareils de voler sur des distances plus courtes et d’économiser des millions de gallons de carburant chaque année, limitant les émissions de carbone.
A:","D’après la FAA, NextGen est un système qui permettrait aux appareils de voler sur des distances plus courtes et d’économiser des millions de gallons de carburant chaque année, limitant les émissions de carbone.",NextGen is a system the FAA claims would allow aircraft to fly shorter routes and save millions of gallons of fuel each year and cut carbon emissions.,"According to the FAA, NextGen is a system that would allow aircraft to fly on longer distances and save millions of gallons of fuel each year, limiting emissions of carbon.",46.31415628618106,71.21372230485558,eng_Latn, NextGen is a system the FAA claims would allow aircraft to fly shorter routes and save millions of gallons of fuel each year and cut carbon emissions.,46.31415628618106,71.21372230485558,6.875,7.03125,0.8046875
"Q: Il repose sur les technologies satellitaires, et non sur les systèmes radars au sol utilisés auparavant, ce qui permet aux contrôleurs aériens de localiser les avions avec davantage de précision et de fournir aux pilotes des informations plus détaillées.
A:","Il repose sur les technologies satellitaires, et non sur les systèmes radars au sol utilisés auparavant, ce qui permet aux contrôleurs aériens de localiser les avions avec davantage de précision et de fournir aux pilotes des informations plus détaillées.",It uses satellite-based technology as opposed to older ground-radar-based technology to allow air traffic controllers to pinpoint aircraft with greater precision and give pilots more accurate information.,"The satellite navigation systems, and not the radar systems used before, this allows the aircraft to locate the aircraft with more precision and provides the pilots with more detailed information.",6.082112528781185,33.37509611708567,eng_Latn, It uses satellite-based technology as opposed to older ground-radar-based technology to allow air traffic controllers to pinpoint aircraft with greater precision and give pilots more accurate information.,6.082112528781185,33.37509611708567,8.3125,8.0,0.494140625
"Q: Le transport supplémentaire est inexistant et les trains de surface ne s’arrêteront pas à Wembley, et les parkings et parcs relais ne sont pas disponibles au sol.
A:","Le transport supplémentaire est inexistant et les trains de surface ne s’arrêteront pas à Wembley, et les parkings et parcs relais ne sont pas disponibles au sol.","No extra transport is being put on and overground trains will not stop at Wembley, and car parking and park-and-ride facilities are unavailable at the ground.",The extra train is not available and the trains of surface are not available at Wembley Stadium and parking lots are not available at Wembley Stadium.,8.867329431455918,32.40178261997247,eng_Latn," No extra transport is being put on and overground trains will not stop at Wembley, and car parking and park-and-ride facilities are unavailable at the ground.",8.867329431455918,32.40178261997247,9.0625,9.375,0.52734375
"Q: La peur du manque de transport a engendré la possibilité que le match puisse se jouer à huis clos, sans les supporters des équipes.
A:","La peur du manque de transport a engendré la possibilité que le match puisse se jouer à huis clos, sans les supporters des équipes.",Fears of lack of transportation raised the possibility that the game would be forced to play behind closed doors without the team's supporters.,"The fear of not being able to travel has led to the possibility that the match could be played at home, without the supporters of the teams.",13.51575749048951,42.53358041196389,eng_Latn, Fears of lack of transportation raised the possibility that the game would be forced to play behind closed doors without the team's supporters.,13.51575749048951,42.53358041196389,7.15625,7.3125,0.91015625
"Q: Une étude publiée jeudi dans la revue Science a fait état de la genèse d'une nouvelle espèce d'oiseau dans les îles Galápagos équatoriennes.
A:",Une étude publiée jeudi dans la revue Science a fait état de la genèse d'une nouvelle espèce d'oiseau dans les îles Galápagos équatoriennes.,A study published on Thursday in the journal Science reported on formation of a new bird species on the Ecuadorean Galápagos Islands.,A study published in the journal Science has shown that a new species of bird has been discovered in the Galápagos Islands.,29.66997990617886,53.77647143169805,eng_Latn, A study published on Thursday in the journal Science reported on formation of a new bird species on the Ecuadorean Galápagos Islands.,29.66997990617886,53.77647143169805,4.34375,4.46875,0.68359375
"Q: Des chercheurs de l'université de Princeton aux États-Unis et de l'université d'Uppsala en Suède ont indiqué que la nouvelle espèce avait évolué en seulement deux générations, bien que ce processus ait été estimé beaucoup plus long, suite à la reproduction entre un pinson de Darwin endémique, Geospiza fortis, et le pinson immigrant à bec conique, Geospiza conirostris.
A:","Des chercheurs de l'université de Princeton aux États-Unis et de l'université d'Uppsala en Suède ont indiqué que la nouvelle espèce avait évolué en seulement deux générations, bien que ce processus ait été estimé beaucoup plus long, suite à la reproduction entre un pinson de Darwin endémique, Geospiza fortis, et le pinson immigrant à bec conique, Geospiza conirostris.","Researchers from Princeton University in the United States and Uppsala University in Sweden reported the new species evolved in just two generations, though this process had been believed to take much longer, due to breeding between an endemic Darwin finch, Geospiza fortes, and the immigrant cactus finch, Geospiza conirostris.","The researchers from the University of Princeton and Uppsala in Sweden have said that the new species has evolved in only two generations, but this process has been estimated to have been much longer, due to the reproduction between a Darwinian finch and a migrant finch, Geospiza fortis, and the immigrant finch, Geospiza conirostris, have been estimated to have been much longer.",32.4373047498525,59.798012957761124,eng_Latn," Researchers from Princeton University in the United States and Uppsala University in Sweden reported the new species evolved in just two generations, though this process had been believed to take much longer, due to breeding between an endemic Darwin finch, Geospiza fortes, and the immigrant cactus finch, Geospiza conirostris.",32.4373047498525,59.798012957761124,11.1875,10.9375,0.46875
"Q: On peut façonner l'or de beaucoup de manières. Il peut être roulé en minuscules pièces
A:",On peut façonner l'or de beaucoup de manières. Il peut être roulé en minuscules pièces,Gold may be worked into all sorts of shapes. It can be rolled into tiny shapes.,It can be made of many ways. It can be rolled in small pieces.,23.236339815861005,35.09251688651068,eng_Latn, Gold may be worked into all sorts of shapes. It can be rolled into tiny shapes.,23.236339815861005,35.09251688651068,12.125,13.0625,0.66015625
"Q: Il peut être tiré en fil fin, qui peut être tordu et tressé. Il peut être martelé ou laminé en feuilles.
A:","Il peut être tiré en fil fin, qui peut être tordu et tressé. Il peut être martelé ou laminé en feuilles.","It can be pulled into thin wire, which can be twisted and plaited. It can be hammered or rolled into sheets.","It can be cut into pieces, which can be cut into pieces, which can be cut into pieces, which can be cut into pieces, which can be cut into pieces, which can be cut into pieces, which can be cut into pieces, which can be cut into pieces, which can be cut into pieces, which can be cut into pieces, which can be cut into pieces, which can be cut into pieces, which can be cut into pieces, which can be cut into pieces, which can",3.8085358362754786,19.41099968110061,eng_Latn," It can be pulled into thin wire, which can be twisted and plaited. It can be hammered or rolled into sheets.",3.8085358362754786,19.41099968110061,22.125,25.0,-0.030029296875
"Q: Il peut être fait très fin, et collé sur un autre métal. Il peut être si fin qu'il a parfois été utilisé pour décorer les images peintes à la main dans les livres appelés « manuscrits enluminés ».
A:","Il peut être fait très fin, et collé sur un autre métal. Il peut être si fin qu'il a parfois été utilisé pour décorer les images peintes à la main dans les livres appelés « manuscrits enluminés ».","It can be made very thin, and stuck onto other metal. It can be made so thin that it was sometimes used to decorate the hand-painted pictures in books called ""illuminated manuscripts"".","It can be made very thin, and it can be used to decorate the images painted on the paper called “manuscripts” in the book called “manuscripts” in the book called “manuscripts”.",22.24185221161049,45.57392925921502,eng_Latn," It can be made very thin, and stuck onto other metal. It can be made so thin that it was sometimes used to decorate the hand-painted pictures in books called ""illuminated manuscripts"".",22.24185221161049,45.57392925921502,11.6875,11.0625,0.00604248046875
"Q: C'est ce qu'on appelle le pH d'un produit chimique. Vous pouvez fabriquer un indicateur en utilisant du jus de chou rouge.
A:",C'est ce qu'on appelle le pH d'un produit chimique. Vous pouvez fabriquer un indicateur en utilisant du jus de chou rouge.,This is called a chemical's pH. You can make an indicator using red cabbage juice.,It's called the pH of a chemical. You can make a pH indicator using a juice of lemon.,18.747025716022485,52.16580482679731,eng_Latn, This is called a chemical's pH. You can make an indicator using red cabbage juice.,18.747025716022485,52.16580482679731,7.75,11.8125,0.72265625
"Q: Le jus de chou change de couleur en fonction de l’acidité ou de la basicité (alcalinité) du produit chimique.
A:",Le jus de chou change de couleur en fonction de l’acidité ou de la basicité (alcalinité) du produit chimique.,The cabbage juice changes color depending on how acidic or basic (alkaline) the chemical is.,The juice of lemon changes color depending on the acidity or basicity (alcalinity) of the product.,19.696330878717085,46.863503236995754,eng_Latn, The cabbage juice changes color depending on how acidic or basic (alkaline) the chemical is.,19.696330878717085,46.863503236995754,11.0625,13.125,0.765625
"Q: Le niveau de pH est indiqué par la quantité d'ions d'hydrogène (le H dans le pH) présents dans le produit chimique testé.
A:",Le niveau de pH est indiqué par la quantité d'ions d'hydrogène (le H dans le pH) présents dans le produit chimique testé.,The pH level is indicated by the amount of Hydrogen (the H in pH) ions in the tested chemical.,The pH level is indicated by the amount of hydrogen ions (H) present in the product.,42.95026035913926,58.1703182000547,eng_Latn, The pH level is indicated by the amount of Hydrogen (the H in pH) ions in the tested chemical.,42.95026035913926,58.1703182000547,1.8828125,2.046875,0.70703125
"Q: Les ions d'hydrogène sont des protons qui ont été dépouillés de leur électron (puisque les atomes d'hydrogène sont constitués d'un proton et d'un électron).
A:",Les ions d'hydrogène sont des protons qui ont été dépouillés de leur électron (puisque les atomes d'hydrogène sont constitués d'un proton et d'un électron).,Hydrogen ions are protons that had their electrons stripped off them (since Hydrogen atoms consist of one proton and one electron).,The ions of hydrogen are protons that have been removed from their electrons (since the electrons are composed of a proton and an electron).,19.10231131733743,51.36158670514257,eng_Latn, Hydrogen ions are protons that had their electrons stripped off them (since Hydrogen atoms consist of one proton and one electron).,19.10231131733743,51.36158670514257,10.75,10.8125,0.84375
"Q: Mélangez les deux poudres sèches ensemble, puis, avec les mains propres et humides, pressez-les en une boule.
A:","Mélangez les deux poudres sèches ensemble, puis, avec les mains propres et humides, pressez-les en une boule.","Swirl the two dry powders together and then, with clean wet hands, squeeze them into a ball.","Mix the two wet powders together, then, with your hands, pour a dry powder, and press them into a ball.",26.613685332453084,59.4496937821897,eng_Latn," Swirl the two dry powders together and then, with clean wet hands, squeeze them into a ball.",26.613685332453084,59.4496937821897,9.0625,9.3125,0.328125
"Q: L'humidité sur vos mains va réagir avec les couches extérieures, ce qui induira une sensation étrange et produira une sorte de coquille.
A:","L'humidité sur vos mains va réagir avec les couches extérieures, ce qui induira une sensation étrange et produira une sorte de coquille.","The moisture on your hands will react with the outer layers, which will feel funny and form a sort of shell.","The moisture on your hands will react with the external layers, which will cause a strange and unpleasant sensation and will produce a kind of coquille.",39.26394826737288,59.356574878847354,eng_Latn," The moisture on your hands will react with the outer layers, which will feel funny and form a sort of shell.",39.26394826737288,59.356574878847354,5.46875,4.75,0.7890625
"Q: Les villes de Harappa et Mohenjo-daro avaient des toilettes équipées d’une chasse d’eau dans presque toutes les maisons, reliées à un système d’égouts sophistiqué.
A:","Les villes de Harappa et Mohenjo-daro avaient des toilettes équipées d’une chasse d’eau dans presque toutes les maisons, reliées à un système d’égouts sophistiqué.","The cities of Harappa and Mohenjo-daro had a flush toilet in almost every house, attached to a sophisticated sewage system.","The cities of Harappa and Mohenjo-daro had a well-equipped toilet in almost all houses, connected to a sophisticated system of toilets.",54.394404264856604,67.64037677745269,eng_Latn," The cities of Harappa and Mohenjo-daro had a flush toilet in almost every house, attached to a sophisticated sewage system.",54.394404264856604,67.64037677745269,6.625,7.125,0.796875
"Q: Des restes de systèmes d'égouts ont été trouvés dans les maisons des villes minoennes de Crète et de Santorin en Grèce.
A:",Des restes de systèmes d'égouts ont été trouvés dans les maisons des villes minoennes de Crète et de Santorin en Grèce.,Remains of sewage systems have been found in the houses of the Minoan cities of Crete and Santorini in Greece.,The rest of the systems of systems have been found in the cities of Crete and Santorini in Greece.,54.809988158544144,70.89301309738507,eng_Latn, Remains of sewage systems have been found in the houses of the Minoan cities of Crete and Santorini in Greece.,54.809988158544144,70.89301309738507,13.4375,12.875,0.1640625
"Q: Il y avait également des toilettes dans l'Égypte ancienne, en Perse et en Chine. Dans la civilisation romaine, les toilettes faisaient parfois partie des bains publics où hommes et femmes se côtoyaient.
A:","Il y avait également des toilettes dans l'Égypte ancienne, en Perse et en Chine. Dans la civilisation romaine, les toilettes faisaient parfois partie des bains publics où hommes et femmes se côtoyaient.","There were also toilets in ancient Egypt, Persia and China. In Roman civilization, toilets were sometimes part of public bath houses where men and women were together in mixed company.","The toilets in ancient Egypt were also common in ancient Egypt, in Perse and in China. In the Roman civilization, toilets were sometimes part of the public baths where men and women met.",43.44487460702228,66.75550817851604,eng_Latn," There were also toilets in ancient Egypt, Persia and China. In Roman civilization, toilets were sometimes part of public bath houses where men and women were together in mixed company.",43.44487460702228,66.75550817851604,7.34375,7.28125,0.625
"Q: Lorsque vous appelez une personne qui se trouve à des milliers de kilomètres, vous utilisez un satellite.
A:","Lorsque vous appelez une personne qui se trouve à des milliers de kilomètres, vous utilisez un satellite.","When you call someone who is thousands of miles away, you are using a satellite.","When you call someone who is located in the country, you use a satellite.",39.16782180122755,56.16654596945819,eng_Latn," When you call someone who is thousands of miles away, you are using a satellite.",39.16782180122755,56.16654596945819,14.5625,13.75,0.34375
"Q: Le satellite reçoit l'appel dans l'espace puis le renvoie sur Terre, presque instantanément.
A:","Le satellite reçoit l'appel dans l'espace puis le renvoie sur Terre, presque instantanément.","The satellite in space gets the call and then reflects it back down, almost instantly.","The satellite receives an emergency call in the air and returns to Earth, almost instantly.",23.08087288583725,45.60155420969904,eng_Latn," The satellite in space gets the call and then reflects it back down, almost instantly.",23.08087288583725,45.60155420969904,6.0,6.90625,0.72265625
"Q: Le satellite a été envoyé dans l'espace par une fusée. Les scientifiques utilisent des télescopes dans l'espace parce que l'atmosphère terrestre déforme une partie de notre lumière et de notre vision.
A:",Le satellite a été envoyé dans l'espace par une fusée. Les scientifiques utilisent des télescopes dans l'espace parce que l'atmosphère terrestre déforme une partie de notre lumière et de notre vision.,The satellite was sent into space by a rocket. Scientists use telescopes in space because the Earth’s atmosphere distorts some of our light and view.,The satellite was sent into space by a satellite. Scientists use telescopes in space because the atmosphere is changing because the Earth's atmosphere is changing.,53.95216519673754,65.98017034747896,eng_Latn, The satellite was sent into space by a rocket. Scientists use telescopes in space because the Earth’s atmosphere distorts some of our light and view.,53.95216519673754,65.98017034747896,14.375,11.9375,0.15234375
"Q: Il faut une fusée géante de plus de 30 mètres de haut pour mettre un satellite ou un télescope dans l’espace.
A:",Il faut une fusée géante de plus de 30 mètres de haut pour mettre un satellite ou un télescope dans l’espace.,It takes a giant rocket over a 100 feet high to put a satellite or telescope in space.,The satellite or telescope that is larger than 30 meters of height is required to put a satellite or telescope into space.,23.386786214190373,46.54119176662897,eng_Latn, It takes a giant rocket over a 100 feet high to put a satellite or telescope in space.,23.386786214190373,46.54119176662897,13.1875,12.75,0.361328125
"Q: La roue a changé le monde de bien des manières. Le plus grand avantage qu'elle nous ait apporté est d'avoir rendu les transports beaucoup plus simples et rapides.
A:",La roue a changé le monde de bien des manières. Le plus grand avantage qu'elle nous ait apporté est d'avoir rendu les transports beaucoup plus simples et rapides.,The wheel has changed the world in incredible ways. The biggest thing that the wheel has done for us is given us much easier and faster transportation.,"The wheel has changed the world of things, it has made the transport much more simple and quick.",16.18433663809669,35.098161148030364,eng_Latn, The wheel has changed the world in incredible ways. The biggest thing that the wheel has done for us is given us much easier and faster transportation.,16.18433663809669,35.098161148030364,5.5625,6.21875,0.640625
"Q: Cela nous a apporté le train, la voiture et de nombreux autres moyens de transport.
A:","Cela nous a apporté le train, la voiture et de nombreux autres moyens de transport.","It has brought us the train, the car, and many other transportation devices.","It has brought us the train, car it has brought us many other ways of transport.",38.8905561152711,57.79576243891893,eng_Latn," It has brought us the train, the car, and many other transportation devices.",38.8905561152711,57.79576243891893,13.0625,7.53125,0.515625
"Q: En dessous se trouvent des félins de taille plus moyenne qui mangent des proies de taille également moyenne, allant des lapins aux antilopes et autres chevreuils.
A:","En dessous se trouvent des félins de taille plus moyenne qui mangent des proies de taille également moyenne, allant des lapins aux antilopes et autres chevreuils.",Under them are more medium sized cats that eat medium sized prey ranging from rabbits to antelopes and deer.,"The below are small animals that eat small proies that are also small, ranging from lapins to antilopes and other chevrons.",9.23806317622409,31.95194073164004,eng_Latn, Under them are more medium sized cats that eat medium sized prey ranging from rabbits to antelopes and deer.,9.23806317622409,31.95194073164004,15.0625,16.25,0.3671875
"Q: En outre, il existe de nombreux petits chats (y compris les chats de compagnie en liberté) qui mangent les petites proies, bien plus nombreuses, comme les insectes, les rongeurs, les lézards et les oiseaux.
A:","En outre, il existe de nombreux petits chats (y compris les chats de compagnie en liberté) qui mangent les petites proies, bien plus nombreuses, comme les insectes, les rongeurs, les lézards et les oiseaux.","Finally, there are many small cats (including loose pet cats) that eat the far more numerous small prey like insects, rodents, lizards, and birds.","There are many small animals (including small animals) that eat the small animals, including insects, lizards, frogs and birds.",21.349456573715504,49.564264094685136,eng_Latn," Finally, there are many small cats (including loose pet cats) that eat the far more numerous small prey like insects, rodents, lizards, and birds.",21.349456573715504,49.564264094685136,12.8125,12.5625,0.314453125
"Q: Le secret de leur réussite est le concept de niche, une tâche spéciale dévolue à chaque félin, l'empêchant d'entrer en compétition avec les autres.
A:","Le secret de leur réussite est le concept de niche, une tâche spéciale dévolue à chaque félin, l'empêchant d'entrer en compétition avec les autres.","The secret to their success is the concept of the niche, a special job each cat holds that keeps it from competing with others.","The secret of their success is the concept of niche, a task dedicated to each, the ability to enter competition with other, the ability to enter competition with other.",21.02754594063182,50.898103984520745,eng_Latn," The secret to their success is the concept of the niche, a special job each cat holds that keeps it from competing with others.",21.02754594063182,50.898103984520745,18.875,17.125,0.08154296875
"Q: Les lions sont les chats les plus sociables, vivant en grands groupes appelés meutes.
A:","Les lions sont les chats les plus sociables, vivant en grands groupes appelés meutes.","Lions are the most social cats, living in large groups called prides.","Les lions are the most sociable cats, living in groups called meutes.",37.42031646082126,66.02593871586997,eng_Latn," Lions are the most social cats, living in large groups called prides.",37.42031646082126,66.02593871586997,11.875,11.5625,0.38671875
"Q: Les meutes sont composées d’un à trois mâles adultes apparentés, ainsi que d’une trentaine de femelles et de lionceaux.
A:","Les meutes sont composées d’un à trois mâles adultes apparentés, ainsi que d’une trentaine de femelles et de lionceaux.","Prides are made up of one to three related adult males, along with as many as thirty females and cubs.","Les meutes are composed of a three-male adult, and a number of females and lions are present, as well as a number of males and lions.",8.375502143604033,30.232581784882317,eng_Latn," Prides are made up of one to three related adult males, along with as many as thirty females and cubs.",8.375502143604033,30.232581784882317,18.0,18.0,0.0031585693359375
"Q: Les femmes sont généralement très proches les unes des autres, leur famille étant composée d'un grand nombre de sœurs et de filles.
A:","Les femmes sont généralement très proches les unes des autres, leur famille étant composée d'un grand nombre de sœurs et de filles.","The females are usually closely related to each other, being a large family of sisters and daughters.","Women are generally very close to each other, their family is composed of a large number of sisters and daughters.",39.17196589390866,54.223456070643216,eng_Latn," The females are usually closely related to each other, being a large family of sisters and daughters.",39.17196589390866,54.223456070643216,1.875,2.8125,0.97265625
"Q: Les troupes de lions agissent comme des meutes de loups ou de chiens, des animaux étonnamment semblables aux lions (mais pas aux autres grands félins) dans leur comportement, et aussi très mortels pour leurs proies.
A:","Les troupes de lions agissent comme des meutes de loups ou de chiens, des animaux étonnamment semblables aux lions (mais pas aux autres grands félins) dans leur comportement, et aussi très mortels pour leurs proies.","Lion prides act much like packs of wolves or dogs, animals surprisingly similar to lions (but not other big cats) in behavior, and also very deadly to their prey.","The lions of lions are like meutes of lions, and they are very similar to lions (but not to other big cats) in their behavior, and they are very cruel to their prey, and they are very deadly to their prey.",32.932042002403016,53.75606365669333,eng_Latn," Lion prides act much like packs of wolves or dogs, animals surprisingly similar to lions (but not other big cats) in behavior, and also very deadly to their prey.",32.932042002403016,53.75606365669333,12.6875,14.125,0.046630859375
"Q: Athlète équilibré, le tigre peut grimper (mais parfois difficilement), nager, sauter de grandes distances et tracter avec cinq fois la force d'un humain puissant.
A:","Athlète équilibré, le tigre peut grimper (mais parfois difficilement), nager, sauter de grandes distances et tracter avec cinq fois la force d'un humain puissant.","A well rounded athlete, the tiger can climb (though not well), swim, leap great distances and pull with five times the force of a strong human.","The tiger is balanced, the tiger can climb (but sometimes difficult), swim, jump, and run with five times the force of a human powerful, can climb, jump, and run with five times the force of a human powerful.",26.899776788939434,45.7588812444226,eng_Latn," A well rounded athlete, the tiger can climb (though not well), swim, leap great distances and pull with five times the force of a strong human.",26.899776788939434,45.7588812444226,16.125,19.25,0.15625
"Q: Le tigre fait partie de la même famille (genre Panthera) que les lions, les léopards et les jaguars. Ces quatre félins sont les seuls capables de rugir.
A:","Le tigre fait partie de la même famille (genre Panthera) que les lions, les léopards et les jaguars. Ces quatre félins sont les seuls capables de rugir.","The tiger is in the same group (Genus Panthera) as lions, leopards, and jaguars. These four cats are the only ones who can roar.","The tiger is a member of the same family (genus Panthera) that includes lions, leopards, jaguars and leopards. These four animals are the only ones capable of ruging.",35.15219320867289,59.7940694914797,eng_Latn," The tiger is in the same group (Genus Panthera) as lions, leopards, and jaguars. These four cats are the only ones who can roar.",35.15219320867289,59.7940694914797,6.65625,7.96875,0.9453125
"Q: Le rugissement du tigre ne ressemble pas au rugissement ample du lion, mais plutôt à une phrase dont les mots seraient des cris et des grondements.
A:","Le rugissement du tigre ne ressemble pas au rugissement ample du lion, mais plutôt à une phrase dont les mots seraient des cris et des grondements.","The tiger's roar is not like the full-voiced roar of a lion, but more like a sentence of snarly, shouted words.","The tiger's roar does not resemble the roar of the lion, but rather a phrase that sounds like a lion's roar.",25.880858490185155,39.49284760720836,eng_Latn," The tiger's roar is not like the full-voiced roar of a lion, but more like a sentence of snarly, shouted words.",25.880858490185155,39.49284760720836,7.84375,6.875,0.6484375
"Q: Les ocelots sont friands de petits animaux. Ils attrapent des singes, des serpents, des rongeurs et des oiseaux s'ils le peuvent. Presque tous les animaux que l'ocelot chasse sont bien plus petits que lui.
A:","Les ocelots sont friands de petits animaux. Ils attrapent des singes, des serpents, des rongeurs et des oiseaux s'ils le peuvent. Presque tous les animaux que l'ocelot chasse sont bien plus petits que lui.","Ocelots like to eat small animals. They will catch monkeys, snakes, rodents and birds if they can. Almost all of the animals that the ocelot hunts are far smaller than it is.","Les ocelots are fonders of small animals. They catch small animals like snakes, scorpions, spiders and birds if they can. They are fonders of small animals like snakes, scorpions, spiders and birds if they can.",17.478688832964668,43.208001502138075,eng_Latn," Ocelots like to eat small animals. They will catch monkeys, snakes, rodents and birds if they can. Almost all of the animals that the ocelot hunts are far smaller than it is.",17.478688832964668,43.208001502138075,20.125,21.875,0.028564453125
"Q: Selon les scientifiques, les ocelots traquent et trouvent les animaux à manger (proies) par l'odorat, en reniflant leur trajet sur le sol.
A:","Selon les scientifiques, les ocelots traquent et trouvent les animaux à manger (proies) par l'odorat, en reniflant leur trajet sur le sol.","Scientists think that ocelots follow and find animals to eat (prey) by smell, sniffing for where they've been on the ground.","According to scientists, ocelots hunt and find the animals by smelling them (proie) and they find them by smelling them.",7.025132550989133,33.503491144749404,eng_Latn," Scientists think that ocelots follow and find animals to eat (prey) by smell, sniffing for where they've been on the ground.",7.025132550989133,33.503491144749404,14.4375,11.6875,0.39453125
"Q: Ils voient très bien dans l'obscurité grâce à leur vision nocturne, et se déplacent aussi très furtivement. Les ocelots traquent leurs proies en se fondant dans leur environnement avant de se jeter sur elles.
A:","Ils voient très bien dans l'obscurité grâce à leur vision nocturne, et se déplacent aussi très furtivement. Les ocelots traquent leurs proies en se fondant dans leur environnement avant de se jeter sur elles.","They can see very well in the dark with night vision, and move very stealthily, too. Ocelots hunt their prey by blending in with their surroundings then pouncing on their prey.","They see very well in the dark thanks to their night vision, and they move very furtively. They travel very furtively and they are very stealthy.",20.062560620400628,40.20979874327584,eng_Latn," They can see very well in the dark with night vision, and move very stealthily, too. Ocelots hunt their prey by blending in with their surroundings then pouncing on their prey.",20.062560620400628,40.20979874327584,7.84375,7.6875,0.5625
"Q: Lorsqu’un petit groupe d’êtres vivants (une petite population) est séparé de la population principale dont il est issu (par exemple, s’il se déplace au-dessus d’une chaîne de montagnes ou d’une rivière, ou s’il se déplace vers une nouvelle île de sorte qu’il ne peut pas facilement revenir en arrière), il se retrouve souvent dans un environnement différent de celui dans lequel il était auparavant.
A:","Lorsqu’un petit groupe d’êtres vivants (une petite population) est séparé de la population principale dont il est issu (par exemple, s’il se déplace au-dessus d’une chaîne de montagnes ou d’une rivière, ou s’il se déplace vers une nouvelle île de sorte qu’il ne peut pas facilement revenir en arrière), il se retrouve souvent dans un environnement différent de celui dans lequel il était auparavant.","When a small group of living things (a small population) gets separated from the main population that they came from (like if they move over a mountain range or a river, or if they move to a new island so that they can't easily move back) they will often find themselves in a different environment than they were in before.","When a small group of living beings (a small population) is separated from the main population (for example, if it is separated from the main population, it is often separated from the main population by the same, or if it is separated from the main population by the same, or if it is separated from the main population by the same, or if it is separated from the main population by the same, or if it is separated from the main population by the same, or if it is separated",13.022603926645267,35.942176947459856,eng_Latn," When a small group of living things (a small population) gets separated from the main population that they came from (like if they move over a mountain range or a river, or if they move to a new island so that they can't easily move back) they will often find themselves in a different environment than they were in before.",13.022603926645267,35.942176947459856,24.0,25.0,-0.01519775390625
"Q: Ce nouvel environnement a des ressources et des concurrents différents, de sorte que la nouvelle population aura besoin de caractéristiques ou d'adaptations nouvelles pour être un concurrent puissant par rapport à ce dont elle avait besoin auparavant.
A:","Ce nouvel environnement a des ressources et des concurrents différents, de sorte que la nouvelle population aura besoin de caractéristiques ou d'adaptations nouvelles pour être un concurrent puissant par rapport à ce dont elle avait besoin auparavant.","This new environment has different resources and different competitors, so the new population will need different features or adaptations to be a strong competitor than what they had needed before.","The new environment has different resources and different competitors, so that the new population needs different characteristics or adaptations to be a competitor.",49.161188116404524,67.33416466428423,eng_Latn," This new environment has different resources and different competitors, so the new population will need different features or adaptations to be a strong competitor than what they had needed before.",49.161188116404524,67.33416466428423,5.5,3.578125,0.6953125
"Q: La population d'origine n'a pas changé du tout, elle a toujours besoin des mêmes adaptations.
A:","La population d'origine n'a pas changé du tout, elle a toujours besoin des mêmes adaptations.","The original population hasn't changed at all, they still need the same adaptations as before.",The population of origin has not changed since it has always needed the same adaptations. It has always needed the same adaptations.,10.754672770161259,45.47648532004245,eng_Latn," The original population hasn't changed at all, they still need the same adaptations as before.",10.754672770161259,45.47648532004245,8.5,7.53125,0.16015625
"Q: Au fil du temps, à mesure que la nouvelle population s'adapte à son nouvel environnement, elle commence à ressembler de moins en moins à l'autre population.
A:","Au fil du temps, à mesure que la nouvelle population s'adapte à son nouvel environnement, elle commence à ressembler de moins en moins à l'autre population.","Over time, as the new population begins to adapt to their new environment, they start to look less and less like the other population.","As time goes by, as the new population adapts to its new environment, it begins to resemble less and less to the other population.",30.66439134043059,62.21708918362027,eng_Latn," Over time, as the new population begins to adapt to their new environment, they start to look less and less like the other population.",30.66439134043059,62.21708918362027,1.453125,2.203125,1.0
"Q: Enfin, après des milliers ou même des millions d'années, les deux populations paraîtront tellement différentes qu'elles ne pourront plus être considérées comme appartenant à la même espèce.
A:","Enfin, après des milliers ou même des millions d'années, les deux populations paraîtront tellement différentes qu'elles ne pourront plus être considérées comme appartenant à la même espèce.","Eventually, after thousands or even millions of years, the two populations will look so different that they can't be called the same species.","After a thousand or even millions of years, the two populations will appear so different that they will not be considered to be members of the same species that they will not be considered to be members of the same species.",33.615127501249546,62.439216917742044,eng_Latn," Eventually, after thousands or even millions of years, the two populations will look so different that they can't be called the same species.",33.615127501249546,62.439216917742044,6.625,6.40625,0.11328125
"Q: Nous appelons ce processus « spéciation », ce qui signifie simplement la formation de nouvelles espèces. La spéciation est une conséquence inévitable et une partie très importante de l’évolution.
A:","Nous appelons ce processus « spéciation », ce qui signifie simplement la formation de nouvelles espèces. La spéciation est une conséquence inévitable et une partie très importante de l’évolution.","We call this process speciation, which just means the formation of new species. Speciation is an unavoidable consequence and a very important part of evolution.","We call this process « spéciation », which means simply the formation of new species, this is a consequence that is inevitable and a part of evolution. This is a consequence that is inevitable and a part of evolution.",19.727906912041718,56.895222771054435,eng_Latn," We call this process speciation, which just means the formation of new species. Speciation is an unavoidable consequence and a very important part of evolution.",19.727906912041718,56.895222771054435,18.0,17.75,0.07470703125
"Q: Les plantes produisent de l’oxygène que les humains respirent, et elles absorbent le dioxyde de carbone que les humains exhalent (c’est-à-dire expirent).
A:","Les plantes produisent de l’oxygène que les humains respirent, et elles absorbent le dioxyde de carbone que les humains exhalent (c’est-à-dire expirent).","Plants make oxygen which humans breathe, and they take in carbon-dioxide which humans exhale (that is, breathe out).","Plants produce oxygen that humans respire, and they absorb carbon dioxide that humans excrete (it means that they expire).",7.774559244541516,38.11095272865298,eng_Latn," Plants make oxygen which humans breathe, and they take in carbon-dioxide which humans exhale (that is, breathe out).",7.774559244541516,38.11095272865298,4.84375,6.15625,0.890625
"Q: Les plantes produisent leur nourriture à l'aide du soleil par photosynthèse. Elles fournissent également de l’ombre.
A:",Les plantes produisent leur nourriture à l'aide du soleil par photosynthèse. Elles fournissent également de l’ombre.,Plants make their food from the sun by photosynthesis. They also provide shade.,The plants produce their food by photosynthesis through photosynthosis. They also provide shade.,45.29852871970907,66.23085982887962,eng_Latn, Plants make their food from the sun by photosynthesis. They also provide shade.,45.29852871970907,66.23085982887962,4.3125,4.09375,0.4375
"Q: Nous fabriquons nos maisons et nos vêtements à base de plantes. La plupart des aliments que nous mangeons sont des plantes. Sans les plantes, les animaux ne survivraient pas.
A:","Nous fabriquons nos maisons et nos vêtements à base de plantes. La plupart des aliments que nous mangeons sont des plantes. Sans les plantes, les animaux ne survivraient pas.","We make our houses from plants and make clothes from plants. Most foods that we eat are plants. Without plants, animals could not survive.","We make our homes and clothes and we use plants to make food. Most of our food we eat is plants. Without plants, animals won't survive.",23.971956658050726,55.77921746956961,eng_Latn," We make our houses from plants and make clothes from plants. Most foods that we eat are plants. Without plants, animals could not survive.",23.971956658050726,55.77921746956961,7.375,6.0,0.875
"Q: Le mosasaure était le superprédateur de l'époque, il ne craignait rien, sauf les autres mosasaures.
A:","Le mosasaure était le superprédateur de l'époque, il ne craignait rien, sauf les autres mosasaures.","Mosasaurus was the apex predator of its time, so it feared nothing, except other mosasaurs.","The mosasaure was the super predator of the time, it was not afraid of anything, except for other mosasaures.",12.565368633877144,51.3525434463578,eng_Latn," Mosasaurus was the apex predator of its time, so it feared nothing, except other mosasaurs.",12.565368633877144,51.3525434463578,5.09375,6.28125,0.94921875
"Q: Ses longues mâchoires étaient dotées de plus de 70 dents acérées comme des lames de rasoir, ainsi que d'une série supplémentaire de dents dans le palais, de sorte que tout ce qui croisait son chemin ne pouvait pas s'échapper.
A:","Ses longues mâchoires étaient dotées de plus de 70 dents acérées comme des lames de rasoir, ainsi que d'une série supplémentaire de dents dans le palais, de sorte que tout ce qui croisait son chemin ne pouvait pas s'échapper.","Its long jaws were studded with more than 70 razor-sharp teeth, along with an extra set in the roof of its mouth, meaning that there was no escape for anything that crossed its path.","The long-haired teeth were equipped with more than 70 dents that were coated with a series of teeth that were coated with a series of teeth, so that everything that crossed the road could not escape.",9.889191626443733,36.434495416995546,eng_Latn," Its long jaws were studded with more than 70 razor-sharp teeth, along with an extra set in the roof of its mouth, meaning that there was no escape for anything that crossed its path.",9.889191626443733,36.434495416995546,16.25,19.125,0.0673828125
"Q: Nous n'en sommes pas sûrs, mais il se peut qu'il ait eu la langue fourchue. Son régime alimentaire comprenait des tortues, de gros poissons, d'autres mosasaures, et il se peut même qu'il ait été cannibale.
A:","Nous n'en sommes pas sûrs, mais il se peut qu'il ait eu la langue fourchue. Son régime alimentaire comprenait des tortues, de gros poissons, d'autres mosasaures, et il se peut même qu'il ait été cannibale.","We don't know for sure, but it may have had a forked tongue. Its diet included turtles, large fish, other mosasaurs, and it may even have been a cannibal.","It is possible that it was the language that he was not sure of, but it could be that it was the language that he was not sure of, but it could be that it was the language that he was not sure of, but it could be that it was the language that he was not sure of, but it could be that it was the language that he was not sure of, but it could be that it was the language that he was not sure of, but it could be that",1.707513891629508,14.687584279132604,eng_Latn," We don't know for sure, but it may have had a forked tongue. Its diet included turtles, large fish, other mosasaurs, and it may even have been a cannibal.",1.707513891629508,14.687584279132604,25.0,25.0,-0.00958251953125
"Q: Il attaquait également tout ce qui entrait dans l'eau ; même un dinosaure géant tel qu'un T. rex n'était pas de taille contre lui.
A:",Il attaquait également tout ce qui entrait dans l'eau ; même un dinosaure géant tel qu'un T. rex n'était pas de taille contre lui.,It also attacked anything that entered the water; even a giant dinosaur such as T. rex would be no match for it.,He attacked also all this that entered the water; even a giant T. rex was not of size against him.,36.22410772193152,50.727222029880004,eng_Latn, It also attacked anything that entered the water; even a giant dinosaur such as T. rex would be no match for it.,36.22410772193152,50.727222029880004,7.8125,12.0,0.88671875
"Q: Bien que les Romains consommaient de la nourriture que nous connaissons, ils mangeaient certains plats de fête étranges ou inhabituels, notamment des sangliers, des paons, des escargots ainsi que le loir, une sorte de rongeur.
A:","Bien que les Romains consommaient de la nourriture que nous connaissons, ils mangeaient certains plats de fête étranges ou inhabituels, notamment des sangliers, des paons, des escargots ainsi que le loir, une sorte de rongeur.","While most of their food would be familiar to us, Romans did have their share of strange or unusual feast items, including wild boar, peacock, snails, and a type of rodent called a dormouse","The Romans ate a variety of foods that we know today, but they ate some strange or unusual foods, such as snails, snails, and loirs, as well as the loir, a kind of rodent.",16.375212100109348,32.89659826938893,eng_Latn," While most of their food would be familiar to us, Romans did have their share of strange or unusual feast items, including wild boar, peacock, snails, and a type of rodent called a dormouse",16.375212100109348,32.89659826938893,12.8125,11.8125,0.50390625
"Q: Autre différence : alors que les pauvres et la femme mangeaient leur nourriture en étant assis sur des chaises, les hommes riches aimaient organiser des banquets ensemble où ils se reposaient sur le côté pendant qu’ils prenaient leur repas.
A:","Autre différence : alors que les pauvres et la femme mangeaient leur nourriture en étant assis sur des chaises, les hommes riches aimaient organiser des banquets ensemble où ils se reposaient sur le côté pendant qu’ils prenaient leur repas.","Another difference was that while the poor people and the woman ate their food while sitting in chairs, the rich men liked to have banquets together where they would lounge on their sides while they ate their meals.","The difference is that the poor and the rich ate their food together, but the rich and the poor ate their food together.",5.038477018702372,32.30041729664045,eng_Latn," Another difference was that while the poor people and the woman ate their food while sitting in chairs, the rich men liked to have banquets together where they would lounge on their sides while they ate their meals.",5.038477018702372,32.30041729664045,19.5,18.25,0.0019683837890625
"Q: Les repas romains de l'Antiquité ne pouvaient pas inclure ces aliments d'origine américaine ou asiatique qui ont été introduits en Europe des siècles plus tard.
A:",Les repas romains de l'Antiquité ne pouvaient pas inclure ces aliments d'origine américaine ou asiatique qui ont été introduits en Europe des siècles plus tard.,Ancient Roman meals couldn't have included foods that came to Europe from America or from Asia in later centuries.,The Roman meals of the Ancient Greek diet could not include these foods from the American or Asian origins that were introduced in Europe during the ancient Greek diet could not include these foods from the ancient Greek diet could not include these foods from the ancient Greek diet could not include these foods from the ancient Greek diet could not include these foods from the ancient Greek diet could not include these foods from the ancient Greek diet could not include these foods from the ancient Greek diet could not include these foods from the ancient Greek diet could,1.812211934861956,23.896654527472215,eng_Latn, Ancient Roman meals couldn't have included foods that came to Europe from America or from Asia in later centuries.,1.812211934861956,23.896654527472215,22.5,23.875,-0.034423828125
"Q: Par exemple, ils n'avaient pas de maïs, ni de tomates, ni de pommes de terre, ni de cacao, et aucun ancien Romain n'a jamais goûté de dinde.
A:","Par exemple, ils n'avaient pas de maïs, ni de tomates, ni de pommes de terre, ni de cacao, et aucun ancien Romain n'a jamais goûté de dinde.","For instance, they didn't have corn, nor tomatoes, nor potatoes, nor cocoa, and no ancient Roman ever tasted a turkey.","They didn't have any of the vegetables, or any of the vegetables, or any of the vegetables, and no one had ever tasted of the vegetables, or any of the vegetables, or any of the vegetables, and no one had ever tasted of the vegetables, or any of the vegetables, and no one had ever tasted of the vegetables, or any of the vegetables, and no one had ever tasted of the vegetables, or any of the vegetables, and no one had ever tasted of the",3.852652878162096,22.17756199398631,eng_Latn," For instance, they didn't have corn, nor tomatoes, nor potatoes, nor cocoa, and no ancient Roman ever tasted a turkey.",3.852652878162096,22.17756199398631,20.625,22.375,-0.01336669921875
"Q: Les Babyloniens construisirent pour chacun de leurs dieux un temple principal qui était considéré comme la demeure du dieu.
A:",Les Babyloniens construisirent pour chacun de leurs dieux un temple principal qui était considéré comme la demeure du dieu.,The Babylonians built each of their gods a primary temple that was considered the home of the god.,The Babylonians built for each of their gods a temple which was considered the residence of the god.,49.48809082921242,70.89796731923225,eng_Latn, The Babylonians built each of their gods a primary temple that was considered the home of the god.,49.48809082921242,70.89796731923225,2.6875,2.625,0.6484375
"Q: Les gens apportaient des sacrifices aux dieux et les prêtres essayaient de répondre aux besoins des dieux par le biais de cérémonies et de festivités.
A:",Les gens apportaient des sacrifices aux dieux et les prêtres essayaient de répondre aux besoins des dieux par le biais de cérémonies et de festivités.,People would bring sacrifices to the gods and the priests would try to attend to the needs of the gods through ceremonies and festivals.,The people brought sacrifices to the gods and the priests were trying to respond to the needs of the gods and the priests were trying to respond to the needs of the gods by way of ceremonies and festivals.,37.57475769722321,63.975454340045644,eng_Latn, People would bring sacrifices to the gods and the priests would try to attend to the needs of the gods through ceremonies and festivals.,37.57475769722321,63.975454340045644,4.625,4.9375,0.146484375
"Q: Chaque temple avait une cour ouverte, puis un sanctuaire intérieur auquel seuls les prêtres pouvaient accéder.
A:","Chaque temple avait une cour ouverte, puis un sanctuaire intérieur auquel seuls les prêtres pouvaient accéder.",Each temple had an open temple courtyard and then an inner sanctuary that only the priests could enter.,"Each temple had a courtyard, then a sanctum interior, and only the priests could enter.",35.21998780372245,58.740189677768974,eng_Latn, Each temple had an open temple courtyard and then an inner sanctuary that only the priests could enter.,35.21998780372245,58.740189677768974,5.40625,5.6875,0.71875
"Q: Certaines tours pyramidales, les ziggourats, étaient parfois construites en tant qu’éléments d’un temple.
A:","Certaines tours pyramidales, les ziggourats, étaient parfois construites en tant qu’éléments d’un temple.","Sometimes special pyramid shaped towers, called ziggurats, were built to be a part of the temples.","Some pyramids, the ziggurats, were sometimes built as elements of a temple.",17.2010018892541,40.095078072205574,eng_Latn," Sometimes special pyramid shaped towers, called ziggurats, were built to be a part of the temples.",17.2010018892541,40.095078072205574,5.53125,6.125,0.67578125
"Q: Le sommet de la tour était un sanctuaire spécial pour le dieu.
A:",Le sommet de la tour était un sanctuaire spécial pour le dieu.,The top of the tower was special sanctuary for the god.,The summit of the tower was a special place for the god.,43.33207865423753,60.56660966306355,eng_Latn, The top of the tower was special sanctuary for the god.,43.33207865423753,60.56660966306355,3.734375,3.140625,1.015625
"Q: Dans le climat chaud du Moyen-Orient, la maison n'était pas si importante.
A:","Dans le climat chaud du Moyen-Orient, la maison n'était pas si importante.","In the warm climate of the Middle East, the house was not so important.","The Middle East climate is warm in the Middle East, and the house was not so important.",45.80519369844352,71.6155789066834,eng_Latn," In the warm climate of the Middle East, the house was not so important.",45.80519369844352,71.6155789066834,5.5,4.65625,0.2890625
"Q: La majeure partie de la vie de la famille hébraïque se déroulait en plein air.
A:",La majeure partie de la vie de la famille hébraïque se déroulait en plein air.,Most of the life of the Hebrew family happened in the open air.,The main part of the life of the family of the Hebrew is to live in the open air.,43.619630944605156,67.88673943816113,eng_Latn, Most of the life of the Hebrew family happened in the open air.,43.619630944605156,67.88673943816113,7.53125,7.8125,0.546875
"Q: Les femmes cuisinaient dans la cour ; les magasins n'étaient que des comptoirs ouverts donnant sur la rue. Les maisons étaient bâties en pierres.
A:",Les femmes cuisinaient dans la cour ; les magasins n'étaient que des comptoirs ouverts donnant sur la rue. Les maisons étaient bâties en pierres.,Women did the cooking in the yard; stores were just open counters looking into the street. Stone was used for building houses.,The women cooked in the kitchen; the stores were only open on the street. The houses were built in stone. The houses were built in stone.,9.31580969196188,35.87948409268445,eng_Latn, Women did the cooking in the yard; stores were just open counters looking into the street. Stone was used for building houses.,9.31580969196188,35.87948409268445,14.625,12.25,0.0869140625
"Q: Comme il n'y avait pas de grandes forêts en terre de Canaan, le bois était extrêmement cher.
A:","Comme il n'y avait pas de grandes forêts en terre de Canaan, le bois était extrêmement cher.","There were no large forests in the land of Canaan, so wood was extremely expensive.",The Canaanite forests were extremely expensive.,8.930122083451181,40.77423438684585,eng_Latn," There were no large forests in the land of Canaan, so wood was extremely expensive.",8.930122083451181,40.77423438684585,12.3125,12.3125,0.0390625
"Q: Le Groenland a été peu peuplé. Dans les sagas scandinaves, on raconte qu’Erik le Rouge a été exilé d’Islande pour meurtre qu’il a trouvé le Groenland — et l’a nommé ainsi — en voyageant plus à l’ouest.
A:","Le Groenland a été peu peuplé. Dans les sagas scandinaves, on raconte qu’Erik le Rouge a été exilé d’Islande pour meurtre qu’il a trouvé le Groenland — et l’a nommé ainsi — en voyageant plus à l’ouest.","Greenland was settled sparsely. In the Norse sagas they say that Erik the Red was exiled from Iceland for murder, and when travelling further west, found Greenland and named it Greenland.","The Groenland was not very much populated. In Scandinavian sagas, the Scandinavians tell a story that Erik the Red was exiled from Islande for killing him and found him there in the 19th century.",18.533803782909963,39.6387246667223,eng_Latn," Greenland was settled sparsely. In the Norse sagas they say that Erik the Red was exiled from Iceland for murder, and when travelling further west, found Greenland and named it Greenland.",18.533803782909963,39.6387246667223,12.5625,13.9375,0.322265625
"Q: Mais indépendamment de sa découverte, des tribus esquimaudes y vivaient déjà à l’époque.
A:","Mais indépendamment de sa découverte, des tribus esquimaudes y vivaient déjà à l’époque.","But regardless of his discovery, Eskimo tribes were already living there at the time.",The Esquimaudes and lived in the same time as the Esquimaudes and lived in the same time.,3.482270899863668,17.43847472288576,eng_Latn," But regardless of his discovery, Eskimo tribes were already living there at the time.",3.482270899863668,17.43847472288576,17.875,17.75,0.010498046875
"Q: Bien que chaque pays soit « scandinave », il existe de nombreuses différences entre les peuples, les rois, les coutumes et l'histoire du Danemark, de la Suède, de la Norvège, et de l'Islande.
A:","Bien que chaque pays soit « scandinave », il existe de nombreuses différences entre les peuples, les rois, les coutumes et l'histoire du Danemark, de la Suède, de la Norvège, et de l'Islande.","Though each country was 'Scandinavian', there were many differences between the people, kings, customs and history of Denmark, Sweden, Norway and Iceland.","The Danes are Scandinavian, but there are many differences between the Danes, the Danes, and the Norweighs.",10.0783610253265,35.297392645659095,eng_Latn," Though each country was 'Scandinavian', there were many differences between the people, kings, customs and history of Denmark, Sweden, Norway and Iceland.",10.0783610253265,35.297392645659095,16.625,15.4375,0.005950927734375
"Q: Si vous avez vu le film Benjamin Gates et le Trésor des Templiers, vous pensez peut-être qu'une carte au trésor a été dessinée au dos de la Déclaration d'indépendance.
A:","Si vous avez vu le film Benjamin Gates et le Trésor des Templiers, vous pensez peut-être qu'une carte au trésor a été dessinée au dos de la Déclaration d'indépendance.","If you have watched the movie National Treasure, you may think a treasure map was written on the back of the Declaration of Independence.","You may have seen the film Benjamin Gates and the Secret of the Templars, you may be thinking that a map at the end of the film, you may be thinking that a map was drawn on the back of the Declaration of Independence.",24.26730001268299,49.08825768708026,eng_Latn," If you have watched the movie National Treasure, you may think a treasure map was written on the back of the Declaration of Independence.",24.26730001268299,49.08825768708026,8.875,9.9375,0.2890625
"Q: Cependant, ce n'est pas vrai. Bien qu'il y ait une inscription au dos du document, ce n'est pas une carte au trésor.
A:","Cependant, ce n'est pas vrai. Bien qu'il y ait une inscription au dos du document, ce n'est pas une carte au trésor.","However, that is not true. Although there is something written on the back of the document, it is not a treasure map.",It is not true. It is not true. It is not true. It is not true. It is not true. It is not true. It is not true. It is not true. It is not true. It is not true. It is not true. It is not true. It is not true. It is not true. It is not true. It is not true. It is not true. It is not true. It is not true. It is not true.,2.871684620934346,16.280676656501473,eng_Latn," However, that is not true. Although there is something written on the back of the document, it is not a treasure map.",2.871684620934346,16.280676656501473,8.6875,6.3125,-0.06982421875
"Q: Au dos de la Déclaration d'indépendance, on pouvait lire les mots « Déclaration d'indépendance originale datée du 4 juillet 1776 ». Le texte se trouve au bas du document, à l'envers.
A:","Au dos de la Déclaration d'indépendance, on pouvait lire les mots « Déclaration d'indépendance originale datée du 4 juillet 1776 ». Le texte se trouve au bas du document, à l'envers.","Written on the back of the Declaration of Independence were the words ""Original Declaration of Independence dated 4th July 1776"". The text appears on the bottom of the document, upside down.","The Declaration of Independence, you could read the words ""Original Declaration of Independence dated 4 July 1776."" The document is on the right, facing the document, at the bottom of the document, the words ""Original Declaration of Independence dated 4 July 1776.""",33.984773982545114,61.20677880911808,eng_Latn," Written on the back of the Declaration of Independence were the words ""Original Declaration of Independence dated 4th July 1776"". The text appears on the bottom of the document, upside down.",33.984773982545114,61.20677880911808,12.4375,13.25,0.146484375
"Q: Bien que personne ne sache vraiment qui l'a rédigé, on sait qu'à un stade précoce de son existence, le grand parchemin (qui mesure environ 29 pouces trois quarts sur 24 pouces) était entreposé roulé.
A:","Bien que personne ne sache vraiment qui l'a rédigé, on sait qu'à un stade précoce de son existence, le grand parchemin (qui mesure environ 29 pouces trois quarts sur 24 pouces) était entreposé roulé.","While no one knows for certain who wrote it, it is known that early in its life, the large parchment document (it measures 29¾ inches by 24½ inches) was rolled up for storage.",The grand parchemin (which measures about 29 inches three-quarters of an inch on the surface) was stored in a state of readiness when it was born.,2.9225431361919223,23.081029541277974,eng_Latn," While no one knows for certain who wrote it, it is known that early in its life, the large parchment document (it measures 29¾ inches by 24½ inches) was rolled up for storage.",2.9225431361919223,23.081029541277974,15.5625,15.625,-0.000701904296875
"Q: Il est donc probable que la notation a été ajoutée simplement comme une étiquette.
A:",Il est donc probable que la notation a été ajoutée simplement comme une étiquette.,"So, it is likely that the notation was added simply as a label.",It is therefore probable that the notation was added simply as a sticker.,53.933963041980306,62.72947603795559,eng_Latn," So, it is likely that the notation was added simply as a label.",53.933963041980306,62.72947603795559,5.09375,5.09375,0.92578125
"Q: Le débarquement du jour J et les batailles suivantes ont libéré le nord de la France, mais le sud n'était toujours pas libre.
A:","Le débarquement du jour J et les batailles suivantes ont libéré le nord de la France, mais le sud n'était toujours pas libre.","The D-Day landings and the following battles had freed the north of France, but the south still wasn't free.","The day of the day J and the battles following the day J and the battles following the day J were liberated, but the south was still not free.",11.276958806531855,42.8057014186944,eng_Latn," The D-Day landings and the following battles had freed the north of France, but the south still wasn't free.",11.276958806531855,42.8057014186944,14.4375,14.0,-0.018310546875
"Q: Elle était gouvernée par les Français de Vichy, des Français qui ont fait la paix avec les Allemands en 1940 et ont collaboré avec l'occupant au lieu de l'affronter.
A:","Elle était gouvernée par les Français de Vichy, des Français qui ont fait la paix avec les Allemands en 1940 et ont collaboré avec l'occupant au lieu de l'affronter.","It was ruled by the ""Vichy"" French. These were French people who had made peace with the Germans in 1940 and worked with the invaders instead of fighting them.","The French Vichy government was led by the French of Vichy, who were led by French Vichy, and cooperated with the occupation.",3.53963262860919,27.579275376784416,eng_Latn," It was ruled by the ""Vichy"" French. These were French people who had made peace with the Germans in 1940 and worked with the invaders instead of fighting them.",3.53963262860919,27.579275376784416,14.8125,12.1875,0.08935546875
"Q: Le 15 août 1940, les Alliés débarquèrent dans le sud de la France, une invasion appelée Opération « Dragoon ».
A:","Le 15 août 1940, les Alliés débarquèrent dans le sud de la France, une invasion appelée Opération « Dragoon ».","On 15 August 1940, the Allies invaded southern France, the invasion was called ""Operation Dragoon"".","The 15th of August 1940, the Allied troops arrived in the south of France, a war called Operation « Dragoon ».",12.045422179467957,47.255754320679294,eng_Latn," On 15 August 1940, the Allies invaded southern France, the invasion was called ""Operation Dragoon"".",12.045422179467957,47.255754320679294,4.9375,5.25,0.7890625
"Q: En à peine deux semaines, les Américains et les Forces de la France Libre avaient libéré le sud de la France et se dirigeaient vers l'Allemagne.
A:","En à peine deux semaines, les Américains et les Forces de la France Libre avaient libéré le sud de la France et se dirigeaient vers l'Allemagne.",In just two weeks the Americans and Free French forces had liberated southern France and were turning towards Germany.,The Americans and the French Forces Libre had just liberated the Sud of France and were heading toward Germany.,11.146121913046484,51.26741684563131,eng_Latn, In just two weeks the Americans and Free French forces had liberated southern France and were turning towards Germany.,11.146121913046484,51.26741684563131,9.25,9.4375,0.40234375
"Q: Une civilisation est une culture singulière partagée par un groupe important de personnes qui vivent et travaillent en coopération, une société.
A:","Une civilisation est une culture singulière partagée par un groupe important de personnes qui vivent et travaillent en coopération, une société.","A civilization is a singular culture shared by a significant large group of people who live and work co-operatively, a society.","A civilisation is a unique culture that is shared by a group of people who live and work together, a society.",36.428195276683915,58.487602482465064,eng_Latn," A civilization is a singular culture shared by a significant large group of people who live and work co-operatively, a society.",36.428195276683915,58.487602482465064,2.171875,3.734375,0.66796875
"Q: Le terme « civilisation » est dérivé du mot latin « civilis », qui signifie civil et qui est apparenté aux mots latins « civis », qui signifie citoyen, et « civitas », qui veut dire grande ville ou ville-État et qui indique aussi, en quelque sorte, la taille de la société à laquelle il se rapporte.
A:","Le terme « civilisation » est dérivé du mot latin « civilis », qui signifie civil et qui est apparenté aux mots latins « civis », qui signifie citoyen, et « civitas », qui veut dire grande ville ou ville-État et qui indique aussi, en quelque sorte, la taille de la société à laquelle il se rapporte.","The word civilization comes from the Latin civilis, meaning civil, related to the Latin civis, meaning citizen, and civitas, meaning city or city-state, and that also somehow defines the size of the society.","The term ""civilisation"" is derived from Latin ""civilis"", which means ""civil"" and which is apparent to the Latin ""civis"", which means ""citizen"", and which is also related to ""civitas"", which means ""city"" and which is also related to ""city"".",3.193917341151278,33.169168060706276,eng_Latn," The word civilization comes from the Latin civilis, meaning civil, related to the Latin civis, meaning citizen, and civitas, meaning city or city-state, and that also somehow defines the size of the society.",3.193917341151278,33.169168060706276,7.65625,6.9375,0.412109375
"Q: Les villes-États sont les précurseurs des nations. Une culture civilisationnelle implique la transmission des connaissances sur plusieurs générations, une empreinte culturelle durable et une diffusion équitable.
A:","Les villes-États sont les précurseurs des nations. Une culture civilisationnelle implique la transmission des connaissances sur plusieurs générations, une empreinte culturelle durable et une diffusion équitable.","City-states are the precursors of nations. A civilizational culture implies the passing on of knowledge across several generations, a lingering cultural footprint and fair dissemination.","The cities-States are the pre-eminent nations. A culture of civilisation involves the transmission of knowledge over generations, a durable legacy and equitable diffusion.",12.584647432876524,42.66898009972827,eng_Latn," City-states are the precursors of nations. A civilizational culture implies the passing on of knowledge across several generations, a lingering cultural footprint and fair dissemination.",12.584647432876524,42.66898009972827,5.4375,5.28125,0.890625
"Q: Les cultures minoritaires disparaissent souvent sans laisser de traces historiques pertinentes et ne sont pas reconnues comme de véritables civilisations.
A:",Les cultures minoritaires disparaissent souvent sans laisser de traces historiques pertinentes et ne sont pas reconnues comme de véritables civilisations.,Minor cultures often vanish without leaving relevant historic evidence and fail to be recognized as proper civilizations.,The minorities that are rare often disappear without leaving any historical traces and are not recognized as real civilizations.,11.126986567815846,44.07006981546284,eng_Latn, Minor cultures often vanish without leaving relevant historic evidence and fail to be recognized as proper civilizations.,11.126986567815846,44.07006981546284,5.46875,5.625,0.70703125
"Q: Pendant la guerre révolutionnaire, les treize États ont d’abord formé un gouvernement central faible — le Congrès étant sa seule composante — en vertu des articles de la Confédération.
A:","Pendant la guerre révolutionnaire, les treize États ont d’abord formé un gouvernement central faible — le Congrès étant sa seule composante — en vertu des articles de la Confédération.","During the Revolutionary War, the thirteen states first formed a weak central government—with the Congress being its only component—under the Articles of Confederation.","The French Revolution, the thirteen states first formed a central government — the Congress — in the aftermath of the French Revolution, the Articles of Confederation were weak.",38.04763346357762,60.320397597259365,eng_Latn," During the Revolutionary War, the thirteen states first formed a weak central government—with the Congress being its only component—under the Articles of Confederation.",38.04763346357762,60.320397597259365,10.4375,10.5625,0.103515625
"Q: Le Congrès n’avait pas le pouvoir d’imposer des taxes et, comme il n’y avait pas de pouvoir exécutif ou judiciaire national, il s’en remettait aux autorités de l’État, souvent peu coopératives, pour faire appliquer tous ses actes.
A:","Le Congrès n’avait pas le pouvoir d’imposer des taxes et, comme il n’y avait pas de pouvoir exécutif ou judiciaire national, il s’en remettait aux autorités de l’État, souvent peu coopératives, pour faire appliquer tous ses actes.","Congress lacked any power to impose taxes, and, because there was no national executive or judiciary, it relied on state authorities, who were often uncooperative, to enforce all its acts.","The Congress had no power to impose taxes and, as it was not a national government, it was not a national government, and it was not a national government.",10.837487254190195,30.136030394387163,eng_Latn," Congress lacked any power to impose taxes, and, because there was no national executive or judiciary, it relied on state authorities, who were often uncooperative, to enforce all its acts.",10.837487254190195,30.136030394387163,16.125,13.5,-0.01043701171875
"Q: Il n'avait pas non plus le pouvoir de déroger aux lois fiscales ni à celles sur les droits de douane entre les États.
A:",Il n'avait pas non plus le pouvoir de déroger aux lois fiscales ni à celles sur les droits de douane entre les États.,It also had no authority to override tax laws and tariffs between states.,"He had not yet been able to do so, and he had no power to do so.",5.0912128230977505,17.992699854904767,eng_Latn, It also had no authority to override tax laws and tariffs between states.,5.0912128230977505,17.992699854904767,21.25,21.75,0.005859375
"Q: Les articles nécessitaient le consentement unanime de tous les États avant de pouvoir être amendés et les États prenaient le gouvernement central tellement à la légère que leurs représentants étaient souvent absents.
A:",Les articles nécessitaient le consentement unanime de tous les États avant de pouvoir être amendés et les États prenaient le gouvernement central tellement à la légère que leurs représentants étaient souvent absents.,The Articles required unanimous consent from all the states before they could be amended and states took the central government so lightly that their representatives were often absent.,The articles required consent to be amended and the articles were taken so that the government central was so far as possible that their representatives were so far as possible that they were so far as possible that they were so far as possible that they were so far as possible that they were so far as possible that they were so far as possible that they were so far as possible that they were so far as possible that they were so far as possible that they were so far as possible that they were so far as possible,6.561094092479052,35.10187081907143,eng_Latn, The Articles required unanimous consent from all the states before they could be amended and states took the central government so lightly that their representatives were often absent.,6.561094092479052,35.10187081907143,20.125,19.125,-0.03857421875
"Q: L'équipe nationale italienne de football est, avec l'équipe nationale allemande, la deuxième équipe la plus titrée du monde et elle a remporté la Coupe du monde de la FIFA en 2006.
A:","L'équipe nationale italienne de football est, avec l'équipe nationale allemande, la deuxième équipe la plus titrée du monde et elle a remporté la Coupe du monde de la FIFA en 2006.","Italy's national football, along with German national football team is the second most successful team in the world and were the FIFA World Cup champions in 2006.","The Italian national team is, with the Italian national team, the second team to win the world cup in 2006 and it has won the world cup in 2006.",5.5239946956789385,38.68638420005773,eng_Latn," Italy's national football, along with German national football team is the second most successful team in the world and were the FIFA World Cup champions in 2006.",5.5239946956789385,38.68638420005773,13.125,12.4375,0.12158203125
"Q: Parmi les sports populaires figurent le football, le basket-ball, le volley-ball, le water-polo, l'escrime, le rugby, le cyclisme, le hockey sur glace, le roller hockey et la Formule 1.
A:","Parmi les sports populaires figurent le football, le basket-ball, le volley-ball, le water-polo, l'escrime, le rugby, le cyclisme, le hockey sur glace, le roller hockey et la Formule 1.","Popular sports include football, basketball, volleyball, water-polo, fencing, rugby, cycling, ice hockey, roller hockey and F1 motor racing.","Among the popular sports, football, basketball, volleyball, water-polo, ice hockey, rugby, cyclocross, hockey, roller hockey, and the Formule 1.",53.43204051138739,66.64458776849797,eng_Latn," Popular sports include football, basketball, volleyball, water-polo, fencing, rugby, cycling, ice hockey, roller hockey and F1 motor racing.",53.43204051138739,66.64458776849797,6.625,7.84375,0.625
"Q: Les sports d'hiver sont les plus populaires dans les régions du Nord, les Italiens participant à des jeux internationaux et à des événements olympiques.
A:","Les sports d'hiver sont les plus populaires dans les régions du Nord, les Italiens participant à des jeux internationaux et à des événements olympiques.","Winter sports are most popular in the Northern regions, with Italians competing in international games and Olympic events.","The winter sports are the most popular in the northern regions, Italy participating in international sports competitions and Olympic events.",26.94353370737825,70.41381057075262,eng_Latn," Winter sports are most popular in the Northern regions, with Italians competing in international games and Olympic events.",26.94353370737825,70.41381057075262,3.09375,3.125,0.9296875
"Q: Le Japon compte près de 7 000 îles (la plus grande étant Honshu), ce qui en fait la 7e plus grande île au monde !
A:","Le Japon compte près de 7 000 îles (la plus grande étant Honshu), ce qui en fait la 7e plus grande île au monde !","Japans holds nearly 7,000 islands (the biggest being Honshu), making Japan the 7th largest island in the world!","The Japanese have about 7000 islands (the largest being Honshu), which makes it the 7th largest island in the world.",47.22183035622599,61.476879613876825,eng_Latn," Japans holds nearly 7,000 islands (the biggest being Honshu), making Japan the 7th largest island in the world!",47.22183035622599,61.476879613876825,2.328125,3.0625,0.91015625
"Q: En raison du groupe d'îles qui le composent, le Japon est souvent désigné, d'un point de vue géographique, comme un « archipel ».
A:","En raison du groupe d'îles qui le composent, le Japon est souvent désigné, d'un point de vue géographique, comme un « archipel ».","Due to the cluster/group of islands Japan has, Japan is often referred to, on a geographical stance, as an ""archipelago""",The Japanese archipelago is often referred to as a “archipelago” because it is often referred to as a “archipelago” because it is often referred to as a “archipelago” because it is often referred to as a “archipelago” because it is often referred to as a “archipelago” because it is often referred to as a “archipelago” because it is often referred to as a “archipelago” because it is often referred to as a “archipelago” because it is,3.9350819589740564,22.601928631441,eng_Latn," Due to the cluster/group of islands Japan has, Japan is often referred to, on a geographical stance, as an ""archipelago""",3.9350819589740564,22.601928631441,14.875,22.625,-0.0224609375
"Q: Les premières informations concernant Taïwan remontent au XVe siècle, tandis que des navigateurs européens passant par là en firent mention sous le nom d’Ilha Formosa, ou « belle île ».
A:","Les premières informations concernant Taïwan remontent au XVe siècle, tandis que des navigateurs européens passant par là en firent mention sous le nom d’Ilha Formosa, ou « belle île ».","Taiwan beginning start way back in 15th century where European sailors passing by record the island’s name as Ilha Formosa, or beautiful island.","The first information about Taïwan dates back to the XVth century, while the first navigators passing through here in the XVth century, and the first Europeans passing through here in the XVth century, were called Ilha Formosa, or “beautiful island.”",10.532078688755872,39.033471155755,eng_Latn," Taiwan beginning start way back in 15th century where European sailors passing by record the island’s name as Ilha Formosa, or beautiful island.",10.532078688755872,39.033471155755,9.25,8.8125,0.31640625
"Q: En 1624, la Dutch East India Company établit une base dans le sud-ouest de Taïwan, introduisant une transformation des pratiques autochtones de production de céréales et employant des ouvriers chinois pour travailler dans ses plantations de riz et de sucre.
A:","En 1624, la Dutch East India Company établit une base dans le sud-ouest de Taïwan, introduisant une transformation des pratiques autochtones de production de céréales et employant des ouvriers chinois pour travailler dans ses plantations de riz et de sucre.","In 1624,Dutch East India Company establishes a base in southwestern Taiwan, initiating a transformation in aboriginal grain production practices and employing Chinese laborers to work on its rice and sugar plantations.","In 1624, the Dutch East India Company established a base in the south-west of Taïwan, introducing a transformation of indigenous practices of production of rice and employing Chinese workers to work in its plantations of rice and sugar.",15.13851459876605,61.279201312931654,eng_Latn," In 1624,Dutch East India Company establishes a base in southwestern Taiwan, initiating a transformation in aboriginal grain production practices and employing Chinese laborers to work on its rice and sugar plantations.",15.13851459876605,61.279201312931654,2.9375,3.71875,0.828125
"Q: En 1683, les forces de la dynastie Qing (1644-1912) prennent le contrôle des zones côtières occidentale et septentrionale de Taïwan et la déclarent province de l'Empire Qing en 1885.
A:","En 1683, les forces de la dynastie Qing (1644-1912) prennent le contrôle des zones côtières occidentale et septentrionale de Taïwan et la déclarent province de l'Empire Qing en 1885.","In 1683, Qing dynasty (1644-1912) forces take control of Taiwan’s western and northern coastal areas and declared Taiwan as a province of the Qing Empire in 1885.",The Qing dynasty (1644-1912) takes control of the western and eastern coasts of Taïwan and declares the province of the Qing dynasty (1885) of Taïwan and declares the province of the Qing dynasty (1885) of Taïwan and declares the province of the Qing dynasty (1885) of Taïwan and declares the province of the Qing dynasty (1885) of Taïwan and declares,10.87492686369313,42.41171153534509,eng_Latn," In 1683, Qing dynasty (1644-1912) forces take control of Taiwan’s western and northern coastal areas and declared Taiwan as a province of the Qing Empire in 1885.",10.87492686369313,42.41171153534509,18.5,18.5,-0.016357421875
"Q: En 1895, après sa défaite lors de la première guerre sino-japonaise (1894–1895), le gouvernement Qing signe le traité de Shimonoseki, par lequel il cède la souveraineté de Taïwan au Japon, qui dirige alors l'île jusqu'en 1945.
A:","En 1895, après sa défaite lors de la première guerre sino-japonaise (1894–1895), le gouvernement Qing signe le traité de Shimonoseki, par lequel il cède la souveraineté de Taïwan au Japon, qui dirige alors l'île jusqu'en 1945.","In 1895, after defeat in the First Sino-Japanese War (1894-1895), the Qing government signs the Treaty of Shimonoseki, by which it cedes sovereignty over Taiwan to Japan, which rules the island until 1945.","In 1895, after the defeat in the first Sino-Japanese war (1894–1895), the Qing government ceded sovereignty to Japan to the Japanese, which then controls the island until 1945.",34.622189488245965,57.856102603587914,eng_Latn," In 1895, after defeat in the First Sino-Japanese War (1894-1895), the Qing government signs the Treaty of Shimonoseki, by which it cedes sovereignty over Taiwan to Japan, which rules the island until 1945.",34.622189488245965,57.856102603587914,6.40625,5.4375,0.5234375
"Q: Le Machu Picchu est composé de trois structures principales, à savoir l'Intihuatana, le temple du soleil et la salle des trois fenêtres.
A:","Le Machu Picchu est composé de trois structures principales, à savoir l'Intihuatana, le temple du soleil et la salle des trois fenêtres.","Machu Picchu consist of three main structures, namely Intihuatana, the Temple of the Sun, and the Room of the Three Windows.","The Machu Picchu is composed of three main structures, including the Intihuatana, the sun temple and the three windows.",33.86502515659578,54.23180409191107,eng_Latn," Machu Picchu consist of three main structures, namely Intihuatana, the Temple of the Sun, and the Room of the Three Windows.",33.86502515659578,54.23180409191107,6.21875,5.59375,0.7421875
"Q: La plupart des bâtiments limitrophes du complexe ont été reconstruits afin d'offrir aux touristes un meilleur aperçu de leur aspect originel.
A:",La plupart des bâtiments limitrophes du complexe ont été reconstruits afin d'offrir aux touristes un meilleur aperçu de leur aspect originel.,Most of the buildings on the edges of the complex have been rebuilt in order to give tourists a better idea of how they originally appeared.,Most of the buildings near the complex are being rebuilt to provide a better view of their origin.,12.81655199026525,40.54455841572742,eng_Latn, Most of the buildings on the edges of the complex have been rebuilt in order to give tourists a better idea of how they originally appeared.,12.81655199026525,40.54455841572742,8.875,8.4375,0.70703125
"Q: En 1976, trente pour cent du Machu Picchu avait été restauré et cette restauration se poursuit jusqu'à aujourd'hui.
A:","En 1976, trente pour cent du Machu Picchu avait été restauré et cette restauration se poursuit jusqu'à aujourd'hui.","By 1976, thirty percent of Machu Picchu had been restored and restoration continues till today.","The Machu Picchu was restored and continues to this day, and this restoration continues until today.",21.62601067591834,51.17585671706696,eng_Latn," By 1976, thirty percent of Machu Picchu had been restored and restoration continues till today.",21.62601067591834,51.17585671706696,14.75,13.8125,0.306640625
"Q: Par exemple, le format de photographie le plus courant au monde est le 35 mm ; c'était le format de pellicule le plus répandu à la fin de l'ère des films analogiques.
A:","Par exemple, le format de photographie le plus courant au monde est le 35 mm ; c'était le format de pellicule le plus répandu à la fin de l'ère des films analogiques.","For example, the most common still image photography format in the world is 35mm, which was the dominant film size at the close of the analog film era.",The most common format for photography is the 35 mm; it was the most widely used format in the 1950s.,7.730658266863996,32.84882772890222,eng_Latn," For example, the most common still image photography format in the world is 35mm, which was the dominant film size at the close of the analog film era.",7.730658266863996,32.84882772890222,6.15625,7.15625,0.66796875
"Q: C'est encore fabriqué aujourd'hui, mais ce qui importe est que son format d'image est hérité du format du capteur photographique des caméras numériques.
A:","C'est encore fabriqué aujourd'hui, mais ce qui importe est que son format d'image est hérité du format du capteur photographique des caméras numériques.","It is still produced today, but more importantly its aspect ratio has been inherited by digital camera image sensor formats.","This is still made today, but what's important is that the image format of the camera is inherited from the camera format of the digital camera.",7.939087147543495,42.083403326912574,eng_Latn," It is still produced today, but more importantly its aspect ratio has been inherited by digital camera image sensor formats.",7.939087147543495,42.083403326912574,4.625,5.28125,0.8203125
"Q: Le format 35 mm est en fait, et c’est assez déconcertant, de 36 mm de largeur par 24 mm de hauteur.
A:","Le format 35 mm est en fait, et c’est assez déconcertant, de 36 mm de largeur par 24 mm de hauteur.","The 35mm format is actually, somewhat confusingly, 36mm in width by 24mm in height.",The 35mm format is actually a 36mm by 24mm by 24mm.,22.80793225841413,43.07515853991505,eng_Latn," The 35mm format is actually, somewhat confusingly, 36mm in width by 24mm in height.",22.80793225841413,43.07515853991505,13.125,11.75,0.2578125
"Q: On dit donc que le rapport d'aspect de ce format (en divisant par douze pour obtenir le plus simple des rapports de nombres entiers) est de 3:2.
A:",On dit donc que le rapport d'aspect de ce format (en divisant par douze pour obtenir le plus simple des rapports de nombres entiers) est de 3:2.,The aspect ratio of this format (dividing by twelve to obtain the simplest whole-number ratio) is therefore said to be 3:2.,The ratio of this format (in dividing by twelve for the simplest ratio) is 3:2.,26.1843933354839,53.819373918226596,eng_Latn, The aspect ratio of this format (dividing by twelve to obtain the simplest whole-number ratio) is therefore said to be 3:2.,26.1843933354839,53.819373918226596,7.1875,6.46875,0.55078125
"Q: De nombreux formats courants (famille de formats APS, par exemple) sont égaux à ce rapport d’aspect ou s’en approchent de près.
A:","De nombreux formats courants (famille de formats APS, par exemple) sont égaux à ce rapport d’aspect ou s’en approchent de près.","Many common formats (APS family of formats, for example) are equal to or closely approximate this aspect ratio.","The common formats (family of formats APS, for example) are equal to this ratio of aspect or approach.",36.6437820691402,63.512040750735565,eng_Latn," Many common formats (APS family of formats, for example) are equal to or closely approximate this aspect ratio.",36.6437820691402,63.512040750735565,7.53125,6.4375,0.67578125
"Q: La règle des tiers, fort maltraitée et souvent tournée en ridicule, est une simple directive suscitant le dynamisme tout en offrant une protection à l’image.
A:","La règle des tiers, fort maltraitée et souvent tournée en ridicule, est une simple directive suscitant le dynamisme tout en offrant une protection à l’image.",The much-abused and often-ridiculed rule of thirds is a simple guideline creating dynamism while keeping a measure of order in an image.,"The rule of law, fort maltreated and often ridiculed, is a simple directive that sparks the dynamism, and offers a protection to the image.",10.046152640557755,36.98905244326194,eng_Latn, The much-abused and often-ridiculed rule of thirds is a simple guideline creating dynamism while keeping a measure of order in an image.,10.046152640557755,36.98905244326194,11.5,12.6875,0.59765625
"Q: Il indique que l'endroit le plus efficace pour le sujet principal se trouve à l'intersection des lignes divisant l'image en tiers verticalement et horizontalement (voir exemple).
A:",Il indique que l'endroit le plus efficace pour le sujet principal se trouve à l'intersection des lignes divisant l'image en tiers verticalement et horizontalement (voir exemple).,It states that the most effective place for the main subject is at the intersection of lines dividing the image into thirds vertically and horizontally (see example).,The best place to focus on is the intersection of the lines dividing the image in vertical and horizontal (see example).,26.238067658031387,50.52357827499713,eng_Latn, It states that the most effective place for the main subject is at the intersection of lines dividing the image into thirds vertically and horizontally (see example).,26.238067658031387,50.52357827499713,5.84375,6.375,0.56640625
"Q: Pendant cette période de l'histoire européenne, l'Église catholique, qui était devenue riche et puissante, a été remise en question.
A:","Pendant cette période de l'histoire européenne, l'Église catholique, qui était devenue riche et puissante, a été remise en question.","During this period of European history, the Catholic Church, which had become rich and powerful, came under scrutiny.","The Church of Europe, which was once powerful and powerful, was now being questioned.",8.101162004849275,30.47611433601986,eng_Latn," During this period of European history, the Catholic Church, which had become rich and powerful, came under scrutiny.",8.101162004849275,30.47611433601986,11.0,9.875,0.041015625
"Q: Pendant plus d'un millier d'années, la religion chrétienne a lié les États européens entre eux malgré les différences de langue et de coutumes.
A:","Pendant plus d'un millier d'années, la religion chrétienne a lié les États européens entre eux malgré les différences de langue et de coutumes.",For over a thousand years the Christian religion had bound European states together despite differences in language and customs. I,"The Christian religion has linked the European states between them since the 17th century, despite the differences of language and customs, and the differences of religion have linked the European states between them since the 17th century, despite the differences of language and customs, and the differences of religion have linked the European states between them since the 17th century, despite the differences of language and customs, and the differences of religion have linked the European states between them since the 17th",2.336910419629113,34.9007440525933,eng_Latn, For over a thousand years the Christian religion had bound European states together despite differences in language and customs. I,2.336910419629113,34.9007440525933,25.0,25.0,-0.00616455078125
"Q: Son pouvoir omniprésent touchait tout le monde, du roi au roturier.
A:","Son pouvoir omniprésent touchait tout le monde, du roi au roturier.",Its all-pervading power affected everyone from king to commoner.,"The ability to be omnipresent was all the more important to everyone, from the king to the roturier.",4.334264033674369,28.259023467394574,eng_Latn, Its all-pervading power affected everyone from king to commoner.,4.334264033674369,28.259023467394574,7.46875,7.96875,0.57421875
"Q: L'un des principaux principes chrétiens est que la richesse doit être utilisée pour soulager la souffrance et la pauvreté et que les fonds monétaires de l'église sont là spécifiquement pour cette raison.
A:",L'un des principaux principes chrétiens est que la richesse doit être utilisée pour soulager la souffrance et la pauvreté et que les fonds monétaires de l'église sont là spécifiquement pour cette raison.,One of the main Christian tenets is that wealth should be used to alleviate suffering and poverty and that the monetary funds of the church are there specifically for that reason.,The main principle of Christianity is that the wealth should be used to alleviate the suffering and poverty and that the money of the church should be used specifically to alleviate the suffering and poverty and that the money of the church should be used specifically to alleviate the suffering and poverty and that the money of the church should be used specifically to alleviate the suffering and poverty and that the money of the church should be used specifically to alleviate the suffering and poverty and that the money of the church should be used specifically to alleviate the,12.443686180678213,45.71447673042624,eng_Latn, One of the main Christian tenets is that wealth should be used to alleviate suffering and poverty and that the monetary funds of the church are there specifically for that reason.,12.443686180678213,45.71447673042624,20.375,22.125,0.00897216796875
"Q: L'autorité centrale de l'église était à Rome depuis plus de 1000 ans et cette concentration de pouvoir et d'argent a conduit beaucoup de gens à se demander si cette doctrine était respectée.
A:",L'autorité centrale de l'église était à Rome depuis plus de 1000 ans et cette concentration de pouvoir et d'argent a conduit beaucoup de gens à se demander si cette doctrine était respectée.,The central authority of the church had been in Rome for over a thousand years and this concentration of power and money led many to question whether this tenet was being met.,The central authority of the church was Rome since it was more than 1000 years old and this concentration of power and wealth has led many people to wonder if this doctrine was respected.,28.569535734386726,52.3458560193677,eng_Latn, The central authority of the church had been in Rome for over a thousand years and this concentration of power and money led many to question whether this tenet was being met.,28.569535734386726,52.3458560193677,5.375,5.59375,0.8515625
"Q: Peu après le début des hostilités, la Grande-Bretagne a mis en place un blocus naval contre l’Allemagne.
A:","Peu après le début des hostilités, la Grande-Bretagne a mis en place un blocus naval contre l’Allemagne.","Soon after the outbreak of hostilities, Britain initiated a naval blockade of Germany.","The British put in place a naval blockade against Germany in the early days of the war, and the British put in place a naval blockade against Germany.",9.557083774398006,34.233252142041536,eng_Latn," Soon after the outbreak of hostilities, Britain initiated a naval blockade of Germany.",9.557083774398006,34.233252142041536,11.6875,8.3125,0.005828857421875
"Q: Cette stratégie s'est avérée efficace, coupant les approvisionnements militaires et civils vitaux, bien que ce blocus ait violé le droit international généralement accepté et codifié par plusieurs accords internationaux des deux derniers siècles.
A:","Cette stratégie s'est avérée efficace, coupant les approvisionnements militaires et civils vitaux, bien que ce blocus ait violé le droit international généralement accepté et codifié par plusieurs accords internationaux des deux derniers siècles.","The strategy proved effective, cutting off vital military and civilian supplies, although this blockade violated generally accepted international law codified by several international agreements of the past two centuries.","This strategy has proven to be effective, cutting off military and civilian supplies, although this bludgeon has been effective, although it has been effective, and has been effective.",29.700222086018456,41.07565011521042,eng_Latn," The strategy proved effective, cutting off vital military and civilian supplies, although this blockade violated generally accepted international law codified by several international agreements of the past two centuries.",29.700222086018456,41.07565011521042,18.5,15.5625,0.041748046875
"Q: La Grande-Bretagne mina les eaux internationales afin d'empêcher les navires de s'aventurer dans des zones maritimes entières, représentant ainsi une menace même pour les navires neutres.
A:","La Grande-Bretagne mina les eaux internationales afin d'empêcher les navires de s'aventurer dans des zones maritimes entières, représentant ainsi une menace même pour les navires neutres.","Britain mined international waters to prevent any ships from entering entire sections of ocean, causing danger to even neutral ships.","The British Empire has been trying to prevent the sea lanes of international trade by preventing the sea lanes of international trade, representing a threat to the sea lanes of international trade, representing a threat to the sea lanes of international trade, representing a threat to the sea lanes of international trade, representing a threat to the sea lanes of international trade, representing a threat to the sea lanes of international trade, representing a threat to the sea lanes of international trade, representing a threat to the sea lanes of international trade,",0.8374143092480035,19.40864626945673,eng_Latn," Britain mined international waters to prevent any ships from entering entire sections of ocean, causing danger to even neutral ships.",0.8374143092480035,19.40864626945673,17.125,22.25,-0.00799560546875
"Q: Comme cette tactique n'a suscité qu'une timide réaction, l'Allemagne s'attendait à une réaction semblable face à sa guerre sous-marine sans limites.
A:","Comme cette tactique n'a suscité qu'une timide réaction, l'Allemagne s'attendait à une réaction semblable face à sa guerre sous-marine sans limites.","Since there was limited response to this tactic, Germany expected a similar response to its unrestricted submarine warfare.","The German strategy was not as enthusiastic as it was against its submarine, and the Germans expected a similar reaction.",7.7250397735730845,35.27839865932711,eng_Latn," Since there was limited response to this tactic, Germany expected a similar response to its unrestricted submarine warfare.",7.7250397735730845,35.27839865932711,11.375,11.1875,0.28125
"Q: Pendant les années 20, la plupart des citoyens et des nations montraient un penchant pour le pacifisme et l’isolement.
A:","Pendant les années 20, la plupart des citoyens et des nations montraient un penchant pour le pacifisme et l’isolement.","During the 1920s, the prevailing attitudes of most citizens and nations was that of pacifism and isolation.","The years 20, the majority of the citizens and nations showed a preference for pacifism and isolation.",30.128865413061234,47.06716743858157,eng_Latn," During the 1920s, the prevailing attitudes of most citizens and nations was that of pacifism and isolation.",30.128865413061234,47.06716743858157,5.5625,5.8125,0.9609375
"Q: Après avoir vu les horreurs et les atrocités de la guerre pendant la Première Guerre mondiale, les nations ont souhaité éviter qu’une telle situation ne se reproduise à l’avenir.
A:","Après avoir vu les horreurs et les atrocités de la guerre pendant la Première Guerre mondiale, les nations ont souhaité éviter qu’une telle situation ne se reproduise à l’avenir.","After seeing the horrors and atrocities of war during World War I, nations desired to avoid such a situation again in the future.","After seeing the horrors and atrocities of the war during the First World War, nations wanted to avoid such a situation in the future.",59.070514573367674,78.1755032665789,eng_Latn," After seeing the horrors and atrocities of war during World War I, nations desired to avoid such a situation again in the future.",59.070514573367674,78.1755032665789,1.8046875,1.0703125,1.0
"Q: En 1884, Tesla s'est installé aux États-Unis d'Amérique pour accepter un emploi à la Edison Company à New York.
A:","En 1884, Tesla s'est installé aux États-Unis d'Amérique pour accepter un emploi à la Edison Company à New York.","In 1884, Tesla moved to the United States of America to accept a job with the Edison Company in New York City.",Tesla s'is installed in the United States of America in 1884 to accept an employment at Edison Company in New York.,30.826423742301433,59.67806986115822,eng_Latn," In 1884, Tesla moved to the United States of America to accept a job with the Edison Company in New York City.",30.826423742301433,59.67806986115822,6.4375,7.3125,0.921875
"Q: Il est arrivé aux États-Unis avec quatre cents à son nom, un livre de poésie et une lettre de recommandation de Charles Batchelor (son directeur dans son précédent emploi) à l'attention de Thomas Edison.
A:","Il est arrivé aux États-Unis avec quatre cents à son nom, un livre de poésie et une lettre de recommandation de Charles Batchelor (son directeur dans son précédent emploi) à l'attention de Thomas Edison.","He arrived in the US with 4 cents to his name, a book of poetry, and a letter of recommendation from Charles Batchelor (his manager in his previous job) to Thomas Edison.","The American colonists were sent to the United States with four cents to their name, a book of poetry and a letter of recommendation from Charles Batchelor (his previous job in his previous job) to the attention of Thomas Edison.",49.9231839939693,69.14749138595151,eng_Latn," He arrived in the US with 4 cents to his name, a book of poetry, and a letter of recommendation from Charles Batchelor (his manager in his previous job) to Thomas Edison.",49.9231839939693,69.14749138595151,10.125,9.6875,0.1572265625
"Q: La Chine ancienne avait une façon unique de montrer les différentes époques ; chaque étape de la Chine ou chaque famille qui était au pouvoir était une dynastie distincte.
A:",La Chine ancienne avait une façon unique de montrer les différentes époques ; chaque étape de la Chine ou chaque famille qui était au pouvoir était une dynastie distincte.,Ancient China had a unique way of showing different time periods; each stage of China or each family that was in power was a distinctive dynasty.,The ancient Chinese way of showing the different eras was unique. Each stage of the Chinese or each family who was in power was a distinct dynasty.,31.334523900626223,59.44025745204389,eng_Latn, Ancient China had a unique way of showing different time periods; each stage of China or each family that was in power was a distinctive dynasty.,31.334523900626223,59.44025745204389,3.671875,2.25,0.8984375
"Q: Entre chaque dynastie, il y a également eu un âge instable de provinces divisées. La plus connue de ces périodes est l’époque des Trois Royaumes qui s’est déroulée pendant 60 ans entre la dynastie Han et la dynastie Jin.
A:","Entre chaque dynastie, il y a également eu un âge instable de provinces divisées. La plus connue de ces périodes est l’époque des Trois Royaumes qui s’est déroulée pendant 60 ans entre la dynastie Han et la dynastie Jin.",Also between each dynasty was an unstable age of divided provinces. The best-known of these periods was the Three Kingdoms epoch taking place for 60 years between the Han and the Jin Dynasty.,"The most famous period of the Han Dynasty was also divided into three dynasties, the Han Dynasty, and the Jin Dynasty. The most famous period of the Han Dynasty was also divided into three dynasties, the Han Dynasty, and the Jin Dynasty.",13.808461500373413,32.5179805821396,eng_Latn, Also between each dynasty was an unstable age of divided provinces. The best-known of these periods was the Three Kingdoms epoch taking place for 60 years between the Han and the Jin Dynasty.,13.808461500373413,32.5179805821396,21.375,19.75,-0.0068359375
"Q: Durant ces périodes, des luttes féroces ont eu lieu entre de nombreux membres de la noblesse qui se battaient pour le trône.
A:","Durant ces périodes, des luttes féroces ont eu lieu entre de nombreux membres de la noblesse qui se battaient pour le trône.",During these periods fierce warfare took place between many nobles fighting for the throne.,"Durant ces périodes, many battles have been fought between many members of the nobility who were fighting for the throne.",19.80485471485131,44.75336278802596,eng_Latn, During these periods fierce warfare took place between many nobles fighting for the throne.,19.80485471485131,44.75336278802596,13.625,13.0625,0.56640625
"Q: Les Trois Royaumes ont été l'une des époques les plus sanguinaires de l'histoire de l'Antiquité Chinoise. Des milliers de personnes sont mort au combat pour s'asseoir sur le trône du grand palais de XI'an.
A:",Les Trois Royaumes ont été l'une des époques les plus sanguinaires de l'histoire de l'Antiquité Chinoise. Des milliers de personnes sont mort au combat pour s'asseoir sur le trône du grand palais de XI'an.,The Three Kingdoms was one of the bloodiest eras in Ancient China’s history thousands of people died fighting to sit in the highest seat in the grand palace at Xi’an.,The Three Kingdoms were the most sanguinely violent times of the ancient Chinese history. Thousands of people were killed in battle for the throne of the Great Palace.,9.009564126037114,40.88160734101906,eng_Latn, The Three Kingdoms was one of the bloodiest eras in Ancient China’s history thousands of people died fighting to sit in the highest seat in the grand palace at Xi’an.,9.009564126037114,40.88160734101906,4.0,4.46875,0.83203125
"Q: Il y a de nombreuses répercussions sociales et politiques telles que l'utilisation du système métrique, le passage de l'absolutisme au républicanisme, le nationalisme et la conviction que le pays appartient au peuple et non à un seul dirigeant.
A:","Il y a de nombreuses répercussions sociales et politiques telles que l'utilisation du système métrique, le passage de l'absolutisme au républicanisme, le nationalisme et la conviction que le pays appartient au peuple et non à un seul dirigeant.","There are a lot of social and political effects such as the use of metric system, a shift from absolutism to republicanism, nationalism and the belief the country belongs to the people not to one sole ruler.","The social and political effects include the use of the system of measurement, the passage of absolute truth to the republic, the nationalism and the conviction that the country belongs to the people and not one leader.",26.40049458786128,54.74064442251985,eng_Latn," There are a lot of social and political effects such as the use of metric system, a shift from absolutism to republicanism, nationalism and the belief the country belongs to the people not to one sole ruler.",26.40049458786128,54.74064442251985,6.6875,6.9375,0.66015625
"Q: Aussi, après la Révolution, les métiers furent ouverts à tous les candidats masculins, permettant aux plus ambitieux et aux plus talentueux de réussir.
A:","Aussi, après la Révolution, les métiers furent ouverts à tous les candidats masculins, permettant aux plus ambitieux et aux plus talentueux de réussir.",Also after the Revolution occupations were open to all male applicants allowing the most ambitious and successful to succeed.,"The professions were open to all men, allowing for the most ambitious and talented candidates to succeed.",38.249626297768074,51.39691285241618,eng_Latn, Also after the Revolution occupations were open to all male applicants allowing the most ambitious and successful to succeed.,38.249626297768074,51.39691285241618,6.15625,6.03125,0.77734375
"Q: Il en va de même pour l'armée, car le classement des armées n'est plus basé sur la classe, mais sur le calibre.
A:","Il en va de même pour l'armée, car le classement des armées n'est plus basé sur la classe, mais sur le calibre.",Same goes for the military because instead of army rankings being based on class they were now based on cailaber.,"The army has no reason to be classified as the army, because the classification of the army is no longer based on the class, but on the calibre.",3.1707499796910508,26.86445134720139,eng_Latn, Same goes for the military because instead of army rankings being based on class they were now based on cailaber.,3.1707499796910508,26.86445134720139,8.0,8.375,0.5390625
"Q: La Révolution française a également inspiré de nombreuses autres classes ouvrières réprimées d’autres pays à entamer leur propre révolution.
A:",La Révolution française a également inspiré de nombreuses autres classes ouvrières réprimées d’autres pays à entamer leur propre révolution.,The French Revolution also inspired many other repressed working class people of other country's to began their own revolutions.,The French Revolution also inspired many other classes of workers to take their own revolution.,28.472197710876088,57.988319675749466,eng_Latn, The French Revolution also inspired many other repressed working class people of other country's to began their own revolutions.,28.472197710876088,57.988319675749466,5.21875,4.96875,0.6796875
"Q: Muhammad s’intéressait profondément à des questions qui dépassaient le cadre de cette vie mondaine. Il avait l’habitude de fréquenter une grotte qui est devenue célèbre sous le nom de « Hira' » sur la montagne de « Noor » (lumière) pour la contemplation.
A:",Muhammad s’intéressait profondément à des questions qui dépassaient le cadre de cette vie mondaine. Il avait l’habitude de fréquenter une grotte qui est devenue célèbre sous le nom de « Hira' » sur la montagne de « Noor » (lumière) pour la contemplation.,Muhammad was deeply interested in matters beyond this mundane life. He used to frequent a cave that became known as “Hira‘” on the Mountain of “Noor” (light) for contemplation.,Muhammad was deeply interested in questions that were beyond the ordinary world. He had the habit of visiting a cave that was becoming famous in the form of the « Hira' » on the mountain of « Noor » (light) for contemplation.,24.184136877418513,52.57101664226449,eng_Latn, Muhammad was deeply interested in matters beyond this mundane life. He used to frequent a cave that became known as “Hira‘” on the Mountain of “Noor” (light) for contemplation.,24.184136877418513,52.57101664226449,5.0625,4.65625,0.83984375
"Q: La grotte elle-même, qui a survécu à l’époque, donne une image très vivante des penchants spirituels de Muhammad.
A:","La grotte elle-même, qui a survécu à l’époque, donne une image très vivante des penchants spirituels de Muhammad.","he cave itself, which survived the times, gives a very vivid image of Muhammad’s spiritual inclinations.","The cave itself, which has survived to this day, gives a very vivid image of Muhammad’s spirit.",53.64361872901348,69.330964042849,eng_Latn," he cave itself, which survived the times, gives a very vivid image of Muhammad’s spiritual inclinations.",53.64361872901348,69.330964042849,4.75,4.75,0.7265625
"Q: Située au sommet d'une des montagnes au nord de La Mecque, la grotte est totalement isolée du reste du monde.
A:","Située au sommet d'une des montagnes au nord de La Mecque, la grotte est totalement isolée du reste du monde.","Resting on the top of one of the mountains north of Mecca, the cave is completely isolated from the rest of the world.","Located at the top of the mountain, the cave is completely isolated from the rest of the world.",50.62804184529927,70.46146388419598,eng_Latn," Resting on the top of one of the mountains north of Mecca, the cave is completely isolated from the rest of the world.",50.62804184529927,70.46146388419598,5.3125,3.15625,0.78125
"Q: En réalité, ce n'est pas facile du tout à trouver, même si on sait que ça existe. Quand on est entré dans la grotte, on est complètement isolé.
A:","En réalité, ce n'est pas facile du tout à trouver, même si on sait que ça existe. Quand on est entré dans la grotte, on est complètement isolé.","In fact, it is not easy to find at all even if one knew it existed. Once inside the cave, it is a total isolation.","It's not that easy to find, even if you've been in the cave, it's not that easy to find. When you've entered the cave, you're completely isolated.",9.427869574467168,34.01919831051702,eng_Latn," In fact, it is not easy to find at all even if one knew it existed. Once inside the cave, it is a total isolation.",9.427869574467168,34.01919831051702,9.3125,8.625,0.546875
"Q: Au-dessus, on ne peut rien contempler d'autre que le ciel clair et magnifique et les nombreuses montagnes environnantes. Depuis l'intérieur de la grotte, on ne peut voir ou entendre que très peu de choses de cet univers.
A:","Au-dessus, on ne peut rien contempler d'autre que le ciel clair et magnifique et les nombreuses montagnes environnantes. Depuis l'intérieur de la grotte, on ne peut voir ou entendre que très peu de choses de cet univers.","Nothing can be seen other than the clear, beautiful sky above and the many surrounding mountains. Very little of this world can be seen or heard from inside the cave.","The sky is above, and the beautiful and numerous mountains are beyond. Since the inside of the cave, you can't see or hear anything but very little of this world. From the inside of the cave, you can't see or hear anything but very little of this world.",6.9304975323211835,42.475313050925834,eng_Latn," Nothing can be seen other than the clear, beautiful sky above and the many surrounding mountains. Very little of this world can be seen or heard from inside the cave.",6.9304975323211835,42.475313050925834,15.3125,12.625,0.43359375
"Q: La Grande Pyramide de Gizeh est la seule des sept merveilles qui existe encore aujourd’hui.
A:",La Grande Pyramide de Gizeh est la seule des sept merveilles qui existe encore aujourd’hui.,The Great Pyramid at Giza is the only one of the seven wonders that is still standing today.,The Great Pyramids of Gizeh are the only of the seven wonders that exist today.,32.29355915238444,57.4924554122054,eng_Latn, The Great Pyramid at Giza is the only one of the seven wonders that is still standing today.,32.29355915238444,57.4924554122054,2.65625,4.40625,0.96875
"Q: Construite par les Égyptiens au cours du troisième millénaire avant J-C, la Grande Pyramide est l'une des nombreuses structures géantes érigées en l'honneur des pharaons décédés.
A:","Construite par les Égyptiens au cours du troisième millénaire avant J-C, la Grande Pyramide est l'une des nombreuses structures géantes érigées en l'honneur des pharaons décédés.","Built by the Egyptians in the third century BCE, the Great Pyramid is one of many large pyramid structures built to honor dead Pharaoh.","The Great Pyramids of Egypt were built in the third millenium before J-C, the Great Pyramids of Egypt were built in the third millenium before J-C.",9.313083703479725,34.39524945797967,eng_Latn," Built by the Egyptians in the third century BCE, the Great Pyramid is one of many large pyramid structures built to honor dead Pharaoh.",9.313083703479725,34.39524945797967,17.0,15.125,-0.0086669921875
"Q: Le plateau de Gizeh, ou « nécropole de Gizeh », dans la vallée des Morts en Égypte, regroupe plusieurs pyramides (la grande pyramide étant la plus imposante), plusieurs petits tombeaux, de nombreux temples et le grand Sphinx.
A:","Le plateau de Gizeh, ou « nécropole de Gizeh », dans la vallée des Morts en Égypte, regroupe plusieurs pyramides (la grande pyramide étant la plus imposante), plusieurs petits tombeaux, de nombreux temples et le grand Sphinx.","The Giza Plateau, or ""Giza Necropolis"" in the Egyptian Valley of the Dead contains several pyramids (of which the great pyramid is the largest), several small tombs, several temples, and the great Sphinx.","The plateau of Gizeh, or « Nacreéole de Gizeh, in the Valley of Gizeh, is the largest of the tombs in the Valley of Gizeh, and several smaller tombs, many temples and the Grand Sphinx.",10.846814820071854,38.5285019189791,eng_Latn," The Giza Plateau, or ""Giza Necropolis"" in the Egyptian Valley of the Dead contains several pyramids (of which the great pyramid is the largest), several small tombs, several temples, and the great Sphinx.",10.846814820071854,38.5285019189791,14.875,14.0625,0.0194091796875
"Q: La grande pyramide a été créée pour honorer le pharaon Khéops, et beaucoup de petites pyramides, tombes et temples ont été construits pour honorer ses femmes ainsi que les membres de sa famille.
A:","La grande pyramide a été créée pour honorer le pharaon Khéops, et beaucoup de petites pyramides, tombes et temples ont été construits pour honorer ses femmes ainsi que les membres de sa famille.","The great pyramid was created to honor the Pharaoh Khufu, and many of the smaller pyramids, tombs, and temples were built to honor Khufu's wives and family members.","The Great Pyramid was created to honor Khufu, and many small pyramids, tombs and temples were built to honor his wife, and many small pyramids, tombs and temples were built to honor her.",40.386340713913754,59.708678287183346,eng_Latn," The great pyramid was created to honor the Pharaoh Khufu, and many of the smaller pyramids, tombs, and temples were built to honor Khufu's wives and family members.",40.386340713913754,59.708678287183346,13.0625,12.125,0.25
"Q: Le symbole « pousser » ressemble à un V et le symbole « tirer » à une agrafe ou à un carré dont le côté inférieur est manquant.
A:",Le symbole « pousser » ressemble à un V et le symbole « tirer » à une agrafe ou à un carré dont le côté inférieur est manquant.,"The ""up bow"" mark looks like a V and the ""down bow mark"" like a staple or a square missing its bottom side.",The symbol « push » resembles a V and the symbol « draw » resembles a V and the symbol « draw » resembles a V.,7.022183955845687,18.36879132322955,eng_Latn," The ""up bow"" mark looks like a V and the ""down bow mark"" like a staple or a square missing its bottom side.",7.022183955845687,18.36879132322955,18.125,17.625,0.035400390625
"Q: Le haut signifie que vous devez commencer par la pointe et pousser l’archet, et le bas signifie que vous devez commencer par la hausse (qui est l’endroit où votre main tient l’arc) et tirer l’archet.
A:","Le haut signifie que vous devez commencer par la pointe et pousser l’archet, et le bas signifie que vous devez commencer par la hausse (qui est l’endroit où votre main tient l’arc) et tirer l’archet.","Up means you should start at the tip and push the bow, and down means you should start at the frog (which is where your hand is holding the bow) and pull the bow.",The top means that you must start by the tip and then you must start by the tip. The top means that you must start by the tip. The top means that you must start by the tip. The top means that you must start by the tip. The top means that you must start by the tip. The top means that you must start by the tip. The top means that you must start by the tip. The top means that you must start by the tip. The top means that,1.9639198412419143,19.811059285623124,eng_Latn," Up means you should start at the tip and push the bow, and down means you should start at the frog (which is where your hand is holding the bow) and pull the bow.",1.9639198412419143,19.811059285623124,25.0,25.0,-0.04345703125
"Q: Un archet vers le haut produit généralement un son plus doux, tandis qu'un archet vers le bas est plus fort et plus affirmé.
A:","Un archet vers le haut produit généralement un son plus doux, tandis qu'un archet vers le bas est plus fort et plus affirmé.","An up-bow usually generates a softer sound, while a down-bow is stronger and more assertive.","The higher the archet, the more soft and more intense the sound, while the higher the archet, the more soft and more intense.",6.303581060922102,26.739049284849315,eng_Latn," An up-bow usually generates a softer sound, while a down-bow is stronger and more assertive.",6.303581060922102,26.739049284849315,19.5,19.625,-0.00555419921875
"Q: N'hésitez pas à inscrire vos propres marques au crayon, mais n'oubliez pas que les marques d'archet imprimées le sont pour un motif d'ordre musical, et qu'il faut donc en général les respecter.
A:","N'hésitez pas à inscrire vos propres marques au crayon, mais n'oubliez pas que les marques d'archet imprimées le sont pour un motif d'ordre musical, et qu'il faut donc en général les respecter.","Feel free to pencil in your own marks, but remember the printed bowing marks are there for a musical reason, so they should usually be respected.","You can just write your own name on the crayon, but you should always remember that the name on the crayon is for a musical theme, and you should always remember that the name on the crayon is for a musical theme.",4.761298946116126,30.575589053596957,eng_Latn," Feel free to pencil in your own marks, but remember the printed bowing marks are there for a musical reason, so they should usually be respected.",4.761298946116126,30.575589053596957,14.0625,15.875,0.0106201171875
"Q: Le 6 octobre 1789, le roi Louis XVI, la reine Marie-Antoinette, leurs deux jeunes enfants (Marie-Thérèse, 11 ans, et Louis-Charles, 4 ans) et la sœur du roi, madame Élisabeth, tous terrifiés, sont contraints de rentrer à Paris depuis Versailles par une foule de vendeuses.
A:","Le 6 octobre 1789, le roi Louis XVI, la reine Marie-Antoinette, leurs deux jeunes enfants (Marie-Thérèse, 11 ans, et Louis-Charles, 4 ans) et la sœur du roi, madame Élisabeth, tous terrifiés, sont contraints de rentrer à Paris depuis Versailles par une foule de vendeuses.","The terrified King Louis XVI, Queen Marie Antoinette their two young children (11 year old Marie Therese and four year old Louis-Charles) and the King's sister, Madam Elizabeth, on the 6th October 1789 were forced back to Paris from Versailles by a mob of market women.","The 6th of October 1789, the king Louis XVI, his two young children (Marie-Thérèse, 11 years old, and Louis-Charles, 4 years old), and his sister, Madame Élisabeth, all terrified, are forced to return to Paris by a crowd of people.",10.100605326603286,43.75141702973678,eng_Latn," The terrified King Louis XVI, Queen Marie Antoinette their two young children (11 year old Marie Therese and four year old Louis-Charles) and the King's sister, Madam Elizabeth, on the 6th October 1789 were forced back to Paris from Versailles by a mob of market women.",10.100605326603286,43.75141702973678,7.96875,6.78125,0.66796875
"Q: Dans un carrosse, ils sont rentrés à Paris entourés d’une foule de gens qui hurlent et crient des menaces contre le roi et la reine.
A:","Dans un carrosse, ils sont rentrés à Paris entourés d’une foule de gens qui hurlent et crient des menaces contre le roi et la reine.","In a carriage, they traveled back to Paris surrounded by a mob of people screaming and shouting threats against the King and Queen.","A carrosse is in Paris, they are surrounded by people who hurl insults and cringes at the king and the queen.",6.766356858263595,32.81284832247248,eng_Latn," In a carriage, they traveled back to Paris surrounded by a mob of people screaming and shouting threats against the King and Queen.",6.766356858263595,32.81284832247248,7.96875,9.75,0.349609375
"Q: Le roi et la reine ont été obligés, à cause de la foule, de faire ouvrir les fenêtres de leurs carrosses.
A:","Le roi et la reine ont été obligés, à cause de la foule, de faire ouvrir les fenêtres de leurs carrosses.",The mob of people forced the King And Queen to have their carriage windows wide open.,"The king and the queen were obliged, because they were forced to do so, because they were obliged to do so.",2.1601524349994397,22.913832173976047,eng_Latn, The mob of people forced the King And Queen to have their carriage windows wide open.,2.1601524349994397,22.913832173976047,19.0,18.125,0.020263671875
"Q: À un moment donné, un membre de la foule a brandi la tête d'un garde royal tué à Versailles devant la reine terrorisée.
A:","À un moment donné, un membre de la foule a brandi la tête d'un garde royal tué à Versailles devant la reine terrorisée.",At one point a member of the mob waved the head of a royal guard killed at Versailles in front of the terrified Queen.,"A moment, a member of the crowd brandishes the head of a royal guard killed in Versailles before the queen was terrorized.",32.672940262046325,52.3676310931565,eng_Latn, At one point a member of the mob waved the head of a royal guard killed at Versailles in front of the terrified Queen.,32.672940262046325,52.3676310931565,9.6875,9.3125,0.52734375
"Q: Les dépenses de guerre de l'impérialisme américain dans la conquête des Philippines ont été payées par le peuple philippin lui-même.
A:",Les dépenses de guerre de l'impérialisme américain dans la conquête des Philippines ont été payées par le peuple philippin lui-même.,The war expenditures of U.S. imperialism in the conquest of the Philippines were paid for by the Filipino people themselves.,The American wars of independence in the Philippines were paid for by the people themselves.,24.65404303020243,52.60658814983973,eng_Latn, The war expenditures of U.S. imperialism in the conquest of the Philippines were paid for by the Filipino people themselves.,24.65404303020243,52.60658814983973,7.5625,9.1875,0.375
"Q: Ils ont été contraints de payer des impôts au régime colonial américain pour couvrir une grande partie des dépenses et des intérêts des obligations émises au nom du gouvernement philippin par les établissements bancaires de Wall Street.
A:",Ils ont été contraints de payer des impôts au régime colonial américain pour couvrir une grande partie des dépenses et des intérêts des obligations émises au nom du gouvernement philippin par les établissements bancaires de Wall Street.,They were compelled to pay taxes to the U.S. colonial regime to defray a major part of the expenditures and the interest on bonds floated in the name of the Philippine government through the Wall Street banking houses.,The Philippines has been forced to pay taxes to the US for the past 50 years to cover the costs and the interest of the Philippines have been forced to pay taxes to the US for the past 50 years to cover the costs and the interest of the Philippines have been forced to pay taxes to the US for the past 50 years to cover the costs and the interest of the Philippines have been forced to pay taxes to the US for the past 50 years to cover the costs,6.151094147743558,30.338381797111435,eng_Latn, They were compelled to pay taxes to the U.S. colonial regime to defray a major part of the expenditures and the interest on bonds floated in the name of the Philippine government through the Wall Street banking houses.,6.151094147743558,30.338381797111435,21.875,22.625,-0.025634765625
"Q: Naturellement, les superprofits issus de l'exploitation prolongée du peuple philippin pourraient constituer les avantages fondamentaux de l'impérialisme américain.
A:","Naturellement, les superprofits issus de l'exploitation prolongée du peuple philippin pourraient constituer les avantages fondamentaux de l'impérialisme américain.","Of course, the superprofits derived from the protracted exploitation of the Filipino people would constitute the basic gains of U.S. imperialism.",The superprofits that are generated by the exploitation of the people of the Philippines could be the fundamental advantages of the American Empire.,11.058120974543419,35.224610787011194,eng_Latn," Of course, the superprofits derived from the protracted exploitation of the Filipino people would constitute the basic gains of U.S. imperialism.",11.058120974543419,35.224610787011194,3.6875,3.90625,0.7421875
"Q: Pour comprendre les Templiers, il faut comprendre le contexte qui a poussé à la création de l'ordre.
A:","Pour comprendre les Templiers, il faut comprendre le contexte qui a poussé à la création de l'ordre.",To understand the Templars one must understand the context that prompted the creation of the order.,"To understand the Templars, it is important to understand the context that led to the creation of the order.",48.507643060367414,75.976941168236,eng_Latn, To understand the Templars one must understand the context that prompted the creation of the order.,48.507643060367414,75.976941168236,0.87109375,0.6875,1.0234375
"Q: Ces événements ont eu lieu dans la période généralement considérée comme le Haut Moyen Âge – période de l'histoire en Europe courant du XIe au XIIIe siècle (1000-1300).
A:",Ces événements ont eu lieu dans la période généralement considérée comme le Haut Moyen Âge – période de l'histoire en Europe courant du XIe au XIIIe siècle (1000-1300).,"The age where the events took place is commonly referred as the High Middle Ages the period of European history in the 11th, 12th, and 13th centuries (AD 1000–1300).",The events that took place in the Middle Ages were generally considered to have occurred in the Middle Ages – the period of the Middle Ages was generally considered to have occurred in the Middle Ages.,7.249733756281735,33.10220663936963,eng_Latn," The age where the events took place is commonly referred as the High Middle Ages the period of European history in the 11th, 12th, and 13th centuries (AD 1000–1300).",7.249733756281735,33.10220663936963,12.375,11.5625,0.015869140625
"Q: Le Moyen Âge Central a été précédé par le Haut Moyen Âge et suivi par le Bas Moyen Âge, qui par convention se termine vers 1500.
A:","Le Moyen Âge Central a été précédé par le Haut Moyen Âge et suivi par le Bas Moyen Âge, qui par convention se termine vers 1500.","The High Middle Ages were preceded by the Early Middle Ages and followed by the Late Middle Ages, which by convention ends around 1500.","The Middle Ages Central Europe was preceded by the Middle Ages and followed by the Bas Middle Ages, which ended around 1500.",47.34064692509759,63.9050501467955,eng_Latn," The High Middle Ages were preceded by the Early Middle Ages and followed by the Late Middle Ages, which by convention ends around 1500.",47.34064692509759,63.9050501467955,10.25,10.6875,0.224609375
"Q: Le déterminisme technologique est un terme qui englobe un large éventail d'idées dans la pratique, allant de la poussée technologique ou de l'impératif technologique à un sens strict selon lequel le destin de l'humanité est dicté par une logique sous-jacente liée aux lois scientifiques et à leur manifestation dans les technologies.
A:","Le déterminisme technologique est un terme qui englobe un large éventail d'idées dans la pratique, allant de la poussée technologique ou de l'impératif technologique à un sens strict selon lequel le destin de l'humanité est dicté par une logique sous-jacente liée aux lois scientifiques et à leur manifestation dans les technologies.","Technological determinism is a term that encompasses a wide range of ideas in practice, from technology-push or the technological imperative to a strict sense that human destiny is driven by an underlying logic associated with scientific laws and their manifestation in technology.","Le déterminisme technologique is a term that encompasses a wide range of ideas in practice, including a focus on the scientific and technological idea that is tied to the laws of science and technology.",28.95240410885788,47.614386889231405,eng_Latn," Technological determinism is a term that encompasses a wide range of ideas in practice, from technology-push or the technological imperative to a strict sense that human destiny is driven by an underlying logic associated with scientific laws and their manifestation in technology.",28.95240410885788,47.614386889231405,13.9375,13.5625,0.06201171875
"Q: La plupart des interprétations du déterminisme technologique s’accordent sur deux idées générales : le développement technologique lui-même se déroule selon un processus dépassant largement les influences culturelles et politiques, et la technologie a une incidence sur les sociétés conditionnées intrinsèquement plutôt que socialement.
A:","La plupart des interprétations du déterminisme technologique s’accordent sur deux idées générales : le développement technologique lui-même se déroule selon un processus dépassant largement les influences culturelles et politiques, et la technologie a une incidence sur les sociétés conditionnées intrinsèquement plutôt que socialement.","Most interpretations of technological determinism share two general ideas: that the development of technology itself follows a path largely beyond cultural or political influence, and that technology in turn has ""effects"" on societies that are inherent, rather than socially conditioned.","The majority of interpretations of the technological determinism agree that the development of technology itself proceeds according to a general principle that transcends widely the cultural and political influences, and technology has an intrinsic effect rather than being socially conditioned.",24.355060139340452,56.39583316323401,eng_Latn," Most interpretations of technological determinism share two general ideas: that the development of technology itself follows a path largely beyond cultural or political influence, and that technology in turn has ""effects"" on societies that are inherent, rather than socially conditioned.",24.355060139340452,56.39583316323401,2.28125,1.6171875,0.9296875
"Q: Par exemple, on pourrait dire que l'automobile conduit nécessairement au développement des routes.
A:","Par exemple, on pourrait dire que l'automobile conduit nécessairement au développement des routes.","For example, one might say that the motor car necessarily leads to the development of roads.",It's possible that the automobile leads the development of roads.,26.871564406827307,42.902862068455214,eng_Latn," For example, one might say that the motor car necessarily leads to the development of roads.",26.871564406827307,42.902862068455214,9.6875,11.3125,0.59765625
"Q: Cependant, un réseau routier national n'est pas économiquement viable pour une poignée de voitures, c'est pourquoi de nouvelles méthodes de production sont développées pour réduire le coût de la possession d'une voiture.
A:","Cependant, un réseau routier national n'est pas économiquement viable pour une poignée de voitures, c'est pourquoi de nouvelles méthodes de production sont développées pour réduire le coût de la possession d'une voiture.","However, a nationwide road network is not economically viable for just a handful of cars, so new methods of production are developed to reduce the cost of car ownership.","The national network is not economically viable for a single car, it is not economically viable for a single car because it is not economically viable for a single car because it is not economically viable for a single car because it is not economically viable for a single car because it is not economically viable for a single car because it is not economically viable for a single car because it is not economically viable for a single car because it is not economically viable for a single car because it is not economically viable for a single",5.979310631626662,23.09890738484219,eng_Latn," However, a nationwide road network is not economically viable for just a handful of cars, so new methods of production are developed to reduce the cost of car ownership.",5.979310631626662,23.09890738484219,21.5,23.125,-0.01507568359375
"Q: La possession massive de voitures entraîne également une plus grande incidence des accidents sur les routes, ce qui conduit à l’invention de nouvelles techniques dans le domaine des soins de santé pour soigner les lésions corporelles.
A:","La possession massive de voitures entraîne également une plus grande incidence des accidents sur les routes, ce qui conduit à l’invention de nouvelles techniques dans le domaine des soins de santé pour soigner les lésions corporelles.","Mass car ownership also leads to a higher incidence of accidents on the roads, which leads to the invention of new techniques in healthcare for repairing damaged bodies.","The possession massive of cars leads to a greater incidence of accidents on the roads, which leads to the invention of new techniques in the field of health care for treating injuries.",51.9010062931241,67.07764220575409,eng_Latn," Mass car ownership also leads to a higher incidence of accidents on the roads, which leads to the invention of new techniques in healthcare for repairing damaged bodies.",51.9010062931241,67.07764220575409,5.34375,5.96875,0.9453125
"Q: Le romantisme présentait un important élément de déterminisme culturel, tiré d'écrivains tels que Goethe, Fichte et Schlegel.
A:","Le romantisme présentait un important élément de déterminisme culturel, tiré d'écrivains tels que Goethe, Fichte et Schlegel.","Romanticism had a large element of cultural determinism, drawn from writers such as Goethe, Fichte, and Schlegel.","Le romantisme presented a significant cultural element, drawn from authors such as Goethe, Fichte and Schlegel.",40.278354067375645,56.59163200266632,eng_Latn," Romanticism had a large element of cultural determinism, drawn from writers such as Goethe, Fichte, and Schlegel.",40.278354067375645,56.59163200266632,12.375,12.5,0.267578125
"Q: D’après les théories du Romantisme, la géographie aurait façonné les individus et, avec le temps, des coutumes et une culture liées à cette géographie seraient apparues. Celles-ci, en harmonie avec les lieux occupés par la société, seraient préférables aux lois imposées arbitrairement.
A:","D’après les théories du Romantisme, la géographie aurait façonné les individus et, avec le temps, des coutumes et une culture liées à cette géographie seraient apparues. Celles-ci, en harmonie avec les lieux occupés par la société, seraient préférables aux lois imposées arbitrairement.","In the context of Romanticism, the geography molded individuals, and over time customs and culture related to that geography arose, and these, being in harmony with the place of the society, were better than arbitrarily imposed laws.","According to the theories of Romantism, the geography has shaped individuals and, with time, customs and cultures have been established. These customs and cultures have been established by the way, the society has been established by the way. These customs and cultures have been established by the way. These customs and cultures have been established by the way. These customs and cultures have been established by the way. These customs and cultures have been established by the way. These customs and cultures have been established by the way",5.226868846415343,31.451526991477262,eng_Latn," In the context of Romanticism, the geography molded individuals, and over time customs and culture related to that geography arose, and these, being in harmony with the place of the society, were better than arbitrarily imposed laws.",5.226868846415343,31.451526991477262,24.5,25.0,-0.02392578125
"Q: De la même manière que Paris est connue comme la capitale de la mode du monde contemporain, Constantinople était considérée comme celle de l’Europe féodale.
A:","De la même manière que Paris est connue comme la capitale de la mode du monde contemporain, Constantinople était considérée comme celle de l’Europe féodale.","In the manner that Paris is known as the fashion capital of the contemporary world, Constantinople was regarded as the fashion capital of feudal Europe.","Constantinople was known as the capital of the world, and Constantinople was considered the capital of the world.",12.07961213490567,43.766458077450245,eng_Latn," In the manner that Paris is known as the fashion capital of the contemporary world, Constantinople was regarded as the fashion capital of feudal Europe.",12.07961213490567,43.766458077450245,17.875,18.0,0.010986328125
"Q: Sa réputation en tant qu'épicentre du luxe a débuté aux environs de l'an 400, et duré jusqu'à 1100 environ.
A:","Sa réputation en tant qu'épicentre du luxe a débuté aux environs de l'an 400, et duré jusqu'à 1100 environ.",Its renown for being an epicenter of luxury began in about 400 A.D. and lasted up until about 1100 A.D.,"The reputation in the past was that it began in the 400s, and lasted until 1100.",5.476346132242134,26.31654774515385,eng_Latn, Its renown for being an epicenter of luxury began in about 400 A.D. and lasted up until about 1100 A.D.,5.476346132242134,26.31654774515385,12.375,10.1875,0.30859375
"Q: Son statut a décliné au cours du douzième siècle, principalement à cause du fait que les Croisés s'en revenaient chargés de présents tels que de la soie et des épices, avec lesquels les marchés byzantins pouvaient difficilement rivaliser.
A:","Son statut a décliné au cours du douzième siècle, principalement à cause du fait que les Croisés s'en revenaient chargés de présents tels que de la soie et des épices, avec lesquels les marchés byzantins pouvaient difficilement rivaliser.",Its status declined during the twelfth century mainly due to the fact that Crusaders had returned bearing gifts such as silks and spices that were valued more than what Byzantine markets offered.,"The status quo has been de-clinated over the course of the second century, primarily because the Cro-Magnon people were busy with the fact that they were busy with the fact that the Byzantines were busy with the fact that they were busy with the fact that they were busy with the fact that they were busy with the fact that they were busy with the fact that they were busy with the fact that they were busy with the fact that they were busy with the fact that they were busy with",1.985780736863475,21.650778267099046,eng_Latn, Its status declined during the twelfth century mainly due to the fact that Crusaders had returned bearing gifts such as silks and spices that were valued more than what Byzantine markets offered.,1.985780736863475,21.650778267099046,21.0,21.875,-0.025634765625
"Q: C'est à cette époque que le titre de capitale de la mode fut transféré de Constantinople à Paris.
A:",C'est à cette époque que le titre de capitale de la mode fut transféré de Constantinople à Paris.,It was at this time that the transfer of the title of Fashion Capital from Constantinople to Paris was made.,This is at this time that the title of capital of fashion was transferred from Constantinople to Paris.,40.07005741988006,66.01448229351251,eng_Latn, It was at this time that the transfer of the title of Fashion Capital from Constantinople to Paris was made.,40.07005741988006,66.01448229351251,2.859375,2.8125,1.015625
"Q: Le style gothique a connu son apogée entre le Xe–XIe siècle et le XIVe siècle.
A:",Le style gothique a connu son apogée entre le Xe–XIe siècle et le XIVe siècle.,Gothic style peaked in the period between the 10th - 11th centuries and the 14th century.,The gothique style reached its peak between the 11th and the 12th century.,10.780498689427162,41.801190492859554,eng_Latn, Gothic style peaked in the period between the 10th - 11th centuries and the 14th century.,10.780498689427162,41.801190492859554,7.78125,9.5,0.8203125
"Q: Au début, la robe était fortement influencée par la culture byzantine, à l’est.
A:","Au début, la robe était fortement influencée par la culture byzantine, à l’est.",At the beginning dress was heavily influenced by the Byzantine culture in the east.,"The robe was heavily influenced by Byzantine culture, to the east.",48.15673879635862,59.22759242657458,eng_Latn, At the beginning dress was heavily influenced by the Byzantine culture in the east.,48.15673879635862,59.22759242657458,6.09375,8.4375,0.66796875
"Q: Cependant, en raison de la lenteur des moyens de communication, les modes occidentales pouvaient accuser un retard de 25 à 30 ans.
A:","Cependant, en raison de la lenteur des moyens de communication, les modes occidentales pouvaient accuser un retard de 25 à 30 ans.","However, due to the slow communication channels, styles in the west could lag behind by 25 to 30 year.","The slow pace of communication, due to the slow pace of communication, the Western world could accuse the delay of 25 to 30 years.",18.877190536462233,44.024636818889576,eng_Latn," However, due to the slow communication channels, styles in the west could lag behind by 25 to 30 year.",18.877190536462233,44.024636818889576,7.65625,7.3125,0.11767578125
"Q: Au cours de la fin du Moyen Âge, l'Europe occidentale a commencé à développer son propre style. Un des plus grands progrès de l'époque, suite aux croisades, fut l'utilisation de boutons pour la fermeture des vêtements.
A:","Au cours de la fin du Moyen Âge, l'Europe occidentale a commencé à développer son propre style. Un des plus grands progrès de l'époque, suite aux croisades, fut l'utilisation de boutons pour la fermeture des vêtements.",towards the end of the Middle Ages western Europe began to develop their own style. one of the biggest developments of the time as a result of the crusades people began to use buttons to fasten clothing.,"During the Middle Ages, Europe began to develop its own style. One of the most important advances of the time, the use of buttons for the closure of clothes, was the use of buttons.",16.857527477929203,43.80029233251879,eng_Latn, towards the end of the Middle Ages western Europe began to develop their own style. one of the biggest developments of the time as a result of the crusades people began to use buttons to fasten clothing.,16.857527477929203,43.80029233251879,9.4375,8.625,0.41796875
"Q: L'agriculture de subsistance est une agriculture pratiquée pour produire suffisamment de nourriture pour répondre uniquement aux besoins de l'agriculteur et de sa famille.
A:",L'agriculture de subsistance est une agriculture pratiquée pour produire suffisamment de nourriture pour répondre uniquement aux besoins de l'agriculteur et de sa famille.,Subsistence agriculture is agriculture carried out for the production of enough food to meet just the needs of the agriculturalist and his/her family.,Agriculture of subsistence is a subsistence agriculture practiced to produce enough food to meet the needs of the farmer and his family.,26.055808436547064,53.85024367344803,eng_Latn, Subsistence agriculture is agriculture carried out for the production of enough food to meet just the needs of the agriculturalist and his/her family.,26.055808436547064,53.85024367344803,4.28125,4.46875,0.95703125
"Q: L'agriculture de subsistance est un système simple, souvent biologique, utilisant des semences conservées originaires de l'écorégion, combinées à la rotation des cultures ou à d'autres techniques relativement simples pour maximiser le rendement.
A:","L'agriculture de subsistance est un système simple, souvent biologique, utilisant des semences conservées originaires de l'écorégion, combinées à la rotation des cultures ou à d'autres techniques relativement simples pour maximiser le rendement.","Subsistence agriculture is a simple, often organic, system using saved seed native to the ecoregion combined with crop rotation or other relatively simple techniques to maximize yield.","Agriculture of subsistence is a simple system, often organic, using seeds that are kept in the original environment, combined with rotation or other techniques relatively simple, to maximize the yield.",22.71701825263596,63.32665221154432,eng_Latn," Subsistence agriculture is a simple, often organic, system using saved seed native to the ecoregion combined with crop rotation or other relatively simple techniques to maximize yield.",22.71701825263596,63.32665221154432,6.09375,6.96875,0.85546875
"Q: Historiquement, la plupart des agriculteurs pratiquaient une agriculture de subsistance et c'est encore le cas dans de nombreux pays en voie de développement.
A:","Historiquement, la plupart des agriculteurs pratiquaient une agriculture de subsistance et c'est encore le cas dans de nombreux pays en voie de développement.",Historically most farmers were engaged in subsistence agriculture and this is still the case in many developing nations.,The majority of farmers in developing countries practice subsistence agriculture and it is still the case in many countries in the process of development.,35.42398584300003,54.4850430587664,eng_Latn, Historically most farmers were engaged in subsistence agriculture and this is still the case in many developing nations.,35.42398584300003,54.4850430587664,3.734375,4.8125,0.84765625
"Q: Les sous-cultures rassemblent des individus se sentant négligés par les normes sociétales et partageant les mêmes idées ce qui leur permet de développer un sentiment d'identité.
A:",Les sous-cultures rassemblent des individus se sentant négligés par les normes sociétales et partageant les mêmes idées ce qui leur permet de développer un sentiment d'identité.,Subcultures bring together like-minded individuals who feel neglected by societal standards and allow them to develop a sense of identity.,Les sous-cultures gather individuals feeling neglected by the social norms and sharing the same ideas that they feel that they are not being treated by the social norms and sharing the same ideas that they feel that they are not being treated by the social norms and sharing the same ideas that they feel that they are not being treated by the social norms and sharing the same ideas that they feel that they are not being treated by the social norms and sharing the same ideas that they feel that they are not being treated by the,2.8083214839393382,21.197917468256076,eng_Latn, Subcultures bring together like-minded individuals who feel neglected by societal standards and allow them to develop a sense of identity.,2.8083214839393382,21.197917468256076,23.5,23.25,-0.00909423828125
"Q: Les sous-cultures peuvent se distinguer par l'âge, l'origine ethnique, la classe, la localisation et / ou le sexe des membres.
A:","Les sous-cultures peuvent se distinguer par l'âge, l'origine ethnique, la classe, la localisation et / ou le sexe des membres.","Subcultures can be distinctive because of the age, ethnicity, class, location, and/or gender of the members.","The subcultures can be distinguished by the age, the origin of the ethnics, the class, the location and / or the gender. The subcultures can be distinguished by the age, the origin of the ethnics, the class, the location and / or the gender. The subcultures can be distinguished by the age, the origin of the ethnics, the class, the location and the gender. The subcultures can be distinguished by the age, the origin of the ethnics, the",4.3392586341784,34.1732391473797,eng_Latn," Subcultures can be distinctive because of the age, ethnicity, class, location, and/or gender of the members.",4.3392586341784,34.1732391473797,25.0,25.0,-0.0078125
"Q: Les critères qui déterminent une sous-culture comme distincte peuvent être linguistiques, esthétiques, religieux, politiques, sexuels, géographiques ou une combinaison de facteurs.
A:","Les critères qui déterminent une sous-culture comme distincte peuvent être linguistiques, esthétiques, religieux, politiques, sexuels, géographiques ou une combinaison de facteurs.","The qualities that determine a subculture as distinct may be linguistic, aesthetic, religious, political, sexual, geographical, or a combination of factors.","The criteria that determine a distinct culture as distinct from a separate culture can be linguistic, aesthetic, religious, political, sexual, geographical or a combination of factors.",61.76324097551584,79.0848533057617,eng_Latn," The qualities that determine a subculture as distinct may be linguistic, aesthetic, religious, political, sexual, geographical, or a combination of factors.",61.76324097551584,79.0848533057617,5.09375,4.34375,0.71484375
"Q: Les membres d'une sous-culture signalent souvent leur appartenance par un usage distinctif et symbolique du style, qui englobe les modes, les maniérismes et l'argot.
A:","Les membres d'une sous-culture signalent souvent leur appartenance par un usage distinctif et symbolique du style, qui englobe les modes, les maniérismes et l'argot.","Members of a subculture often signal their membership through a distinctive and symbolic use of style, which includes fashions, mannerisms, and argot.","Les members of a culture may use a distinct style or use a symbolic style that includes modes, styles, and rhetoric.",4.590491427960005,33.42850812765627,eng_Latn," Members of a subculture often signal their membership through a distinctive and symbolic use of style, which includes fashions, mannerisms, and argot.",4.590491427960005,33.42850812765627,13.0625,13.6875,0.05712890625
"Q: L'une des méthodes les plus courantes utilisées pour illustrer l'importance de la socialisation est de s'inspirer des quelques cas malheureux d'enfants qui, par négligence, malheur ou abus volontaire, n'ont pas été socialisés par des adultes pendant leur enfance.
A:","L'une des méthodes les plus courantes utilisées pour illustrer l'importance de la socialisation est de s'inspirer des quelques cas malheureux d'enfants qui, par négligence, malheur ou abus volontaire, n'ont pas été socialisés par des adultes pendant leur enfance.","One of the most common methods used to illustrate the importance of socialization is to draw upon the few unfortunate cases of children who were, through neglect, misfortune, or wilful abuse, not socialized by adults while they were growing up.","The most common method used to illustrate the importance of socialization is to borrow some of the stories of children who, by neglect, have not been socialized by adults during childhood, and have not been socialized by adults during childhood.",31.84025242343137,52.42923905001252,eng_Latn," One of the most common methods used to illustrate the importance of socialization is to draw upon the few unfortunate cases of children who were, through neglect, misfortune, or wilful abuse, not socialized by adults while they were growing up.",31.84025242343137,52.42923905001252,10.3125,8.6875,0.25
"Q: Ces enfants sont considérés comme « féroces » ou sauvages. Certains enfants sauvages ont été enfermés par des personnes (généralement leurs propres parents) ; dans certains cas, l'abandon de cet enfant était dû au rejet par les parents d'une déficience intellectuelle ou physique grave dont souffrait l'enfant.
A:","Ces enfants sont considérés comme « féroces » ou sauvages. Certains enfants sauvages ont été enfermés par des personnes (généralement leurs propres parents) ; dans certains cas, l'abandon de cet enfant était dû au rejet par les parents d'une déficience intellectuelle ou physique grave dont souffrait l'enfant.","Such children are called ""feral"" or wild. Some feral children have been confined by people (usually their own parents); in some cases this child abandonment was due to the parents' rejection of a child's severe intellectual or physical impairment.","Some children are considered to be ""frightened"" or wild. Some children have been imprisoned by people (generally their own parents) or by people (generally their own parents). In some cases, the abandonment of this child was due to the rejection of the parents of this child by the parents of this child.",21.405618567528506,55.59616546915031,eng_Latn," Such children are called ""feral"" or wild. Some feral children have been confined by people (usually their own parents); in some cases this child abandonment was due to the parents' rejection of a child's severe intellectual or physical impairment.",21.405618567528506,55.59616546915031,17.5,15.625,0.039306640625
"Q: Les enfants sauvages peuvent avoir subi de graves abus ou traumatismes avant d'être abandonnés ou de s'enfuir.
A:",Les enfants sauvages peuvent avoir subi de graves abus ou traumatismes avant d'être abandonnés ou de s'enfuir.,Feral children may have experienced severe child abuse or trauma before being abandoned or running away.,The children who are wild can have been subjected to serious abuse or trauma before they are abandoned or flee.,15.573188896329047,44.1003861383788,eng_Latn, Feral children may have experienced severe child abuse or trauma before being abandoned or running away.,15.573188896329047,44.1003861383788,4.25,5.625,0.96484375
"Q: D’autres auraient été élevés par des animaux ; certains auraient vécu seuls dans la nature.
A:",D’autres auraient été élevés par des animaux ; certains auraient vécu seuls dans la nature.,Others are alleged to have been brought up by animals; some are said to have lived in the wild on their own.,Some would have been raised by animals. Some would have lived alone in the wild.,8.518582708583184,36.65378385470325,eng_Latn, Others are alleged to have been brought up by animals; some are said to have lived in the wild on their own.,8.518582708583184,36.65378385470325,3.484375,3.765625,0.984375
"Q: Lorsqu'ils sont entièrement élevés par des espèces non humaines, les enfants sauvages affichent des comportements (dans les limites de leurs dispositions physiques) presque identiques à ceux des animaux qui les ont élevés, tels que la peur ou l'indifférence envers les humains.
A:","Lorsqu'ils sont entièrement élevés par des espèces non humaines, les enfants sauvages affichent des comportements (dans les limites de leurs dispositions physiques) presque identiques à ceux des animaux qui les ont élevés, tels que la peur ou l'indifférence envers les humains.","When completely brought up by non-human animals, the feral child exhibits behaviors (within physical limits) almost entirely like those of the particular care-animal, such as its fear of or indifference to humans.","The children who are completely raised by non-human species, they show almost identical behaviors (in their physical dispositions) to those of animals that have been raised, such as fear or indifference to humans, such as fear or indifference to humans.",23.12304629622638,46.71563877766801,eng_Latn," When completely brought up by non-human animals, the feral child exhibits behaviors (within physical limits) almost entirely like those of the particular care-animal, such as its fear of or indifference to humans.",23.12304629622638,46.71563877766801,8.25,7.75,0.0830078125
"Q: Tandis que la pédagogie de projet devrait rendre l'apprentissage plus facile et plus intéressant, le soutien va plus loin.
A:","Tandis que la pédagogie de projet devrait rendre l'apprentissage plus facile et plus intéressant, le soutien va plus loin.","While project based learning should make learning easier and more interesting, scaffolding goes a step beyond.","The pedagogy of project should make learning more interesting and more interesting, the support will go further.",17.558704185181284,45.34133258353534,eng_Latn," While project based learning should make learning easier and more interesting, scaffolding goes a step beyond.",17.558704185181284,45.34133258353534,9.5,11.4375,0.69140625
"Q: Le soutien n'est pas une méthode d'apprentissage mais davantage un moyen d'aider les apprenants qui découvrent un nouvel enseignement tel que l'utilisation d'un nouveau programme ou le début d'un nouveau projet.
A:",Le soutien n'est pas une méthode d'apprentissage mais davantage un moyen d'aider les apprenants qui découvrent un nouvel enseignement tel que l'utilisation d'un nouveau programme ou le début d'un nouveau projet.,Scaffolding is not a method of learning but rather an aid that provides support to individuals whom are undergoing a new learning experience such as using a new computer program or beginning a new project.,Le soutien is not a method of learning but it is more a way of helping the learners who discover a new learning method or a new project is a way of helping the learners who discover a new method or a new project.,20.894997317203718,38.91444050945892,eng_Latn, Scaffolding is not a method of learning but rather an aid that provides support to individuals whom are undergoing a new learning experience such as using a new computer program or beginning a new project.,20.894997317203718,38.91444050945892,14.5,14.5625,0.0419921875
"Q: Les soutiens peuvent être à la fois virtuels et réels. Autrement dit, un professeur est une forme de soutien, mais le petit homme trombone de Microsoft Office en est un aussi.
A:","Les soutiens peuvent être à la fois virtuels et réels. Autrement dit, un professeur est une forme de soutien, mais le petit homme trombone de Microsoft Office en est un aussi.","Scaffolds can be both virtual and real, in other words, a teacher is a form of scaffold but so is the little paperclip man in Microsoft Office.","Les soutiens peuvent be a both virtually and real. In other words, a teacher is a form of support, but the small man trombone of Microsoft Office is a form of support, but the small man trombone of Microsoft Office is a form of support.",17.464747586953585,48.708042074763696,eng_Latn," Scaffolds can be both virtual and real, in other words, a teacher is a form of scaffold but so is the little paperclip man in Microsoft Office.",17.464747586953585,48.708042074763696,20.875,21.0,-0.023193359375
"Q: Les échafaudages virtuels sont intégrés dans le logiciel et sont destinés à interroger, guider et expliquer des procédures qui auraient pu être trop difficiles à gérer pour l'élève seul.
A:","Les échafaudages virtuels sont intégrés dans le logiciel et sont destinés à interroger, guider et expliquer des procédures qui auraient pu être trop difficiles à gérer pour l'élève seul.","Virtual Scaffolds are internalized in the software and are meant to question, prompt, and explain procedures that may have been to challenging for the student to handle alone.",Les échafaudages are integrated into the software and are designed to guide and explain procedures which would have been too difficult for the student alone.,14.143222682804534,47.082100061609566,eng_Latn," Virtual Scaffolds are internalized in the software and are meant to question, prompt, and explain procedures that may have been to challenging for the student to handle alone.",14.143222682804534,47.082100061609566,12.0,11.4375,0.1494140625
"Q: Les enfants sont placés dans des familles d’accueil pour des raisons très diverses qui vont de la négligence à la maltraitance, en passant par l’extorsion.
A:","Les enfants sont placés dans des familles d’accueil pour des raisons très diverses qui vont de la négligence à la maltraitance, en passant par l’extorsion.","Children are placed in Foster Care for a wide variety of reasons that range from neglect, to abuse, and even to extortion.","The children are placed in families of care for various reasons which will include neglect, theft, extortion, and extorsion.",16.703490261676773,43.29884775107297,eng_Latn," Children are placed in Foster Care for a wide variety of reasons that range from neglect, to abuse, and even to extortion.",16.703490261676773,43.29884775107297,6.96875,7.78125,0.349609375
"Q: Aucun enfant ne devrait jamais avoir à grandir dans un environnement qui n’est pas stimulant, attentionné et éducatif, mais c’est le cas.
A:","Aucun enfant ne devrait jamais avoir à grandir dans un environnement qui n’est pas stimulant, attentionné et éducatif, mais c’est le cas.","No child should ever have to grow up in an environment that is not nurturing, caring, and educational, but they do.","It is not necessary to grow up in a place that is not stimulating, attention-seeking and attentive, but it is the case. It is the case.",11.11789548985491,33.883772749610195,eng_Latn," No child should ever have to grow up in an environment that is not nurturing, caring, and educational, but they do.",11.11789548985491,33.883772749610195,11.6875,12.5,0.0654296875
"Q: Nous percevons le système de placement familial comme une zone de sécurité pour ces enfants.
A:",Nous percevons le système de placement familial comme une zone de sécurité pour ces enfants.,We perceive the Foster Care System to be a safety zone for these children.,We see the family placement as a zone of safety for these children.,18.84991955924285,42.64470871704518,eng_Latn, We perceive the Foster Care System to be a safety zone for these children.,18.84991955924285,42.64470871704518,4.0,5.1875,0.890625
"Q: Notre système de placement en famille d'accueil est supposé fournir des foyers sûrs, des soignants aimants, une éducation stable et des soins de santé fiables.
A:","Notre système de placement en famille d'accueil est supposé fournir des foyers sûrs, des soignants aimants, une éducation stable et des soins de santé fiables.","Our foster care system is supposed to provide safe homes, loving caregivers, stable education, and reliable health care.","Notre system of placement in family care is assumed to provide a safe, stable, and reliable environment, a stable, and reliable care environment.",11.48193498948279,39.927332871122964,eng_Latn," Our foster care system is supposed to provide safe homes, loving caregivers, stable education, and reliable health care.",11.48193498948279,39.927332871122964,11.9375,13.125,0.06494140625
"Q: Le placement en famille d’accueil est censé fournir toutes les nécessités qui faisaient défaut dans le foyer d’où ils ont été auparavant retirés.
A:",Le placement en famille d’accueil est censé fournir toutes les nécessités qui faisaient défaut dans le foyer d’où ils ont été auparavant retirés.,Foster care is supposed to provide all the necessities that were lacking in the home they were previously taken from.,The placement in family care is intended to provide all the needs that made a problem in the home where they were before they were removed.,15.639686545296048,45.848311399655216,eng_Latn, Foster care is supposed to provide all the necessities that were lacking in the home they were previously taken from.,15.639686545296048,45.848311399655216,4.59375,5.15625,0.93359375
"Q: Internet allie des éléments de communication de masse et de communication interpersonnelle.
A:",Internet allie des éléments de communication de masse et de communication interpersonnelle.,The Internet combines elements of both mass and interpersonal communication.,Internet allie the elements of communication of mass and interpersonal communication.,40.52587697205425,68.18205600919178,eng_Latn, The Internet combines elements of both mass and interpersonal communication.,40.52587697205425,68.18205600919178,10.0625,9.5,0.875
"Q: Les caractéristiques distinctes d'Internet conduisent à des dimensions supplémentaires en termes d'approche des usages et des gratifications.
A:",Les caractéristiques distinctes d'Internet conduisent à des dimensions supplémentaires en termes d'approche des usages et des gratifications.,The distinct characteristics of the Internet lead to additional dimensions in terms of the uses and gratifications approach.,The characteristics that distinguish Internet are different in terms of approaches to usage and gratifications. The characteristics that distinguish Internet are different in terms of approaches to usage and gratifications. The characteristics that distinguish Internet are different in terms of approaches to usage and gratifications. The characteristics that distinguish Internet are different in terms of approaches to usage and gratifications. The characteristics that distinguish Internet are different in terms of approaches to usage and gratifications. The characteristics that distinguish Internet are different in terms of approaches to usage and grat,4.325172571764483,28.265020825044125,eng_Latn, The distinct characteristics of the Internet lead to additional dimensions in terms of the uses and gratifications approach.,4.325172571764483,28.265020825044125,25.0,25.0,-0.025390625
"Q: Par exemple, « l'apprentissage » et « la socialisation » sont considérés comme de grands facteurs favorisant l'utilisation d'Internet (James et al., 1995).
A:","Par exemple, « l'apprentissage » et « la socialisation » sont considérés comme de grands facteurs favorisant l'utilisation d'Internet (James et al., 1995).","For example, “learning” and “socialization” are suggested as important motivations for Internet use (James et al., 1995).","Par example, « learning » and « socialisation » are considered to be big factors that favor the use of the Internet (James and al., 1995).",12.367562469761808,42.17547327780199,eng_Latn," For example, “learning” and “socialization” are suggested as important motivations for Internet use (James et al., 1995).",12.367562469761808,42.17547327780199,2.1875,3.625,0.47265625
"Q: « L’implication personnelle » et « les relations continues » ont également été identifiées comme étant de nouveaux aspects motivationnels par Eighmey et McCord (1998) lorsqu’ils ont étudié les réactions du public vis-à-vis des sites internet.
A:",« L’implication personnelle » et « les relations continues » ont également été identifiées comme étant de nouveaux aspects motivationnels par Eighmey et McCord (1998) lorsqu’ils ont étudié les réactions du public vis-à-vis des sites internet.,“Personal involvement” and “continuing relationships” were also identified as new motivation aspects by Eighmey and McCord (1998) when they investigated audience reactions to websites.,The implication personal is also identified as a new motivation by Eighmey and McCord (1998) when they studied the reactions of the public vis-à-vis the internet sites.,31.893787964121458,51.72263133674495,eng_Latn, “Personal involvement” and “continuing relationships” were also identified as new motivation aspects by Eighmey and McCord (1998) when they investigated audience reactions to websites.,31.893787964121458,51.72263133674495,11.0625,10.9375,0.56640625
"Q: L'usage de l'enregistrement vidéo a mené à de grandes découvertes dans l'interprétation des micro-expressions, c'est-à-dire des expressions faciales durant quelques millisecondes.
A:","L'usage de l'enregistrement vidéo a mené à de grandes découvertes dans l'interprétation des micro-expressions, c'est-à-dire des expressions faciales durant quelques millisecondes.","The use of video recording has led to important discoveries in the interpretation of micro-expressions, facial movements which last a few milliseconds.","The use of video recording has led to great discoveries in the interpretation of facial expressions, which is to say expressions during a few milliseconds.",58.05767005939097,70.8501957728506,eng_Latn," The use of video recording has led to important discoveries in the interpretation of micro-expressions, facial movements which last a few milliseconds.",58.05767005939097,70.8501957728506,3.5625,3.109375,0.87890625
"Q: On prétend notamment que l’on peut détecter si une personne ment en interprétant correctement des micro-expressions.
A:",On prétend notamment que l’on peut détecter si une personne ment en interprétant correctement des micro-expressions.,"In particular, it is claimed that one can detect whether a person is lying by interpreting micro-expressions correctly.",On can detect if someone is saying that they can detect if someone is saying that they can detect if someone is saying that they can detect if someone is saying that they can detect if someone is saying that they can detect if someone is saying that they can detect if someone is saying that they can detect if someone is saying that they can detect if someone is saying that they can detect if someone is saying that they can detect if someone is saying that they can detect if someone is saying that they can detect if,0.9027380604673038,13.330285676351686,eng_Latn," In particular, it is claimed that one can detect whether a person is lying by interpreting micro-expressions correctly.",0.9027380604673038,13.330285676351686,22.25,22.625,-0.06689453125
"Q: Oliver Sacks, dans son article Le discours du président, a indiqué comment les personnes ne pouvant pas comprendre le discours en raison de lésions cérébrales sont néanmoins en mesure d’évaluer la sincérité avec précision.
A:","Oliver Sacks, dans son article Le discours du président, a indiqué comment les personnes ne pouvant pas comprendre le discours en raison de lésions cérébrales sont néanmoins en mesure d’évaluer la sincérité avec précision.","Oliver Sacks, in his paper The President's Speech, indicated how people who are unable to understand speech because of brain damage are nevertheless able to assess sincerity accurately.","Oliver Sacks, in his article, the president said that people who cannot understand the speech because they cannot understand the speech because they cannot understand the speech, are nevertheless able to evaluate the sincerity with accuracy.",23.796966413791132,50.00453275476397,eng_Latn," Oliver Sacks, in his paper The President's Speech, indicated how people who are unable to understand speech because of brain damage are nevertheless able to assess sincerity accurately.",23.796966413791132,50.00453275476397,11.3125,10.0,0.04736328125
"Q: Il suggère même que de telles capacités d’interprétation du comportement humain peuvent se trouver chez des animaux tels que les chiens domestiques.
A:",Il suggère même que de telles capacités d’interprétation du comportement humain peuvent se trouver chez des animaux tels que les chiens domestiques.,He even suggests that such abilities in interpreting human behavior may be shared by animals such as domestic dogs.,"This suggests that such abilities of interpretation of human behavior can be found in animals such as dogs, such as cats.",25.983833013159888,56.42365685745805,eng_Latn, He even suggests that such abilities in interpreting human behavior may be shared by animals such as domestic dogs.,25.983833013159888,56.42365685745805,7.1875,9.5,0.2177734375
"Q: Les recherches du vingtième siècle ont montré qu’il existe deux réservoirs de variation génétique : caché et exprimé.
A:",Les recherches du vingtième siècle ont montré qu’il existe deux réservoirs de variation génétique : caché et exprimé.,Twentieth century research has shown that there are two pools of genetic variation: hidden and expressed.,The research of the twentieth century has shown that there is two different types of variation: hidden and expressed.,41.383778045345196,68.11794399282535,eng_Latn, Twentieth century research has shown that there are two pools of genetic variation: hidden and expressed.,41.383778045345196,68.11794399282535,3.1875,2.234375,0.77734375
"Q: La mutation ajoute une nouvelle variation génétique, et la sélection l'enlève de la réserve des variations exprimées.
A:","La mutation ajoute une nouvelle variation génétique, et la sélection l'enlève de la réserve des variations exprimées.","Mutation adds new genetic variation, and selection removes it from the pool of expressed variation.","The mutation adds a new variation, and the selection removes a new variation, and the selection is removed.",23.26654168459006,49.75171802814438,eng_Latn," Mutation adds new genetic variation, and selection removes it from the pool of expressed variation.",23.26654168459006,49.75171802814438,14.875,12.75,0.02294921875
"Q: La ségrégation et la recombinaison font alterner les variations entre les deux bassins à chaque génération.
A:",La ségrégation et la recombinaison font alterner les variations entre les deux bassins à chaque génération.,Segregation and recombination shuffle variation back and forth between the two pools with each generation.,The segregation and recombination are alternated between the two variations between the two bass lines at each generation.,24.76980256562108,56.700773031690346,eng_Latn, Segregation and recombination shuffle variation back and forth between the two pools with each generation.,24.76980256562108,56.700773031690346,8.5,9.25,0.50390625
"Q: Dans la savane, il est difficile pour un primate doté d'un système digestif semblable à celui des humains de satisfaire ses besoins en acides aminés à partir des ressources végétales disponibles.
A:","Dans la savane, il est difficile pour un primate doté d'un système digestif semblable à celui des humains de satisfaire ses besoins en acides aminés à partir des ressources végétales disponibles.","Out on the savanna, it is hard for a primate with a digestive system like that of humans to satisfy its amino-acid requirements from available plant resources.","The primate has a similar digestive system to that of humans, but it is difficult for a primate to satisfy its needs in the savanna, and it is difficult for a primate to satisfy its needs in the savanna.",21.332218554474732,46.67180649290338,eng_Latn," Out on the savanna, it is hard for a primate with a digestive system like that of humans to satisfy its amino-acid requirements from available plant resources.",21.332218554474732,46.67180649290338,16.625,16.0,0.06396484375
"Q: En outre, une absence de réaction a de graves conséquences : troubles de la croissance, malnutrition et en fin de compte, la mort.
A:","En outre, une absence de réaction a de graves conséquences : troubles de la croissance, malnutrition et en fin de compte, la mort.","Moreover, failure to do so has serious consequences: growth depression, malnutrition, and ultimately death.","The absence of reaction is a grave consequence: problems of growth, malnutrition and the death.",13.598345546333286,34.48509417659157,eng_Latn," Moreover, failure to do so has serious consequences: growth depression, malnutrition, and ultimately death.",13.598345546333286,34.48509417659157,5.84375,6.9375,0.87109375
"Q: Les ressources végétales les plus facilement accessibles seraient les protéines contenues dans les feuilles et les légumineuses, mais celles-ci sont difficiles à digérer pour des primates comme nous, à moins d'être cuites.
A:","Les ressources végétales les plus facilement accessibles seraient les protéines contenues dans les feuilles et les légumineuses, mais celles-ci sont difficiles à digérer pour des primates comme nous, à moins d'être cuites.","The most readily accessible plant resources would have been the proteins accessible in leaves and legumes, but these are hard for primates like us to digest unless they are cooked.","The most easily accessible sources of plant protein would be the protein contained in the leaves and the legumes, but these are difficult to digest for primates like us, unless you are cooked.",32.429055738397025,60.1271399852191,eng_Latn," The most readily accessible plant resources would have been the proteins accessible in leaves and legumes, but these are hard for primates like us to digest unless they are cooked.",32.429055738397025,60.1271399852191,7.3125,6.1875,0.8203125
"Q: Par opposition, la nourriture d'origine animale (fourmis, termites, œufs) est facile à digérer tout en apportant une grande quantité de protéines renfermant tous les acides aminés vitaux.
A:","Par opposition, la nourriture d'origine animale (fourmis, termites, œufs) est facile à digérer tout en apportant une grande quantité de protéines renfermant tous les acides aminés vitaux.","In contrast, animal foods (ants, termites, eggs) not only are easily digestible, but they provide high-quantity proteins that contain all the essential amino acids.","The food of origin (animal feed, termites, eggs) is easy to digest and provides a large amount of protein, including all essential amino acids, which contains all essential amino acids.",24.874987153684614,42.78154858873529,eng_Latn," In contrast, animal foods (ants, termites, eggs) not only are easily digestible, but they provide high-quantity proteins that contain all the essential amino acids.",24.874987153684614,42.78154858873529,9.1875,9.8125,0.23828125
"Q: Tout bien considéré, nous ne devrions pas être surpris si nos propres ancêtres ont résolu leur « problème de protéines » un peu de la même manière que les chimpanzés de la savane le font aujourd'hui.
A:","Tout bien considéré, nous ne devrions pas être surpris si nos propres ancêtres ont résolu leur « problème de protéines » un peu de la même manière que les chimpanzés de la savane le font aujourd'hui.","All things considered, we should not be surprised if our own ancestors solved their ""protein problem"" in somewhat the same way that chimps on the savanna do today.",We should not be surprised if our ancestors did not have to be surprised if our ancestors did not have to be surprised.,13.51455695845834,30.327937534039247,eng_Latn," All things considered, we should not be surprised if our own ancestors solved their ""protein problem"" in somewhat the same way that chimps on the savanna do today.",13.51455695845834,30.327937534039247,21.625,19.0,-0.016845703125
"Q: L'interruption du sommeil est le processus qui consiste en l'éveil intentionnel durant votre période de sommeil et l'assoupissement peu de temps après (de 10 à 60 minutes).
A:",L'interruption du sommeil est le processus qui consiste en l'éveil intentionnel durant votre période de sommeil et l'assoupissement peu de temps après (de 10 à 60 minutes).,Sleep interruption is the process of purposefully awakening during your normal sleep period and falling asleep a short time later (10–60 minutes).,The sleep interruption is the process that occurs during your sleep and the awakening intention is the process that occurs during your sleep and the awakening intention is the process that occurs during your sleep and the awakening intention is the process that occurs during your sleep and the awakening intention is the process that occurs during your sleep and the awakening intention is the process that occurs during your sleep and the awakening intention is the process that occurs during your sleep and the awakening intention is the process that occurs during your sleep and the awakening intention is,3.8624436886845563,25.410287843574913,eng_Latn, Sleep interruption is the process of purposefully awakening during your normal sleep period and falling asleep a short time later (10–60 minutes).,3.8624436886845563,25.410287843574913,25.0,25.0,-0.02978515625
"Q: Cela peut être fait facilement en utilisant un réveil relativement silencieux, afin de vous faire reprendre conscience sans vous réveiller complètement.
A:","Cela peut être fait facilement en utilisant un réveil relativement silencieux, afin de vous faire reprendre conscience sans vous réveiller complètement.",This can be easily done by using a relatively quiet alarm clock to bring you to consciousness without fully waking you.,"It can be easily made using a relatively quiet sleep, so you can do it without waking up completely.",21.234194285532972,41.63211861406909,eng_Latn, This can be easily done by using a relatively quiet alarm clock to bring you to consciousness without fully waking you.,21.234194285532972,41.63211861406909,13.75,13.8125,0.515625
"Q: Si vous vous retrouvez à réinitialiser l’horloge pendant votre sommeil, il peut être placé de l’autre côté de la pièce, vous forçant à sortir du lit pour l’éteindre.
A:","Si vous vous retrouvez à réinitialiser l’horloge pendant votre sommeil, il peut être placé de l’autre côté de la pièce, vous forçant à sortir du lit pour l’éteindre.","If you find yourself resetting the clock in your sleep, it can be placed on the other side of the room, forcing you to get out of bed to turn it off.","If you are suddenly awakened while you are sleeping, it can be placed on the other side of the room, forcing you to leave the room for the night, you have to put it on the other side of the room, forcing you to leave the room for the night.",29.55122770741702,51.3861024031918,eng_Latn," If you find yourself resetting the clock in your sleep, it can be placed on the other side of the room, forcing you to get out of bed to turn it off.",29.55122770741702,51.3861024031918,13.5625,13.375,0.11376953125
"Q: Les autres possibilités fondées sur le biorythme incluent le fait de boire beaucoup de liquides avant de s'endormir (notamment de l'eau ou du thé, réputés pour être diurétiques), ce qui vous contraint à vous réveiller pour uriner.
A:","Les autres possibilités fondées sur le biorythme incluent le fait de boire beaucoup de liquides avant de s'endormir (notamment de l'eau ou du thé, réputés pour être diurétiques), ce qui vous contraint à vous réveiller pour uriner.","Other biorhythm-based options involve drinking lots of fluid (particularly water or tea, a known diuretic) prior to sleep, forcing one to get up to urinate.","The other possibilities that are based on the biorythmic system include drinking a lot of liquids before you fall asleep (notably water or tea, believed to be diuretics, which are known to be diuretics, which you have to wake up to urinate to.",11.518923016500304,38.460006255894626,eng_Latn," Other biorhythm-based options involve drinking lots of fluid (particularly water or tea, a known diuretic) prior to sleep, forcing one to get up to urinate.",11.518923016500304,38.460006255894626,6.09375,6.53125,0.26171875
"Q: Le degré de paix intérieure d'une personne s'oppose au degré de tension dans son corps et son esprit.
A:",Le degré de paix intérieure d'une personne s'oppose au degré de tension dans son corps et son esprit.,The amount of inner peace a person possesses correlates oppositely to the amount of tension in one’s body and spirit.,The degree of peace inside of a person's inner peace is opposed to the degree of tension in his body and his mind.,10.332090908268508,40.4497254124273,eng_Latn, The amount of inner peace a person possesses correlates oppositely to the amount of tension in one’s body and spirit.,10.332090908268508,40.4497254124273,5.1875,5.375,0.828125
"Q: Plus la tension est faible, plus la force vitale présente est positive. Chaque personne a la possibilité de trouver une paix et un contentement absolus.
A:","Plus la tension est faible, plus la force vitale présente est positive. Chaque personne a la possibilité de trouver une paix et un contentement absolus.","The lower the tension, the more positive the life force present. Every person has the potential to find absolute peace and contentment.","The plus the tension is weak, the more the force of the heart is positive. Each person has the opportunity to find peace and contentment. Each person has the opportunity to find peace and contentment.",16.93692194256122,52.334031147492354,eng_Latn," The lower the tension, the more positive the life force present. Every person has the potential to find absolute peace and contentment.",16.93692194256122,52.334031147492354,21.125,20.75,0.076171875
"Q: Tout le monde peut atteindre l'illumination. La seule chose qui fait obstacle à cet objectif est notre propre tension et notre négativité.
A:",Tout le monde peut atteindre l'illumination. La seule chose qui fait obstacle à cet objectif est notre propre tension et notre négativité.,Everyone can achieve enlightenment. The only thing standing in the way of this goal is our own tension and negativity.,Everyone can reach the illumination. The only thing that makes it difficult for you to achieve is your own tension and your negativity.,17.678748653651848,51.23094006071561,eng_Latn, Everyone can achieve enlightenment. The only thing standing in the way of this goal is our own tension and negativity.,17.678748653651848,51.23094006071561,3.765625,4.34375,0.87890625
"Q: Le bouddhisme tibétain est basé sur les enseignements de Bouddha, mais a été enrichi par le chemin de l'amour mahayana et par de nombreuses techniques du yoga indien.
A:","Le bouddhisme tibétain est basé sur les enseignements de Bouddha, mais a été enrichi par le chemin de l'amour mahayana et par de nombreuses techniques du yoga indien.","The Tibetan Buddhism is based on the teachings of Buddha, but were extended by the mahayana path of love and by a lot of techniques from Indian Yoga.","The Buddhist teachings are based on the teachings of Bouddha, but was enriched by the path of love and by many techniques of yoga, and by many techniques of yoga, the Buddha was enriched by the path of love and by many techniques of yoga, the Buddha was enriched by the path of love and by many techniques of yoga, the Buddha was enriched by the path of love and by many techniques of yoga, the Buddha was enriched by the path of love and by many techniques of yoga, the",8.401747951538184,37.586667771594875,eng_Latn," The Tibetan Buddhism is based on the teachings of Buddha, but were extended by the mahayana path of love and by a lot of techniques from Indian Yoga.",8.401747951538184,37.586667771594875,22.25,22.75,-0.03173828125
"Q: En principe, le bouddhisme tibétain est très simple. Il se compose du Kundalini Yoga, de la méditation et de la voie de l'amour universel.
A:","En principe, le bouddhisme tibétain est très simple. Il se compose du Kundalini Yoga, de la méditation et de la voie de l'amour universel.","In principle the Tibetan Buddhism is very simple. It consists of Kundalini Yoga, meditation and the path of all-embracing love.","The Buddhist teachings are very simple. It consists of Kundalini Yoga, meditation and the path of love.",54.77954686769475,66.49605515740906,eng_Latn," In principle the Tibetan Buddhism is very simple. It consists of Kundalini Yoga, meditation and the path of all-embracing love.",54.77954686769475,66.49605515740906,4.5,4.75,0.4765625
"Q: Avec le Kundalini Yoga, l’énergie Kundalini (énergie d’illumination) est éveillée par des postures de yoga, des exercices de respiration, des mantras et des visualisations.
A:","Avec le Kundalini Yoga, l’énergie Kundalini (énergie d’illumination) est éveillée par des postures de yoga, des exercices de respiration, des mantras et des visualisations.","With Kundalini Yoga the Kundalini energy (enlightenment energy) is awakened through yoga postures, breathing exercises, mantras and visualizations.","With the Kundalini Yoga, the Kundalini (energy) is awakened by postures of yoga, breathing exercises, mantras and visualizations.",55.122571084541846,68.939249483875,eng_Latn," With Kundalini Yoga the Kundalini energy (enlightenment energy) is awakened through yoga postures, breathing exercises, mantras and visualizations.",55.122571084541846,68.939249483875,3.78125,3.0625,0.734375
"Q: Le centre de la méditation tibétaine est le yoga de la déité. C'est grâce à la visualisation de différentes déités que les canaux d'énergie sont nettoyés, les chakras activés, et la conscience d'éveil créée.
A:","Le centre de la méditation tibétaine est le yoga de la déité. C'est grâce à la visualisation de différentes déités que les canaux d'énergie sont nettoyés, les chakras activés, et la conscience d'éveil créée.","The center of Tibetan meditation is the Deity Yoga. Through the visualization of various deities the energy channels are cleaned, the chakras are activated and the enlightenment consciousness is created.","The Tibetan meditation center is the yoga of the Tibetan, the yoga of the Tibetan, the yoga of the Tibetan, the yoga of the Tibetan, the yoga of the Tibetan, the yoga of the Tibetan, the yoga of the Tibetan, the yoga of the Tibetan, the yoga of the Tibetan, the yoga of the Tibetan, the yoga of the Tibetan, the yoga of the Tibetan, the yoga of the Tibetan, the yoga of the Tibetan, the yoga of the Tibetan, the yoga of the Tibetan",2.312032032549866,19.469892316045225,eng_Latn," The center of Tibetan meditation is the Deity Yoga. Through the visualization of various deities the energy channels are cleaned, the chakras are activated and the enlightenment consciousness is created.",2.312032032549866,19.469892316045225,20.25,19.75,-0.01519775390625
"Q: L'Allemagne était un ennemi commun pendant la Seconde Guerre mondiale, ce qui a conduit à la coopération entre l'URSS et les États-Unis. À la fin de la guerre, les conflits profonds entre leurs différents systèmes, méthodes et cultures ont mis fin à l'entente entre ces deux pays.
A:","L'Allemagne était un ennemi commun pendant la Seconde Guerre mondiale, ce qui a conduit à la coopération entre l'URSS et les États-Unis. À la fin de la guerre, les conflits profonds entre leurs différents systèmes, méthodes et cultures ont mis fin à l'entente entre ces deux pays.","Germany was a common enemy in World War 2, leading to cooperation between the USSR and USA. With the end of the war the clashes of system, process and culture led to the countries falling out.","The German Empire was a common enemy during the Second World War, which led to the cooperation between the United States and the Allies, which ended in the end of the war, the conflicts deep-rooted between their different systems, methods and cultures led to the cooperation between the United States and the Allies, which ended in the end of the war, the conflicts deep-rooted between their different systems, methods and cultures led to the cooperation between the United States and the Allies, which ended in the end of",8.359395542757808,40.39154299367628,eng_Latn," Germany was a common enemy in World War 2, leading to cooperation between the USSR and USA. With the end of the war the clashes of system, process and culture led to the countries falling out.",8.359395542757808,40.39154299367628,22.25,22.25,0.06640625
"Q: Deux ans après la fin de la guerre, les anciens alliés sont devenus des ennemis et la guerre froide a commencé.
A:","Deux ans après la fin de la guerre, les anciens alliés sont devenus des ennemis et la guerre froide a commencé.","With two years of the end of the war, the former allies were now enemies and the Cold War began.","After the end of the war, the former allies became enemies and the war has begun. The war has begun.",40.55105980173464,55.6852639951861,eng_Latn," With two years of the end of the war, the former allies were now enemies and the Cold War began.",40.55105980173464,55.6852639951861,12.3125,10.6875,0.1083984375
"Q: Elle allait durer pendant les 40 années suivantes et verrait des affrontements réels, par le biais d'armées de substitution, sur des champs de bataille aussi bien en Afrique qu'en Asie, en Afghanistan, à Cuba et dans bien d'autres endroits.
A:","Elle allait durer pendant les 40 années suivantes et verrait des affrontements réels, par le biais d'armées de substitution, sur des champs de bataille aussi bien en Afrique qu'en Asie, en Afghanistan, à Cuba et dans bien d'autres endroits.","It was to last for the next 40 years and would be fought for real, by proxy armies, on battlefields from Africa to Asia, in Afghanistan, Cuba and many other places.",She was a long-term participant and she would be a long-term participant and she would be a long-term participant and she would be a long-term participant and she would be a long-term participant and she would be a long-term participant and she would be a long-term participant and she would be a long-term participant and she would be a long-term participant and she would be a long-term participant and she would be a long-term participant and she would,0.8120420613760079,12.694028183532069,eng_Latn," It was to last for the next 40 years and would be fought for real, by proxy armies, on battlefields from Africa to Asia, in Afghanistan, Cuba and many other places.",0.8120420613760079,12.694028183532069,25.0,25.0,-0.03857421875
"Q: Le 17 septembre 1939, la défense polonaise était déjà brisée, et le seul espoir était de battre en retraite et de se réorganiser le long de la tête de pont roumaine.
A:","Le 17 septembre 1939, la défense polonaise était déjà brisée, et le seul espoir était de battre en retraite et de se réorganiser le long de la tête de pont roumaine.","By September 17, 1939, the Polish defense was already broken, and the only hope was to retreat and reorganise along the Romanian bridgehead.","The 17th of September 1939, the Polish resistance was already broken, and the only hope was to defeat in retirement and reorganize the long way, and the only hope was to defeat in retirement and reorganize the long way.",23.027239960242053,56.95817186327348,eng_Latn," By September 17, 1939, the Polish defense was already broken, and the only hope was to retreat and reorganise along the Romanian bridgehead.",23.027239960242053,56.95817186327348,19.5,18.5,0.08935546875
"Q: Mais ces plans sont devenus obsolètes presque du jour au lendemain, quand plus de 800 000 soldats de l’Armée rouge de l’Union soviétique sont arrivés et ont créé le front biélorusse et ukrainien après avoir envahi les régions est de la Pologne, violant ainsi le Traité de Paix de Riga, le pacte de non-agression soviéto-polonais, ainsi que d’autres traités internationaux, qu’ils soient bilatéraux ou multilatéraux.
A:","Mais ces plans sont devenus obsolètes presque du jour au lendemain, quand plus de 800 000 soldats de l’Armée rouge de l’Union soviétique sont arrivés et ont créé le front biélorusse et ukrainien après avoir envahi les régions est de la Pologne, violant ainsi le Traité de Paix de Riga, le pacte de non-agression soviéto-polonais, ainsi que d’autres traités internationaux, qu’ils soient bilatéraux ou multilatéraux.","However, these plans were rendered obsolete nearly overnight, when over 800,000 soldiers from the Soviet's Union Red Army entered and created the Belarussian and Ukrainian fronts after invading the eastern regions of Poland in violation of the Riga Peace Treaty, the Soviet-Polish Non-Aggression Pact, and other international treaties, both bilateral and multilateral.","The plans that were once so outdated almost immediately, when more than 800,000 soldiers of the Soviet Union arrived and have created the front biélorussian and ukrainian border, and the pact of non-aggression, they have been so outdated almost immediately, when more than 800,000 soldiers of the Soviet Union arrived and have created the front biélorussian and ukrainian border, and the pact of non-aggression, they have",5.419724833420252,34.03033998502729,eng_Latn," However, these plans were rendered obsolete nearly overnight, when over 800,000 soldiers from the Soviet's Union Red Army entered and created the Belarussian and Ukrainian fronts after invading the eastern regions of Poland in violation of the Riga Peace Treaty, the Soviet-Polish Non-Aggression Pact, and other international treaties, both bilateral and multilateral.",5.419724833420252,34.03033998502729,22.75,22.5,-0.01153564453125
"Q: L'utilisation de navires pour le transport de marchandises est de loin le moyen le plus efficace pour déplacer de grandes quantités de personnes et de biens à travers les océans.
A:",L'utilisation de navires pour le transport de marchandises est de loin le moyen le plus efficace pour déplacer de grandes quantités de personnes et de biens à travers les océans.,Using ships to transport goods is by far the most efficient way to move large amounts of people and goods across oceans.,The use of ships for the transport of goods is by far the most effective way to move people and goods across the oceans.,37.4894216793566,62.29072853591555,eng_Latn, Using ships to transport goods is by far the most efficient way to move large amounts of people and goods across oceans.,37.4894216793566,62.29072853591555,2.96875,1.5703125,0.828125
"Q: Le travail des marines a traditionnellement été de s'assurer que votre pays conserve la capacité de déplacer vos personnes et vos biens, tout en interférant avec la capacité de votre ennemi à déplacer ses personnes et ses biens.
A:","Le travail des marines a traditionnellement été de s'assurer que votre pays conserve la capacité de déplacer vos personnes et vos biens, tout en interférant avec la capacité de votre ennemi à déplacer ses personnes et ses biens.","The job of navies has traditionally been to ensure that your country maintains the ability to move your people and goods, while at the same time, interfering with your enemy's ability to move his people and goods.","The work of the marines traditionally was to ensure that your country was able to move your people and your property, and to interfere with the ability of your enemy to move your people and your property.",21.31234166696063,50.27296074217579,eng_Latn," The job of navies has traditionally been to ensure that your country maintains the ability to move your people and goods, while at the same time, interfering with your enemy's ability to move his people and goods.",21.31234166696063,50.27296074217579,6.875,7.6875,0.9375
"Q: L'un des exemples récents les plus remarquables de cette situation a été la campagne North Atlantic pendant la Seconde Guerre mondiale. Les Américains tentaient de faire traverser l'océan Atlantique à des soldats et du matériel pour aider la Grande-Bretagne.
A:",L'un des exemples récents les plus remarquables de cette situation a été la campagne North Atlantic pendant la Seconde Guerre mondiale. Les Américains tentaient de faire traverser l'océan Atlantique à des soldats et du matériel pour aider la Grande-Bretagne.,One of the most noteworthy recent examples of this was the North Atlantic campaign of WWII. The Americans were trying to move men and materials across the Atlantic Ocean to help Britain.,The most recent example of this is the most remarkable example of this situation was the North Atlantic campaign during World War II. The Americans tried to make a way across the Atlantic to help the British.,17.55819961267208,53.42035189003448,eng_Latn, One of the most noteworthy recent examples of this was the North Atlantic campaign of WWII. The Americans were trying to move men and materials across the Atlantic Ocean to help Britain.,17.55819961267208,53.42035189003448,6.21875,6.09375,0.19140625
"Q: Au même moment, la marine allemande, utilisant principalement des U-Boots, tentait d'arrêter ce trafic.
A:","Au même moment, la marine allemande, utilisant principalement des U-Boots, tentait d'arrêter ce trafic.","At the same time, the German navy, using mainly U-boats, was trying to stop this traffic.","The German U-Boats, using primarily U-Boats, attempted to stop this traffic.",21.135860045614127,43.234765830710614,eng_Latn," At the same time, the German navy, using mainly U-boats, was trying to stop this traffic.",21.135860045614127,43.234765830710614,5.5,5.46875,0.5
"Q: Si les Alliés avaient échoué, l'Allemagne aurait probablement pu conquérir la Grande-Bretagne comme elle l'a fait pour le reste de l'Europe.
A:","Si les Alliés avaient échoué, l'Allemagne aurait probablement pu conquérir la Grande-Bretagne comme elle l'a fait pour le reste de l'Europe.","Had the Allies failed, Germany probably would have been able to conquer Britain as it had the rest of Europe.","The Germans had failed to get the Allied forces, they might have been able to conquer the British if they had not failed to get the Allied forces, they might have been able to conquer the British if they hadn't failed to get the Allied forces, they might have been able to conquer the British if they hadn't failed to get the Allied forces, they might have been able to conquer the British if they hadn't failed to get the Allied forces, they might have been able to conquer",4.819448696785462,26.542628239975986,eng_Latn," Had the Allies failed, Germany probably would have been able to conquer Britain as it had the rest of Europe.",4.819448696785462,26.542628239975986,23.625,24.875,-0.01434326171875
"Q: Il semble que les chèvres aient été domestiquées pour la première fois il y a environ 10 000 ans dans les monts Zagros en Iran.
A:",Il semble que les chèvres aient été domestiquées pour la première fois il y a environ 10 000 ans dans les monts Zagros en Iran.,"Goats seem to have been first domesticated roughly 10,000 years ago in the Zagros Mountains of Iran.","The chèvre has been domesticated for the first time in the Zagros Mountains in Iran for about 10,000 years.",29.81792160679168,50.998327540462654,eng_Latn," Goats seem to have been first domesticated roughly 10,000 years ago in the Zagros Mountains of Iran.",29.81792160679168,50.998327540462654,10.0,11.125,0.4140625
"Q: Les cultures et les tribus anciennes ont commencé à les garder près d'elles pour avoir facilement accès au lait, aux poils, à la viande et aux peaux.
A:","Les cultures et les tribus anciennes ont commencé à les garder près d'elles pour avoir facilement accès au lait, aux poils, à la viande et aux peaux.","Ancient cultures and tribes began to keep them for easy access to milk, hair, meat, and skins.","The cultures and tribes that have begun to keep their cattle close to them for easy access to milk, meat, and skin.",39.47641631338842,69.42777146334096,eng_Latn," Ancient cultures and tribes began to keep them for easy access to milk, hair, meat, and skins.",39.47641631338842,69.42777146334096,7.09375,6.6875,0.4921875
"Q: Les chèvres domestiques étaient généralement gardées dans les troupeaux qui erraient sur les collines ou d'autres espaces de pâturage, souvent soignées par des chevriers qui étaient la plupart du temps des enfants ou des adolescents, semblables au terme plus connu de bergers. Ces méthodes pastorales ont toujours cours aujourd'hui.
A:","Les chèvres domestiques étaient généralement gardées dans les troupeaux qui erraient sur les collines ou d'autres espaces de pâturage, souvent soignées par des chevriers qui étaient la plupart du temps des enfants ou des adolescents, semblables au terme plus connu de bergers. Ces méthodes pastorales ont toujours cours aujourd'hui.","Domestic goats were generally kept in herds that wandered on hills or other grazing areas, often tended by goatherds who were frequently children or adolescents, similar to the more widely known shepherd. These methods of herding are still used today.","The chèvre domestics were usually kept in the stables which were usually kept in the stables on the hills or other spaces of pasture, often the term for the shepherds who were the majority of the time were the term for the shepherds who were the majority of the time were the term for the shepherds who were the majority of the time were the term for the shepherds who were the majority of the time were the term for the shepherds who were the majority of the time were the term for the shepherds who were",3.8913778730508923,27.24333298180413,eng_Latn," Domestic goats were generally kept in herds that wandered on hills or other grazing areas, often tended by goatherds who were frequently children or adolescents, similar to the more widely known shepherd. These methods of herding are still used today.",3.8913778730508923,27.24333298180413,23.5,23.5,-0.034423828125
"Q: Les « wagonways » étaient construits en Angleterre dès le XVIème siècle.
A:",Les « wagonways » étaient construits en Angleterre dès le XVIème siècle.,Wagonways were built in England as early as the 16th Century.,"The ""wagonways"" were built in England from the 16th century.",25.33654946448646,58.40393216406905,eng_Latn, Wagonways were built in England as early as the 16th Century.,25.33654946448646,58.40393216406905,4.53125,5.15625,1.0078125
"Q: Bien que les voies pour wagons fussent simplement constituées de planches de bois parallèles, elles permettaient aux chevaux qui les tiraient d'atteindre de plus grandes vitesses et de tirer des charges plus importantes que sur les routes légèrement plus accidentées de la journée.
A:","Bien que les voies pour wagons fussent simplement constituées de planches de bois parallèles, elles permettaient aux chevaux qui les tiraient d'atteindre de plus grandes vitesses et de tirer des charges plus importantes que sur les routes légèrement plus accidentées de la journée.","Although wagonways merely consisted of parallel planks of wood, they allowed horses pulling them to achieve greater speeds and pull larger loads than on the slightly more rough roads of the day.","The wagons were simply made of planks of wood, but they allowed the horses to reach greater speeds and to reach greater speeds on the day.",17.581091726233428,38.966404924124284,eng_Latn," Although wagonways merely consisted of parallel planks of wood, they allowed horses pulling them to achieve greater speeds and pull larger loads than on the slightly more rough roads of the day.",17.581091726233428,38.966404924124284,15.625,13.125,0.0732421875
"Q: Les croisillons ont été introduits assez tôt pour maintenir les pistes en place. Cependant, on s'est peu à peu rendu compte que les pistes seraient plus efficaces si elles étaient munies d'une bande de fer sur le dessus.
A:","Les croisillons ont été introduits assez tôt pour maintenir les pistes en place. Cependant, on s'est peu à peu rendu compte que les pistes seraient plus efficaces si elles étaient munies d'une bande de fer sur le dessus.","Crossties were introduced fairly early to hold the tracks in place. Gradually, however, it was realised that tracks would be more efficient if they had a stip of iron on the top.","The croisillons were introduced quite early to keep the pistes in place. However, we have noticed that the pistes are more effective if they were equipped with a cable on the top.",11.202854186379005,40.085149073864464,eng_Latn," Crossties were introduced fairly early to hold the tracks in place. Gradually, however, it was realised that tracks would be more efficient if they had a stip of iron on the top.",11.202854186379005,40.085149073864464,10.625,13.0,0.455078125
"Q: Cela est devenu une pratique courante, mais le fer a causé plus d'usure sur les roues en bois des wagons.
A:","Cela est devenu une pratique courante, mais le fer a causé plus d'usure sur les roues en bois des wagons.","This became common practice, but the iron caused more wear on the wooden wheels of the wagons.","This has become a common practice, but the wagon has caused more wear on the wood of the wagon.",37.494051432044955,66.74200992178494,eng_Latn," This became common practice, but the iron caused more wear on the wooden wheels of the wagons.",37.494051432044955,66.74200992178494,8.625,9.875,0.279296875
"Q: Finalement, les roues en bois ont été remplacées par des roues en fer. En 1767, les premiers rails en fer ont fait leur apparition.
A:","Finalement, les roues en bois ont été remplacées par des roues en fer. En 1767, les premiers rails en fer ont fait leur apparition.","Eventually, wooden wheels were replaced by iron wheels. In 1767, the first full-iron rails were introduced.","The wheels were replaced by wooden rails. In 1767, the first rails in wood appeared.",32.949197034549776,52.29615015057409,eng_Latn," Eventually, wooden wheels were replaced by iron wheels. In 1767, the first full-iron rails were introduced.",32.949197034549776,52.29615015057409,12.9375,14.5625,0.271484375
"Q: Le tout premier moyen de locomotion était la marche : les humains se mirent à marcher debout il y a deux millions d'années avec l'arrivée de l'Homo Erectus (« homme droit »).
A:",Le tout premier moyen de locomotion était la marche : les humains se mirent à marcher debout il y a deux millions d'années avec l'arrivée de l'Homo Erectus (« homme droit »).,"The first known transportation was walking, humans began walking upright two million years ago with the emergence of Homo Erectus (meaning upright man).","The first way of locomotion was walking on the ground for two million years, with the arrival of Homo Erectus, there were two million years ago, with the arrival of Homo Erectus, there were two million years ago.",12.072096187033338,41.68006621363402,eng_Latn," The first known transportation was walking, humans began walking upright two million years ago with the emergence of Homo Erectus (meaning upright man).",12.072096187033338,41.68006621363402,14.3125,13.875,-0.002685546875
"Q: Leurs prédécesseurs, les australopithèques, ne marchaient pas debout comme d’habitude.
A:","Leurs prédécesseurs, les australopithèques, ne marchaient pas debout comme d’habitude.","Their predecessors, the Australopithecus did not walk upright as habitually.","They were not standing still like the australopithèques, they were not standing still like they were used to.",3.9645132534206877,25.425343321223348,eng_Latn," Their predecessors, the Australopithecus did not walk upright as habitually.",3.9645132534206877,25.425343321223348,13.625,15.1875,0.05029296875
"Q: On trouve des spécialisations bipèdes dans les fossiles d’Australopithecus d’il y a 4,2 à 3,9 millions d’années, bien que le Sahelanthropus ait pu marcher sur deux jambes il y a déjà sept millions d’années.
A:","On trouve des spécialisations bipèdes dans les fossiles d’Australopithecus d’il y a 4,2 à 3,9 millions d’années, bien que le Sahelanthropus ait pu marcher sur deux jambes il y a déjà sept millions d’années.","Bipedal specializations are found in Australopithecus fossils from 4.2-3.9 million years ago, although Sahelanthropus may have walked on two legs as early as seven million years ago.","On finds fossils of Australopithecus that are bipeds in the fossil record that are 4.2 to 3.9 million years old, but the Sahelanthropus has already walked on two legs for 4.2 to 3.9 million years old.",26.122519701204634,46.250021926847666,eng_Latn," Bipedal specializations are found in Australopithecus fossils from 4.2-3.9 million years ago, although Sahelanthropus may have walked on two legs as early as seven million years ago.",26.122519701204634,46.250021926847666,13.4375,12.75,0.5390625
"Q: Nous pouvons commencer par vivre en meilleure harmonie avec l'environnement, nous pouvons rejoindre le mouvement environnemental, et nous pouvons même militer dans le but d'atténuer les souffrances à venir.
A:","Nous pouvons commencer par vivre en meilleure harmonie avec l'environnement, nous pouvons rejoindre le mouvement environnemental, et nous pouvons même militer dans le but d'atténuer les souffrances à venir.","We can start living more friendly to the environment, we can join to the environmental movement, and we can even be activists in order to reduce the future suffering in some degree.","We can start by living in a better harmony with the environment, we can join the movement of the environment, we can even join the movement of the environment, and we can even fight for the environment.",23.923858863518575,48.7558067567213,eng_Latn," We can start living more friendly to the environment, we can join to the environmental movement, and we can even be activists in order to reduce the future suffering in some degree.",23.923858863518575,48.7558067567213,12.125,9.625,0.11865234375
"Q: Dans de nombreux cas, il s’agit d’un traitement symptomatique. Cependant, si nous ne voulons pas seulement une solution temporaire, nous devons trouver la racine des problèmes et les désactiver.
A:","Dans de nombreux cas, il s’agit d’un traitement symptomatique. Cependant, si nous ne voulons pas seulement une solution temporaire, nous devons trouver la racine des problèmes et les désactiver.","This is just like symptomatic treatment in many cases. However, if we do not only want a temporary solution, then we should find the root of the problems, and we should deactivate them.","In many cases, it is a symptom that is not only a symptom. However, if we want to only a temporary solution, we must find the root of the problem and deactivate it.",31.926532025263366,54.89095812787282,eng_Latn," This is just like symptomatic treatment in many cases. However, if we do not only want a temporary solution, then we should find the root of the problems, and we should deactivate them.",31.926532025263366,54.89095812787282,12.8125,11.5,0.2041015625
"Q: Il est clair que le monde a beaucoup changé grâce aux progrès scientifiques et technologiques réalisés par les êtres humains, et que les problèmes sont devenus plus importants en raison de la surpopulation et du mode de vie extravagant de l'humanité.
A:","Il est clair que le monde a beaucoup changé grâce aux progrès scientifiques et technologiques réalisés par les êtres humains, et que les problèmes sont devenus plus importants en raison de la surpopulation et du mode de vie extravagant de l'humanité.","It is obvious enough that the world has changed much because of humankind's scientific and technological advancements, and problems have become greater because of overpopulation and mankind's extravagant lifestyle.","The world has changed thanks to the advances in science and technology that have been made possible by the human race, and the problems have become more important due to the increase in population and the extravagant lifestyle of the human race.",16.51200069413031,46.222049261262725,eng_Latn," It is obvious enough that the world has changed much because of humankind's scientific and technological advancements, and problems have become greater because of overpopulation and mankind's extravagant lifestyle.",16.51200069413031,46.222049261262725,2.0625,2.0,0.88671875
"Q: Après son adoption par le Congrès le 4 juillet, un projet manuscrit signé par le président du Congrès John Hancock et le secrétaire Charles Thomson a ensuite été envoyé à quelques rues de là, à l'imprimerie de John Dunlap.
A:","Après son adoption par le Congrès le 4 juillet, un projet manuscrit signé par le président du Congrès John Hancock et le secrétaire Charles Thomson a ensuite été envoyé à quelques rues de là, à l'imprimerie de John Dunlap.","After its adoption by Congress on July 4, a handwritten draft signed by the President of Congress John Hancock and the Secretary Charles Thomson was then sent a few blocks away to the printing shop of John Dunlap.","After his adoption by the Congress, the manuscript signed by the president of the Congress was sent to the printer John Dunlap.",9.515185947684301,38.03181884129202,eng_Latn," After its adoption by Congress on July 4, a handwritten draft signed by the President of Congress John Hancock and the Secretary Charles Thomson was then sent a few blocks away to the printing shop of John Dunlap.",9.515185947684301,38.03181884129202,13.5625,11.9375,0.20703125
"Q: Pendant la nuit, entre 150 et 200 exemplaires ont été faits, aujourd’hui connus sous le nom de « Dunlap Broadsides ».
A:","Pendant la nuit, entre 150 et 200 exemplaires ont été faits, aujourd’hui connus sous le nom de « Dunlap Broadsides ».","Through the night between 150 and 200 copies were made, now known as ""Dunlap broadsides"".","The pendant the night, between 150 and 200 copies have been made, today known as « Dunlap Broadsides ».",19.98573974138024,57.26281835935413,eng_Latn," Through the night between 150 and 200 copies were made, now known as ""Dunlap broadsides"".",19.98573974138024,57.26281835935413,4.875,5.40625,0.8984375
"Q: La première lecture publique du document a été faite par John Nixon dans la cour de l'Independence Hall le 8 juillet.
A:",La première lecture publique du document a été faite par John Nixon dans la cour de l'Independence Hall le 8 juillet.,The first public reading of the document was by John Nixon in the yard of Independence Hall on July 8.,The first reading of the document was made by John Nixon in the Independence Hall in 1776.,42.49095897383213,66.95354880260842,eng_Latn, The first public reading of the document was by John Nixon in the yard of Independence Hall on July 8.,42.49095897383213,66.95354880260842,12.375,12.5625,0.259765625
"Q: L’un d’eux a été envoyé à George Washington le 6 juillet, qui l’a fait lire à ses troupes à New York le 9 juillet. Une copie est parvenue à Londres le 10 août.
A:","L’un d’eux a été envoyé à George Washington le 6 juillet, qui l’a fait lire à ses troupes à New York le 9 juillet. Une copie est parvenue à Londres le 10 août.","One was sent to George Washington on July 6, who had it read to his troops in New York on July 9. A copy reached London on August 10.","The one who was sent to George Washington was sent to New York on the 6 th of July, which was sent to New York on the 9th of July. A copy was sent to London on the 10th of July.",12.910241148344921,45.11130398492975,eng_Latn," One was sent to George Washington on July 6, who had it read to his troops in New York on July 9. A copy reached London on August 10.",12.910241148344921,45.11130398492975,9.3125,9.5625,0.08837890625
"Q: Les 25 feuilles Dunlap dont on connaît encore l'existence sont les plus anciennes copies du document. La copie manuscrite originale n'a pas survécu.
A:",Les 25 feuilles Dunlap dont on connaît encore l'existence sont les plus anciennes copies du document. La copie manuscrite originale n'a pas survécu.,The 25 Dunlap broadsides still known to exist are the oldest surviving copies of the document. The original handwritten copy has not survived.,The 25 leaves Dunlap's oldest copy is the most ancient copy of the document. The original copy has not survived.,32.79839351007825,50.23954886587171,eng_Latn, The 25 Dunlap broadsides still known to exist are the oldest surviving copies of the document. The original handwritten copy has not survived.,32.79839351007825,50.23954886587171,8.5625,9.6875,0.55078125
"Q: De nombreux paléontologues pensent aujourd’hui qu’un groupe de dinosaures a survécu et est toujours en vie. On les appelle les oiseaux.
A:",De nombreux paléontologues pensent aujourd’hui qu’un groupe de dinosaures a survécu et est toujours en vie. On les appelle les oiseaux.,Many paleontologists today believe that one group of dinosaurs survived and is alive today. We call them birds.,Many paleontologists believe that dinosaurs survived and are still alive. They call them dinosaurs.,30.356557483157772,56.40026728671589,eng_Latn, Many paleontologists today believe that one group of dinosaurs survived and is alive today. We call them birds.,30.356557483157772,56.40026728671589,14.0625,14.0625,0.66796875
"Q: Peu de gens les considèrent comme des dinosaures étant donne qu'ils ont des ailes et peuvent voler.
A:",Peu de gens les considèrent comme des dinosaures étant donne qu'ils ont des ailes et peuvent voler.,Many people don't think about them as dinosaurs because they have feathers and can fly.,They are not considered to be dinosaurs being given that they have wings and can fly.,15.413757980002101,39.14398377121101,eng_Latn, Many people don't think about them as dinosaurs because they have feathers and can fly.,15.413757980002101,39.14398377121101,4.15625,3.640625,0.49609375
"Q: Mais il y a beaucoup de choses sur les oiseaux qui ressemblent encore à un dinosaure.
A:",Mais il y a beaucoup de choses sur les oiseaux qui ressemblent encore à un dinosaure.,But there are a lot of things about birds that still look like a dinosaur.,There are a lot of things that resemble a dinosaur that look like a dinosaure.,36.91791639939562,60.26010658853521,eng_Latn, But there are a lot of things about birds that still look like a dinosaur.,36.91791639939562,60.26010658853521,17.25,16.375,0.2451171875
"Q: Ils ont des pattes recouvertes d'écailles et pourvues de griffes, ils pondent des œufs et marchent sur leurs deux pattes arrière comme des T-Rex.
A:","Ils ont des pattes recouvertes d'écailles et pourvues de griffes, ils pondent des œufs et marchent sur leurs deux pattes arrière comme des T-Rex.","They have feet with scales and claws, they lay eggs, and they walk on their two back legs like a T-Rex.","They have a covered shell that is covered in scales and forked legs, they swim on their two hind legs like T-Rex.",23.423729036817917,44.82635843699096,eng_Latn," They have feet with scales and claws, they lay eggs, and they walk on their two back legs like a T-Rex.",23.423729036817917,44.82635843699096,11.0625,10.625,0.228515625
"Q: Pratiquement tous les ordinateurs utilisés aujourd'hui sont basés sur la manipulation d'informations qui sont codées sous forme de nombres binaires.
A:",Pratiquement tous les ordinateurs utilisés aujourd'hui sont basés sur la manipulation d'informations qui sont codées sous forme de nombres binaires.,Virtually all computers in use today are based on the manipulation of information which is coded in the form of binary numbers.,The majority of computers used today are based on the manipulation of information that is coded in binary form.,41.02579951773435,60.735510979220166,eng_Latn, Virtually all computers in use today are based on the manipulation of information which is coded in the form of binary numbers.,41.02579951773435,60.735510979220166,1.40625,1.375,0.953125
"Q: Un nombre binaire ne peut avoir qu’une seule de deux valeurs : 0 ou 1. Ces nombres sont appelés des chiffres binaires, ou bits pour utiliser le jargon informatique.
A:","Un nombre binaire ne peut avoir qu’une seule de deux valeurs : 0 ou 1. Ces nombres sont appelés des chiffres binaires, ou bits pour utiliser le jargon informatique.","A binary number can have only one of two values, i.e. 0 or 1, and these numbers are referred to as binary digits - or bits, to use computer jargon.","A binary number cannot have only one of its two values: 0 or 1. These numbers are called bits, or bits, for use in the jargon. For example, A binary number cannot have only one of its two values: 0 or 1. These numbers are called bits, or bits, for use in the jargon. For example, A binary number cannot have only one of its two values: 0 or 1. These numbers are called bits, or bits, for",8.519437328742898,41.715528498562634,eng_Latn," A binary number can have only one of two values, i.e. 0 or 1, and these numbers are referred to as binary digits - or bits, to use computer jargon.",8.519437328742898,41.715528498562634,25.0,25.0,-0.00830078125
"Q: Un empoisonnement interne peut ne pas être visible immédiatement. Les symptômes, tels que les vomissements, sont suffisamment généraux pour qu'un diagnostic immédiat ne puisse pas être posé.
A:","Un empoisonnement interne peut ne pas être visible immédiatement. Les symptômes, tels que les vomissements, sont suffisamment généraux pour qu'un diagnostic immédiat ne puisse pas être posé.","Internal poisoning may not be immediately apparent. Symptoms, such as vomiting are sufficiently general that an immediate diagnosis cannot be made.",The symptoms are not immediately visible. The symptoms are not immediately visible. The symptoms are not immediately visible.,1.4622771495305926,24.523260401123004,eng_Latn," Internal poisoning may not be immediately apparent. Symptoms, such as vomiting are sufficiently general that an immediate diagnosis cannot be made.",1.4622771495305926,24.523260401123004,23.375,23.25,-0.0025634765625
"Q: Le meilleur indice d'un empoisonnement interne est probablement la présence d'un récipient ouvert de médicaments ou de produits chimiques domestiques toxiques.
A:",Le meilleur indice d'un empoisonnement interne est probablement la présence d'un récipient ouvert de médicaments ou de produits chimiques domestiques toxiques.,The best indication of internal poisoning may be the presence of an open container of medication or toxic household chemicals.,The best indicator of an internal poisoning is probably the presence of a closed container of drugs or chemicals that are toxic.,19.830999794495096,55.9186787978925,eng_Latn, The best indication of internal poisoning may be the presence of an open container of medication or toxic household chemicals.,19.830999794495096,55.9186787978925,6.65625,11.25,0.5
"Q: Consultez l'étiquette pour connaître les instructions de premiers secours spécifiques à ce poison.
A:",Consultez l'étiquette pour connaître les instructions de premiers secours spécifiques à ce poison.,Check the label for specific first aid instructions for that specific poison.,Please refer to the official instructions for first aid for this poison.,16.54461999338998,46.03872571916013,eng_Latn, Check the label for specific first aid instructions for that specific poison.,16.54461999338998,46.03872571916013,3.21875,3.140625,0.58984375
"Q: Le terme « insecte » est utilisé par les entomologistes dans un sens formel pour ce groupe d’insectes.
A:",Le terme « insecte » est utilisé par les entomologistes dans un sens formel pour ce groupe d’insectes.,The term bug is used by entomologists in a formal sense for this group of insects.,The term « insecte » is used by entomologists in a form that is formal for this group of insects.,49.33292241270432,77.78726322471006,eng_Latn, The term bug is used by entomologists in a formal sense for this group of insects.,49.33292241270432,77.78726322471006,7.9375,8.0625,0.6328125
"Q: Ce terme dérive d’une ancienne familiarité avec les punaises de lit, qui sont des insectes très adaptés pour parasiter les humains.
A:","Ce terme dérive d’une ancienne familiarité avec les punaises de lit, qui sont des insectes très adaptés pour parasiter les humains.","This term derives from ancient familiarity with Bed-bugs, which are insects highly adapted to parasitize humans.","The term derives from an old familiarity with the punaises, which are a type of insect that is very adapted for insects to parasitize humans.",29.058572949157327,62.9369639753826,eng_Latn," This term derives from ancient familiarity with Bed-bugs, which are insects highly adapted to parasitize humans.",29.058572949157327,62.9369639753826,7.84375,8.6875,0.60546875
"Q: Les réduves, tout comme les punaises de lit, sont nidicoles, c'est-à-dire adaptées pour vivre dans le nid ou l'habitat de leur hôte.
A:","Les réduves, tout comme les punaises de lit, sont nidicoles, c'est-à-dire adaptées pour vivre dans le nid ou l'habitat de leur hôte.","Both Assassin-bugs and Bed-bugs are nidicolous, adapted to living in nest or housing of their host.","Les réduves, all like the punaises, are adapted for living in the nest or habitat, and they are adapted for living in the nest or habitat.",4.284317863412949,28.736648447789943,eng_Latn," Both Assassin-bugs and Bed-bugs are nidicolous, adapted to living in nest or housing of their host.",4.284317863412949,28.736648447789943,17.125,17.75,-0.01373291015625
"Q: Aux États-Unis, il y a environ 400 000 cas connus de sclérose en plaques (SEP), ce qui en fait la principale maladie neurologique chez les jeunes et les adultes d’âge moyen.
A:","Aux États-Unis, il y a environ 400 000 cas connus de sclérose en plaques (SEP), ce qui en fait la principale maladie neurologique chez les jeunes et les adultes d’âge moyen.","Across the United States of America, there are approximately 400,000 known cases of Multiple Sclerosis (MS), leaving it as the leading neurological disease in younger and middle aged adults.","The United States has about 400,000 cases of SEP, which makes it the main cause of neurological disease in the United States, and it is the main cause of neurological disease in the United States.",10.736868093256279,35.899086159866776,eng_Latn," Across the United States of America, there are approximately 400,000 known cases of Multiple Sclerosis (MS), leaving it as the leading neurological disease in younger and middle aged adults.",10.736868093256279,35.899086159866776,9.3125,11.0625,0.1337890625
"Q: La sclérose en plaques est une maladie qui affecte le système nerveux central, composé du cerveau, de la moelle épinière et du nerf optique.
A:","La sclérose en plaques est une maladie qui affecte le système nerveux central, composé du cerveau, de la moelle épinière et du nerf optique.","MS is a disease that affects the central nervous system, which is made up of the brain, the spinal cord and the optic nerve.","The sclero-encephalopathy is a disease that affects the central nervous system, composed of the brain, the spinal cord and the nerve, which affects the central nervous system, composed of the brain, the spinal cord and the nerve, which affects the central nervous system, composed of the brain, the spinal cord and the nerve, which affects the central nervous system, composed of the brain, the spinal cord and the nerve, which affects the central nervous system, composed of the brain, the spinal cord",16.065633910914997,48.411822967419575,eng_Latn," MS is a disease that affects the central nervous system, which is made up of the brain, the spinal cord and the optic nerve.",16.065633910914997,48.411822967419575,15.625,21.125,-0.019775390625
"Q: Des recherches ont montré que les femmes sont deux fois plus susceptibles d’avoir la sclérose en plaques que les hommes.
A:",Des recherches ont montré que les femmes sont deux fois plus susceptibles d’avoir la sclérose en plaques que les hommes.,Research has found that females are two times more likely to have MS then males.,The research showed that women are twice as likely to have the sclero-atrophy than men.,8.039313477786735,35.588089048246324,eng_Latn, Research has found that females are two times more likely to have MS then males.,8.039313477786735,35.588089048246324,3.9375,5.0,0.83984375
"Q: Un couple peut très bien estimer qu'il n'est pas dans leur intérêt, ni dans celui de l'enfant, de s'occuper de l'éducation d'un bébé.
A:","Un couple peut très bien estimer qu'il n'est pas dans leur intérêt, ni dans celui de l'enfant, de s'occuper de l'éducation d'un bébé.","A couple may decide it is not in their best interest, or in the interest of their child, to raise a baby.","The couple can very well estimate that it is not in their interest, or in their interest, to take care of the education of a baby.",26.85321348188446,55.260354200052284,eng_Latn," A couple may decide it is not in their best interest, or in the interest of their child, to raise a baby.",26.85321348188446,55.260354200052284,8.9375,9.0625,0.498046875
"Q: Ces couples peuvent choisir de faire un projet d’adoption pour leur bébé.
A:",Ces couples peuvent choisir de faire un projet d’adoption pour leur bébé.,These couples may choose to make an adoption plan for their baby.,Ces couples can choose to make a project of adoption for their baby.,26.96698152099016,61.466924354337685,eng_Latn, These couples may choose to make an adoption plan for their baby.,26.96698152099016,61.466924354337685,9.25,8.0625,0.8359375
"Q: Dans le cadre d'une adoption, les parents biologiques mettent fin à leurs droits parentaux afin qu'un autre couple puisse élever l'enfant.
A:","Dans le cadre d'une adoption, les parents biologiques mettent fin à leurs droits parentaux afin qu'un autre couple puisse élever l'enfant.","In an adoption, the birth parents terminate their parental rights so that another couple may parent the child.",The parents biological parents put their final rights to their parental rights to end so that another couple can raise the child.,23.71332024655201,55.0251221003181,eng_Latn," In an adoption, the birth parents terminate their parental rights so that another couple may parent the child.",23.71332024655201,55.0251221003181,10.9375,10.625,0.01312255859375
"Q: L'objectif principal de la science est de comprendre la façon dont le monde fonctionne grâce à la méthode scientifique. Cette méthode guide en fait la plupart des recherches scientifiques.
A:",L'objectif principal de la science est de comprendre la façon dont le monde fonctionne grâce à la méthode scientifique. Cette méthode guide en fait la plupart des recherches scientifiques.,Science’s main goal is to figure out the way the world works through the scientific method. This method in fact guides most scientific research.,The main objective of science is to understand the way the world works by using the scientific method. This method guides many scientific research. This method guides many scientific research.,29.777382269160434,60.244879069228,eng_Latn, Science’s main goal is to figure out the way the world works through the scientific method. This method in fact guides most scientific research.,29.777382269160434,60.244879069228,15.5625,11.3125,0.080078125
"Q: Ce n'est cependant pas la seule, l'expérimentation, et une expérience est un test qui sert à éliminer une ou plusieurs des hypothèses possibles, poser des questions et faire des observations, mais qui oriente également la recherche scientifique.
A:","Ce n'est cependant pas la seule, l'expérimentation, et une expérience est un test qui sert à éliminer une ou plusieurs des hypothèses possibles, poser des questions et faire des observations, mais qui oriente également la recherche scientifique.","It isn’t alone though, experimentation, and an experiment is a test that is used to eliminate one or more of the possible hypotheses, asking questions, and making observations also guide scientific research.","It is not a test, and it is a test that serves to eliminate one or several of the hypotheses, and it is a test that is a test that serves to eliminate one or several of the hypotheses, but it is a test that is a test that serves to eliminate one or several of the hypotheses, but it is a test that serves to eliminate one or several of the hypotheses, but it is a test that serves to eliminate one or several of the hypotheses, but it is a test that",8.891062391315216,31.898422561898048,eng_Latn," It isn’t alone though, experimentation, and an experiment is a test that is used to eliminate one or more of the possible hypotheses, asking questions, and making observations also guide scientific research.",8.891062391315216,31.898422561898048,25.0,25.0,-0.01519775390625
"Q: Les naturalistes et les philosophes se sont concentrés sur les textes anciens, et en particulier sur la Bible en latin.
A:","Les naturalistes et les philosophes se sont concentrés sur les textes anciens, et en particulier sur la Bible en latin.","Naturalists and philosophers focused on classical texts and, in particular, on the Bible in Latin.","Les naturalistes and philosophers have focused on the ancient texts, and particularly on the Bible in Latin.",37.853378396586464,62.97860334651333,eng_Latn," Naturalists and philosophers focused on classical texts and, in particular, on the Bible in Latin.",37.853378396586464,62.97860334651333,9.375,9.625,0.3203125
"Q: Les opinions d'Aristote sur toutes les questions scientifiques, y compris la psychologie, ont été acceptées.
A:","Les opinions d'Aristote sur toutes les questions scientifiques, y compris la psychologie, ont été acceptées.","Accepted were Aristotle's views on all matters of science, including psychology.","Aristotles opinions on all sciences, including psychology, have been accepted.",16.684116849673646,51.32755248828701,eng_Latn," Accepted were Aristotle's views on all matters of science, including psychology.",16.684116849673646,51.32755248828701,4.21875,3.546875,0.9375
"Q: Avec le déclin de la connaissance du grec, l'Occident s'est retrouvé coupé de ses racines philosophiques et scientifiques grecques.
A:","Avec le déclin de la connaissance du grec, l'Occident s'est retrouvé coupé de ses racines philosophiques et scientifiques grecques.","As knowledge of Greek declined, the West found itself cut off from its Greek philosophical and scientific roots.",The decline of the Greek culture has been cut off from its roots and scientific knowledge.,14.362750971680134,45.65641179526846,eng_Latn," As knowledge of Greek declined, the West found itself cut off from its Greek philosophical and scientific roots.",14.362750971680134,45.65641179526846,9.0625,9.6875,0.0947265625
"Q: De nombreux rythmes observés dans la physiologie et le comportement dépendent souvent en grande partie de la présence de cycles endogènes et de leur production par des horloges biologiques.
A:",De nombreux rythmes observés dans la physiologie et le comportement dépendent souvent en grande partie de la présence de cycles endogènes et de leur production par des horloges biologiques.,Many observed rhythms in physiology and behavior often crucially depend on the presence of endogenous cycles and their production through biological clocks.,The many observed rhythms observed in the physiology and behavior are often influenced by the presence of endogamous and their production by horoscopes.,30.53183731933168,55.562977294901316,eng_Latn, Many observed rhythms in physiology and behavior often crucially depend on the presence of endogenous cycles and their production through biological clocks.,30.53183731933168,55.562977294901316,14.3125,15.0,0.2001953125
"Q: Les rythmes périodiques, qui ne constituent pas simplement des réponses à des stimuli périodiques externes, ont été documentés pour la plupart des êtres vivants, y compris les bactéries, les champignons, les plantes et les animaux.
A:","Les rythmes périodiques, qui ne constituent pas simplement des réponses à des stimuli périodiques externes, ont été documentés pour la plupart des êtres vivants, y compris les bactéries, les champignons, les plantes et les animaux.","Periodic rhythms, which are not simply responses to external periodic cues, have been documented for most living beings, including bacteria, fungi, plants, and animals.","Les rythmes périodiques, which do not simply constitute a response to stimuli, are documented for most living organisms, including bacteria, fungi, plants and animals, including humans.",30.92515270123993,58.57242618162449,eng_Latn," Periodic rhythms, which are not simply responses to external periodic cues, have been documented for most living beings, including bacteria, fungi, plants, and animals.",30.92515270123993,58.57242618162449,12.875,12.125,0.166015625
"Q: Les horloges biologiques sont des oscillateurs autosuffisants qui continueront un cycle de fonctionnement pendant une certaine période, même en l'absence de stimulation extérieure.
A:","Les horloges biologiques sont des oscillateurs autosuffisants qui continueront un cycle de fonctionnement pendant une certaine période, même en l'absence de stimulation extérieure.",Biological clocks are self sustaining oscillators which will continue a period of free-running cycling even in the absence of external cues.,The biological horloges are autosuffiants that continue to operate for a certain period even if there is no external stimulation.,1.7490212850473885,28.34320914166864,eng_Latn, Biological clocks are self sustaining oscillators which will continue a period of free-running cycling even in the absence of external cues.,1.7490212850473885,28.34320914166864,6.28125,9.1875,0.80859375
"Q: L'expérience Hershey et Chase a été l'une des principales indications que l'ADN était un matériel génétique.
A:",L'expérience Hershey et Chase a été l'une des principales indications que l'ADN était un matériel génétique.,The Hershey and Chase experiment was one of the leading suggestions that DNA was a genetic material.,The Hershey and Chase experience was the main indication that the DNA was a genetic material.,47.45064762645575,61.72244788290718,eng_Latn, The Hershey and Chase experiment was one of the leading suggestions that DNA was a genetic material.,47.45064762645575,61.72244788290718,1.3203125,2.203125,0.94140625
"Q: Hershey et Chase ont utilisé des phages, ou des virus, pour implanter leur propre ADN dans une bactérie.
A:","Hershey et Chase ont utilisé des phages, ou des virus, pour implanter leur propre ADN dans une bactérie.","Hershey and Chase used phages, or viruses, to implant their own DNA into a bacterium.","Hershey and Chase used phage, or viruses, to implant their own DNA into a bacteria.",74.90853969372641,89.07968177742177,eng_Latn," Hershey and Chase used phages, or viruses, to implant their own DNA into a bacterium.",74.90853969372641,89.07968177742177,1.5234375,1.25,0.97265625
"Q: Ils ont mené deux expériences pour marquer soit l’ADN du phage avec un phosphore radioactif, soit la protéine du phage avec du soufre radioactif.
A:","Ils ont mené deux expériences pour marquer soit l’ADN du phage avec un phosphore radioactif, soit la protéine du phage avec du soufre radioactif.",They did two experiments marking either the DNA in the phage with a radioactive phosphorus or the protein of the phage with radioactive sulfur.,"They have conducted two experiments to mark the DNA of the phage with a phosphore radioactive, or the DNA of the phage with a radioactive protein.",36.56529257157957,63.183317403056606,eng_Latn, They did two experiments marking either the DNA in the phage with a radioactive phosphorus or the protein of the phage with radioactive sulfur.,36.56529257157957,63.183317403056606,9.25,11.25,0.734375
"Q: Les mutations peuvent avoir de nombreux effets différents selon le type de mutation, l'importance de la partie du matériel génétique affectée et si les cellules affectées sont des cellules germinales.
A:","Les mutations peuvent avoir de nombreux effets différents selon le type de mutation, l'importance de la partie du matériel génétique affectée et si les cellules affectées sont des cellules germinales.","Mutations can have a variety of different effects depending on the type of mutation, the significance of the piece of genetic material affected and whether the cells affected are germ-line cells.","Mutations can have many different effects depending on the type of mutation, the importance of the genetic material affects, and if the affected cells are germ cells.",42.35736633646045,64.82964245826659,eng_Latn," Mutations can have a variety of different effects depending on the type of mutation, the significance of the piece of genetic material affected and whether the cells affected are germ-line cells.",42.35736633646045,64.82964245826659,3.140625,2.671875,0.8828125
"Q: Seules les mutations des cellules germinales peuvent être transmises aux enfants, tandis que d'autres mutations peuvent entraîner la mort des cellules ou le cancer.
A:","Seules les mutations des cellules germinales peuvent être transmises aux enfants, tandis que d'autres mutations peuvent entraîner la mort des cellules ou le cancer.","Only mutations in germ-line cells can be passed on to children, while mutations elsewhere can cause cell-death or cancer.","Mutations of the germ cells can be transmitted to children, while other mutations can lead to cancer.",14.964047976704304,44.864563525180834,eng_Latn," Only mutations in germ-line cells can be passed on to children, while mutations elsewhere can cause cell-death or cancer.",14.964047976704304,44.864563525180834,7.53125,6.875,0.9296875
"Q: L'écotourisme intéresse les personnes désireuses de visiter des zones naturelles dans le but de profiter du paysage, notamment de la faune et de la flore.
A:","L'écotourisme intéresse les personnes désireuses de visiter des zones naturelles dans le but de profiter du paysage, notamment de la faune et de la flore.","Nature-based tourism attracts people interested in visiting natural areas for the purpose of enjoying the scenery, including plant and animal wildlife.","The ecotourisme is aimed at people who want to visit natural areas in the hope of enjoying the landscape, including the fauna and flora.",10.938369130722643,39.168476756134865,eng_Latn," Nature-based tourism attracts people interested in visiting natural areas for the purpose of enjoying the scenery, including plant and animal wildlife.",10.938369130722643,39.168476756134865,5.25,6.28125,0.74609375
"Q: La chasse, la pêche, la photographie, l’observation des oiseaux, la visite de parcs et l’étude des informations sur l’écosystème sont des exemples d’activités sur place.
A:","La chasse, la pêche, la photographie, l’observation des oiseaux, la visite de parcs et l’étude des informations sur l’écosystème sont des exemples d’activités sur place.","Examples of on-site activities include hunting, fishing, photography, bird watching, and visiting parks and studying information about the ecosystem.","The birdwatching, fishing, photography, observation of birds, the visit of parks and the study of information on the environment are examples of activities on the spot.",19.726044743329734,49.33051521857232,eng_Latn," Examples of on-site activities include hunting, fishing, photography, bird watching, and visiting parks and studying information about the ecosystem.",19.726044743329734,49.33051521857232,7.71875,7.9375,0.8125
"Q: On peut par exemple aller voir, photographier et découvrir les orang-outans de Bornéo.
A:","On peut par exemple aller voir, photographier et découvrir les orang-outans de Bornéo.","An example is visiting, photographing, and learning about organgatuangs in Borneo.","It is possible to go to, photographically and see, and discover the orang-outans of Bornéo.",3.9645132534206877,27.29905564045556,eng_Latn," An example is visiting, photographing, and learning about organgatuangs in Borneo.",3.9645132534206877,27.29905564045556,11.6875,13.125,0.6484375
"Q: Chaque matin, les gens quittent les petites villes de campagne en voiture pour se rendre à leur lieu de travail et croisent d'autres gens qui vont travailler dans la campagne qu'ils viennent de quitter.
A:","Chaque matin, les gens quittent les petites villes de campagne en voiture pour se rendre à leur lieu de travail et croisent d'autres gens qui vont travailler dans la campagne qu'ils viennent de quitter.","Every morning, people leave small country towns in cars to go their workplace and are passed by others whose work destination is the place they have just left.",The people leave the small towns of the countryside in the morning to go to work and pass by the same people who leave the countryside to go to work and pass by the same people who leave the countryside to go to work and pass by the same people who leave the countryside to go to work and pass by the same people who leave the countryside to go to work and pass by the same people who leave the countryside to go to work and pass by the same people who leave the countryside to go to work,1.2562366910537761,24.861766849918858,eng_Latn," Every morning, people leave small country towns in cars to go their workplace and are passed by others whose work destination is the place they have just left.",1.2562366910537761,24.861766849918858,21.625,20.0,-0.03173828125
"Q: Dans cette navette de transport dynamique, chacun est en quelque sorte relié à un système de transport basé sur les voitures particulières et le soutient.
A:","Dans cette navette de transport dynamique, chacun est en quelque sorte relié à un système de transport basé sur les voitures particulières et le soutient.","In this dynamic transport shuttle everyone is somehow connected with, and supporting, a transport system based on private cars.",This bus is a bus that is based on a transport system based on cars and the support is based on the vehicles.,16.114481651363576,35.27292415214776,eng_Latn," In this dynamic transport shuttle everyone is somehow connected with, and supporting, a transport system based on private cars.",16.114481651363576,35.27292415214776,17.625,19.0,0.013916015625
"Q: La science montre désormais que cette économie massivement basée sur le carbone a délogé la biosphère de son état de stabilité qui a soutenu l'évolution humaine pendant deux millions d'années.
A:",La science montre désormais que cette économie massivement basée sur le carbone a délogé la biosphère de son état de stabilité qui a soutenu l'évolution humaine pendant deux millions d'années.,Science now indicates that this massive carbon economy has dislodged the biosphere from one of its stable states that has supported human evolution for the past two million years.,The science now shows that this massive economic system has now been shown that this massive economic system has now been shown that this massive economic system has now been shown that this massive economic system has now been shown that this massive economic system has now been shown that this massive economic system has now been shown that this massive economic system has now been shown that this massive economic system has now been shown that this massive economic system has now been shown that this massive economic system has now been shown that this massive economic system has,1.6514531543459698,18.43200979084938,eng_Latn, Science now indicates that this massive carbon economy has dislodged the biosphere from one of its stable states that has supported human evolution for the past two million years.,1.6514531543459698,18.43200979084938,23.0,25.0,-0.01458740234375
"Q: Tout le monde fait partie de la société et utilise les systèmes de transport. Quasiment tout le monde se plaint des systèmes de transport.
A:",Tout le monde fait partie de la société et utilise les systèmes de transport. Quasiment tout le monde se plaint des systèmes de transport.,Everyone participates in society and uses transportation systems. Almost everyone complains about transportation systems.,Almost everyone complains about the transportation systems. Almost everyone complains about the transportation systems.,52.60093017679725,68.6177400547079,eng_Latn, Everyone participates in society and uses transportation systems. Almost everyone complains about transportation systems.,52.60093017679725,68.6177400547079,15.6875,13.0,0.033203125
"Q: Dans les pays développés, il est rare d’entendre autant de plaintes concernant la qualité de l’eau ou l’effondrement de ponts.
A:","Dans les pays développés, il est rare d’entendre autant de plaintes concernant la qualité de l’eau ou l’effondrement de ponts.",In developed countries you seldom hear similar levels of complaints about water quality or bridges falling down.,"In the developed countries, it’s rare to hear people complain about the quality of the water or the collapse of bridges.",7.379014959810496,41.91957895501691,eng_Latn, In developed countries you seldom hear similar levels of complaints about water quality or bridges falling down.,7.379014959810496,41.91957895501691,2.65625,2.734375,0.91796875
"Q: Pourquoi les systèmes de transport engendrent-ils de telles plaintes, pourquoi tombent-ils en panne quotidiennement ? Les ingénieurs des transports sont-ils simplement incompétents ? Ou bien, se passe-t-il quelque chose de plus fondamental ?
A:","Pourquoi les systèmes de transport engendrent-ils de telles plaintes, pourquoi tombent-ils en panne quotidiennement ? Les ingénieurs des transports sont-ils simplement incompétents ? Ou bien, se passe-t-il quelque chose de plus fondamental ?","Why do transportation systems engender such complaints, why do they fail on a daily basis? Are transportation engineers just incompetent? Or is something more fundamental going on?","The systems of transport are not simply incompetent. Why do they cause such complaints, why do they happen daily? Or is it simply that they are simply incompetent? Or is it simply that they happen daily? Or is it simply that they happen daily? Or is it simply that they happen daily? Or is it simply that they happen daily? Or is it simply that they happen daily? Or is it simply that they happen daily? Or is it simply that they happen daily? Or is it simply that",10.714525408794778,33.454144328020575,eng_Latn," Why do transportation systems engender such complaints, why do they fail on a daily basis? Are transportation engineers just incompetent? Or is something more fundamental going on?",10.714525408794778,33.454144328020575,24.875,25.0,-0.031982421875
"Q: Le flux de trafic est l'étude des mouvements des conducteurs et des véhicules particuliers entre deux points, et des interactions qu'ils exercent entre eux.
A:","Le flux de trafic est l'étude des mouvements des conducteurs et des véhicules particuliers entre deux points, et des interactions qu'ils exercent entre eux.",Traffic Flow is the study of the movement of individual drivers and vehicles between two points and the interactions they make with one another.,"The traffic flow is the study of the movement of vehicles and vehicles between two points, and interactions that they exert between them.",35.479595409773076,59.86531802051177,eng_Latn, Traffic Flow is the study of the movement of individual drivers and vehicles between two points and the interactions they make with one another.,35.479595409773076,59.86531802051177,5.0,5.53125,0.64453125
"Q: Malheureusement, il est difficile d'étudier le flux de circulation car le comportement des conducteurs ne peut être prédit avec cent pour cent de certitude.
A:","Malheureusement, il est difficile d'étudier le flux de circulation car le comportement des conducteurs ne peut être prédit avec cent pour cent de certitude.","Unfortunately, studying traffic flow is difficult because driver behavior cannot be predicted with one-hundred percent certainty.",It is difficult to study the circulation because the behavior of the conductors cannot be predicted with 100% certainty.,22.17134184444323,45.93474562296307,eng_Latn," Unfortunately, studying traffic flow is difficult because driver behavior cannot be predicted with one-hundred percent certainty.",22.17134184444323,45.93474562296307,5.21875,6.375,0.83203125
"Q: Heureusement, les conducteurs ont tendance à agir dans une fourchette raisonnablement cohérente; ainsi, les flux de circulation ont tendance à avoir une cohérence raisonnable et peuvent être représentés mathématiquement de manière approximative.
A:","Heureusement, les conducteurs ont tendance à agir dans une fourchette raisonnablement cohérente; ainsi, les flux de circulation ont tendance à avoir une cohérence raisonnable et peuvent être représentés mathématiquement de manière approximative.","Fortunately, drivers tend to behave within a reasonably consistent range; thus, traffic streams tend to have some reasonable consistency and can be roughly represented mathematically.",The drivers tend to act in a reasonable manner; the flow of traffic tends to have a reasonable consistency; and the flow of traffic tends to have a reasonable consistency.,13.390897050641568,41.19812200126809,eng_Latn," Fortunately, drivers tend to behave within a reasonably consistent range; thus, traffic streams tend to have some reasonable consistency and can be roughly represented mathematically.",13.390897050641568,41.19812200126809,16.125,11.6875,0.041748046875
"Q: Pour mieux représenter le flux de trafic, des relations ont été établies entre les trois principales caractéristiques : (1) le débit, (2) la densité et (3) la vitesse.
A:","Pour mieux représenter le flux de trafic, des relations ont été établies entre les trois principales caractéristiques : (1) le débit, (2) la densité et (3) la vitesse.","To better represent traffic flow, relationships have been established between the three main characteristics: (1) flow, (2) density, and (3) velocity.","The three main characteristics that are important to represent the flow of traffic, the flow, the density, and the speed.",19.918333152171694,42.757574689509944,eng_Latn," To better represent traffic flow, relationships have been established between the three main characteristics: (1) flow, (2) density, and (3) velocity.",19.918333152171694,42.757574689509944,7.09375,5.5,0.1552734375
"Q: Ces relations aident à la planification, à la conception, et au fonctionnement des installations routières.
A:","Ces relations aident à la planification, à la conception, et au fonctionnement des installations routières.","These relationships help in planning, design, and operations of roadway facilities.","The relations help to plan, to design, and to operate the road network.",11.251329738544609,37.13426527510498,eng_Latn," These relationships help in planning, design, and operations of roadway facilities.",11.251329738544609,37.13426527510498,5.6875,5.53125,0.9765625
"Q: Les insectes ont été les premiers animaux à s'envoler. Leur capacité à voler leur a permis d'échapper plus facilement à leurs ennemis et de trouver plus efficacement de la nourriture et des compagnons.
A:",Les insectes ont été les premiers animaux à s'envoler. Leur capacité à voler leur a permis d'échapper plus facilement à leurs ennemis et de trouver plus efficacement de la nourriture et des compagnons.,Insects were the first animals to take to the air. Their ability to fly helped them evade enemies more easily and find food and mates more efficiently.,"The first animals to fly were the first animals to fly. Their ability to fly was the first animals to fly, and they were able to escape more easily to find food and companions.",23.973812971384078,50.11483603885743,eng_Latn, Insects were the first animals to take to the air. Their ability to fly helped them evade enemies more easily and find food and mates more efficiently.,23.973812971384078,50.11483603885743,18.25,17.125,-0.006103515625
"Q: La plupart des insectes ont l’avantage de pouvoir replier leurs ailes le long du corps.
A:",La plupart des insectes ont l’avantage de pouvoir replier leurs ailes le long du corps.,Most insects have the advantage of being able to fold their wings back along the body.,Most insects have the advantage of being able to fly the long wings of insects can fly the long wings of insects.,35.540229476493096,61.32489746174915,eng_Latn, Most insects have the advantage of being able to fold their wings back along the body.,35.540229476493096,61.32489746174915,17.25,16.75,0.023193359375
"Q: Cela leur donne un plus grand nombre de petits endroits pour se cacher des prédateurs.
A:",Cela leur donne un plus grand nombre de petits endroits pour se cacher des prédateurs.,This gives them a wider range of small places to hide from predators.,They give them a greater number of places to hide from predators.,45.74563333993254,55.66942709243305,eng_Latn, This gives them a wider range of small places to hide from predators.,45.74563333993254,55.66942709243305,4.28125,4.90625,0.8828125
"Q: Aujourd'hui, les seuls insectes qui ne peuvent pas replier leurs ailes sont les mouches dragons et les éphémères.
A:","Aujourd'hui, les seuls insectes qui ne peuvent pas replier leurs ailes sont les mouches dragons et les éphémères.","Today, the only insects that cannot fold back their wings are dragon flies and mayflies.","Today, only insects that cannot fly can not replie their wings are the only insects that cannot fly are the dragonflies and the erythrids.",23.87054423967308,61.486394850670635,eng_Latn," Today, the only insects that cannot fold back their wings are dragon flies and mayflies.",23.87054423967308,61.486394850670635,11.9375,10.6875,0.1044921875
"Q: Il y a quelques milliers d’années, un homme appelé Aristarque a affirmé que le système solaire se déplaçait autour du Soleil.
A:","Il y a quelques milliers d’années, un homme appelé Aristarque a affirmé que le système solaire se déplaçait autour du Soleil.","Thousands of years ago, a man called Aristarchus said that the Solar System moved around the Sun.",Aristarchus said that the solar system was moving around the Sun.,27.955976554870663,47.51843845095837,eng_Latn," Thousands of years ago, a man called Aristarchus said that the Solar System moved around the Sun.",27.955976554870663,47.51843845095837,6.78125,6.75,0.423828125
"Q: Certains pensaient qu’il avait raison, mais beaucoup croyaient le contraire : que le système solaire se déplaçait autour de la Terre, y compris le Soleil (et même les autres étoiles).
A:","Certains pensaient qu’il avait raison, mais beaucoup croyaient le contraire : que le système solaire se déplaçait autour de la Terre, y compris le Soleil (et même les autres étoiles).","Some people thought he was right but many people believed the opposite; that the Solar System moved around the Earth, including the Sun (and even the other stars).","Some believed that it had reason, but many believed that the solar system was moving around the Earth, including the Sun (and even the other stars), including the other stars.",40.052744847255724,58.76118899234547,eng_Latn," Some people thought he was right but many people believed the opposite; that the Solar System moved around the Earth, including the Sun (and even the other stars).",40.052744847255724,58.76118899234547,8.0625,8.5625,0.359375
"Q: Cela semble raisonnable, car la Terre n'a pas l'impression de bouger, n'est-ce pas ?
A:","Cela semble raisonnable, car la Terre n'a pas l'impression de bouger, n'est-ce pas ?","This seems sensible, because the Earth doesn't feel as if it's moving, does it?","It seems reasonable, because the Earth doesn't seem to be moving, is it?",34.03766240192539,53.630432334640155,eng_Latn," This seems sensible, because the Earth doesn't feel as if it's moving, does it?",34.03766240192539,53.630432334640155,3.421875,4.125,0.921875
"Q: Le fleuve Amazone est le deuxième plus long et le plus grand fleuve sur Terre. Il charrie plus de huit fois le volume d'eau du deuxième plus gros fleuve.
A:",Le fleuve Amazone est le deuxième plus long et le plus grand fleuve sur Terre. Il charrie plus de huit fois le volume d'eau du deuxième plus gros fleuve.,The Amazon River is the second longest and the biggest river on Earth. It carries more than 8 times as much water as the second biggest river.,The Amazon River is the second longest river on Earth and is the second longest river on Earth. It is the second longest river on Earth.,37.137195565054576,57.393748373436246,eng_Latn, The Amazon River is the second longest and the biggest river on Earth. It carries more than 8 times as much water as the second biggest river.,37.137195565054576,57.393748373436246,14.375,14.5625,0.030517578125
"Q: L'Amazone est également le fleuve le plus large de la planète, atteignant parfois 10 km de large.
A:","L'Amazone est également le fleuve le plus large de la planète, atteignant parfois 10 km de large.","The Amazon is also the widest river on Earth, at times six miles wide.","The Amazone is also the largest river in the world, reaching sometimes 10 km wide.",10.657284485555579,43.893391529546086,eng_Latn," The Amazon is also the widest river on Earth, at times six miles wide.",10.657284485555579,43.893391529546086,2.03125,5.875,0.98046875
"Q: Pas moins de 20 % de l'eau qui se jette des rivières de la planète dans les océans provient de l'Amazone.
A:",Pas moins de 20 % de l'eau qui se jette des rivières de la planète dans les océans provient de l'Amazone.,A full 20 percent of the water that pours out of the planet's rivers into the oceans comes from the Amazon.,The 20% of the water that goes into the oceans of the planet comes from the Amazone.,24.85643277655989,58.01628310845868,eng_Latn, A full 20 percent of the water that pours out of the planet's rivers into the oceans comes from the Amazon.,24.85643277655989,58.01628310845868,5.34375,5.6875,0.65625
"Q: Le bras principal du Fleuve Amazone est long de 6 387 km (3 980 miles). Il collecte l'eau des milliers de petites rivières.
A:",Le bras principal du Fleuve Amazone est long de 6 387 km (3 980 miles). Il collecte l'eau des milliers de petites rivières.,"The main Amazon River is 6,387 km (3,980 miles). It collects water from thousands of smaller rivers.",The main artery of the Amazon River is long of 6 387 km (3 980 miles). It collects the water of thousands of small rivers.,26.25996281830107,66.90776324679587,eng_Latn," The main Amazon River is 6,387 km (3,980 miles). It collects water from thousands of smaller rivers.",26.25996281830107,66.90776324679587,1.875,2.796875,0.94921875
"Q: Bien que la construction de pyramides en pierre se soit poursuivie jusqu'à la fin de l'Ancien Empire, les pyramides de Gizeh n'ont jamais été surpassées par leur taille et l'excellence technique de leur construction.
A:","Bien que la construction de pyramides en pierre se soit poursuivie jusqu'à la fin de l'Ancien Empire, les pyramides de Gizeh n'ont jamais été surpassées par leur taille et l'excellence technique de leur construction.","Although pyramid-building in stone continued until the end of the Old Kingdom, the pyramids of Giza were never surpassed in their size and the technical excellence of their construction.","The construction of pyramids in Gizeh has been continued until the end of the Old Empire, and the pyramids of Gizeh have never been surpassed by their size and the technical excellence of their construction.",45.67265278440035,68.5055192323349,eng_Latn," Although pyramid-building in stone continued until the end of the Old Kingdom, the pyramids of Giza were never surpassed in their size and the technical excellence of their construction.",45.67265278440035,68.5055192323349,4.25,4.3125,0.83203125
"Q: Les Égyptiens antiques du Nouvel Empire étaient émerveillés par les monuments de leurs prédécesseurs, qui avaient alors bien plus de mille ans.
A:","Les Égyptiens antiques du Nouvel Empire étaient émerveillés par les monuments de leurs prédécesseurs, qui avaient alors bien plus de mille ans.","New Kingdom ancient Egyptians marvelled at their predecessors monuments, which were then well over a thousand year old.","The Egyptian antiquities of the New Empire were amazed by their predecessors who had been living in Egypt for centuries, which had been living in Egypt for centuries.",8.197539732074254,32.51975475879209,eng_Latn," New Kingdom ancient Egyptians marvelled at their predecessors monuments, which were then well over a thousand year old.",8.197539732074254,32.51975475879209,13.3125,13.5625,0.11083984375
"Q: Le Vatican compte environ 800 habitants. C'est le plus petit pays indépendant au monde, et le moins peuplé.
A:","Le Vatican compte environ 800 habitants. C'est le plus petit pays indépendant au monde, et le moins peuplé.",Vatican City's population is around 800. It is the smallest independent country in the world and the country with the lowest population.,"The Vatican has about 800 people. It is the smallest country in the world, and the least populated. It is the smallest country in the world, and the least populated.",21.066551867537065,51.2651689819507,eng_Latn, Vatican City's population is around 800. It is the smallest independent country in the world and the country with the lowest population.,21.066551867537065,51.2651689819507,21.0,17.75,0.046142578125
"Q: La Cité du Vatican rédige sa législation et ses communications officielles en italien.
A:",La Cité du Vatican rédige sa législation et ses communications officielles en italien.,Vatican City uses Italian in its legislation and official communications.,The Vatican has written its laws and its official communications in Italian.,8.737167851715874,51.99209040120032,eng_Latn, Vatican City uses Italian in its legislation and official communications.,8.737167851715874,51.99209040120032,3.140625,4.34375,0.82421875
"Q: L’italien est également la langue de tous les jours utilisée par la plupart des personnes qui travaillent dans l’état, tandis que le latin est souvent utilisé dans les cérémonies religieuses.
A:","L’italien est également la langue de tous les jours utilisée par la plupart des personnes qui travaillent dans l’état, tandis que le latin est souvent utilisé dans les cérémonies religieuses.",Italian is also the everyday language used by most of those who work in the state while Latin is often used in religious ceremonies.,"The Italian language is also used by the majority of people who work in the country, while the Latin is often used in religious ceremonies.",43.75904724182962,65.40171123007087,eng_Latn, Italian is also the everyday language used by most of those who work in the state while Latin is often used in religious ceremonies.,43.75904724182962,65.40171123007087,5.40625,5.15625,0.78515625
"Q: Les citoyens de la Cité du Vatican sont tous catholiques.
A:",Les citoyens de la Cité du Vatican sont tous catholiques.,All citizens of Vatican City are Roman Catholic.,The citizens of the Vatican City are all Catholic.,22.957488466614326,65.91924686667615,eng_Latn, All citizens of Vatican City are Roman Catholic.,22.957488466614326,65.91924686667615,1.4140625,1.9296875,1.0234375
"Q: Depuis l'Antiquité, les peuples sont familiers des éléments chimiques de base comme l'or, l'argent et le cuivre, car ils se trouvent dans la nature sous forme brute et sont assez simples à miner à l'aide d'outils primitifs.
A:","Depuis l'Antiquité, les peuples sont familiers des éléments chimiques de base comme l'or, l'argent et le cuivre, car ils se trouvent dans la nature sous forme brute et sont assez simples à miner à l'aide d'outils primitifs.","People have known about basic chemical elements such as gold, silver, and copper from antiquity, as these can all be discovered in nature in native form and are relatively simple to mine with primitive tools.","The ancient people are familiar with the elements of base like gold, silver and copper, because they are found in nature under the form of brute and are quite simple to mine at the time of the ancient times.",8.820730207272414,36.434879480735994,eng_Latn," People have known about basic chemical elements such as gold, silver, and copper from antiquity, as these can all be discovered in nature in native form and are relatively simple to mine with primitive tools.",8.820730207272414,36.434879480735994,6.3125,6.71875,0.515625
"Q: Aristote, un philosophe, a théorisé que tout est constitué d’un mélange d’un ou plusieurs des quatre éléments. Il s’agissait de la terre, de l’eau, de l’air et du feu.
A:","Aristote, un philosophe, a théorisé que tout est constitué d’un mélange d’un ou plusieurs des quatre éléments. Il s’agissait de la terre, de l’eau, de l’air et du feu.","Aristotle, a philosopher, theorised that everything is made up of a mixture of one or more of four elements. They were earth, water, air, and fire.","Aristote, a theorized that everything is composed of a mixture of one or more of the four elements, including water, air, fire and the air.",37.8261187895675,58.20353409262965,eng_Latn," Aristotle, a philosopher, theorised that everything is made up of a mixture of one or more of four elements. They were earth, water, air, and fire.",37.8261187895675,58.20353409262965,4.9375,5.5625,0.212890625
"Q: Il s'agissait plutôt des quatre états de la matière (dans le même ordre) : solide, liquide, gazeux et plasma, bien qu'il ait également émis la théorie selon laquelle ces derniers se transforment en nouvelles substances pour former ce que nous voyons.
A:","Il s'agissait plutôt des quatre états de la matière (dans le même ordre) : solide, liquide, gazeux et plasma, bien qu'il ait également émis la théorie selon laquelle ces derniers se transforment en nouvelles substances pour former ce que nous voyons.","This was more like the four states of matter (in the same order): solid, liquid, gas, and plasma, though he also theorised that they change into new substances to form what we see.","The four states of matter (in the same order): solid, liquid, gas, and plasma, although it has also been theorized that these are different states of matter: solid, liquid, gas, and plasma, although they have also been theorized that these are different states of matter: solid, liquid, gas, and plasma, although they have also been theorized that these are different states of matter: solid, liquid, gas, and plasma, although they have also been theorized that",18.497694435255816,45.22303751654918,eng_Latn," This was more like the four states of matter (in the same order): solid, liquid, gas, and plasma, though he also theorised that they change into new substances to form what we see.",18.497694435255816,45.22303751654918,22.25,23.5,0.000640869140625
"Q: Les alliages sont essentiellement un mélange de deux métaux ou plus. N'oubliez pas que le tableau périodique comporte de nombreux éléments.
A:",Les alliages sont essentiellement un mélange de deux métaux ou plus. N'oubliez pas que le tableau périodique comporte de nombreux éléments.,Alloys are basically a mixture of two or more metals. Don't forget that there are many elements on the periodic table.,The alloys are primarily a mixture of two metals or more. The periodic table has many elements. Remember that the periodic table has many elements.,26.33905721726426,55.077326291122105,eng_Latn, Alloys are basically a mixture of two or more metals. Don't forget that there are many elements on the periodic table.,26.33905721726426,55.077326291122105,4.28125,5.25,0.69921875
"Q: Des éléments comme le calcium et le potassium sont considérés comme des métaux. Bien sûr, il y a aussi des métaux comme l’argent et l’or.
A:","Des éléments comme le calcium et le potassium sont considérés comme des métaux. Bien sûr, il y a aussi des métaux comme l’argent et l’or.","Elements like calcium and potassium are considered metals. Of course, there are also metals like silver and gold.","The calcium and potassium are considered to be elements that are considered to be elements that are considered to be elements. Of course, there are also elements like silver and gold. Of course, there are also elements like silver and gold.",32.24586136476203,67.19481692161614,eng_Latn," Elements like calcium and potassium are considered metals. Of course, there are also metals like silver and gold.",32.24586136476203,67.19481692161614,17.75,15.5,-0.029296875
"Q: On trouve aussi des alliages qui comprennent une petite quantité d’éléments non métalliques, comme le carbone.
A:","On trouve aussi des alliages qui comprennent une petite quantité d’éléments non métalliques, comme le carbone.",You can also have alloys that include small amounts of non-metallic elements like carbon.,"It is also found in other alloys that include a small amount of non-metallic elements, such as carbon.",36.26305461419686,62.766341534239785,eng_Latn, You can also have alloys that include small amounts of non-metallic elements like carbon.,36.26305461419686,62.766341534239785,2.5625,4.9375,0.90625
"Q: Tout dans l’Univers est fait de matière. Toute la matière est faite de minuscules particules appelées atomes.
A:",Tout dans l’Univers est fait de matière. Toute la matière est faite de minuscules particules appelées atomes.,Everything in the Universe is made of matter. All matter is made of tiny particles called atoms.,All in the Universe is made of matter. The entire matter is made of tiny particles called atoms. The entire matter is made of tiny particles called atoms.,47.92649425323861,75.28779249154839,eng_Latn, Everything in the Universe is made of matter. All matter is made of tiny particles called atoms.,47.92649425323861,75.28779249154839,22.5,19.875,0.16015625
"Q: Les atomes sont si incroyablement petits que des milliards d’entre eux pourraient entrer dans la période à la fin de cette phrase.
A:",Les atomes sont si incroyablement petits que des milliards d’entre eux pourraient entrer dans la période à la fin de cette phrase.,Atoms are so incredibly tiny that trillions of them could fit into the period at the end of this sentence.,The atoms are so incredibly small that billions of them could enter the period at the end of this phrase.,50.62835959915031,65.59535539727264,eng_Latn, Atoms are so incredibly tiny that trillions of them could fit into the period at the end of this sentence.,50.62835959915031,65.59535539727264,4.0,4.40625,1.0
"Q: Ainsi, le crayon était un bon ami pour beaucoup de gens lorsqu’il est sorti.
A:","Ainsi, le crayon était un bon ami pour beaucoup de gens lorsqu’il est sorti.","Thus, the pencil was a good friend to many people when it came out.",The crayon was a good friend for many people when it was released.,29.657123965181544,52.14009898306375,eng_Latn," Thus, the pencil was a good friend to many people when it came out.",29.657123965181544,52.14009898306375,6.25,6.03125,0.984375
"Q: Malheureusement, l'apparition de nouveaux modes de rédaction a relégué le stylo à un statut plus confidentiel et à des utilisations plus rares.
A:","Malheureusement, l'apparition de nouveaux modes de rédaction a relégué le stylo à un statut plus confidentiel et à des utilisations plus rares.","Sadly, as newer methods of writing have emerged, the pencil has been relegated to lesser status and uses.",The new style of writing has been relegated to a status that is more confident and less exclusive.,19.88014280301046,41.03000758954488,eng_Latn," Sadly, as newer methods of writing have emerged, the pencil has been relegated to lesser status and uses.",19.88014280301046,41.03000758954488,12.4375,12.0625,0.408203125
"Q: Les gens écrivent maintenant des messages sur des écrans d'ordinateur, sans jamais avoir à s'approcher d'un taille-crayon.
A:","Les gens écrivent maintenant des messages sur des écrans d'ordinateur, sans jamais avoir à s'approcher d'un taille-crayon.","People now write messages on computer screens, never having to come close to a sharpener.","Now, people are writing now on their computers, without ever having to get close to a crayon.",9.84610795142858,40.39069484965296,eng_Latn," People now write messages on computer screens, never having to come close to a sharpener.",9.84610795142858,40.39069484965296,6.03125,9.25,0.93359375
"Q: On ne peut que se demander ce que le clavier deviendra quand la prochaine nouveauté arrivera.
A:",On ne peut que se demander ce que le clavier deviendra quand la prochaine nouveauté arrivera.,One can only wonder what the keyboard will become when something newer comes along.,It is possible that the keyboard will become a question when the next new update arrives.,14.879641171245488,38.70174464640118,eng_Latn, One can only wonder what the keyboard will become when something newer comes along.,14.879641171245488,38.70174464640118,11.5,11.5,0.6328125
"Q: La bombe à fission fonctionne selon le principe suivant : elle transforme l'énergie en assemblant un noyau d'une myriade de protons et neutrons.
A:",La bombe à fission fonctionne selon le principe suivant : elle transforme l'énergie en assemblant un noyau d'une myriade de protons et neutrons.,The fission bomb works on the principle that it takes energy to put together a nucleus with many protons and neutrons.,The fission reaction uses the principle of splitting to produce an energy. It is as follows:,7.534822297984551,29.894274507125175,eng_Latn, The fission bomb works on the principle that it takes energy to put together a nucleus with many protons and neutrons.,7.534822297984551,29.894274507125175,11.375,9.5,0.0419921875
"Q: Un peu comme si on faisait gravir une colline à une charrette lourde. En divisant le noyau à nouveau, puis en libérant un peu de cette énergie.
A:","Un peu comme si on faisait gravir une colline à une charrette lourde. En divisant le noyau à nouveau, puis en libérant un peu de cette énergie.",Sort of like rolling a heavy cart up a hill. Splitting the nucleus up again then releases some of that energy.,"Like if you were to make a climb on a hill, you would divide the nucleus into two parts and release a little energy.",9.106556182785601,30.45240899720108,eng_Latn, Sort of like rolling a heavy cart up a hill. Splitting the nucleus up again then releases some of that energy.,9.106556182785601,30.45240899720108,8.125,6.59375,0.4375
"Q: Certains atomes ont un noyau instable, de sorte qu'ils ont tendance à se briser avec peu ou pas de pression.
A:","Certains atomes ont un noyau instable, de sorte qu'ils ont tendance à se briser avec peu ou pas de pression.",Some atoms have unstable nuclei which means that they tend to break apart with little or no nudging.,"Some atoms have a stable nucleus, so they tend to break down with little or no pressure.",30.16502390054434,56.56269838039886,eng_Latn, Some atoms have unstable nuclei which means that they tend to break apart with little or no nudging.,30.16502390054434,56.56269838039886,12.625,11.9375,0.703125
"Q: La surface de la lune est constituée de pierres et de poussière. Sa couche extérieure est appelée la croûte.
A:",La surface de la lune est constituée de pierres et de poussière. Sa couche extérieure est appelée la croûte.,The surface of the Moon is made of rocks and dust. The outer layer of the Moon is called the crust.,The surface of the moon is made of stones and dust. Its outer layer is called the crust.,40.43886672108789,66.70434101643966,eng_Latn, The surface of the Moon is made of rocks and dust. The outer layer of the Moon is called the crust.,40.43886672108789,66.70434101643966,0.66796875,0.890625,0.97265625
"Q: L'épaisseur de la croûte est d'environ 70 km sur la face visible et 100 km sur la face cachée.
A:",L'épaisseur de la croûte est d'environ 70 km sur la face visible et 100 km sur la face cachée.,The crust is about 70 km thick on the near side and 100 km thick on the far side.,The thickness of the croquette is about 70 km on the face visible and 100 km on the face hidden.,18.556675930109115,48.696303336985636,eng_Latn, The crust is about 70 km thick on the near side and 100 km thick on the far side.,18.556675930109115,48.696303336985636,9.0625,10.8125,0.78515625
"Q: Elle est plus fine au niveau des mers et plus épaisse sous les continents.
A:",Elle est plus fine au niveau des mers et plus épaisse sous les continents.,It is thinner under the maria and thicker under the highlands.,She is more fine at the surface level and thicker at the surface level.,11.251329738544609,27.53993620803467,eng_Latn, It is thinner under the maria and thicker under the highlands.,11.251329738544609,27.53993620803467,16.0,17.75,0.000946044921875
"Q: Il peut y avoir plus de maria sur le côté proche parce que la croûte est plus fine. Il était plus facile pour la lave de remonter à la surface.
A:",Il peut y avoir plus de maria sur le côté proche parce que la croûte est plus fine. Il était plus facile pour la lave de remonter à la surface.,There may be more maria on the near side because the crust is thinner. It was easier for lava to rise up to the surface.,It can be more difficult to remove the maria from the side because the croûte is more fine. It was easier for the maria to come out of the side because the croûte was easier to remove.,13.389638090384532,43.747855353856096,eng_Latn, There may be more maria on the near side because the crust is thinner. It was easier for lava to rise up to the surface.,13.389638090384532,43.747855353856096,15.3125,17.5,0.447265625
"Q: Les théories du contenu sont centrées sur la recherche de ce qui fait que les gens se sentent bien ou qu'ils sont attirés.
A:",Les théories du contenu sont centrées sur la recherche de ce qui fait que les gens se sentent bien ou qu'ils sont attirés.,Content theories are centered on finding what makes people tick or appeals to them.,The theories of content are focused on the search for what makes people feel good or are attracted.,10.331208012220435,39.84677216171768,eng_Latn, Content theories are centered on finding what makes people tick or appeals to them.,10.331208012220435,39.84677216171768,2.78125,4.15625,0.96875
"Q: Ces théories suggèrent que les gens ont certains besoins et/ou désirs qui ont été intériorisés au fur et à mesure de leur maturation vers l'âge adulte.
A:",Ces théories suggèrent que les gens ont certains besoins et/ou désirs qui ont été intériorisés au fur et à mesure de leur maturation vers l'âge adulte.,These theories suggest that people have certain needs and/or desires which have been internalized as they mature to adulthood.,"These theories suggest that people have certain needs and/or desires that have been intrapersonally nurtured over time, as they mature, they have certain needs and/or desires that have been nurtured over time, as they mature.",28.969206725615393,63.74967625473732,eng_Latn, These theories suggest that people have certain needs and/or desires which have been internalized as they mature to adulthood.,28.969206725615393,63.74967625473732,11.25,10.5625,0.2431640625
"Q: Ces théories examinent ce qui pousse certaines personnes à vouloir les choses qu’elles font et ce qui, dans leur environnement, les pousse à faire ou à ne pas faire certaines choses.
A:","Ces théories examinent ce qui pousse certaines personnes à vouloir les choses qu’elles font et ce qui, dans leur environnement, les pousse à faire ou à ne pas faire certaines choses.",These theories look at what it is about certain people that make them want the things that they do and what things in their environment will make them do or not do certain things.,These theories examine what drives some people to want things that they do and what drives them to want or not to do things.,19.927767274806964,40.28233408017389,eng_Latn, These theories look at what it is about certain people that make them want the things that they do and what things in their environment will make them do or not do certain things.,19.927767274806964,40.28233408017389,6.6875,6.5625,0.78515625
"Q: Deux théories de contenu populaires sont la théorie de la hiérarchie des besoins de Maslow et la théorie des deux facteurs de Herzberg.
A:",Deux théories de contenu populaires sont la théorie de la hiérarchie des besoins de Maslow et la théorie des deux facteurs de Herzberg.,Two popular content theories are Maslow's Hierarchy of Needs Theory and Hertzberg's Two Factor Theory.,Maslow's hierarchy of needs is the theory of needs that Maslow and Herzberg have two factors of needs that are the theory of needs that Maslow and Herzberg have two factors of needs that are the theory of needs that Maslow and Herzberg have two factors of needs that are the theory of needs that Maslow and Herzberg have two factors of needs that are the theory of needs that Maslow and Herzberg have two factors of needs that are the theory of needs that Maslow,3.566414369952271,20.219294756630838,eng_Latn, Two popular content theories are Maslow's Hierarchy of Needs Theory and Hertzberg's Two Factor Theory.,3.566414369952271,20.219294756630838,22.125,22.0,-0.01092529296875
"Q: De manière générale, deux comportements peuvent émerger lorsqu'un manager devient le chef d'anciens collègues. D'une des extrémités du spectre étant d'essayer de rester « le bon copain » (ou la bonne copine).
A:","De manière générale, deux comportements peuvent émerger lorsqu'un manager devient le chef d'anciens collègues. D'une des extrémités du spectre étant d'essayer de rester « le bon copain » (ou la bonne copine).","Generally speaking, two behaviors can emerge as managers begin to lead their former peers. One end of the spectrum is trying to remain “one of the guys” (or gals).",The general rule is that two different behaviors can emerge when a manager becomes the chief executive officer (CEO) of an old colleague. The other end of the spectrum is trying to stay “the good cop-in-chief” (or the good cop-in-chief).,21.349405262468505,42.68589534139239,eng_Latn," Generally speaking, two behaviors can emerge as managers begin to lead their former peers. One end of the spectrum is trying to remain “one of the guys” (or gals).",21.349405262468505,42.68589534139239,11.6875,10.4375,0.578125
"Q: Ce type de manager a du mal à prendre des décisions impopulaires, mener des actions disciplinaires, réaliser des évaluations, confier des responsabilités, et tenir les autres comme responsable.
A:","Ce type de manager a du mal à prendre des décisions impopulaires, mener des actions disciplinaires, réaliser des évaluations, confier des responsabilités, et tenir les autres comme responsable.","This type of manager has difficulty making unpopular decisions, performing disciplinary action, performance evaluations, assigning responsibility, and holding people accountable.","The type of manager has trouble taking decisions that are impolitic, is not responsible for, and is not accountable for.",11.611718037088702,33.299363322514026,eng_Latn," This type of manager has difficulty making unpopular decisions, performing disciplinary action, performance evaluations, assigning responsibility, and holding people accountable.",11.611718037088702,33.299363322514026,17.0,15.4375,-0.01324462890625
"Q: À l'autre bout du spectre, l'un se transforme en un individu méconnaissable qui sent qu'il/elle doit changer tout ce que le groupe a créé jusqu'alors et faire les choses à sa manière.
A:","À l'autre bout du spectre, l'un se transforme en un individu méconnaissable qui sent qu'il/elle doit changer tout ce que le groupe a créé jusqu'alors et faire les choses à sa manière.","At the other end of the spectrum, one morphs into an unrecognizable individual that feels he or she must change everything the team has been doing and make it their own.","The other side of the spectrum, one turns into a person who is unaware of the other side of the spectrum who is unaware of the other side of the spectrum who is unaware of the other side of the spectrum who is unaware of the other side of the spectrum who is unaware of the other side of the spectrum who is unaware of the other side of the spectrum who is unaware of the other side of the spectrum who is unaware of the other side of the spectrum who is unaware of the other side of",4.991759914003661,20.79456762236372,eng_Latn," At the other end of the spectrum, one morphs into an unrecognizable individual that feels he or she must change everything the team has been doing and make it their own.",4.991759914003661,20.79456762236372,15.3125,20.0,-0.0244140625
"Q: Après tout, le chef est responsable en dernier ressort du succès et de l’échec de l’équipe.
A:","Après tout, le chef est responsable en dernier ressort du succès et de l’échec de l’équipe.","After all, the leader is ultimately responsible for the success and failure of the team.",The chef is responsible for the success and failure of the team.,51.32041331150371,63.56483741362915,eng_Latn," After all, the leader is ultimately responsible for the success and failure of the team.",51.32041331150371,63.56483741362915,5.75,8.1875,0.53515625
"Q: Ce comportement entraîne souvent des dissensions entre les dirigeants et le reste de l'équipe.
A:",Ce comportement entraîne souvent des dissensions entre les dirigeants et le reste de l'équipe.,This behavior oftentimes results in rifts between the leaders and the rest of the team.,The behavior that causes this often leads to disagreements among the leaders and the rest of the team.,38.09137041667079,56.359882532640135,eng_Latn, This behavior oftentimes results in rifts between the leaders and the rest of the team.,38.09137041667079,56.359882532640135,4.0,3.578125,0.94140625
"Q: Les équipes virtuelles sont soumises aux mêmes standards d'excellence que les équipes conventionnelles, mais il existe de subtiles différences.
A:","Les équipes virtuelles sont soumises aux mêmes standards d'excellence que les équipes conventionnelles, mais il existe de subtiles différences.","Virtual teams are held to the same standards of excellence as conventional teams, but there are subtle differences.","The teams virtualless are subject to the same standards of excellence as the teams conventionally, but there are subtle differences.",54.61382722602005,77.40326056596797,eng_Latn," Virtual teams are held to the same standards of excellence as conventional teams, but there are subtle differences.",54.61382722602005,77.40326056596797,8.5,8.625,0.8984375
"Q: Les membres d'une équipe virtuelle fonctionnent souvent comme point de contact de leur groupe physique immédiat.
A:",Les membres d'une équipe virtuelle fonctionnent souvent comme point de contact de leur groupe physique immédiat.,Virtual team members often function as the point of contact for their immediate physical group.,The members of a virtual team often communicate with each other on a daily basis.,3.5792807886387674,29.654986011265507,eng_Latn, Virtual team members often function as the point of contact for their immediate physical group.,3.5792807886387674,29.654986011265507,10.8125,8.4375,0.23828125
"Q: Ils ont souvent plus d'autonomie que les membres d'équipe traditionnels car leurs équipes peuvent se réunir en fonction de différent fuseaux horaires, ce qui peut ne pas être compris par leur direction locale.
A:","Ils ont souvent plus d'autonomie que les membres d'équipe traditionnels car leurs équipes peuvent se réunir en fonction de différent fuseaux horaires, ce qui peut ne pas être compris par leur direction locale.",They often have more autonomy than conventional team members as their teams may meet according to varying time zones which may not be understood by their local management.,They often have more autonomy than the traditional team members because their teams can meet in different times to avoid being understood by their local manager.,28.82517380202091,57.31934688872858,eng_Latn, They often have more autonomy than conventional team members as their teams may meet according to varying time zones which may not be understood by their local management.,28.82517380202091,57.31934688872858,7.90625,7.625,0.5
"Q: La présence d'une réelle « équipe invisible » (Larson et LaFasto, 1989, p109) est également un élément unique d'une équipe virtuelle.
A:","La présence d'une réelle « équipe invisible » (Larson et LaFasto, 1989, p109) est également un élément unique d'une équipe virtuelle.","The presence of a true “invisible team” (Larson and LaFasto, 1989, p109) is also a unique component of a virtual team.","The presence of a real ""invisible"" team (Larson and LaFasto, 1989, p109) is also an unique element of an online team.",54.292924360868994,66.32994548488898,eng_Latn," The presence of a true “invisible team” (Larson and LaFasto, 1989, p109) is also a unique component of a virtual team.",54.292924360868994,66.32994548488898,3.390625,2.875,0.87890625
"Q: L'« équipe invisible » est l'équipe de direction à laquelle chacun des membres rend ses comptes. Elle établit les standards pour chaque d'eux.
A:",L'« équipe invisible » est l'équipe de direction à laquelle chacun des membres rend ses comptes. Elle établit les standards pour chaque d'eux.,The “invisible team” is the management team to which each of the members report. The invisible team sets the standards for each member.,"The ""invisible team"" is the team of direction that each of them makes their own accounts. They establish the standards for each of them. They make their own accounts.",12.58273118584677,43.22058070044029,eng_Latn, The “invisible team” is the management team to which each of the members report. The invisible team sets the standards for each member.,12.58273118584677,43.22058070044029,14.875,14.25,0.35546875
"Q: Pourquoi une organisation voudrait-elle s’imposer le fastidieux processus de création d’une structure d’apprentissage ? L’un des objectifs liés à la mise en pratique de concepts organisationnels d’apprentissage est l’innovation.
A:",Pourquoi une organisation voudrait-elle s’imposer le fastidieux processus de création d’une structure d’apprentissage ? L’un des objectifs liés à la mise en pratique de concepts organisationnels d’apprentissage est l’innovation.,Why would an organization want to go through the time consuming process of establishing a learning organization? One goal for putting organizational learning concepts into practice is innovation.,What is the purpose of an organization to want to be imposed on the laborious process of creating an organizational structure of learning ? One of the objectives related to the implementation of organizational learning is innovation. The one that aims to be imposed on the process of learning is innovation.,5.6667484347191746,44.32783308324764,eng_Latn, Why would an organization want to go through the time consuming process of establishing a learning organization? One goal for putting organizational learning concepts into practice is innovation.,5.6667484347191746,44.32783308324764,12.3125,12.625,0.60546875
"Q: Lorsque toutes les ressources disponibles sont utilisées efficacement dans les services fonctionnels d'une organisation, la créativité et l'ingéniosité peuvent s'exprimer pleinement.
A:","Lorsque toutes les ressources disponibles sont utilisées efficacement dans les services fonctionnels d'une organisation, la créativité et l'ingéniosité peuvent s'exprimer pleinement.","When all available resources are effectively used across the functional departments of an organization, creativity and ingenuity can transpire.","When all the resources available are used effectively in the functional services of an organisation, creativity and innovation can be expressed fully.",22.450257041865328,56.94615639756785,eng_Latn," When all available resources are effectively used across the functional departments of an organization, creativity and ingenuity can transpire.",22.450257041865328,56.94615639756785,1.171875,1.8203125,1.0078125
"Q: Par conséquent, le processus d’une organisation travaillant ensemble pour surmonter un obstacle peut conduire à un nouveau processus innovant pour répondre au besoin du client.
A:","Par conséquent, le processus d’une organisation travaillant ensemble pour surmonter un obstacle peut conduire à un nouveau processus innovant pour répondre au besoin du client.","As a result, the process of an organization working together to overcome an obstacle can lead to a new innovative process to serve the customer's need.",The process of an organisation working together for overcoming an obstacle can lead to a new process that can lead to a new process for responding to the client.,29.0561315651451,55.71789691747264,eng_Latn," As a result, the process of an organization working together to overcome an obstacle can lead to a new innovative process to serve the customer's need.",29.0561315651451,55.71789691747264,6.65625,6.8125,0.1875
"Q: Avant qu'une organisation ne soit innovante, sa direction doit créer une culture de l'innovation, des connaissances partagées et sa propre culture de l'apprentissage.
A:","Avant qu'une organisation ne soit innovante, sa direction doit créer une culture de l'innovation, des connaissances partagées et sa propre culture de l'apprentissage.","Before an organization can be innovative, leadership must create a culture of innovation as well as shared knowledge and organizational learning.","The organization must create a culture of innovation, knowledge shared and a culture of learning.",23.70253370881386,48.09785208963884,eng_Latn," Before an organization can be innovative, leadership must create a culture of innovation as well as shared knowledge and organizational learning.",23.70253370881386,48.09785208963884,7.3125,8.0625,0.65234375
"Q: Angel (2006) présente l'approche Continuum comme une méthode employée pour aider les organisations à obtenir de meilleurs résultats.
A:",Angel (2006) présente l'approche Continuum comme une méthode employée pour aider les organisations à obtenir de meilleurs résultats.,"Angel (2006), explains the Continuum approach as a method being used to help organizations reach a higher level of performance.",Angel (2006) presents the Continuum as a method used to help organisations to improve their results.,13.729692301584043,44.62456892815352,eng_Latn," Angel (2006), explains the Continuum approach as a method being used to help organizations reach a higher level of performance.",13.729692301584043,44.62456892815352,4.71875,4.78125,0.65625
"Q: Les données neurobiologiques fournissent des preuves matérielles pour une approche théorique de l'étude de la cognition. Elles permettent donc de réduire le champ de recherche et de le rendre beaucoup plus précis.
A:",Les données neurobiologiques fournissent des preuves matérielles pour une approche théorique de l'étude de la cognition. Elles permettent donc de réduire le champ de recherche et de le rendre beaucoup plus précis.,Neurobiological data provide physical evidence for a theoretical approach to the investigation of cognition. Therefore it narrows the research area and makes it much more exact.,Les données neurobiologiques provide evidence that the neurobiologic approach to cognition can reduce the research and make it much more precise. They allow for a theoretical approach to cognition to reduce the research and make it much more precise.,17.478688832964668,50.56494715633716,eng_Latn, Neurobiological data provide physical evidence for a theoretical approach to the investigation of cognition. Therefore it narrows the research area and makes it much more exact.,17.478688832964668,50.56494715633716,17.375,17.75,0.060546875
"Q: La corrélation entre la pathologie du cerveau et le comportement soutient les scientifiques dans leurs recherches.
A:",La corrélation entre la pathologie du cerveau et le comportement soutient les scientifiques dans leurs recherches.,The correlation between brain pathology and behaviour supports scientists in their research.,The correlation between the pathology of the brain and behavior supports the scientists in their research.,36.327039079325615,77.16819485698261,eng_Latn, The correlation between brain pathology and behaviour supports scientists in their research.,36.327039079325615,77.16819485698261,2.125,1.3359375,1.0078125
"Q: On sait depuis longtemps que différents types de dommages, lésions, tumeurs et traumatismes cérébraux affectent le comportement et provoquent des changements dans certaines fonctions mentales.
A:","On sait depuis longtemps que différents types de dommages, lésions, tumeurs et traumatismes cérébraux affectent le comportement et provoquent des changements dans certaines fonctions mentales.","It has been known for a long time that different types of brain damage, traumas, lesions, and tumours affect behaviour and cause changes in some mental functions.","It is known that different types of damage, injuries, tumors, and traumas affectment of the brain and cause changes in certain mental functions.",20.248674540453784,55.32941216171654,eng_Latn," It has been known for a long time that different types of brain damage, traumas, lesions, and tumours affect behaviour and cause changes in some mental functions.",20.248674540453784,55.32941216171654,5.1875,5.3125,0.69140625
"Q: L'essor des nouvelles technologies nous permet de voir et d'étudier des structures et des processus cérébraux jamais vus auparavant.
A:",L'essor des nouvelles technologies nous permet de voir et d'étudier des structures et des processus cérébraux jamais vus auparavant.,The rise of new technologies allows us to see and investigate brain structures and processes never seen before.,The new technologies allow us to see and study structures and processes that have never been seen before.,24.99269830241887,63.73085475657485,eng_Latn, The rise of new technologies allows us to see and investigate brain structures and processes never seen before.,24.99269830241887,63.73085475657485,2.90625,2.265625,0.734375
"Q: Cela nous donne beaucoup d’informations et de matériel pour construire des modèles de simulation qui nous aident à comprendre les processus dans notre esprit.
A:",Cela nous donne beaucoup d’informations et de matériel pour construire des modèles de simulation qui nous aident à comprendre les processus dans notre esprit.,This provides us with a lot of information and material to build simulation models which help us to understand processes in our mind.,This gives us a lot of information and material to build models that help us understand the processes in our mind.,46.66491523276365,65.80191421468643,eng_Latn, This provides us with a lot of information and material to build simulation models which help us to understand processes in our mind.,46.66491523276365,65.80191421468643,1.8046875,1.2421875,0.93359375
"Q: Bien que l'Intelligence Artificielle soit souvent fortement connotée science-fiction, elle représente une part très importante des sciences informatiques qui étudient le comportement, l'apprentissage et l'adaptation intelligente d'une machine.
A:","Bien que l'Intelligence Artificielle soit souvent fortement connotée science-fiction, elle représente une part très importante des sciences informatiques qui étudient le comportement, l'apprentissage et l'adaptation intelligente d'une machine.","Although AI has a strong connotation of science fiction, AI forms a very important branch of computer science, dealing with behavior, learning and intelligent adaptation in a machine.","The Intelligence Artificially is often connoted with science-fiction, but it represents a significant part of the information technology that studies the behavior, learning and adaptation of intelligent machines.",10.20626309989127,40.873150079617034,eng_Latn," Although AI has a strong connotation of science fiction, AI forms a very important branch of computer science, dealing with behavior, learning and intelligent adaptation in a machine.",10.20626309989127,40.873150079617034,5.75,6.03125,0.67578125
"Q: La recherche en intelligence artificielle a pour objet l'automatisation par des machines de tâches requérant une approche intelligente.
A:",La recherche en intelligence artificielle a pour objet l'automatisation par des machines de tâches requérant une approche intelligente.,Research in AI involves making machines to automate tasks that require intelligent behavior.,The research in artificial intelligence is aimed at automating tasks requiring intelligent approaches.,3.211547431691929,34.21136639866409,eng_Latn, Research in AI involves making machines to automate tasks that require intelligent behavior.,3.211547431691929,34.21136639866409,1.4296875,2.125,0.9453125
"Q: Parmi les exemples figurent le contrôle, la planification et la programmation, la capacité à répondre aux diagnostics et aux questions des clients, ainsi que la reconnaissance de l'écriture, de la voix et du visage.
A:","Parmi les exemples figurent le contrôle, la planification et la programmation, la capacité à répondre aux diagnostics et aux questions des clients, ainsi que la reconnaissance de l'écriture, de la voix et du visage.","Examples include control, planning and scheduling, the ability to answer customer diagnoses and questions, as well as handwriting recognition, voice and face.","Among the examples, the control, planning and programming, the ability to respond to diagnostics and questions, the ability to respond to questions, the ability to respond to questions, the ability to respond to questions, the ability to respond to questions, the ability to respond to questions, the ability to respond to questions, the ability to respond to questions, the ability to respond to questions, the ability to respond to questions, the ability to respond to questions, the ability to respond to questions, the ability to",5.699868195488048,30.95241977067725,eng_Latn," Examples include control, planning and scheduling, the ability to answer customer diagnoses and questions, as well as handwriting recognition, voice and face.",5.699868195488048,30.95241977067725,14.625,13.3125,-0.03271484375
"Q: Ces pratiques ont conduit à des disciplines distinctes, axées sur l'apport des solutions aux problèmes de la vie quotidienne.
A:","Ces pratiques ont conduit à des disciplines distinctes, axées sur l'apport des solutions aux problèmes de la vie quotidienne.","Such things have become separate disciplines, which focus on providing solutions to real life problems.","These practices led to distinct disciplines, with different approaches to solving problems.",10.521495173810226,32.259512791985976,eng_Latn," Such things have become separate disciplines, which focus on providing solutions to real life problems.",10.521495173810226,32.259512791985976,4.03125,4.4375,0.6953125
"Q: Le système de l'IA est désormais souvent utilisé dans les domaines de l'économie, de la médecine, de l'ingénierie et de l'armée, comme il l'a été mis en plance dans plusieurs logiciels d'ordinateur domestique et de jeux vidéo.
A:","Le système de l'IA est désormais souvent utilisé dans les domaines de l'économie, de la médecine, de l'ingénierie et de l'armée, comme il l'a été mis en plance dans plusieurs logiciels d'ordinateur domestique et de jeux vidéo.","The AI ​​system is now often used in the fields of economics, medicine, engineering and the military, as has been built in several home computer and video game software applications.","The system of the IA is now often used in the economy, medicine, engineering, and military, as well as in the field of economics, medicine, engineering, and military, as well as in the field of economics, medicine, engineering, and military, as well as in the field of economics, medicine, engineering, and military, as well as in the field of economics, medicine, engineering, and military, as well as in the field of economics, medicine, engineering, and military,",11.493465845045048,38.8375149505379,eng_Latn," The AI ​​system is now often used in the fields of economics, medicine, engineering and the military, as has been built in several home computer and video game software applications.",11.493465845045048,38.8375149505379,14.4375,17.0,-0.0067138671875
"Q: Les excursions font partie intégrante de n'importe quelle classe d'école. Bien souvent, un enseignant aimerait emmener ses élèves dans des endroits où un voyage en bus n’est pas envisageable.
A:","Les excursions font partie intégrante de n'importe quelle classe d'école. Bien souvent, un enseignant aimerait emmener ses élèves dans des endroits où un voyage en bus n’est pas envisageable.",Field trips are a large part of any classroom. Quite often a teacher would love to take her students places to which a bus trip is not an option.,"The excursions are part of any school. Often, a teacher wants to take his students to places where a trip to a bus is not possible.",8.46871616854088,40.748190544972154,eng_Latn, Field trips are a large part of any classroom. Quite often a teacher would love to take her students places to which a bus trip is not an option.,8.46871616854088,40.748190544972154,10.75,9.8125,0.66796875
"Q: La solution est apportée par la technologie sous la forme de sorties éducatives virtuelles. Les élèves peuvent regarder les objets anciens d'un musée, visiter un aquarium, ou admirer une superbe œuvre d'art tout en restant assis avec leur classe.
A:","La solution est apportée par la technologie sous la forme de sorties éducatives virtuelles. Les élèves peuvent regarder les objets anciens d'un musée, visiter un aquarium, ou admirer une superbe œuvre d'art tout en restant assis avec leur classe.","Technology offers the solution with virtual field trips. Students can look at museum artifacts, visit an aquarium, or admire beautiful art while sitting with their class.","The solution is provided by the technology in the form of educational virtualless. Students can watch the objects from a museum, visit a aquarium, or admire a beautiful artwork on the spot.",17.5785239893402,46.698494302154955,eng_Latn," Technology offers the solution with virtual field trips. Students can look at museum artifacts, visit an aquarium, or admire beautiful art while sitting with their class.",17.5785239893402,46.698494302154955,12.375,11.9375,0.6171875
"Q: Participer pratiquement à une excursion est également un excellent moyen de réfléchir à un voyage et de partager ses expériences avec des générations futures.
A:",Participer pratiquement à une excursion est également un excellent moyen de réfléchir à un voyage et de partager ses expériences avec des générations futures.,Sharing a field trip virtually is also a great way to reflect a on a trip and share experiences with future classes.,Participating in a trip is also a good way to reflect on a trip and share your experiences with future generations.,27.85481825766967,57.55536640971314,eng_Latn, Sharing a field trip virtually is also a great way to reflect a on a trip and share experiences with future classes.,27.85481825766967,57.55536640971314,4.625,6.53125,0.7109375
"Q: Par exemple, des étudiants de l'école Bennet en Caroline du Nord conçoivent chaque année un site web consacré à leur visite de la capitale de l'État. Chaque année, le site est remis à jour, mais les anciennes versions sont conservées en ligne pour servir d'album.
A:","Par exemple, des étudiants de l'école Bennet en Caroline du Nord conçoivent chaque année un site web consacré à leur visite de la capitale de l'État. Chaque année, le site est remis à jour, mais les anciennes versions sont conservées en ligne pour servir d'album.","For example, each year students from Bennet School in North Carolina design a website about their trip to the State Capital, each year the website gets remodeled, but old versions are kept online to serve as a scrapbook.","Par exemple, students at Bennet College in Caroline du Nord have a website every year, but the old versions are kept on the internet, but the old versions are kept on the internet for the next year. The old versions are kept on the internet, but the old versions are kept on the internet for the next year.",6.120364949721404,33.9617725270616,eng_Latn," For example, each year students from Bennet School in North Carolina design a website about their trip to the State Capital, each year the website gets remodeled, but old versions are kept online to serve as a scrapbook.",6.120364949721404,33.9617725270616,20.875,20.875,-0.007080078125
"Q: Les blogues peuvent également aider les étudiants à améliorer leurs compétences en rédaction. Même si les étudiants tentent souvent l'expérience du blogue avec une grammaire et une orthographe négligées, le fait d'avoir un public fait généralement évoluer la situation.
A:","Les blogues peuvent également aider les étudiants à améliorer leurs compétences en rédaction. Même si les étudiants tentent souvent l'expérience du blogue avec une grammaire et une orthographe négligées, le fait d'avoir un public fait généralement évoluer la situation.","Blogs can also help improve student writing. While students often begin their blog experience with sloppy grammar and spelling, the presence of an audience generally changes that.","Les blogs can also help students improve their writing skills. Even if students often try to write the blog, they often try to write the blog with a grammar and an orthography that are often overlooked, the fact that having a public can also help students improve their writing skills.",5.586627116411681,39.9635923485541,eng_Latn," Blogs can also help improve student writing. While students often begin their blog experience with sloppy grammar and spelling, the presence of an audience generally changes that.",5.586627116411681,39.9635923485541,12.75,13.5625,0.466796875
"Q: Comme les étudiants sont souvent le public le plus critique, l'auteur du blog commence à s'efforcer d'améliorer son écriture pour éviter les critiques.
A:","Comme les étudiants sont souvent le public le plus critique, l'auteur du blog commence à s'efforcer d'améliorer son écriture pour éviter les critiques.","Since students are often the most critical audience, the blog writer begins to strive to improve writing to avoid criticism.","The students are often the most critical audience, the author of the blog begins to try to improve his writing to avoid criticism.",54.51087893190222,77.19248336729898,eng_Latn," Since students are often the most critical audience, the blog writer begins to strive to improve writing to avoid criticism.",54.51087893190222,77.19248336729898,2.609375,1.4921875,0.89453125
"Q: De plus, le fait de bloguer « oblige les étudiants à mieux connaître le monde qui les entoure ». Le besoin de susciter l'intérêt du public incite les étudiants à être intelligents et intéressants (Toto, 2004).
A:","De plus, le fait de bloguer « oblige les étudiants à mieux connaître le monde qui les entoure ». Le besoin de susciter l'intérêt du public incite les étudiants à être intelligents et intéressants (Toto, 2004).","Also blogging ""forces students to become more savvy about the world around them."" The need to feed the interest of the audience inspires students to be clever and interesting (Toto, 2004).","The more students are interested in being educated, the more they are interested in being educated (Toto, 2004).",10.681742959441669,27.511236893946993,eng_Latn," Also blogging ""forces students to become more savvy about the world around them."" The need to feed the interest of the audience inspires students to be clever and interesting (Toto, 2004).",10.681742959441669,27.511236893946993,22.75,21.875,0.02099609375
"Q: Les blogs sont un outil qui stimule la collaboration et encourage les élèves à prolonger leur apprentissage bien au-delà de la journée scolaire traditionnelle.
A:",Les blogs sont un outil qui stimule la collaboration et encourage les élèves à prolonger leur apprentissage bien au-delà de la journée scolaire traditionnelle.,"Blogging is a tool that inspires collaboration, and encourages students to extend learning well beyond the traditional school day.",Blogs are a tool that encourages collaboration and encourages students to extend their learning beyond the traditional school.,40.00941850740779,68.45035662098624,eng_Latn," Blogging is a tool that inspires collaboration, and encourages students to extend learning well beyond the traditional school day.",40.00941850740779,68.45035662098624,2.40625,4.21875,0.65234375
"Q: ""Lorsqu'on en fait bon usage, les blogs """"peuvent permettre aux étudiants de renforcer leurs capacités d'analyse et leur esprit critique : en réagissant activement aux contenus en ligne, ils peuvent confronter leur avis à celui des autres et exposer leurs propres points de vue sur des sujets bien précis"""" (Oravec, 2002).""
A:","""Lorsqu'on en fait bon usage, les blogs """"peuvent permettre aux étudiants de renforcer leurs capacités d'analyse et leur esprit critique : en réagissant activement aux contenus en ligne, ils peuvent confronter leur avis à celui des autres et exposer leurs propres points de vue sur des sujets bien précis"""" (Oravec, 2002).""","Appropriate use of blogs ""can empower students to become more analytical and critical; through actively responding to Internet materials, students can define their positions in the context of others' writings as well as outline their own perspectives on particular issues (Oravec, 2002).","""When you make use of the blogs, the blogs can allow you to strengthen your analytical skills and your critical thinking: when you react actively, you can confront your own views and expose your own points of view: when you react actively, you can confront your own views and expose your own points of view: when you react actively, you can confront your own views and expose your own points of view: when you react actively, you can confront your own views and expose your own points of view:",1.4782063827316831,24.22371389552299,eng_Latn," Appropriate use of blogs ""can empower students to become more analytical and critical; through actively responding to Internet materials, students can define their positions in the context of others' writings as well as outline their own perspectives on particular issues (Oravec, 2002).",1.4782063827316831,24.22371389552299,24.125,20.875,-0.047119140625
"Q: Ottawa est la charmante capitale bilingue du Canada et dispose d'un grand nombre de galeries d'art et de musées qui mettent en valeur le passé et le présent du Canada.
A:",Ottawa est la charmante capitale bilingue du Canada et dispose d'un grand nombre de galeries d'art et de musées qui mettent en valeur le passé et le présent du Canada.,"Ottawa is Canada's charming, bilingual capital and features an array of art galleries and museums that showcase Canada's past and present.",Ottawa is the charming capital of Canada and has a large number of galleries and museums that showcase the past and present of Canada and the present of Canada.,30.277029197532105,55.450458117214154,eng_Latn," Ottawa is Canada's charming, bilingual capital and features an array of art galleries and museums that showcase Canada's past and present.",30.277029197532105,55.450458117214154,7.71875,7.4375,0.259765625
"Q: Vous trouverez plus au sud les chutes du Niagara et au nord, la région de Muskoka et ses environs qui possèdent une beauté naturelle vierge.
A:","Vous trouverez plus au sud les chutes du Niagara et au nord, la région de Muskoka et ses environs qui possèdent une beauté naturelle vierge.",Farther south is Niagara Falls and the north is home to the untapped natural beauty of the Muskoka and beyond.,"You can find more in the south, the Niagara falls and the Muskoka region have a natural beauty that is beautiful.",10.171743461694824,41.73280680562771,eng_Latn, Farther south is Niagara Falls and the north is home to the untapped natural beauty of the Muskoka and beyond.,10.171743461694824,41.73280680562771,10.75,11.5625,0.349609375
"Q: Toutes ces mesures, et bien d'autres encore, font de l'Ontario ce que les étrangers considèrent comme la quintessence du Canada.
A:","Toutes ces mesures, et bien d'autres encore, font de l'Ontario ce que les étrangers considèrent comme la quintessence du Canada.",All these things and more highlight Ontario as what is considered quintessentially Canadian by outsiders.,"These measures, and many others, are what Canada considers to be the quintessence of Canada.",7.593245801656752,26.602945392637523,eng_Latn, All these things and more highlight Ontario as what is considered quintessentially Canadian by outsiders.,7.593245801656752,26.602945392637523,13.9375,12.8125,0.419921875
"Q: De grandes zones plus au nord sont assez peu peuplées et certaines sont presque inhabitées à l'état sauvage.
A:",De grandes zones plus au nord sont assez peu peuplées et certaines sont presque inhabitées à l'état sauvage.,Large areas further north are quite sparsely populated and some is nearly uninhabited wilderness.,The large zones plus north are quite sparsely populated and some are almost uninhabited in the state.,48.74671560842625,59.16821796421844,eng_Latn, Large areas further north are quite sparsely populated and some is nearly uninhabited wilderness.,48.74671560842625,59.16821796421844,5.53125,5.6875,0.62890625
"Q: Pour une comparaison de la population qui en surprend plus d'un : Il y a plus d'Afro-Américains vivant aux États-Unis que de citoyens canadiens.
A:",Pour une comparaison de la population qui en surprend plus d'un : Il y a plus d'Afro-Américains vivant aux États-Unis que de citoyens canadiens.,For a comparison of population that surprises many: There are more African Americans living in the US than there are Canadian citizens.,The population that is surprised more than one is: It is more than one: The population that is surprised more than one is: It is more than one: The population that is surprised more than one is: It is more than one: The population that is surprised more than one is: It is more than one: The population that is surprised more than one is: It is more than one: The population that is surprised more than one is: It is more than one: The population that is,0.9027380604673038,18.940827207556584,eng_Latn, For a comparison of population that surprises many: There are more African Americans living in the US than there are Canadian citizens.,0.9027380604673038,18.940827207556584,23.875,25.0,-0.0625
"Q: Les îles de l'Afrique de l'Est se situent dans l'océan Indien, au large de la côte est africaine.
A:","Les îles de l'Afrique de l'Est se situent dans l'océan Indien, au large de la côte est africaine.",The East African Islands are in the Indian Ocean off the eastern coast of Africa.,"The islands of the African continent are located in the Indian Ocean, in the east of Africa.",19.4086232706272,56.63557306106599,eng_Latn, The East African Islands are in the Indian Ocean off the eastern coast of Africa.,19.4086232706272,56.63557306106599,6.59375,8.3125,0.44921875
"Q: Madagascar est de loin le plus grand pays, et même un continent à lui tout seul, s'agissant de faune.
A:","Madagascar est de loin le plus grand pays, et même un continent à lui tout seul, s'agissant de faune.","Madagascar is by far the biggest, and a continent on its own when it comes to wildlife.","Madagascar is the largest country, and even a continent, with its own fauna, and even a continent, in terms of fauna, it is the largest country, and even a continent, with its own fauna, and even a continent, with its own fauna, it is the largest country, and even a continent, with its own fauna, and even a continent, with its own fauna, it is the largest country, and even a continent, with its own fauna, and even a continent, with",1.5182183979200936,24.126750252899797,eng_Latn," Madagascar is by far the biggest, and a continent on its own when it comes to wildlife.",1.5182183979200936,24.126750252899797,23.75,23.75,0.0006103515625
"Q: La plupart des petites îles sont des nations indépendantes, ou associées à la France, et sont connues pour être des stations balnéaires de luxe.
A:","La plupart des petites îles sont des nations indépendantes, ou associées à la France, et sont connues pour être des stations balnéaires de luxe.","Most of the smaller islands are independent nations, or associated with France, and known as luxury beach resorts.","Most of the small islands are independent nations, or associated with France, and are known for being luxury resorts.",58.798374010174506,78.99664925157145,eng_Latn," Most of the smaller islands are independent nations, or associated with France, and known as luxury beach resorts.",58.798374010174506,78.99664925157145,1.703125,1.4375,0.98046875
"Q: Les Arabes ont également apporté la pratique de l'Islam dans les terres et cette religion s'est largement répandue aux Comores et à Mayotte.
A:",Les Arabes ont également apporté la pratique de l'Islam dans les terres et cette religion s'est largement répandue aux Comores et à Mayotte.,"The Arabs also brought Islam to the lands, and it took in a big way in the Comoros and Mayotte.",The Arabs also brought Islam to the islands and this religion spread widely to the Comores and Mayotte.,40.26617981948599,59.15074106740216,eng_Latn," The Arabs also brought Islam to the lands, and it took in a big way in the Comoros and Mayotte.",40.26617981948599,59.15074106740216,2.484375,3.296875,0.95703125
"Q: L'influence européenne et le colonialisme ont débuté au XVe siècle, à l’époque où l'explorateur portugais Vasco de Gama découvrit la route du Cap qui relie l'Europe à L'Inde.
A:","L'influence européenne et le colonialisme ont débuté au XVe siècle, à l’époque où l'explorateur portugais Vasco de Gama découvrit la route du Cap qui relie l'Europe à L'Inde.","European influence and colonialism began in the 15th century, as Portuguese explorer Vasco da Gama found the Cape Route from Europe to India.","The influence of European and colonial powers began in the XVth century, at the time when Portuguese explorer Vasco de Gama discovered the route of the Cape that connects Europe to India.",26.180261655715928,61.12858271016965,eng_Latn," European influence and colonialism began in the 15th century, as Portuguese explorer Vasco da Gama found the Cape Route from Europe to India.",26.180261655715928,61.12858271016965,2.515625,2.53125,0.92578125
"Q: Au nord, la région est délimitée par le Sahel, et au sud et à l'ouest par l'océan Atlantique.
A:","Au nord, la région est délimitée par le Sahel, et au sud et à l'ouest par l'océan Atlantique.","In the north the region is bounded by the Sahel, and in the south and west by the Atlantic Ocean.","The region is divided by the Sahel, and the south and the west by the ocean, and the north and the west by the ocean.",31.387950392819207,60.234561480685514,eng_Latn," In the north the region is bounded by the Sahel, and in the south and west by the Atlantic Ocean.",31.387950392819207,60.234561480685514,11.4375,10.5,0.33203125
"Q: Aux femmes : Il est recommandé à toute femme qui voyage de dire qu’elle est mariée, quel que soit son état civil.
A:","Aux femmes : Il est recommandé à toute femme qui voyage de dire qu’elle est mariée, quel que soit son état civil.","Women: It is recommended that any women travellers say that they are married, regardless of actual marital status.","It is recommended to all women who travel to say that they are married, what is the advice to all women who travel to say that they are married, what is the advice to all women who travel to say that they are married, what is the advice to all women who travel to say that they are married, what is the advice to all women who travel to say that they are married, what is the advice to all women who travel to say that they are married, what is the advice to",6.049011151496248,31.29445366801046,eng_Latn," Women: It is recommended that any women travellers say that they are married, regardless of actual marital status.",6.049011151496248,31.29445366801046,23.25,23.125,-0.0322265625
"Q: Il est également conseillé de porter une alliance (qui ne doit pas sembler trop précieuse.
A:",Il est également conseillé de porter une alliance (qui ne doit pas sembler trop précieuse.,It is helpful to also wear a ring (just not one that looks too expensive.,It is also recommended to wear an alliance (which is not too precious.,6.281224944003696,25.056473266191727,eng_Latn, It is helpful to also wear a ring (just not one that looks too expensive.,6.281224944003696,25.056473266191727,6.0,8.5,0.94921875
"Q: Les femmes doivent réaliser que certaines différences culturelles peuvent entraîner des comportements qu'elles considèrent comme du harcèlement. Il est en effet courant qu'elles soient suivies, attrapées par le bras, etc.
A:","Les femmes doivent réaliser que certaines différences culturelles peuvent entraîner des comportements qu'elles considèrent comme du harcèlement. Il est en effet courant qu'elles soient suivies, attrapées par le bras, etc.","Women should realize that cultural differences may result in what they would consider harassment and it is not uncommon to be followed, grabbed by the arm, etc.","Les femmes must realize that certain differences between cultures can lead to behaviors that they consider to be harassment, they are often followed, caught by the arm, etc.",20.923281949047787,46.955947665442025,eng_Latn," Women should realize that cultural differences may result in what they would consider harassment and it is not uncommon to be followed, grabbed by the arm, etc.",20.923281949047787,46.955947665442025,9.4375,10.3125,0.287109375
"Q: Soyez ferme dans le refus des avances hommes, et n'ayez pas peur de tenir bon (différences culturelles ou non, ça ne veut pas dire que c'est acceptable !)
A:","Soyez ferme dans le refus des avances hommes, et n'ayez pas peur de tenir bon (différences culturelles ou non, ça ne veut pas dire que c'est acceptable !)","Be firm in turning down men, and don't be afraid to stand your ground (cultural differences or not, it doesn't make it ok!).","You are not allowed to refuse the advances of men, and you are not afraid to stand firm (differences cultural or non, it does not mean that it is acceptable that it is acceptable!)",6.844440314233808,42.048441333352216,eng_Latn," Be firm in turning down men, and don't be afraid to stand your ground (cultural differences or not, it doesn't make it ok!).",6.844440314233808,42.048441333352216,15.5625,15.25,0.1494140625
"Q: La ville moderne de Casablanca a été fondée par des pécheurs berbères au Xe siècle avant notre ère, et a été utilisée par les Phéniciens, les Romains et les Mérinides en tant que port stratégique appelé Anfa.
A:","La ville moderne de Casablanca a été fondée par des pécheurs berbères au Xe siècle avant notre ère, et a été utilisée par les Phéniciens, les Romains et les Mérinides en tant que port stratégique appelé Anfa.","The modern city of Casablanca was founded by Berber fishermen in the 10th century BCE, and was used by the Phoenicians, Romans, and the Merenids as a strategic port called Anfa.","The modern city of Casablanca was founded by the Berber tribes in the 11th century, and was used by the Phoenicians, the Romans and the Moors in the 11th century, and was used by the Phoenicians, the Romans and the Moors in the 11th century, and was used by the Phoenicians, the Romans and the Moors in the 11th century, and was used by the Phoenicians, the Romans and the Moors in the 11",20.563099947954118,49.97114448884368,eng_Latn," The modern city of Casablanca was founded by Berber fishermen in the 10th century BCE, and was used by the Phoenicians, Romans, and the Merenids as a strategic port called Anfa.",20.563099947954118,49.97114448884368,20.625,19.875,-0.000335693359375
"Q: Les Portugais, qui après l'avoir détruite l'avaient reconstruite et baptisée Casa Branca, l'ont finalement abandonnée en 1755 après un tremblement de terre.
A:","Les Portugais, qui après l'avoir détruite l'avaient reconstruite et baptisée Casa Branca, l'ont finalement abandonnée en 1755 après un tremblement de terre.","The Portuguese destroyed it and rebuilt it under the name Casa Branca, only to abandon it after an earthquake in 1755.","The Portuguese, who after the Portuguese, who had destroyed the Portuguese, they were finally abandoned in 1755 after a quake.",6.244385951234724,36.67067361699978,eng_Latn," The Portuguese destroyed it and rebuilt it under the name Casa Branca, only to abandon it after an earthquake in 1755.",6.244385951234724,36.67067361699978,14.9375,14.0,-0.032470703125
"Q: Le sultan marocain a reconstruit la ville sous le nom de Daru l-Badya, et elle a été rebaptisée Casablanca par les commerçants espagnols qui y ont établi des comptoirs de négoce.
A:","Le sultan marocain a reconstruit la ville sous le nom de Daru l-Badya, et elle a été rebaptisée Casablanca par les commerçants espagnols qui y ont établi des comptoirs de négoce.",The Moroccan sultan rebuilt the city as Daru l-Badya and it was given the name Casablanca by Spanish traders who established trading bases there.,"The sultan of Morocco rebuilt the city under the name of Daru l-Badya, and it was renamed Casablanca by the Spanish merchants who had established a store in the city.",30.585694813800373,54.431939482655636,eng_Latn, The Moroccan sultan rebuilt the city as Daru l-Badya and it was given the name Casablanca by Spanish traders who established trading bases there.,30.585694813800373,54.431939482655636,2.5625,3.015625,0.91796875
"Q: Casablanca est l’un des endroits les moins intéressants de tout le Maroc pour faire des achats.
A:",Casablanca est l’un des endroits les moins intéressants de tout le Maroc pour faire des achats.,Casablanca is one of the least interesting places to shop in all of Morocco.,Casablanca is the least interesting place in all the Morocco to make a purchase.,24.797984721910183,59.97636463459273,eng_Latn, Casablanca is one of the least interesting places to shop in all of Morocco.,24.797984721910183,59.97636463459273,2.75,3.234375,0.91796875
"Q: Aux alentours de la vieille médina, on peut facilement trouver des endroits où acheter des produits marocains traditionnels, comme des tajines, des poteries, des articles de maroquinerie, des narguilés et des bibelots de toutes sortes, mais c'est tout pour les touristes.
A:","Aux alentours de la vieille médina, on peut facilement trouver des endroits où acheter des produits marocains traditionnels, comme des tajines, des poteries, des articles de maroquinerie, des narguilés et des bibelots de toutes sortes, mais c'est tout pour les touristes.","Around the old Medina it's easy to find places selling traditional Moroccan goods, such as tagines, pottery, leather goods, hookahs, and a whole spectrum of geegaws, but it's all for the tourists.","The nearby old Medina, you can easily find places where you can buy Moroccan products, like tajines, pots, jewelry, and bibelots, but it's all for tourists.",17.546301876655352,37.27034739240577,eng_Latn," Around the old Medina it's easy to find places selling traditional Moroccan goods, such as tagines, pottery, leather goods, hookahs, and a whole spectrum of geegaws, but it's all for the tourists.",17.546301876655352,37.27034739240577,6.46875,6.96875,0.5390625
"Q: Goma est une ville touristique située à l'extrême est de la République Démocratique du Congo, près du Rwanda.
A:","Goma est une ville touristique située à l'extrême est de la République Démocratique du Congo, près du Rwanda.",Goma is a tourist city of the Democratic Republic of Congo in the extreme east near Rwanda.,"Goma is a touristy city located in the Congo, near the Rwandan border.",22.449758011137348,38.06253017075857,eng_Latn, Goma is a tourist city of the Democratic Republic of Congo in the extreme east near Rwanda.,22.449758011137348,38.06253017075857,4.5625,5.0,0.4609375
"Q: En 2002, Goma a été détruite par la lave du volcan Nyiragongo qui a enseveli la plupart des rues de la ville, en particulier le centre-ville.
A:","En 2002, Goma a été détruite par la lave du volcan Nyiragongo qui a enseveli la plupart des rues de la ville, en particulier le centre-ville.","In 2002 Goma was destroyed by lava from the Nyiragongo volcano which buried most of the town’s streets, particularly the town centre.","In 2002, Goma was destroyed by the volcano of Nyiragongo which was buried by the lava of Nyiragongo which was buried by the lava of Nyiragongo.",18.960980258252032,42.98487509153253,eng_Latn," In 2002 Goma was destroyed by lava from the Nyiragongo volcano which buried most of the town’s streets, particularly the town centre.",18.960980258252032,42.98487509153253,12.5625,11.4375,0.010986328125
"Q: Bien que Goma soit raisonnablement sûre, toute visite à l'extérieur de Goma doit faire l'objet de recherches pour comprendre l'état des combats qui persistent dans la province du Nord-Kivu.
A:","Bien que Goma soit raisonnablement sûre, toute visite à l'extérieur de Goma doit faire l'objet de recherches pour comprendre l'état des combats qui persistent dans la province du Nord-Kivu.","While Goma is reasonably safe, any visits outside of Goma should be researched to understand the state of the fighting that persists in the North Kivu province.","Goma is reasonable, but it is worth considering that Goma is a reasonable place, but it is worth considering that Goma is a reasonable place.",5.237413212051446,24.609640721954314,eng_Latn," While Goma is reasonably safe, any visits outside of Goma should be researched to understand the state of the fighting that persists in the North Kivu province.",5.237413212051446,24.609640721954314,23.0,22.125,0.0028228759765625
"Q: La ville est également le point de départ pour l'ascension du volcan Nyiragongo ainsi que pour des treks de pistage des gorilles des montagnes parmi les moins chers d'Afrique.
A:",La ville est également le point de départ pour l'ascension du volcan Nyiragongo ainsi que pour des treks de pistage des gorilles des montagnes parmi les moins chers d'Afrique.,The city is also the base to climb the Nyiragongo volcano along with some of the cheapest Mountain Gorilla tracking in Africa.,The city is also the starting point for climbing the volcano Nyiragongo and for treks of the mountains among the less expensive of Africa.,23.314564842002405,45.01544650279109,eng_Latn, The city is also the base to climb the Nyiragongo volcano along with some of the cheapest Mountain Gorilla tracking in Africa.,23.314564842002405,45.01544650279109,6.5625,6.65625,0.6328125
"Q: Vous pouvez utiliser des boda-boda (moto taxi) pour vous déplacer dans Goma. Le prix normal (local) est d’environ 500 francs congolais pour une petite course.
A:",Vous pouvez utiliser des boda-boda (moto taxi) pour vous déplacer dans Goma. Le prix normal (local) est d’environ 500 francs congolais pour une petite course.,You can use boda-boda (motorcycle taxi) to get around Goma. The normal (local) price is ~500 Congolese Francs for the short ride.,You can use boda-boda (moto taxi) to travel in Goma. The normal price (local) is about 500 francs Congolese for a small course. The normal price (local) is about 500 francs Congolese for a small course.,25.011347966399054,50.71942192906096,eng_Latn, You can use boda-boda (motorcycle taxi) to get around Goma. The normal (local) price is ~500 Congolese Francs for the short ride.,25.011347966399054,50.71942192906096,22.25,21.625,0.01416015625
"Q: Combiné à sa relative inaccessibilité, « Tombouctou » est devenu une métaphore pour les pays lointains et exotiques.
A:","Combiné à sa relative inaccessibilité, « Tombouctou » est devenu une métaphore pour les pays lointains et exotiques.","Combined with its relative inaccessibility, ""Timbuktu"" has come to be used as a metaphor for exotic, distant lands.",Tombouctou is a metaphor for the faraway and exotic countries and cultures.,13.508816509999095,23.891651218668407,eng_Latn," Combined with its relative inaccessibility, ""Timbuktu"" has come to be used as a metaphor for exotic, distant lands.",13.508816509999095,23.891651218668407,7.34375,6.9375,0.515625
"Q: Aujourd’hui, Tombouctou est une ville pauvre, bien que sa réputation en fasse une attraction touristique, et elle dispose d’un aéroport.
A:","Aujourd’hui, Tombouctou est une ville pauvre, bien que sa réputation en fasse une attraction touristique, et elle dispose d’un aéroport.","Today, Timbuktu is an impoverished town, although its reputation makes it a tourist attraction, and it has an airport.","Tombouctou is a poor city, but it has a reputation for being poor, and it has an airport.",23.30968333250771,37.160538968351446,eng_Latn," Today, Timbuktu is an impoverished town, although its reputation makes it a tourist attraction, and it has an airport.",23.30968333250771,37.160538968351446,10.6875,8.4375,0.60546875
"Q: En 1990, il a été ajouté à la liste des sites du patrimoine mondial en danger, en raison de la menace des sables du désert.
A:","En 1990, il a été ajouté à la liste des sites du patrimoine mondial en danger, en raison de la menace des sables du désert.","In 1990, it was added to the list of world heritage sites in danger, due to the threat of desert sands.","In 1990, the list of sites of the world heritage site was added to the list of sites of the world heritage site in 1990 due to the threat of sand from the desert.",28.23919656840293,63.534866443396474,eng_Latn," In 1990, it was added to the list of world heritage sites in danger, due to the threat of desert sands.",28.23919656840293,63.534866443396474,9.5,8.4375,0.07568359375
"Q: C'était l'une des principales étapes de l'émission « Wonders of the African World » de Henry Louis Gates sur le PBS.
A:",C'était l'une des principales étapes de l'émission « Wonders of the African World » de Henry Louis Gates sur le PBS.,It was one of the major stops during Henry Louis Gates' PBS special Wonders of the African World.,The main stage of the show was the main stage of the show.,4.35162177001629,18.40800337263604,eng_Latn, It was one of the major stops during Henry Louis Gates' PBS special Wonders of the African World.,4.35162177001629,18.40800337263604,20.875,19.25,-0.01263427734375
"Q: La ville contraste fortement avec les cités du reste du pays, car elle possède un style davantage arabe qu'africain.
A:","La ville contraste fortement avec les cités du reste du pays, car elle possède un style davantage arabe qu'africain.","The city is in stark contrast to the rest of the country's cities, because it has more of an Arabic flair than of an African.","The city contrasts strongly with the rest of the country, because it has a more Arab style than the rest of the country, because it has a more Arab style than the rest of the country.",16.764951224931988,43.18726319197203,eng_Latn," The city is in stark contrast to the rest of the country's cities, because it has more of an Arabic flair than of an African.",16.764951224931988,43.18726319197203,12.75,12.3125,0.0177001953125
"Q: Le Kruger National Park (KNP) se situe au nord-est de l'Afrique du Sud et longe la frontière du Mozambique à l'est, du Zimbabwe au nord et la frontière sud est la rivière Crocodile.
A:","Le Kruger National Park (KNP) se situe au nord-est de l'Afrique du Sud et longe la frontière du Mozambique à l'est, du Zimbabwe au nord et la frontière sud est la rivière Crocodile.","The Kruger National Park (KNP) lies in the north-east of South Africa and runs along the border of Mozambique in the east, Zimbabwe in the north, and the southern border is the Crocodile River.",The Kruger National Park (KNP) is located in the north-east of South Africa and the border is the Crocodile River.,45.63471329215019,56.10721197050936,eng_Latn," The Kruger National Park (KNP) lies in the north-east of South Africa and runs along the border of Mozambique in the east, Zimbabwe in the north, and the southern border is the Crocodile River.",45.63471329215019,56.10721197050936,14.4375,10.8125,0.6640625
"Q: La surface totale du parc est de 19 500 km², celle-ci est divisée en 14 écozones, abritant chacune une faune spécifique.
A:","La surface totale du parc est de 19 500 km², celle-ci est divisée en 14 écozones, abritant chacune une faune spécifique.","The park covers 19,500 km² and is divided in 14 different ecozones, each supporting different wildlife.","The surface total of the park is 19,500 km², this is divided into 14 ecozones, each of which is a specific faunal species.",19.965747160974658,40.954849168791725,eng_Latn," The park covers 19,500 km² and is divided in 14 different ecozones, each supporting different wildlife.",19.965747160974658,40.954849168791725,6.3125,6.09375,0.65625
"Q: Il s'agit de l'un des parcs d'attraction les plus connus en Afrique du Sud et considéré comme le fleuron des parcs Nationaux sud-africains (SANParks).
A:",Il s'agit de l'un des parcs d'attraction les plus connus en Afrique du Sud et considéré comme le fleuron des parcs Nationaux sud-africains (SANParks).,It is one of the main attractions of South Africa and it is considered the flagship of South African National Parks (SANParks).,The park is one of the most famous parks in South Africa and considered to be one of the most famous parks in South Africa.,13.141012559801277,42.63174313407328,eng_Latn, It is one of the main attractions of South Africa and it is considered the flagship of South African National Parks (SANParks).,13.141012559801277,42.63174313407328,8.3125,8.375,0.5
"Q: Comme pour tous les parcs nationaux sud-africains, il existe des droits d’entrée et de conservation quotidiens pour le parc.
A:","Comme pour tous les parcs nationaux sud-africains, il existe des droits d’entrée et de conservation quotidiens pour le parc.","As with all South African National Parks, there are daily conservation and entry fees for the park.",The park has its own entry and conservation rights.,3.974393419452865,23.569117727913262,eng_Latn," As with all South African National Parks, there are daily conservation and entry fees for the park.",3.974393419452865,23.569117727913262,15.0,15.5625,0.001800537109375
"Q: Il peut être avantageux de se procurer une Wild Card qui donne accès à certains parcs d'Afrique du Sud, ainsi qu’à tous les parcs nationaux sud-africains.
A:","Il peut être avantageux de se procurer une Wild Card qui donne accès à certains parcs d'Afrique du Sud, ainsi qu’à tous les parcs nationaux sud-africains.","It may also be beneficial for one to buy a Wild Card, which provides entry to either selections of parks in South Africa or all of the South African National Parks.","It can be advantageous to obtain a Wild Card which gives you access to some of the African countries, such as the South African National Parks, as well as all of the national parks in South Africa.",26.239247647229288,49.47403676239004,eng_Latn," It may also be beneficial for one to buy a Wild Card, which provides entry to either selections of parks in South Africa or all of the South African National Parks.",26.239247647229288,49.47403676239004,5.71875,7.375,0.63671875
"Q: L'île de Hong Kong donne son nom au territoire de Hong Kong et représente le principal centre d'intérêt pour de nombreux touristes.
A:",L'île de Hong Kong donne son nom au territoire de Hong Kong et représente le principal centre d'intérêt pour de nombreux touristes.,Hong Kong Island gives the territory of Hong Kong its name and is the place that many tourists regard as the main focus.,Hong Kong is a territory in Hong Kong and represents the principal centre of interest for many tourists.,9.587419477216024,39.18785278293441,eng_Latn, Hong Kong Island gives the territory of Hong Kong its name and is the place that many tourists regard as the main focus.,9.587419477216024,39.18785278293441,9.875,8.75,0.625
"Q: La rangée d'immeubles qui dessine l'horizon de Hong Kong a été comparée à un graphique à barres scintillant, qui se révèle par réflexion dans les eaux du port de Victoria.
A:","La rangée d'immeubles qui dessine l'horizon de Hong Kong a été comparée à un graphique à barres scintillant, qui se révèle par réflexion dans les eaux du port de Victoria.",The parade of buildings that make the Hong Kong skyline has been likened to a glittering bar chart that is made apparent by the presence of the waters of Victoria Harbour.,"The skyline of Hong Kong has been compared to a bar graph that shows a rainbow, which reveals itself in the waters of Victoria.",10.217523203893485,36.39252717047344,eng_Latn, The parade of buildings that make the Hong Kong skyline has been likened to a glittering bar chart that is made apparent by the presence of the waters of Victoria Harbour.,10.217523203893485,36.39252717047344,9.0625,11.5625,0.79296875
"Q: Pour admirer les plus beaux panoramas de Hong Kong, quittez l’île et rejoignez le front de mer de Kowloon situé en face.
A:","Pour admirer les plus beaux panoramas de Hong Kong, quittez l’île et rejoignez le front de mer de Kowloon situé en face.","To get the best views of Hong Kong, leave the island and head for the Kowloon waterfront opposite.","If you want to admire the most beautiful views of Hong Kong, leave Hong Kong and head to the Kowloon Bay, located in the distance.",28.381756881487178,47.861874219527714,eng_Latn," To get the best views of Hong Kong, leave the island and head for the Kowloon waterfront opposite.",28.381756881487178,47.861874219527714,4.21875,5.6875,0.765625
"Q: La grande majorité du développement urbain de l’île de Hong Kong est concentrée sur les terre-pleins de la rive nord.
A:",La grande majorité du développement urbain de l’île de Hong Kong est concentrée sur les terre-pleins de la rive nord.,The great majority of Hong Kong Island's urban development is densely packed on reclaimed land along the northern shore.,The majority of urban development in Hong Kong is concentrated on the shore of the island of Hong Kong.,8.880154003979682,43.23462896157017,eng_Latn, The great majority of Hong Kong Island's urban development is densely packed on reclaimed land along the northern shore.,8.880154003979682,43.23462896157017,6.1875,7.09375,0.5625
"Q: Il s'agit du lieu que les colons Britannique ont investit. Ainsi, cela me semble être un bon point de départ, si vous recherchez des preuves du passé colonial de cette région.
A:","Il s'agit du lieu que les colons Britannique ont investit. Ainsi, cela me semble être un bon point de départ, si vous recherchez des preuves du passé colonial de cette région.","This is the place the British colonisers took as their own and so if you are looking for evidence of the territory's colonial past, this is a good place to start.","This is a good point of departure, if you're looking for evidence of colonial settlement in this region, it seems to me that this is a good point of departure, if you're looking for evidence of colonial settlement in this region.",11.217403309667516,39.32847511534988,eng_Latn," This is the place the British colonisers took as their own and so if you are looking for evidence of the territory's colonial past, this is a good place to start.",11.217403309667516,39.32847511534988,19.125,13.5625,0.130859375
"Q: Les Sundarbans sont la plus grande ceinture de mangroves côtières du monde, s’étendant sur 80 km (50 miles) depuis la côte jusqu’à l’arrière-pays bangladais et indien.
A:","Les Sundarbans sont la plus grande ceinture de mangroves côtières du monde, s’étendant sur 80 km (50 miles) depuis la côte jusqu’à l’arrière-pays bangladais et indien.","The Sundarbans are the largest littoral mangrove belt in the world, stretching 80 km (50 mi) into the Bangladeshi and Indian hinterland from the coast.","The Sundarbans are the largest mangrove belt in the world, stretching from the coast to the hinterland and from the coast to the hinterland, and the mangrove belt is the largest in the world.",37.14689372579759,60.626178121674826,eng_Latn," The Sundarbans are the largest littoral mangrove belt in the world, stretching 80 km (50 mi) into the Bangladeshi and Indian hinterland from the coast.",37.14689372579759,60.626178121674826,11.25,10.0,0.058349609375
"Q: Les Sundarbans ont été déclarés site du patrimoine mondial de l'UNESCO. La partie de la forêt située sur le territoire indien est appelée parc national des Sundarbans.
A:",Les Sundarbans ont été déclarés site du patrimoine mondial de l'UNESCO. La partie de la forêt située sur le territoire indien est appelée parc national des Sundarbans.,The Sundarbans has been declared a UNESCO World Heritage Site. The part of the forest within Indian territory is called Sundarbans National Park.,The Sundarbans are listed as a World Heritage Site. The part of the forest located on the Indian territory is called the Sundarbans.,49.34352697917813,64.457652416667,eng_Latn, The Sundarbans has been declared a UNESCO World Heritage Site. The part of the forest within Indian territory is called Sundarbans National Park.,49.34352697917813,64.457652416667,5.28125,6.4375,0.625
"Q: Les forêts ne sont cependant pas composées uniquement de marais de mangroves : elles recèlent également certains des derniers vestiges des jungles majestueuses qui recouvraient autrefois la plaine du Gange.
A:",Les forêts ne sont cependant pas composées uniquement de marais de mangroves : elles recèlent également certains des derniers vestiges des jungles majestueuses qui recouvraient autrefois la plaine du Gange.,The forests aren't just mangrove swamps though — they include some of the last remaining stands of the mighty jungles which once covered the Gangetic plain.,"The forests are not only composed of mangroves, but they also contain some of the last vestiges of the jungles that once covered the Gange plain.",15.170399414473893,49.355348117721604,eng_Latn, The forests aren't just mangrove swamps though — they include some of the last remaining stands of the mighty jungles which once covered the Gangetic plain.,15.170399414473893,49.355348117721604,2.375,2.296875,0.890625
"Q: Les Sundarbans couvrent une superficie de 3 850 km², dont environ un tiers est couvert de zones d’eau/marécages.
A:","Les Sundarbans couvrent une superficie de 3 850 km², dont environ un tiers est couvert de zones d’eau/marécages.","The Sundarbans cover an area of 3,850 km², of which about one-third is covered in water/marsh areas.","The Sundarbans cover a surface of 385 km², including an area of 385 km², which is about 385 km².",19.28798960979366,43.3683058868635,eng_Latn," The Sundarbans cover an area of 3,850 km², of which about one-third is covered in water/marsh areas.",19.28798960979366,43.3683058868635,16.75,16.625,0.059326171875
"Q: Sundarbans est une réserve naturelle depuis 1966, vous pourrez y trouver environ 400 tigres du Bengale royal et 30 000 cerfs tachetés.
A:","Sundarbans est une réserve naturelle depuis 1966, vous pourrez y trouver environ 400 tigres du Bengale royal et 30 000 cerfs tachetés.","Since 1966 the Sundarbans have been a wildlife sanctuary, and it is estimated that there are now 400 Royal Bengal tigers and about 30,000 spotted deer in the area.","The Sundarbans is a protected area since 1966, you can find about 400 tigers of the Bengalee royal and 30,000 tigers of the Bengalee royal.",5.227822971391312,32.81096786762609,eng_Latn," Since 1966 the Sundarbans have been a wildlife sanctuary, and it is estimated that there are now 400 Royal Bengal tigers and about 30,000 spotted deer in the area.",5.227822971391312,32.81096786762609,13.9375,13.625,0.298828125
"Q: Les bus partent de la gare routière interdistricts (située sur l'autre rive) tout au long de la journée, mais la plupart, tout particulièrement ceux qui desservent l'est et Jakar/Bumthang, partent entre 6 h 30 et 7 h 30 du matin.
A:","Les bus partent de la gare routière interdistricts (située sur l'autre rive) tout au long de la journée, mais la plupart, tout particulièrement ceux qui desservent l'est et Jakar/Bumthang, partent entre 6 h 30 et 7 h 30 du matin.","Buses depart the inter-district bus station (across the river) throughout the day, though most, especially those heading to the east and Jakar/Bumthang leave between 06:30 and 07:30.",The buses depart from the intercity train (located on the other side of the road) all the way to the train station at 6:30 a.m. and most of them depart at 7:30 a.m.,3.0746390711820593,27.328587865593917,eng_Latn," Buses depart the inter-district bus station (across the river) throughout the day, though most, especially those heading to the east and Jakar/Bumthang leave between 06:30 and 07:30.",3.0746390711820593,27.328587865593917,14.4375,14.625,0.0068359375
"Q: Les bus inter-districts sont souvent complets, aussi est-il conseillé d'acheter un ticket quelques jours à l'avance.
A:","Les bus inter-districts sont souvent complets, aussi est-il conseillé d'acheter un ticket quelques jours à l'avance.","As the inter-district buses are often full, it is advisable to purchase a ticket a few days in advance.","Buses inter-districts are often complete, as well as it is recommended to buy a ticket a few days in advance.",31.965792249556085,57.00225915537772,eng_Latn," As the inter-district buses are often full, it is advisable to purchase a ticket a few days in advance.",31.965792249556085,57.00225915537772,8.0625,8.8125,0.90234375
"Q: La plupart des districts sont desservis par de petits caboteurs japonais, qui sont confortables et robustes.
A:","La plupart des districts sont desservis par de petits caboteurs japonais, qui sont confortables et robustes.","Most districts are served by small Japanese Coaster Buses, which are comfortable and sturdy.","Most districts are served by small Japanese taxis, which are comfortable and robust.",53.563513590954706,76.22442303142628,eng_Latn," Most districts are served by small Japanese Coaster Buses, which are comfortable and sturdy.",53.563513590954706,76.22442303142628,6.0,8.375,0.93359375
"Q: Les taxis collectifs sont un moyen rapide et confortable de se rendre dans des endroits proches, tels que Paro (150 Nu) et Punakha (200 Nu).
A:","Les taxis collectifs sont un moyen rapide et confortable de se rendre dans des endroits proches, tels que Paro (150 Nu) et Punakha (200 Nu).","Shared taxis are a quick and comfortable means to travel to nearby places, such as Paro (Nu 150) and Punakha (Nu 200).","Taxi cabs are a quick and comfortable way to get to places, such as Paro (150 Nu) and Punakha (200 Nu).",30.449105756004688,58.33298423845139,eng_Latn," Shared taxis are a quick and comfortable means to travel to nearby places, such as Paro (Nu 150) and Punakha (Nu 200).",30.449105756004688,58.33298423845139,3.5625,4.5,0.490234375
"Q: Le pont sur l'Oyapock est un pont à haubans. Il surplombe le fleuve Oyapock pour relier les villes d'Oiapoque au Brésil et Saint-Georges-de-l'Oyapock en Guyane.
A:",Le pont sur l'Oyapock est un pont à haubans. Il surplombe le fleuve Oyapock pour relier les villes d'Oiapoque au Brésil et Saint-Georges-de-l'Oyapock en Guyane.,The Oyapock River Bridge is a cable-stayed bridge. It spans the Oyapock River to link the cities of Oiapoque in Brazil and Saint-Georges de l'Oyapock in French Guiana.,The pont on the Oyapock is a pont to cross the Oyapock River for a bridge to connect the cities of Oiapoque to Brazil and Saint-Georges-de-l'Oyapock in Guyana.,41.23564818756128,51.98212063689175,eng_Latn, The Oyapock River Bridge is a cable-stayed bridge. It spans the Oyapock River to link the cities of Oiapoque in Brazil and Saint-Georges de l'Oyapock in French Guiana.,41.23564818756128,51.98212063689175,9.6875,11.8125,0.375
"Q: Les deux tours s'élèvent à une hauteur de 83 mètres ; il est long de 378 mètres et possède deux voies de 3,50 m de large.
A:","Les deux tours s'élèvent à une hauteur de 83 mètres ; il est long de 378 mètres et possède deux voies de 3,50 m de large.","The two towers rise to a height of 83 meters, it's 378 meters long and it has two lanes of 3.50 m wide.",The two towers are 83 m long and 378 m long.,6.233990743164153,26.12487009380372,eng_Latn," The two towers rise to a height of 83 meters, it's 378 meters long and it has two lanes of 3.50 m wide.",6.233990743164153,26.12487009380372,19.125,16.125,0.08740234375
"Q: Le dégagement vertical sous le pont est de 15 mètres. La structure a été achevée en août 2011, mais elle n'a été ouverte à la circulation qu'en mars 2017.
A:","Le dégagement vertical sous le pont est de 15 mètres. La structure a été achevée en août 2011, mais elle n'a été ouverte à la circulation qu'en mars 2017.","The vertical clearance under the bridge is 15 meters. Construction was completed in August 2011, it didn't open to traffic until March 2017.","The vertical clearance under the pont is 15 meters. The structure was completed in August 2011, but it was not opened until March 2017.",44.93771056637199,68.05335005298568,eng_Latn," The vertical clearance under the bridge is 15 meters. Construction was completed in August 2011, it didn't open to traffic until March 2017.",44.93771056637199,68.05335005298568,2.78125,3.859375,0.66796875
"Q: Le pont devrait être pleinement opérationnel en septembre 2017, date à laquelle devraient être achevés les postes de contrôle des douanes brésiliennes.
A:","Le pont devrait être pleinement opérationnel en septembre 2017, date à laquelle devraient être achevés les postes de contrôle des douanes brésiliennes.","The bridge is scheduled to be fully operational in September 2017, when the Brazilian customs checkpoints are expected to be finished.","The pont should be fully operational in September 2017, when the post of control of the customs should be fully operational in September 2017, when the post of control of the customs should be fully operational in September 2017.",19.68297289824456,43.28780041391972,eng_Latn," The bridge is scheduled to be fully operational in September 2017, when the Brazilian customs checkpoints are expected to be finished.",19.68297289824456,43.28780041391972,14.5,13.125,-0.02197265625
"Q: Les Guaraní étaient le groupe indigène le plus important habitant ce qui est maintenant l’est du Paraguay, vivant en tant que chasseurs semi-nomades et pratiquant aussi une agriculture de subsistance.
A:","Les Guaraní étaient le groupe indigène le plus important habitant ce qui est maintenant l’est du Paraguay, vivant en tant que chasseurs semi-nomades et pratiquant aussi une agriculture de subsistance.","The Guaraní were the most significant indigenous group inhabiting what is now Eastern Paraguay, living as semi-nomadic hunters who also practised subsistence agriculture.","The Guaraní were the largest group of people living in this area who were the most important inhabitants of this area at the time of the Spanish colonization, and now they are the most important inhabitants of this area.",12.816377064174462,31.326412896579264,eng_Latn," The Guaraní were the most significant indigenous group inhabiting what is now Eastern Paraguay, living as semi-nomadic hunters who also practised subsistence agriculture.",12.816377064174462,31.326412896579264,12.375,9.375,-0.000701904296875
"Q: D'autres tribus indigènes qui peuplaient le Chaco, telles que les Guaycurú ou encore les Payaguá, survivaient essentiellement grâce à la pêche, la chasse, ou encore la cueillette.
A:","D'autres tribus indigènes qui peuplaient le Chaco, telles que les Guaycurú ou encore les Payaguá, survivaient essentiellement grâce à la pêche, la chasse, ou encore la cueillette.","The Chaco region was home to other groups of indigenous tribes such as the Guaycurú and Payaguá, who survived by hunting, gathering and fishing.","The indigenous tribes who lived in the Chaco, such as the Guaycurú or the Payaguá, were mainly hunted or fished, or were hunted or fished, or were hunted or fished, or were hunted or fished, or were hunted or fished, or were hunted or fished, or were hunted or fished, or were hunted or fished, or were hunted or fished, or were hunted or fished, or were hunted or fished, or were hunted or fished, or were hunted or fished",9.321260692974715,30.823597768267863,eng_Latn," The Chaco region was home to other groups of indigenous tribes such as the Guaycurú and Payaguá, who survived by hunting, gathering and fishing.",9.321260692974715,30.823597768267863,9.1875,12.3125,-0.06591796875
"Q: Au XVIe siècle, le Paraguay, autrefois surnommé « la province géante des Indes », est né de la rencontre entre les conquérants espagnols et les populations indigènes.
A:","Au XVIe siècle, le Paraguay, autrefois surnommé « la province géante des Indes », est né de la rencontre entre les conquérants espagnols et les populations indigènes.","In the 16th century Paraguay, formerly called ""The Giant Province of the Indies"", was born as a result of the encounter of Spanish conquerors with the native indigenous groups.","The Paraguay, once called the ""giant province of Indias,"" was born from the encounter between the Spanish conquistadors and the indigenous populations.",7.437460442112233,41.646293981054576,eng_Latn," In the 16th century Paraguay, formerly called ""The Giant Province of the Indies"", was born as a result of the encounter of Spanish conquerors with the native indigenous groups.",7.437460442112233,41.646293981054576,4.53125,5.21875,0.671875
"Q: Les Espagnols ont inauguré la période de la colonisation, laquelle a duré trois siècles.
A:","Les Espagnols ont inauguré la période de la colonisation, laquelle a duré trois siècles.",The Spaniards started the colonization period which lasted for three centuries.,"The Spanish settlers opened the period of colonization, which lasted three centuries, which lasted three centuries.",16.331948281960493,57.39208423330301,eng_Latn, The Spaniards started the colonization period which lasted for three centuries.,16.331948281960493,57.39208423330301,5.8125,5.6875,0.08203125
"Q: Depuis la fondation d'Asunción en 1537, le Paraguay a réussi à conserver une grande partie de son caractère et de son identité autochtones.
A:","Depuis la fondation d'Asunción en 1537, le Paraguay a réussi à conserver une grande partie de son caractère et de son identité autochtones.","Since the foundation of Asunción in 1537, Paraguay has managed to keep a lot of its indigenous character and identity.","Since the founding of Asunción in 1537, Paraguay has successfully maintained a large part of its character and its identity.",40.96023664013334,63.4795063488731,eng_Latn," Since the foundation of Asunción in 1537, Paraguay has managed to keep a lot of its indigenous character and identity.",40.96023664013334,63.4795063488731,3.21875,2.796875,0.70703125
"Q: L'Argentine est connue pour avoir une des meilleures équipes et parmi les meilleurs joueurs de polo dans le monde.
A:",L'Argentine est connue pour avoir une des meilleures équipes et parmi les meilleurs joueurs de polo dans le monde.,Argentina is well known for having one of the best polo teams and players in the world.,Argentina is known for having one of the best teams and among the best players in the world.,56.103100640325884,78.17876504118996,eng_Latn, Argentina is well known for having one of the best polo teams and players in the world.,56.103100640325884,78.17876504118996,3.40625,2.8125,0.83203125
"Q: Le plus grand tournoi de l'année se déroule en décembre sur les terrains de polo de Las Cañitas.
A:",Le plus grand tournoi de l'année se déroule en décembre sur les terrains de polo de Las Cañitas.,The largest tournament of the year takes place in December at the polo fields in Las Cañitas.,The largest tournament of the year takes place in December on the polo fields of Las Cañitas.,72.42447986095323,86.6882069496207,eng_Latn, The largest tournament of the year takes place in December at the polo fields in Las Cañitas.,72.42447986095323,86.6882069496207,1.9765625,1.1640625,1.0078125
"Q: De plus, des tournois et des matchs de moindre envergure sont parfois organisés ici à d'autres moments de l'année.
A:","De plus, des tournois et des matchs de moindre envergure sont parfois organisés ici à d'autres moments de l'année.",Smaller tournaments and matches can also be seen here at other times of the year.,The tournament and matches are sometimes organized here at other times of the year.,42.62209968494721,61.89089019804588,eng_Latn, Smaller tournaments and matches can also be seen here at other times of the year.,42.62209968494721,61.89089019804588,10.3125,8.1875,0.4921875
"Q: Pour des informations sur les tournois et les endroits où acheter des billets pour les matchs de polo, consultez l’Asociacion Argentina de Polo.
A:","Pour des informations sur les tournois et les endroits où acheter des billets pour les matchs de polo, consultez l’Asociacion Argentina de Polo.","For news on tournaments and where to buy tickets for polo matches, check Asociacion Argentina de Polo.","The Argentine Polo Association has information about tournaments and places where to buy tickets for the matches of polo, check out the Asociation Argentina of Polo.",21.878065229063957,58.36230289087438,eng_Latn," For news on tournaments and where to buy tickets for polo matches, check Asociacion Argentina de Polo.",21.878065229063957,58.36230289087438,4.53125,5.4375,0.6640625
"Q: La monnaie officielle des Îles Malouines est la livre des Îles Malouines (FKP) dont la valeur est équivalente à une livre sterling (GBP).
A:",La monnaie officielle des Îles Malouines est la livre des Îles Malouines (FKP) dont la valeur est équivalente à une livre sterling (GBP).,The official Falklands currency is the Falkland pound (FKP) whose value is set equivalent to that of one British pound (GBP).,The official currency of the Îles Malouines is the pound sterling (FKP) which is equivalent to a pound sterling (GBP).,20.630596254262777,44.63186026597429,eng_Latn, The official Falklands currency is the Falkland pound (FKP) whose value is set equivalent to that of one British pound (GBP).,20.630596254262777,44.63186026597429,6.21875,7.71875,0.58203125
"Q: L'argent peut être échangé à la seule banque des îles située à Stanley, en face du magasin FIC West.
A:","L'argent peut être échangé à la seule banque des îles située à Stanley, en face du magasin FIC West.",Money can be exchanged at the only bank in the islands which is located in Stanley across from the FIC West store.,"The money can be exchanged for the only bank in Stanley, New York, is located at Stanley, New York, and the money can be exchanged for the only bank in Stanley, New York, is located at Stanley, New York, and the money can be exchanged for the only bank in Stanley, New York, is located at Stanley, New York, and the money can be exchanged for the only bank in Stanley, New York, is located at Stanley, New York, and the money can be",6.4993510934934084,32.22548273260607,eng_Latn, Money can be exchanged at the only bank in the islands which is located in Stanley across from the FIC West store.,6.4993510934934084,32.22548273260607,24.375,24.375,-0.0390625
"Q: La livre sterling est une monnaie couramment acceptée partout dans les îles, tandis qu’à Stanley, les cartes de crédit et les dollars américains sont également souvent acceptés.
A:","La livre sterling est une monnaie couramment acceptée partout dans les îles, tandis qu’à Stanley, les cartes de crédit et les dollars américains sont également souvent acceptés.",British pounds will generally be accepted anywhere in the islands and within Stanley credit cards and United States dollars are also often accepted.,"The sterling coin is widely accepted everywhere in the United States, while in Stanley, the credit and the dollar are also often accepted.",17.89570640154152,48.60998579343107,eng_Latn, British pounds will generally be accepted anywhere in the islands and within Stanley credit cards and United States dollars are also often accepted.,17.89570640154152,48.60998579343107,10.6875,11.75,0.255859375
"Q: Sur les îles avoisinantes, les cartes de crédit ne seront probablement pas acceptées, même s’il se peut que les devises britannique et américaine le soient. Parlez-en à l’avance avec les propriétaires afin de vous mettre d’accord sur une méthode de paiement.
A:","Sur les îles avoisinantes, les cartes de crédit ne seront probablement pas acceptées, même s’il se peut que les devises britannique et américaine le soient. Parlez-en à l’avance avec les propriétaires afin de vous mettre d’accord sur une méthode de paiement.","On the outlying islands credit cards will probably not be accepted, although British and United States currency may be taken; check with the owners in advance to determine what is an acceptable payment method.","If you have any questions about the islands nearby, the credit cards will probably not be accepted, even if they can be seen, even if they can be seen. If you have any questions about the islands nearby, the credit cards will probably not be accepted, even if they can be seen, even if they can be seen.",11.309487206811896,33.07996505000883,eng_Latn," On the outlying islands credit cards will probably not be accepted, although British and United States currency may be taken; check with the owners in advance to determine what is an acceptable payment method.",11.309487206811896,33.07996505000883,25.0,25.0,0.0050048828125
"Q: Il est presque impossible d’échanger de l’argent des Malouines en dehors des îles, alors changez-le avant de quitter les îles.
A:","Il est presque impossible d’échanger de l’argent des Malouines en dehors des îles, alors changez-le avant de quitter les îles.","It is nearly impossible to exchange Falklands currency outside of the islands, so exchange money prior to leaving the islands.","It is almost impossible to exchange money from Malouines outside the islands, so change it before leaving the islands.",35.583595491889135,59.42438132497803,eng_Latn," It is nearly impossible to exchange Falklands currency outside of the islands, so exchange money prior to leaving the islands.",35.583595491889135,59.42438132497803,3.828125,5.4375,1.015625
"Q: Montevideo étant située au sud de l’Équateur, l’hiver dans l’hémisphère nord correspond à l’été là-bas et vice-versa.
A:","Montevideo étant située au sud de l’Équateur, l’hiver dans l’hémisphère nord correspond à l’été là-bas et vice-versa.","Since Montevideo is south of the Equator, it is summer there when it's winter in the Northern Hemisphere and vice versa.","Montevideo is located in the Andes, the winter in the hemisphere north corresponds to the summer in the hemisphere north and vice versa.",23.01199480402486,46.76884156697883,eng_Latn," Since Montevideo is south of the Equator, it is summer there when it's winter in the Northern Hemisphere and vice versa.",23.01199480402486,46.76884156697883,9.4375,11.4375,0.5546875
"Q: Montevideo est situé en zone subtropicale et les températures estivales dépassant les 30 °C sont courantes.
A:",Montevideo est situé en zone subtropicale et les températures estivales dépassant les 30 °C sont courantes.,"Montevideo is in the subtropics; in the summer months, temperatures above +30°C are common.",Montevideo is located in subtropical zone and the winters are quite mild and the summers are quite mild.,13.048038402447693,35.14433634613734,eng_Latn," Montevideo is in the subtropics; in the summer months, temperatures above +30°C are common.",13.048038402447693,35.14433634613734,12.75,9.8125,0.462890625
"Q: L'hiver peut être trompeusement froid : les températures descendent rarement en dessous de zéro, mais le vent et l'humidité se combinent pour donner l'impression qu'il fait plus froid que ce que dit le thermomètre.
A:","L'hiver peut être trompeusement froid : les températures descendent rarement en dessous de zéro, mais le vent et l'humidité se combinent pour donner l'impression qu'il fait plus froid que ce que dit le thermomètre.","The winter can be deceptively chilly: temperatures rarely go below freezing, but the wind and humidity combine to make it feel colder than what the thermometer says.","The winter can be very cold: the temperatures drop very rarely, but the wind and humidity combine to make it feel colder than it should.",48.01901614494037,61.07628693067093,eng_Latn," The winter can be deceptively chilly: temperatures rarely go below freezing, but the wind and humidity combine to make it feel colder than what the thermometer says.",48.01901614494037,61.07628693067093,8.0625,6.8125,0.8046875
"Q: Il n'y a pas vraiment de saisons « pluvieuses » et « sèches » : les précipitations sont à peu près constantes tout au long de l'année.
A:",Il n'y a pas vraiment de saisons « pluvieuses » et « sèches » : les précipitations sont à peu près constantes tout au long de l'année.,"There are no particular ""rainy"" and ""dry"" seasons: the amount of rain stays roughly the same throughout the year.",There is no real season « pluviometers » and « sèches » are almost constant throughout the year: the precipitation is almost constant throughout the year.,8.631929238178106,37.07963109763158,eng_Latn," There are no particular ""rainy"" and ""dry"" seasons: the amount of rain stays roughly the same throughout the year.",8.631929238178106,37.07963109763158,13.8125,14.0,0.3203125
"Q: Bien que de nombreux animaux du parc soient habitués à voir des humains, il s'agit néanmoins d'espèces sauvages ; veuillez ne pas les nourrir ni les déranger.
A:","Bien que de nombreux animaux du parc soient habitués à voir des humains, il s'agit néanmoins d'espèces sauvages ; veuillez ne pas les nourrir ni les déranger.","Though many of the animals in the park are used to seeing humans, the wildlife is nonetheless wild and should not be fed or disturbed.","The animals at the park are accustomed to seeing humans, but it is still a species that is not accustomed to seeing humans, and please do not feed or harass them.",9.969434990349836,38.2568003814518,eng_Latn," Though many of the animals in the park are used to seeing humans, the wildlife is nonetheless wild and should not be fed or disturbed.",9.969434990349836,38.2568003814518,6.25,6.0625,0.51953125
"Q: Selon les autorités du parc, il faut se tenir à au moins 100 mètres des ours et des loups et à 25 mètres de tous les autres animaux sauvages !
A:","Selon les autorités du parc, il faut se tenir à au moins 100 mètres des ours et des loups et à 25 mètres de tous les autres animaux sauvages !","According to park authorities, stay at least 100 yards/meters away from bears and wolves and 25 yards/meters from all other wild animals!","According to the authorities, it is necessary to be at least 100 meters from the animals and 25 meters from all other animals.",13.612819451829203,50.00767555693537,eng_Latn," According to park authorities, stay at least 100 yards/meters away from bears and wolves and 25 yards/meters from all other wild animals!",13.612819451829203,50.00767555693537,6.90625,6.25,0.3125
"Q: Aussi dociles qu’ils puissent paraître, le bison, l’élan, l’orignal, l’ours et presque tous les grands animaux peuvent attaquer.
A:","Aussi dociles qu’ils puissent paraître, le bison, l’élan, l’orignal, l’ours et presque tous les grands animaux peuvent attaquer.","No matter how docile they may look, bison, elk, moose, bears, and nearly all large animals can attack.",They can be seen as they can be seen as they can be seen as they can be seen as they can be seen as they can be seen as they can be seen as they can be seen as they can be seen as they can be seen as they can be seen as they can be seen as they can be seen as they can be seen as they can be seen as they can be seen as they can be seen as they can be seen as they can be seen as they can be seen as,0.4724186878758777,6.320357337208322,eng_Latn," No matter how docile they may look, bison, elk, moose, bears, and nearly all large animals can attack.",0.4724186878758777,6.320357337208322,22.375,23.375,-0.046875
"Q: Chaque année, des dizaines de visiteurs sont blessés parce qu’ils n’ont pas gardé une distance suffisante. Ces animaux sont grands, sauvages et potentiellement dangereux, alors donnez-leur de l’espace.
A:","Chaque année, des dizaines de visiteurs sont blessés parce qu’ils n’ont pas gardé une distance suffisante. Ces animaux sont grands, sauvages et potentiellement dangereux, alors donnez-leur de l’espace.","Each year, dozens of visitors are injured because they didn't keep a proper distance. These animals are large, wild, and potentially dangerous, so give them their space.","The number of visitors who are injured each year is about 100,000, and the animals are large, wild and potentially dangerous, so give them a space.",34.45867056606435,57.40201296042721,eng_Latn," Each year, dozens of visitors are injured because they didn't keep a proper distance. These animals are large, wild, and potentially dangerous, so give them their space.",34.45867056606435,57.40201296042721,14.5,13.0,0.4921875
"Q: De plus, sachez que les odeurs attirent les ours et autres animaux sauvages, alors évitez de transporter ou de cuisiner des aliments odorants et gardez le camp propre.
A:","De plus, sachez que les odeurs attirent les ours et autres animaux sauvages, alors évitez de transporter ou de cuisiner des aliments odorants et gardez le camp propre.","In addition, be aware that odors attract bears and other wildlife, so avoid carrying or cooking odorous foods and keep a clean camp.","The more, the more, the more, the more, the more, the more, the more, the more, the more, the more, the more, the more, the more, the more, the more, the more, the more, the more, the more, the more, the more, the more, the more, the more, the more, the more, the more, the more, the more, the more, the more, the more, the more, the",0.426878472907377,5.243425126971825,eng_Latn," In addition, be aware that odors attract bears and other wildlife, so avoid carrying or cooking odorous foods and keep a clean camp.",0.426878472907377,5.243425126971825,19.25,16.5,-0.05908203125
"Q: Apia est la capitale des Samoa. La ville se trouve sur l'île d'Upolu et compte un peu moins de 40 000 habitants.
A:",Apia est la capitale des Samoa. La ville se trouve sur l'île d'Upolu et compte un peu moins de 40 000 habitants.,"Apia is the capital of Samoa. The town is on the island of Upolu and has a population of just under 40,000.","The capital of Samoa is Apia. The city is located on the island of Upolu and has less than 40,000 people. The city is located on the island of Upolu and has less than 40,000 people. The city is located on the island of Upolu and has less than 40,000 people. The city is located on the island of Upolu and has less than 40,000 people.",12.72953815605715,41.72147042503325,eng_Latn," Apia is the capital of Samoa. The town is on the island of Upolu and has a population of just under 40,000.",12.72953815605715,41.72147042503325,24.25,25.0,0.021728515625
"Q: Apia a été fondée dans les années 1850 et est la capitale officielle des Samoa depuis 1959.
A:",Apia a été fondée dans les années 1850 et est la capitale officielle des Samoa depuis 1959.,Apia was founded in the 1850s and has been the official capital of Samoa since 1959.,Samoa was founded in the 1850s and is the official capital of Samoa since 1959.,67.7839594102491,82.04429239013432,eng_Latn, Apia was founded in the 1850s and has been the official capital of Samoa since 1959.,67.7839594102491,82.04429239013432,12.0625,10.3125,0.5234375
"Q: Le port a été le site d’une impasse navale tristement célèbre en 1889, lorsque sept navires d’Allemagne, des États-Unis et de Grande-Bretagne ont refusé de quitter le port.
A:","Le port a été le site d’une impasse navale tristement célèbre en 1889, lorsque sept navires d’Allemagne, des États-Unis et de Grande-Bretagne ont refusé de quitter le port.","The harbor was the site of an infamous naval standoff in 1889 when seven ships from Germany, the US, and Britain refused to leave the harbor.","The port was the site of a failed naval blockade in 1889, when the German, American and British ships refused to leave the port.",19.214897433832473,44.94792975475817,eng_Latn," The harbor was the site of an infamous naval standoff in 1889 when seven ships from Germany, the US, and Britain refused to leave the harbor.",19.214897433832473,44.94792975475817,5.40625,6.0,0.67578125
"Q: Tous les navires furent coulés, à l’exception d’un croiseur britannique. Près de 200 Américains et Allemands perdirent la vie.
A:","Tous les navires furent coulés, à l’exception d’un croiseur britannique. Près de 200 Américains et Allemands perdirent la vie.","All the ships were sunk, except for one British cruiser. Nearly 200 American and German lives were lost.","The ships were all pulled apart, except for one British and one German. About 200 Americans and German lost their lives.",21.996658526329096,54.98215463256978,eng_Latn," All the ships were sunk, except for one British cruiser. Nearly 200 American and German lives were lost.",21.996658526329096,54.98215463256978,8.25,9.5,0.84765625
"Q: Le chef suprême Tupua Tamasese Lealofi III fut assassiné lors un rassemblement pacifique qui se tenait en ville, durant la luttee de l’indépendance organisée par le mouvement Mau.
A:","Le chef suprême Tupua Tamasese Lealofi III fut assassiné lors un rassemblement pacifique qui se tenait en ville, durant la luttee de l’indépendance organisée par le mouvement Mau.","During the struggle for independence organised by the Mau movement, a peaceful gathering in the town resulted in the killing of the paramount chief Tupua Tamasese Lealofi III.",Tupua Tamasese Lealofi III was assassinated during a peaceful protest that took place in the city of Tupua Tamasese during the liberation struggle organized by the Mau movement.,32.701953220634834,47.90035435312656,eng_Latn," During the struggle for independence organised by the Mau movement, a peaceful gathering in the town resulted in the killing of the paramount chief Tupua Tamasese Lealofi III.",32.701953220634834,47.90035435312656,4.75,6.0,0.6328125
"Q: Les plages sont nombreuses, car Auckland est à cheval sur deux ports. Les plus populaires se trouvent dans trois zones.
A:","Les plages sont nombreuses, car Auckland est à cheval sur deux ports. Les plus populaires se trouvent dans trois zones.","There are many beaches, due to Auckland's straddling of two harbours. The most popular ones are in three areas.","The beaches are very popular, because Auckland is on two sides. The most popular beaches are in three zones. The most popular beaches are in three zones.",13.795156754464397,43.58785563017746,eng_Latn," There are many beaches, due to Auckland's straddling of two harbours. The most popular ones are in three areas.",13.795156754464397,43.58785563017746,23.125,18.625,0.054443359375
"Q: Les plages du North Shore (dans le district de North Harbour) se trouvent sur l'océan Pacifique et s'étendent de Long Bay au nord à Devonport au sud.
A:",Les plages du North Shore (dans le district de North Harbour) se trouvent sur l'océan Pacifique et s'étendent de Long Bay au nord à Devonport au sud.,North Shore beaches (in North Harbour district) are on the Pacific Ocean and stretch from Long Bay in the north to Devonport in the south.,The North Shore (in the North Shore District) is located on the Pacific Ocean and extends from Long Bay to Devonport.,26.12482046599877,52.63374093481327,eng_Latn, North Shore beaches (in North Harbour district) are on the Pacific Ocean and stretch from Long Bay in the north to Devonport in the south.,26.12482046599877,52.63374093481327,2.921875,3.21875,0.7109375
"Q: Presque toutes les plages sont sablonneuses et permettent de se baigner en toute sécurité, et la plupart sont ombragées par des pohutukawa.
A:","Presque toutes les plages sont sablonneuses et permettent de se baigner en toute sécurité, et la plupart sont ombragées par des pohutukawa.","They are almost all sandy beaches with safe swimming, and most have shade provided by pohutukawa trees.","The beaches are usually covered with soft sand and are safe to swim in, and most are covered with soft sand and are safe to swim in.",7.077187862619301,30.464847603212547,eng_Latn," They are almost all sandy beaches with safe swimming, and most have shade provided by pohutukawa trees.",7.077187862619301,30.464847603212547,14.875,12.375,0.06103515625
"Q: Les plages de Tamaki Drive se trouvent sur le port de Waitemata, dans la banlieue chic de Mission Bay et de Saint Heliers dans le centre d’Auckland.
A:","Les plages de Tamaki Drive se trouvent sur le port de Waitemata, dans la banlieue chic de Mission Bay et de Saint Heliers dans le centre d’Auckland.","Tamaki Drive beaches are on the Waitemata Harbour, in the upmarket suburbs of Mission Bay and St Heliers in Central Auckland.","The beaches of Tamaki Drive are located on the port of Waitemata, in the chic area of Mission Bay and in the centre of Auckland.",25.111871976011116,51.14207454564479,eng_Latn," Tamaki Drive beaches are on the Waitemata Harbour, in the upmarket suburbs of Mission Bay and St Heliers in Central Auckland.",25.111871976011116,51.14207454564479,6.375,5.65625,0.71484375
"Q: Ces plages, parfois très fréquentées par les familles, disposent de nombreuses boutiques le long du littoral. La baignade y est sans danger.
A:","Ces plages, parfois très fréquentées par les familles, disposent de nombreuses boutiques le long du littoral. La baignade y est sans danger.",These are sometimes-crowded family beaches with a good range of shops lining the shore. Swimming is safe.,"The beaches, sometimes very popular with families, have many shops along the coast. The water is safe.",8.157892783585272,32.97568250349846,eng_Latn, These are sometimes-crowded family beaches with a good range of shops lining the shore. Swimming is safe.,8.157892783585272,32.97568250349846,2.734375,2.046875,0.93359375
"Q: La principale bière locale est la « Number One », une bière assez ordinaire, mais savoureuse et rafraîchissante. Il existe aussi une autre bière locale, la « Manta ».
A:","La principale bière locale est la « Number One », une bière assez ordinaire, mais savoureuse et rafraîchissante. Il existe aussi une autre bière locale, la « Manta ».","The main local beer is 'Number One', it is not a complex beer, but pleasant and refreshing. The other local beer is called ""Manta"".","The main beer in the local is the number one, the number one beer is the number one, and the number one beer is the number one. There are also other local beers, the number one beer is the number one. There are also other local beers, the number one beer is the number one. There are also other local beers, the number one beer is the number one. There are also other local beers, the number one beer is the number one. There are also other local beers",1.5716632610752193,25.955829738050014,eng_Latn," The main local beer is 'Number One', it is not a complex beer, but pleasant and refreshing. The other local beer is called ""Manta"".",1.5716632610752193,25.955829738050014,25.0,25.0,-0.01519775390625
"Q: Il y a beaucoup de vins français à déguster, mais les vins néo-zélandais et australiens voyageront peut-être mieux.
A:","Il y a beaucoup de vins français à déguster, mais les vins néo-zélandais et australiens voyageront peut-être mieux.","There are many French wines to be had, but the New Zealand and Australian wines might travel better.","There are a lot of French wines to try, but the wines from New Zealand and Australian are likely to be better.",27.85481825766967,62.681536892736155,eng_Latn," There are many French wines to be had, but the New Zealand and Australian wines might travel better.",27.85481825766967,62.681536892736155,4.65625,3.1875,0.88671875
"Q: Vous pouvez boire l'eau du robinet local sans danger, mais vous pouvez facilement trouver de l'eau en bouteille si vous avez des craintes à son sujet.
A:","Vous pouvez boire l'eau du robinet local sans danger, mais vous pouvez facilement trouver de l'eau en bouteille si vous avez des craintes à son sujet.","The local tap water is perfectly safe to drink, but bottled water is easy to find if you are fearful.","You can drink the water from the tap without danger, but you can easily find water in the local water without danger.",4.513221376949313,29.642151219379826,eng_Latn," The local tap water is perfectly safe to drink, but bottled water is easy to find if you are fearful.",4.513221376949313,29.642151219379826,15.0625,14.3125,0.423828125
"Q: Pour les Australiens, l'idée d'un « café crème » est étrangère. Un noir court est un « espresso », le cappuccino est rempli de crème (pas de mousse) et le thé est servi sans lait.
A:","Pour les Australiens, l'idée d'un « café crème » est étrangère. Un noir court est un « espresso », le cappuccino est rempli de crème (pas de mousse) et le thé est servi sans lait.","For Australians, the idea of 'flat white' coffee is foreign. A short black is 'espresso', cappuccino comes heaped high with cream (not froth), and tea is served without milk.","The idea of a coffee latte is foreign to Australians, the idea of a cappuccino is foreign. A cappuccino is filled with cream (not mousse) and the cappuccino is served without milk (not milk).",27.77619034011791,51.451526154560824,eng_Latn," For Australians, the idea of 'flat white' coffee is foreign. A short black is 'espresso', cappuccino comes heaped high with cream (not froth), and tea is served without milk.",27.77619034011791,51.451526154560824,13.6875,12.8125,0.51953125
"Q: Le chocolat chaud est conforme aux normes belges. Les jus de fruits sont chers mais excellents.
A:",Le chocolat chaud est conforme aux normes belges. Les jus de fruits sont chers mais excellents.,The hot chocolate is up to Belgian standards. Fruit juices are pricey but excellent.,The chocolate chaud is compliant with the standards in Belgium. The jus of fruit is expensive but excellent.,8.216107324922536,42.16394398921015,eng_Latn, The hot chocolate is up to Belgian standards. Fruit juices are pricey but excellent.,8.216107324922536,42.16394398921015,10.1875,10.8125,0.59765625
"Q: De nombreux voyages sur le récif sont effectués tout au long de l'année, et les blessures dues à l'une de ces causes sur le récif sont rares.
A:","De nombreux voyages sur le récif sont effectués tout au long de l'année, et les blessures dues à l'une de ces causes sur le récif sont rares.","Many trips to the reef are made all year around, and injuries due to any of these causes on the reef are rare.","The many voyages on the sea are carried out throughout the year, and the injuries caused by one of these causes are rare.",11.668237827037336,42.45696700205849,eng_Latn," Many trips to the reef are made all year around, and injuries due to any of these causes on the reef are rare.",11.668237827037336,42.45696700205849,13.0625,11.125,0.7265625
"Q: Néanmoins, suivez les conseils des autorités, obéissez à tous les panneaux et prêtez une attention particulière aux avertissements de sécurité.
A:","Néanmoins, suivez les conseils des autorités, obéissez à tous les panneaux et prêtez une attention particulière aux avertissements de sécurité.","Still, take advice from authorities, obey all signs, and pay close attention to safety warnings.","Follow the advice of the authorities, follow all the instructions, pay attention to the warning signs, and take care of everything.",9.619841027830798,47.71971751510925,eng_Latn," Still, take advice from authorities, obey all signs, and pay close attention to safety warnings.",9.619841027830798,47.71971751510925,5.21875,5.34375,0.54296875
"Q: D'octobre à avril, au nord de 1770, les méduses-boîtes arrivent près des plages et des estuaires de rivières. Elles peuvent également parfois être aperçues en dehors de cette période.
A:","D'octobre à avril, au nord de 1770, les méduses-boîtes arrivent près des plages et des estuaires de rivières. Elles peuvent également parfois être aperçues en dehors de cette période.",Box jellyfish occur near beaches and near river estuaries from October to April north of 1770. They can occasionally be found outside these times.,"The winter solstice in 1770, the ships arrive near the coast and the estuaries of the rivers. They can also be seen in the winter solstice in 1770, the ships arrive near the coast and the estuaries of the rivers. They can also be seen in the winter solstice in 1770, the ships arrive near the coast and the estuaries of the rivers. They can also be seen in the winter solstice in 1770, the ships arrive",1.2442801267031234,23.066770219989365,eng_Latn, Box jellyfish occur near beaches and near river estuaries from October to April north of 1770. They can occasionally be found outside these times.,1.2442801267031234,23.066770219989365,25.0,25.0,-0.021240234375
"Q: Les requins existent, mais ils attaquent rarement les humains. La plupart d'entre eux ont peur des humains et s'en écarteraient.
A:","Les requins existent, mais ils attaquent rarement les humains. La plupart d'entre eux ont peur des humains et s'en écarteraient.","Sharks do exist, however they rarely attack humans. Most sharks are scared of humans and would swim away.","The requins exist, but they attack rarely humans and most of them have fear of humans and they don't flee. Most of them have fear of humans and they don't flee.",5.897682705696374,35.97551100012328,eng_Latn," Sharks do exist, however they rarely attack humans. Most sharks are scared of humans and would swim away.",5.897682705696374,35.97551100012328,19.875,16.125,0.15625
"Q: Les crocodiles d’eau salée ne vivent pas activement dans l’océan, leur habitat principal se trouve dans les estuaires des rivières au nord de Rockhampton.
A:","Les crocodiles d’eau salée ne vivent pas activement dans l’océan, leur habitat principal se trouve dans les estuaires des rivières au nord de Rockhampton.","Saltwater Crocodiles do not actively live in the ocean, their primary habitat is in river estuaries north from Rockhampton.","The crocodiles of water salting live not actively in the ocean, their habitat is located in the north of Rockhampton.",30.66439134043059,52.82625778100203,eng_Latn," Saltwater Crocodiles do not actively live in the ocean, their primary habitat is in river estuaries north from Rockhampton.",30.66439134043059,52.82625778100203,14.0625,13.0625,0.5703125
"Q: La réservation à l'avance donne au voyageur la tranquillité d'esprit de savoir qu'il aura un endroit où dormir une fois arrivé à destination.
A:",La réservation à l'avance donne au voyageur la tranquillité d'esprit de savoir qu'il aura un endroit où dormir une fois arrivé à destination.,Booking in advance gives the traveller peace of mind that they will have somewhere to sleep once they arrive at their destination.,The booking ahead gives you peace of mind that you will have a place to sleep once you arrive at destination.,18.597772713636516,49.919340153376744,eng_Latn, Booking in advance gives the traveller peace of mind that they will have somewhere to sleep once they arrive at their destination.,18.597772713636516,49.919340153376744,2.8125,3.484375,0.859375
"Q: Les agences de voyage ont souvent des accords avec des hôtels spécifiques, mais vous pouvez également réserver par l'intermédiaire d'agences de voyage d'autres types d'hébergement, comme des aires de camping.
A:","Les agences de voyage ont souvent des accords avec des hôtels spécifiques, mais vous pouvez également réserver par l'intermédiaire d'agences de voyage d'autres types d'hébergement, comme des aires de camping.","Travel agents often have deals with specific hotels, although you may find it possible to book other forms of accommodation, like camping grounds, through a travel agent.","You can book through an agency of travel, but you can also book through an agency of travel, like an agency of travel.",2.864433095023259,22.959493046764067,eng_Latn," Travel agents often have deals with specific hotels, although you may find it possible to book other forms of accommodation, like camping grounds, through a travel agent.",2.864433095023259,22.959493046764067,15.1875,14.9375,-0.01806640625
"Q: Les agences de voyage proposent généralement des forfaits comprenant le petit déjeuner, le service de transport depuis/vers l'aéroport ou même des forfaits combinant le vol et l'hébergement.
A:","Les agences de voyage proposent généralement des forfaits comprenant le petit déjeuner, le service de transport depuis/vers l'aéroport ou même des forfaits combinant le vol et l'hébergement.","Travel agents usually offer packages that include breakfast, transportation arrangements to/from the airport or even combined flight and hotel packages.","The airlines offer a package that includes breakfast, a service of transport from/to the airport or even a combination of the flight and accommodation.",11.66869436067704,45.8226495658808,eng_Latn," Travel agents usually offer packages that include breakfast, transportation arrangements to/from the airport or even combined flight and hotel packages.",11.66869436067704,45.8226495658808,6.71875,6.875,0.5625
"Q: Ils peuvent également retenir la réservation pour vous si vous avez besoin de temps pour réfléchir à l'offre ou vous procurer d'autres documents nécessaires pour votre destination (par exemple, un visa).
A:","Ils peuvent également retenir la réservation pour vous si vous avez besoin de temps pour réfléchir à l'offre ou vous procurer d'autres documents nécessaires pour votre destination (par exemple, un visa).",They can also hold the reservation for you if you need time to think about the offer or procure other documents for your destination (e.g. visa).,"They can also hold your reservation for you if you need time to think about it or if you need more time to think about it (for example, a visa).",39.72575631357417,55.76542709127955,eng_Latn, They can also hold the reservation for you if you need time to think about the offer or procure other documents for your destination (e.g. visa).,39.72575631357417,55.76542709127955,9.375,6.78125,0.65625
"Q: Toute modification ou demande doit cependant être adressée à l’agence de voyages d’abord et non directement à l’hôtel.
A:",Toute modification ou demande doit cependant être adressée à l’agence de voyages d’abord et non directement à l’hôtel.,Any amendments or requests though should be coursed through the travel agent first and not directly with the hotel.,All changes or requests must be sent to the hotel first and not directly to the hotel.,19.86120753926151,43.299249601797015,eng_Latn, Any amendments or requests though should be coursed through the travel agent first and not directly with the hotel.,19.86120753926151,43.299249601797015,8.625,8.875,0.6015625
"Q: Lors de certains festivals de musique, la grande majorité des participants décident de camper sur place, et la plupart considèrent que cela fait partie intégrante de l'expérience.
A:","Lors de certains festivals de musique, la grande majorité des participants décident de camper sur place, et la plupart considèrent que cela fait partie intégrante de l'expérience.","For some festivals, the vast majority of the attendants to music festivals decide to camp on site, and most attendants consider it a vital part of the experience.","Some festivals have a large majority of participants decide to camp on site, and most consider it a part of the experience.",34.3764945905228,57.0298488125917,eng_Latn," For some festivals, the vast majority of the attendants to music festivals decide to camp on site, and most attendants consider it a vital part of the experience.",34.3764945905228,57.0298488125917,3.734375,4.03125,0.8828125
"Q: Si vous voulez participer de près à l'événement musical, vous allez devoir arriver tôt pour trouver un aire de camping bien placée.
A:","Si vous voulez participer de près à l'événement musical, vous allez devoir arriver tôt pour trouver un aire de camping bien placée.",If you want to be close to the action you're going to have to get in early to get a camping site close to the music.,"If you want to participate in the musical event, you will have to arrive early to find a good place to camp.",12.12841170737997,34.849661413365276,eng_Latn, If you want to be close to the action you're going to have to get in early to get a camping site close to the music.,12.12841170737997,34.849661413365276,2.515625,3.734375,0.77734375
"Q: N'oubliez pas que même si les spectacles musicaux sont terminés sur les scènes principales, d'autres spectacles musicaux peuvent se poursuivre jusqu'à tard dans la nuit sur d'autres sites du festival.
A:","N'oubliez pas que même si les spectacles musicaux sont terminés sur les scènes principales, d'autres spectacles musicaux peuvent se poursuivre jusqu'à tard dans la nuit sur d'autres sites du festival.","Remember that even though music on the main stages may have finished, there may be sections of the festival that will keep playing music until late into the night.","Even if the music shows are over, other music shows can continue on the main stage, and other music shows can continue on the other sites of the festival.",8.189996862160193,31.889842890934457,eng_Latn," Remember that even though music on the main stages may have finished, there may be sections of the festival that will keep playing music until late into the night.",8.189996862160193,31.889842890934457,8.875,9.1875,0.65234375
"Q: Certains festivals disposent d'aires de camping spéciales pour les familles avec de jeunes enfants.
A:",Certains festivals disposent d'aires de camping spéciales pour les familles avec de jeunes enfants.,Some festivals have special camping areas for families with young children.,Some festivals have special areas for families with young children.,70.63486135430557,87.06211583177718,eng_Latn, Some festivals have special camping areas for families with young children.,70.63486135430557,87.06211583177718,5.4375,2.265625,0.875
"Q: Si vous traversez le nord de la Baltique en hiver, veillez à vérifier l'emplacement de la cabane, car la traversée de la glace peut provoquer des bruits insupportables au niveau des cabanes les plus exposées.
A:","Si vous traversez le nord de la Baltique en hiver, veillez à vérifier l'emplacement de la cabane, car la traversée de la glace peut provoquer des bruits insupportables au niveau des cabanes les plus exposées.","If crossing the Northern Baltic in winter, check the cabin location, as going through ice causes quite horrible noise for those most affected.","If you cross the northern Baltic coast in winter, be sure to check the location of the cabin, because the passage of the ice can cause unpleasant noises at the most exposed cabin.",6.926705862840073,41.759635633894305,eng_Latn," If crossing the Northern Baltic in winter, check the cabin location, as going through ice causes quite horrible noise for those most affected.",6.926705862840073,41.759635633894305,2.5,2.421875,0.84375
"Q: Les croisières à Saint-Pétersbourg incluent du temps passé dans la ville. Les passagers des croisières sont exemptés de l'obligation de visa (voir les conditions).
A:",Les croisières à Saint-Pétersbourg incluent du temps passé dans la ville. Les passagers des croisières sont exemptés de l'obligation de visa (voir les conditions).,Saint Petersburg cruises include time in town. Cruise passengers are exempted from visa requirements (check the terms).,Les croisières to Saint-Petersburg include time spent in the city. The passangers of the croisières are exempt from the visa (see the conditions).,3.893856923893037,38.463020743350405,eng_Latn, Saint Petersburg cruises include time in town. Cruise passengers are exempted from visa requirements (check the terms).,3.893856923893037,38.463020743350405,11.0625,11.75,0.279296875
"Q: Les casinos font généralement de nombreux efforts pour maximiser le temps et l’argent dépensés par les clients. On y trouve rarement des fenêtres et des horloges, et les sorties peuvent être difficiles à repérer.
A:","Les casinos font généralement de nombreux efforts pour maximiser le temps et l’argent dépensés par les clients. On y trouve rarement des fenêtres et des horloges, et les sorties peuvent être difficiles à repérer.","Casinos typically make many efforts to maximize time and money spent by guests. Windows and clocks are usually absent, and exits can be hard to find.","Casinos usually make a lot of efforts to maximize the time and money spent by the clients. They rarely find windows and watches, and the trips can be difficult to spot.",21.34620996026064,52.52475393576271,eng_Latn," Casinos typically make many efforts to maximize time and money spent by guests. Windows and clocks are usually absent, and exits can be hard to find.",21.34620996026064,52.52475393576271,10.75,10.4375,0.6796875
"Q: Ils proposent généralement des offres spéciales de plats, de boissons et de divertissements afin de maintenir la bonne humeur des invités et de les garder sur place.
A:","Ils proposent généralement des offres spéciales de plats, de boissons et de divertissements afin de maintenir la bonne humeur des invités et de les garder sur place.","They usually have special food, drink and entertainment offers, to keep guests in a good mood, and keep them at the premise.","They offer special offers, drinks, entertainment, and activities to keep the good humbleness of guests and to keep them on site.",6.822498581666249,44.69654221300268,eng_Latn," They usually have special food, drink and entertainment offers, to keep guests in a good mood, and keep them at the premise.",6.822498581666249,44.69654221300268,9.625,9.8125,0.4765625
"Q: Sur certains sites, ce sont les locaux qui proposent gratuitement des boissons alcoolisées. Néanmoins, l'ivresse altère le jugement, et tous les bons joueurs sache que c'est crucial de rester sobre.
A:","Sur certains sites, ce sont les locaux qui proposent gratuitement des boissons alcoolisées. Néanmoins, l'ivresse altère le jugement, et tous les bons joueurs sache que c'est crucial de rester sobre.","Some venues offer alcoholic beverages on the house. However, drunkenness impairs judgement, and all good gamblers know the importance of staying sober.","Some sites offer free drinks. However, the alcohol is not strictly required. However, it is crucial to stay sober.",6.816212149997653,26.98274719138612,eng_Latn," Some venues offer alcoholic beverages on the house. However, drunkenness impairs judgement, and all good gamblers know the importance of staying sober.",6.816212149997653,26.98274719138612,13.4375,10.8125,0.1376953125
"Q: Quiconque se rend en voiture à des latitudes élevées ou franchit des cols de montagne doit envisager la possibilité de neige, de glace ou de températures glaciales.
A:","Quiconque se rend en voiture à des latitudes élevées ou franchit des cols de montagne doit envisager la possibilité de neige, de glace ou de températures glaciales.","Anyone who's going to drive at high latitudes or over mountain passes should consider the possibility of snow, ice, or freezing temperatures.","If you travel to high latitudes or cross the mountains, you should consider the possibility of snow, ice or cold temperatures.",34.09911179186529,58.32490601536836,eng_Latn," Anyone who's going to drive at high latitudes or over mountain passes should consider the possibility of snow, ice, or freezing temperatures.",34.09911179186529,58.32490601536836,2.9375,2.109375,0.6953125
"Q: Sur les routes glacées et enneigées, le frottement est faible et vous ne pouvez pas conduire comme si vous étiez sur l'asphalte nu.
A:","Sur les routes glacées et enneigées, le frottement est faible et vous ne pouvez pas conduire comme si vous étiez sur l'asphalte nu.","On icy and snowy roadways, friction is low and you cannot drive as if you were on bare asphalt.","The snow and ice are soft and you can't drive like you were on the snow and ice, and you can't drive like you were on the snow and ice.",5.558947744927456,32.811109922033424,eng_Latn," On icy and snowy roadways, friction is low and you cannot drive as if you were on bare asphalt.",5.558947744927456,32.811109922033424,14.75,14.0625,0.0244140625
"Q: Pendant les blizzards, il peut tomber en très peu de temps assez de neige pour vous bloquer.
A:","Pendant les blizzards, il peut tomber en très peu de temps assez de neige pour vous bloquer.","During blizzards, enough snow to get you stuck can fall in very little time.","It can fall in a very short time, it can fall in a very short time.",10.934883431625593,27.379977068294398,eng_Latn," During blizzards, enough snow to get you stuck can fall in very little time.",10.934883431625593,27.379977068294398,22.375,19.5,0.003631591796875
"Q: La visibilité peut également être limitée par des chutes de neige ou de la poudrerie ou par la condensation ou la glace sur les vitres des véhicules.
A:",La visibilité peut également être limitée par des chutes de neige ou de la poudrerie ou par la condensation ou la glace sur les vitres des véhicules.,Visibility may also be restricted by falling or blowing snow or by condensation or ice on vehicle windows.,"The visibility can also be limited by snow or fog, or condensation or ice, or snow or fog, or condensation or ice, or snow or fog, or condensation or ice, or snow or fog, or condensation or ice, or snow or fog, or condensation or ice, or snow or fog, or condensation or ice, or snow or fog, or condensation or ice, or snow or fog, or condensation or ice, or snow or fog, or condensation or ice, or snow or fog",3.880187674487934,26.15044316798582,eng_Latn, Visibility may also be restricted by falling or blowing snow or by condensation or ice on vehicle windows.,3.880187674487934,26.15044316798582,17.25,17.875,-0.03173828125
"Q: D'autre part, la présence de glace et de neige est normale dans de nombreux pays, et la circulation est pratiquement ininterrompue toute l'année.
A:","D'autre part, la présence de glace et de neige est normale dans de nombreux pays, et la circulation est pratiquement ininterrompue toute l'année.","On the other hand, icy and snowy conditions are normal in many countries, and traffic goes on mostly uninterrupted all year round.","The presence of ice and snow is normal in many countries, and the circulation is almost non-stop all year round.",25.151162303182197,46.15953662764509,eng_Latn," On the other hand, icy and snowy conditions are normal in many countries, and traffic goes on mostly uninterrupted all year round.",25.151162303182197,46.15953662764509,3.609375,3.359375,0.9765625
"Q: Les safaris sont peut-être le plus grand attrait touristique en Afrique et le moment le plus marquant pour de nombreux visiteurs.
A:",Les safaris sont peut-être le plus grand attrait touristique en Afrique et le moment le plus marquant pour de nombreux visiteurs.,Safaris are perhaps the greatest tourism draw in Africa and the highlight for many visitors.,Safari tours are probably the most popular tourist attraction in Africa and the most significant moment for many visitors is the most significant moment for many visitors.,16.261055653267345,46.019887420433534,eng_Latn, Safaris are perhaps the greatest tourism draw in Africa and the highlight for many visitors.,16.261055653267345,46.019887420433534,7.75,8.0625,0.1064453125
"Q: Dans le langage courant, le terme « safari » désigne une excursion sur la terre africaine, et en particulier dans la savane, ayant pour but d'assister au spectacle saisissant des animaux sauvages dans leur milieu.
A:","Dans le langage courant, le terme « safari » désigne une excursion sur la terre africaine, et en particulier dans la savane, ayant pour but d'assister au spectacle saisissant des animaux sauvages dans leur milieu.","The term safari in popular use refers to overland travel to view the stunning African wildlife, particularly on savanna.","The term ""safari"" refers to an excursion on the African continent, and in particular in the savanna, and in particular in the savannas, which are characterized by the spectacle of animals that are wild in their environment, and in particular in the savanna, and in particular in the savannas, which are characterized by the spectacle of animals that are wild in their environment, and in particular in the savannas, which are characterized by the spectacle of animals that are wild in their environment",2.0623000753792713,24.925332065521893,eng_Latn," The term safari in popular use refers to overland travel to view the stunning African wildlife, particularly on savanna.",2.0623000753792713,24.925332065521893,23.125,22.875,0.004974365234375
"Q: Certains animaux, tels que les éléphants et les girafes, ont tendance à s’approcher de près des voitures et l’équipement standard permet de bien les observer.
A:","Certains animaux, tels que les éléphants et les girafes, ont tendance à s’approcher de près des voitures et l’équipement standard permet de bien les observer.","Some animals, such as elephants and giraffes, tend to approach closely to cars and standard equipment will allow good viewing.","Some animals, such as elephants and giraffes, tend to approach cars and the standard equipment is well-known to observe them.",55.06716057974677,70.16497953718093,eng_Latn," Some animals, such as elephants and giraffes, tend to approach closely to cars and standard equipment will allow good viewing.",55.06716057974677,70.16497953718093,5.75,4.9375,0.5703125
"Q: Les lions, les guépards et les léopards sont parfois timides et vous les verrez mieux avec des jumelles.
A:","Les lions, les guépards et les léopards sont parfois timides et vous les verrez mieux avec des jumelles.","Lions, cheetahs and leopards are sometimes shy and you will see them better with binoculars.","Lions, leopards, leopards and leopards are sometimes timid and you will see them better with binoculars.",57.133538369875815,79.01995568260037,eng_Latn," Lions, cheetahs and leopards are sometimes shy and you will see them better with binoculars.",57.133538369875815,79.01995568260037,5.9375,6.28125,0.232421875
"Q: Un safari à pied (également appelé « marche en brousse », « safari pédestre » ou « footing ») consiste à faire de la randonnée, soit pendant quelques heures, soit pendant plusieurs jours.
A:","Un safari à pied (également appelé « marche en brousse », « safari pédestre » ou « footing ») consiste à faire de la randonnée, soit pendant quelques heures, soit pendant plusieurs jours.","A walking safari (also called a ""bush walk"", ""hiking safari"", or going ""footing"") consists of hiking, either for a few hours or several days.","A safari (also called “footing”) is a walk, or a hike, for example, is a walk, or a hike, for example, is a walk, or a hike, for example, is a walk, or a hike, for example, is a walk, or a hike, for example, is a walk, or a hike, for example, is a walk, or a hike, for example, is a walk, or a hike, for example, is a walk",4.206410463732404,23.717023214804044,eng_Latn," A walking safari (also called a ""bush walk"", ""hiking safari"", or going ""footing"") consists of hiking, either for a few hours or several days.",4.206410463732404,23.717023214804044,16.0,20.0,-0.03955078125
"Q: Les paralympiques se tiendront du 24 août au 5 septembre 2021. Certains événements se tiendront dans d’autres localisations à travers le Japon.
A:",Les paralympiques se tiendront du 24 août au 5 septembre 2021. Certains événements se tiendront dans d’autres localisations à travers le Japon.,The Paralympics will take place from 24 August to 5 September 2021. Some events will be held in other locations throughout Japan.,The paralympians will be held from 24 août to 5 septembre 2021. Some events will be held in other locations around Japan.,39.60970942970262,61.077056033194424,eng_Latn, The Paralympics will take place from 24 August to 5 September 2021. Some events will be held in other locations throughout Japan.,39.60970942970262,61.077056033194424,6.875,7.4375,0.45703125
"Q: Tokyo sera la seule ville asiatique à avoir accueilli deux Jeux olympiques d'été, après avoir accueilli les Jeux en 1964.
A:","Tokyo sera la seule ville asiatique à avoir accueilli deux Jeux olympiques d'été, après avoir accueilli les Jeux en 1964.","Tokyo will be the only Asian city to have hosted two summer Olympics, having hosted the games in 1964.","Tokyo will be the only city to have hosted two Olympic Games, after having hosted the Olympics in 1964, after having hosted the Olympics in 1964.",37.73656939703193,67.0210277322939,eng_Latn," Tokyo will be the only Asian city to have hosted two summer Olympics, having hosted the games in 1964.",37.73656939703193,67.0210277322939,6.65625,6.53125,0.068359375
"Q: Si vous avez réservé vos vols et votre hébergement en 2020 avant l'annonce du report, vous risquez d'être confronté à une situation délicate.
A:","Si vous avez réservé vos vols et votre hébergement en 2020 avant l'annonce du report, vous risquez d'être confronté à une situation délicate.","If you booked your flights and accommodation for 2020 before the postponement was announced, you may have a tricky situation.","If you have booked your flights and your accommodation in 2020, you may be facing a difficult situation.",25.675077590956896,49.98220581014652,eng_Latn," If you booked your flights and accommodation for 2020 before the postponement was announced, you may have a tricky situation.",25.675077590956896,49.98220581014652,6.65625,5.0,0.7109375
"Q: Les politiques d'annulation varient, mais à partir de fin mars, la plupart des politiques d'annulation basées sur les coronavirus ne s'étendent pas jusqu'en juillet 2020, date à laquelle les Jeux olympiques avaient été prévus.
A:","Les politiques d'annulation varient, mais à partir de fin mars, la plupart des politiques d'annulation basées sur les coronavirus ne s'étendent pas jusqu'en juillet 2020, date à laquelle les Jeux olympiques avaient été prévus.","Cancellation policies vary, but as of late March most coronavirus-based cancellation policies don't extend to July 2020, when the Olympics had been scheduled.","The policies of cancellation vary, but most of the policies of cancellation are based on the coronavirus, and from the end of March, most of the policies of cancellation are not extended until the end of March, when the Olympic Games were scheduled to be held.",6.056805279232473,47.80849788632973,eng_Latn," Cancellation policies vary, but as of late March most coronavirus-based cancellation policies don't extend to July 2020, when the Olympics had been scheduled.",6.056805279232473,47.80849788632973,10.25,11.3125,0.69921875
"Q: On s'attend à ce que la plupart des billets d'événements coûtent entre 2 500 et 130 000 yens, les billets typiques coûtant environ 7 000 yens.
A:","On s'attend à ce que la plupart des billets d'événements coûtent entre 2 500 et 130 000 yens, les billets typiques coûtant environ 7 000 yens.","It's expected that most event tickets will cost between ¥2,500 and ¥130,000, with typical tickets costing around ¥7,000.","The majority of tickets for events cost between 2 500 and 130 000 yens, the tickets typically cost between 7 000 and 130 000 yens. The tickets typically cost between 2 500 and 130 000 yens. The tickets typically cost between 2 500 and 130 000 yens. The tickets typically cost between",2.0618811653974776,28.082709826392556,eng_Latn," It's expected that most event tickets will cost between ¥2,500 and ¥130,000, with typical tickets costing around ¥7,000.",2.0618811653974776,28.082709826392556,22.125,23.0,0.00872802734375
"Q: En repassant les vêtements humides, on peut les faire sécher plus facilement. De nombreux hôtels disposent d'un fer et d'une planche à repasser qui peuvent être prêtés, même s'il n'y en a pas dans les chambres.
A:","En repassant les vêtements humides, on peut les faire sécher plus facilement. De nombreux hôtels disposent d'un fer et d'une planche à repasser qui peuvent être prêtés, même s'il n'y en a pas dans les chambres.","Ironing damp clothes can help them dry. Many hotels have an iron and ironing board available for loan, even if one is not present in the room.","If you're passing clothes, you can dry them more easily. Many hotels have a hanger and a hanger that can be used, even if there aren't any in the room.",15.14884351726987,38.95092143290733,eng_Latn," Ironing damp clothes can help them dry. Many hotels have an iron and ironing board available for loan, even if one is not present in the room.",15.14884351726987,38.95092143290733,14.3125,15.5,0.328125
"Q: Si vous n'avez pas de fer à repasser ou si vous n'avez pas envie de porter des chaussettes repassées, vous pouvez essayer d'utiliser un sèche-cheveux, si vous en trouvez un.
A:","Si vous n'avez pas de fer à repasser ou si vous n'avez pas envie de porter des chaussettes repassées, vous pouvez essayer d'utiliser un sèche-cheveux, si vous en trouvez un.","If an iron isn't available, or if you don't fancy wearing ironed socks, then you can try using a hairdryer, if available.","If you don't have a hairdryer or if you don't want to wear a hat, you can try using a hairdryer, if you find one.",41.056385145692815,46.24338692809176,eng_Latn," If an iron isn't available, or if you don't fancy wearing ironed socks, then you can try using a hairdryer, if available.",41.056385145692815,46.24338692809176,15.125,16.875,0.5625
"Q: Évitez de ne pas laisser le tissu surchauffer (ce qui peut causer son rétrécissement ou dans les cas extrêmes, le brûler).
A:","Évitez de ne pas laisser le tissu surchauffer (ce qui peut causer son rétrécissement ou dans les cas extrêmes, le brûler).","Be careful not to allow fabric to become too hot (which can cause shrinkage, or in extreme cases, scorch).","Avoid not to leave the fabric on the heat (this can cause it to shrink or in extreme cases, it can burn).",22.78371390626513,41.612628983344344,eng_Latn," Be careful not to allow fabric to become too hot (which can cause shrinkage, or in extreme cases, scorch).",22.78371390626513,41.612628983344344,5.1875,5.5,0.87109375
"Q: Il existe différentes méthodes de purification de l'eau, dont certaines sont plus efficaces contre des menaces spécifiques.
A:","Il existe différentes méthodes de purification de l'eau, dont certaines sont plus efficaces contre des menaces spécifiques.","There are different ways of purifying water, some more effective against specific threats.","There are different methods of purification of water, including some are more effective against specific threats. Some are more effective against specific threats.",28.190471507804123,67.13803719495802,eng_Latn," There are different ways of purifying water, some more effective against specific threats.",28.190471507804123,67.13803719495802,13.4375,10.8125,0.11767578125
"Q: Dans certaines localités, il suffit de faire bouillir l'eau pendant une minute ; dans d'autres, il faut le faire pendant plusieurs minutes.
A:","Dans certaines localités, il suffit de faire bouillir l'eau pendant une minute ; dans d'autres, il faut le faire pendant plusieurs minutes.","In some areas boiling water for a minute is enough, in others several minutes are needed.","In some places, it's enough to boil the water for a minute; in other places, it's enough to boil for a minute.",10.04877071264788,43.0087288703375,eng_Latn," In some areas boiling water for a minute is enough, in others several minutes are needed.",10.04877071264788,43.0087288703375,16.875,16.125,0.61328125
"Q: L’efficacité des filtres varie, et si vous avez un souci, vous devriez envisager d’acheter votre eau dans une bouteille scellée auprès d’une entreprise réputée.
A:","L’efficacité des filtres varie, et si vous avez un souci, vous devriez envisager d’acheter votre eau dans une bouteille scellée auprès d’une entreprise réputée.","Filters vary in effectiveness, and should you have a concern, then you should consider buying your water in a sealed bottle from a reputable company.","The efficiency of filters varies, and if you have a problem, you should consider buying your water in a bottle from a reputable company.",46.237227491502345,63.965482551062976,eng_Latn," Filters vary in effectiveness, and should you have a concern, then you should consider buying your water in a sealed bottle from a reputable company.",46.237227491502345,63.965482551062976,1.7109375,2.1875,0.89453125
"Q: Les voyageurs peuvent rencontrer des animaux nuisibles qu'ils ne connaissent pas dans leur région d'origine.
A:",Les voyageurs peuvent rencontrer des animaux nuisibles qu'ils ne connaissent pas dans leur région d'origine.,Travellers may encounter animal pests that they are not familiar with in their home regions.,The travelers can meet animals that they do not know that they do not know about that they do not know about that they do not know about that they do not know about that they do not know about that they do not know about that they do not know about that they do not know about that they do not know about that they do not know about that they do not know about that they do not know about that they do not know about that they do not know about that they do not know about,0.7865243199865805,13.347308385438117,eng_Latn, Travellers may encounter animal pests that they are not familiar with in their home regions.,0.7865243199865805,13.347308385438117,11.125,12.6875,-0.022705078125
"Q: Les parasites peuvent contaminer la nourriture, provoquer des irritations ou, dans les cas les plus graves, provoquer des réactions allergiques, répandre du venin ou transmettre des infections.
A:","Les parasites peuvent contaminer la nourriture, provoquer des irritations ou, dans les cas les plus graves, provoquer des réactions allergiques, répandre du venin ou transmettre des infections.","Pests can spoil food, cause irritation, or in a worse case cause allergic reactions, spread venom, or transmit infections.","Les parasites can infect the food, cause irritation or transmit infections, spread disease or can cause allergic reactions, spread disease or transmit infections.",39.79911905689587,62.10640699605284,eng_Latn," Pests can spoil food, cause irritation, or in a worse case cause allergic reactions, spread venom, or transmit infections.",39.79911905689587,62.10640699605284,15.25,14.375,0.11474609375
"Q: Les maladies infectieuses elles-mêmes, ou les animaux dangereux qui peuvent blesser ou tuer des personnes par la force, ne sont généralement pas considérés comme des parasites.
A:","Les maladies infectieuses elles-mêmes, ou les animaux dangereux qui peuvent blesser ou tuer des personnes par la force, ne sont généralement pas considérés comme des parasites.","Infectious diseases themselves, or dangerous animals that can injure or kill people by force, do not usually qualify as pests.","Les diseases themselves, or animals that can harm or kill themselves, are generally not considered to be parasites.",13.6245584648786,42.1645963454294,eng_Latn," Infectious diseases themselves, or dangerous animals that can injure or kill people by force, do not usually qualify as pests.",13.6245584648786,42.1645963454294,14.0,13.8125,0.396484375
"Q: Dans certaines localités, les boutiques hors taxes présentent une occasion d'acheter des biens exonérés de taxes et de droits d'accise.
A:","Dans certaines localités, les boutiques hors taxes présentent une occasion d'acheter des biens exonérés de taxes et de droits d'accise.",Duty free shopping is the opportunity to buy goods exempted from taxes and excises at certain locations.,"In some places, the boutiques selling goods outside taxes and taxes do not have an occasion to buy them.",5.618923497225256,26.205426534050737,eng_Latn, Duty free shopping is the opportunity to buy goods exempted from taxes and excises at certain locations.,5.618923497225256,26.205426534050737,15.125,14.5625,0.2236328125
"Q: Les voyageurs à destination de pays où les taxes sont élevées peuvent parfois faire des économies considérables, en particulier sur des produits comme les boissons alcoolisées ou le tabac.
A:","Les voyageurs à destination de pays où les taxes sont élevées peuvent parfois faire des économies considérables, en particulier sur des produits comme les boissons alcoolisées ou le tabac.","Travellers bound for countries with heavy taxation can sometimes save a considerable amount of money, especially on products such as alcoholic beverages and tobacco.","The travelers who are traveling to destinations where taxes are high can sometimes save a lot, especially on drinks like alcoholic beverages or tobacco.",23.621076028483333,43.24101630212494,eng_Latn," Travellers bound for countries with heavy taxation can sometimes save a considerable amount of money, especially on products such as alcoholic beverages and tobacco.",23.621076028483333,43.24101630212494,3.859375,4.03125,0.91015625
"Q: Le tronçon entre Point Marion et Fairmont présente les conditions de conduite les plus difficiles sur l’autoroute Buffalo-Pittsburgh, passant fréquemment par des terrains isolés de l’arrière-pays.
A:","Le tronçon entre Point Marion et Fairmont présente les conditions de conduite les plus difficiles sur l’autoroute Buffalo-Pittsburgh, passant fréquemment par des terrains isolés de l’arrière-pays.","The stretch between Point Marion and Fairmont presents the most challenging driving conditions on the Buffalo-Pittsburgh Highway, passing frequently through isolated backwoods terrain.","The section between Point Marion and Fairmont has the most difficult conditions on the Buffalo-Pittsburgh highway, passing frequently through isolated terrain along the Buffalo-Pittsburgh highway.",50.20673805209218,67.04154588800039,eng_Latn," The stretch between Point Marion and Fairmont presents the most challenging driving conditions on the Buffalo-Pittsburgh Highway, passing frequently through isolated backwoods terrain.",50.20673805209218,67.04154588800039,2.78125,2.609375,0.75
"Q: Si vous n'avez pas l'habitude de conduire sur des routes de campagne, gardez l'esprit ouvert : les pentes raides, les voies étroites et les courbes serrées prédominent.
A:","Si vous n'avez pas l'habitude de conduire sur des routes de campagne, gardez l'esprit ouvert : les pentes raides, les voies étroites et les courbes serrées prédominent.","If you're not used to driving on country roads, keep your wits about you: steep grades, narrow lanes, and sharp curves predominate.","If you don't have a car on a road of the countryside, keep your mind open: the steep, narrow, and winding roads, the steep, narrow, and winding roads, the curves are sharp, narrow, and winding roads, the curves are sharp, narrow, and winding roads, the curves are sharp, narrow, and winding roads, the curves are sharp, narrow, and winding roads, the curves are sharp, narrow, and winding roads, the curves are sharp, narrow,",3.1745949109148244,27.26362492659138,eng_Latn," If you're not used to driving on country roads, keep your wits about you: steep grades, narrow lanes, and sharp curves predominate.",3.1745949109148244,27.26362492659138,24.625,24.75,-0.048095703125
"Q: Les limitations de vitesse affichées sont sensiblement plus basses que dans les tronçons précédents et suivants – généralement de 35 à 40 mph (56-64 km/h) – et leur respect strict est encore plus important qu'auparavant.
A:",Les limitations de vitesse affichées sont sensiblement plus basses que dans les tronçons précédents et suivants – généralement de 35 à 40 mph (56-64 km/h) – et leur respect strict est encore plus important qu'auparavant.,Posted speed limits are noticeably lower than in previous and subsequent sections — commonly 35-40 mph (56-64 km/h) — and strict obedience to them is even more important than otherwise.,The limitations of speed displayed are substantially lower than in the previous sections and the strictness of the previous sections is still more important than before.,6.304387425950724,36.52458011757688,eng_Latn, Posted speed limits are noticeably lower than in previous and subsequent sections — commonly 35-40 mph (56-64 km/h) — and strict obedience to them is even more important than otherwise.,6.304387425950724,36.52458011757688,9.625,8.0625,0.6484375
"Q: En revanche, le service mobile est curieusement beaucoup plus fort ici que sur beaucoup d'autres parties de la route, par exemple les Pennsylvania Wilds.
A:","En revanche, le service mobile est curieusement beaucoup plus fort ici que sur beaucoup d'autres parties de la route, par exemple les Pennsylvania Wilds.","Curiously, though, mobile phone service is much stronger here than along many other stretches of the route, e.g. the Pennsylvania Wilds.","The mobile service is surprisingly much more powerful here than on other parts of the road, for example the Pennsylvania Wilds.",15.638553901665924,44.231391741103494,eng_Latn," Curiously, though, mobile phone service is much stronger here than along many other stretches of the route, e.g. the Pennsylvania Wilds.",15.638553901665924,44.231391741103494,4.875,4.3125,0.921875
"Q: Les pâtisseries allemandes sont plutôt bonnes, et en Bavière, elles sont très riches et variées, semblables à celles de leur voisin du sud, l'Autriche.
A:","Les pâtisseries allemandes sont plutôt bonnes, et en Bavière, elles sont très riches et variées, semblables à celles de leur voisin du sud, l'Autriche.","German pastries are quite good, and in Bavaria, are quite rich and varied, similar to those of their southern neighbor, Austria.","The German pâtisseries are generally good, and in Bavaria, they are very rich and varied, similar to those of their neighbor, the Sud, they are very rich and varied, similar to those of their neighbor, the Sud, they are very rich and varied, similar to those of their neighbor, the Sud, they are very rich and varied, similar to those of their neighbor, the Sud, they are very rich and varied, similar to those of their neighbor, the Sud, they are",14.198471855187861,44.02436891024063,eng_Latn," German pastries are quite good, and in Bavaria, are quite rich and varied, similar to those of their southern neighbor, Austria.",14.198471855187861,44.02436891024063,24.625,25.0,-0.02685546875
"Q: Les pâtisseries aux fruits y sont habituelles : des pommes sont cuites et cuisinées en pâtisserie toute l'année, tandis que cerises et prunes pointent le bout de leur nez en été.
A:","Les pâtisseries aux fruits y sont habituelles : des pommes sont cuites et cuisinées en pâtisserie toute l'année, tandis que cerises et prunes pointent le bout de leur nez en été.","Fruit pastries are common, with apples cooked into pastries year round, and cherries and plums making their appearances during the summer.","The pâtisseries are usually familiar : they are often made with fruits like apples are cooked and baked all year round, while cherries and prunes point out the nose in the summer, and peaches and plums are often made with apples.",8.298297183152211,44.36659809159963,eng_Latn," Fruit pastries are common, with apples cooked into pastries year round, and cherries and plums making their appearances during the summer.",8.298297183152211,44.36659809159963,13.5625,14.3125,0.439453125
"Q: De nombreux produits de boulangerie allemands contiennent également des amandes, des noisettes et d’autres noix. Les gâteaux populaires se marient souvent particulièrement bien avec une tasse de café serré.
A:","De nombreux produits de boulangerie allemands contiennent également des amandes, des noisettes et d’autres noix. Les gâteaux populaires se marient souvent particulièrement bien avec une tasse de café serré.","Many German baked goods also feature almonds, hazelnuts, and other tree nuts. Popular cakes often pair particularly well with a cup of strong coffee.","The popular German cakes often contain amethysts, nuts and other nuts. The popular German cakes often mix well with a cup of coffee.",19.474240625992074,41.513686949198444,eng_Latn," Many German baked goods also feature almonds, hazelnuts, and other tree nuts. Popular cakes often pair particularly well with a cup of strong coffee.",19.474240625992074,41.513686949198444,15.375,16.0,0.4765625
"Q: Si vous voulez de petites mais copieuses pâtisseries, essayez les boules de Berlin, aussi appelées Berliner, Pfannkuchen ou Krapfen selon les régions.
A:","Si vous voulez de petites mais copieuses pâtisseries, essayez les boules de Berlin, aussi appelées Berliner, Pfannkuchen ou Krapfen selon les régions.","If you want some small though rich pastries, try what depending on region are called Berliner, Pfannkuchen or Krapfen.","If you want to make small but delicious but very small but very tasty cakes, try the Berlin, Pfannkuchen or Krapfen according to the regions.",28.227983861579556,45.22913119149465,eng_Latn," If you want some small though rich pastries, try what depending on region are called Berliner, Pfannkuchen or Krapfen.",28.227983861579556,45.22913119149465,16.5,16.375,0.043701171875
"Q: Un curry est un plat à base d'herbes et d'épices, accompagné de viande ou de légumes.
A:","Un curry est un plat à base d'herbes et d'épices, accompagné de viande ou de légumes.","A curry is a dish based on herbs and spices, together with either meat or vegetables.","A curry is a dish that is made with herbs and spices, and is served with meat or vegetables, accompanied by meat or vegetables.",37.5703006948677,60.12844222817447,eng_Latn," A curry is a dish based on herbs and spices, together with either meat or vegetables.",37.5703006948677,60.12844222817447,5.09375,5.78125,0.349609375
"Q: Un plat au curry peut être « solide » ou « liquide », selon la quantité de sauce qu'il contient.
A:","Un plat au curry peut être « solide » ou « liquide », selon la quantité de sauce qu'il contient.","A curry can be either ""dry"" or ""wet"" depending on the amount of liquid.","A curry can be ""solid"" or ""liquid"" depending on the amount of sauce it contains.",43.64460225519446,63.17443470956626,eng_Latn," A curry can be either ""dry"" or ""wet"" depending on the amount of liquid.",43.64460225519446,63.17443470956626,2.078125,2.796875,0.76171875
"Q: Dans les régions intérieures du nord de l'Inde et du Pakistan, le yaourt est couramment utilisé dans les currys ; dans le sud de l'Inde et certaines autres régions côtières du sous-continent, le lait de coco est couramment utilisé.
A:","Dans les régions intérieures du nord de l'Inde et du Pakistan, le yaourt est couramment utilisé dans les currys ; dans le sud de l'Inde et certaines autres régions côtières du sous-continent, le lait de coco est couramment utilisé.","In inland regions of Northern India and Pakistan, yogurt is commonly used in curries; in Southern India and some other coastal regions of the subcontinent, coconut milk is commonly used.","The yak is commonly used in the interior regions of India and Pakistan, the yak is often used in the south of India and some other regions of India and Pakistan, the yak is often used in the south of India and some other regions of India and Pakistan.",18.4048711500532,46.02282906203157,eng_Latn," In inland regions of Northern India and Pakistan, yogurt is commonly used in curries; in Southern India and some other coastal regions of the subcontinent, coconut milk is commonly used.",18.4048711500532,46.02282906203157,22.125,22.625,0.0113525390625
"Q: L'Indonésie comptant 17 000 îles, la cuisine indonésienne est un terme générique qui couvre une grande variété de cuisines régionales présentes dans tout le pays.
A:","L'Indonésie comptant 17 000 îles, la cuisine indonésienne est un terme générique qui couvre une grande variété de cuisines régionales présentes dans tout le pays.","With 17,000 islands to choose from, Indonesian food is an umbrella term covering a vast variety of regional cuisines found across the nation.","The Indonésie is a country with 17 000 îles, the cuisine of Indonésie is a general term that covers a wide range of cuisines, and the cuisine of Indonésie is a general term that covers a wide range of cuisines.",3.424274860734098,23.547822023699148,eng_Latn," With 17,000 islands to choose from, Indonesian food is an umbrella term covering a vast variety of regional cuisines found across the nation.",3.424274860734098,23.547822023699148,20.5,17.125,-0.009765625
"Q: Toutefois, lorsque ce terme est utilisé sans autre qualificatif, il tend à désigner les aliments provenant des parties centrale et orientale de l'île principale de Java.
A:","Toutefois, lorsque ce terme est utilisé sans autre qualificatif, il tend à désigner les aliments provenant des parties centrale et orientale de l'île principale de Java.","But, if used without further qualifiers, the term tends to mean the food originally from the central and eastern parts of the main island Java.","The term ""however,"" when used without any other qualifier, it tends to denote the food that comes from the central and eastern part of Java.",22.104342121432055,52.420165620737194,eng_Latn," But, if used without further qualifiers, the term tends to mean the food originally from the central and eastern parts of the main island Java.",22.104342121432055,52.420165620737194,6.375,5.96875,0.83984375
"Q: Maintenant, largement disponible dans tout l’archipel, la cuisine javanaise propose un éventail de plats simplement assaisonnés, les saveurs prédominantes que les Javanais privilégient étant les cacahuètes, les piments, le sucre (en particulier le sucre de coco javanais) et diverses épices aromatiques.
A:","Maintenant, largement disponible dans tout l’archipel, la cuisine javanaise propose un éventail de plats simplement assaisonnés, les saveurs prédominantes que les Javanais privilégient étant les cacahuètes, les piments, le sucre (en particulier le sucre de coco javanais) et diverses épices aromatiques.","Now widely available throughout the archipelago, Javanese cuisine features an array of simply seasoned dishes, the predominant flavorings the Javanese favor being peanuts, chillies, sugar (especially Javanese coconut sugar) and various aromatic spices.","The cuisine of today is widely available in all the Javanais, and the flavors that the Javanais prefer are the cacahuètes, the piments, the spices (especially the spices) that the Javanais prefer are the cacahuètes, the piments, the spices that the Javanais prefer are the cacahuètes, the piments, the spices that the Javanais prefer are the cacahuètes, the piments, the spices that the Javanais prefer are the cacahuètes,",4.4066541855793,29.176957901370372,eng_Latn," Now widely available throughout the archipelago, Javanese cuisine features an array of simply seasoned dishes, the predominant flavorings the Javanese favor being peanuts, chillies, sugar (especially Javanese coconut sugar) and various aromatic spices.",4.4066541855793,29.176957901370372,23.5,24.375,-0.01287841796875
"Q: Les étriers sont des appuis pour les pieds du cavalier, qui pendent de chaque côté de la selle.
A:","Les étriers sont des appuis pour les pieds du cavalier, qui pendent de chaque côté de la selle.",Stirrups are supports for the rider's feet that hang down on either side of the saddle.,"The straps are for the feet of the horse, which are attached to the saddle, which is attached to the saddle.",14.776306152678009,32.20093266838112,eng_Latn, Stirrups are supports for the rider's feet that hang down on either side of the saddle.,14.776306152678009,32.20093266838112,12.9375,13.25,0.034912109375
"Q: Ils offrent une plus grande stabilité à l'utilisateur, mais ils peuvent poser un problème de sécurité : en effet, les pieds de l'utilisateur peuvent y rester coincés.
A:","Ils offrent une plus grande stabilité à l'utilisateur, mais ils peuvent poser un problème de sécurité : en effet, les pieds de l'utilisateur peuvent y rester coincés.",They provide greater stability for the rider but can have safety concerns due to the potential for a rider's feet to get stuck in them.,"They offer a greater stability, but they can pose a problem of security: in fact, they can pose a problem of security: in fact, they can pose a problem of security: in fact, they can pose a problem of security: in fact, they can pose a problem of security: in fact, they can pose a problem of security: in fact, they can pose a problem of security: in fact, they can pose a problem of security: in fact, they can pose a problem",1.690350769811075,18.52214998712084,eng_Latn, They provide greater stability for the rider but can have safety concerns due to the potential for a rider's feet to get stuck in them.,1.690350769811075,18.52214998712084,21.875,23.0,-0.03125
"Q: Si un cavalier est projeté d’un cheval, mais a un pied pris dans l’étrier, il pourrait être traîné si le cheval s’enfuit. Pour minimiser ce risque, un certain nombre de mesures de sécurité peuvent être prises.
A:","Si un cavalier est projeté d’un cheval, mais a un pied pris dans l’étrier, il pourrait être traîné si le cheval s’enfuit. Pour minimiser ce risque, un certain nombre de mesures de sécurité peuvent être prises.","If a rider is thrown from a horse but has a foot caught in the stirrup, they could be dragged if the horse runs away. To minimize this risk, a number of safety precautions can be taken.","A certain number of safety measures can be taken to minimize this risk. For example, a certain number of safety measures can be taken to minimize this risk. For example, a certain number of safety measures can be taken to minimize this risk. For example, a certain number of safety measures can be taken to minimize this risk. For example, a certain number of safety measures can be taken to minimize this risk. For example, a certain number of safety measures can be taken to minimize this risk. For",4.752087872463876,26.585851033533025,eng_Latn," If a rider is thrown from a horse but has a foot caught in the stirrup, they could be dragged if the horse runs away. To minimize this risk, a number of safety precautions can be taken.",4.752087872463876,26.585851033533025,24.75,25.0,-0.01422119140625
"Q: Premièrement, la plupart des cavaliers portent des bottes d'équitation avec un talon et une semelle lisse et assez étroite.
A:","Premièrement, la plupart des cavaliers portent des bottes d'équitation avec un talon et une semelle lisse et assez étroite.","First, most riders wear riding boots with a heel and a smooth, quite narrow, sole.",The majority of equestrians wear boots with a flat sole and a smooth sole.,21.925949220377518,39.274860102658415,eng_Latn," First, most riders wear riding boots with a heel and a smooth, quite narrow, sole.",21.925949220377518,39.274860102658415,7.25,11.0,0.5234375
"Q: Ensuite, certaines selles, notamment les anglaises, ont des barres de sécurité qui permettent à une étrivière de tomber de la selle si elle est tirée vers l'arrière par un cavalier qui tombe.
A:","Ensuite, certaines selles, notamment les anglaises, ont des barres de sécurité qui permettent à une étrivière de tomber de la selle si elle est tirée vers l'arrière par un cavalier qui tombe.","Next, some saddles, particularly English saddles, have safety bars that allow a stirrup leather to fall off the saddle if pulled backwards by a falling rider.","Some of the English saddles, including the English, have bars of safety that allow a saddle to fall if it is pulled toward the back by a cavalier who falls.",18.29313375411119,42.61461476657023,eng_Latn," Next, some saddles, particularly English saddles, have safety bars that allow a stirrup leather to fall off the saddle if pulled backwards by a falling rider.",18.29313375411119,42.61461476657023,11.9375,13.0625,0.36328125
"Q: Vallée de Cochamó – La destination d'excellence pour l'escalade au Chili, connue comme le Yosemite d'Amérique du Sud, avec de nombreuses grandes parois et falaises granitiques différentes.
A:","Vallée de Cochamó – La destination d'excellence pour l'escalade au Chili, connue comme le Yosemite d'Amérique du Sud, avec de nombreuses grandes parois et falaises granitiques différentes.","Cochamó Valley - Chile's premier climbing destination, known as the Yosemite of South America, with a variety of granite big walls and crags.","Vallée de Cochamó – The destination of excellence for the climbing in Chile, known as the Yosemite d'America, with many large walls and granite walls, with different types of granite, and different types of walls.",19.42244609821277,49.31068726487586,eng_Latn," Cochamó Valley - Chile's premier climbing destination, known as the Yosemite of South America, with a variety of granite big walls and crags.",19.42244609821277,49.31068726487586,8.3125,9.1875,0.162109375
"Q: Du haut des sommets, les panoramas sur les montagnes sont imprenables. Les alpinistes du monde entier ne cessent de découvrir de nouveaux chemins praticables sur les pentes, où les possibilités sont illimitées.
A:","Du haut des sommets, les panoramas sur les montagnes sont imprenables. Les alpinistes du monde entier ne cessent de découvrir de nouveaux chemins praticables sur les pentes, où les possibilités sont illimitées.",Summits include breath-taking views from peaks. Climbers from all parts of the world are continually establishing new routes amongst its endless potential of walls.,The views from the top of the mountains are breathtaking. The alpinists from around the world continue to discover new paths to be explored on the mountain tops. The alpinists from around the world continue to discover new paths to be explored on the mountain tops.,2.3686440265695596,29.093899646468373,eng_Latn, Summits include breath-taking views from peaks. Climbers from all parts of the world are continually establishing new routes amongst its endless potential of walls.,2.3686440265695596,29.093899646468373,19.875,17.875,0.33984375
"Q: Les sports d'hiver de descente, notamment le ski et le snowboard, sont des sports populaires qui consistent à glisser pour dévaler une piste enneigée avec des skis ou un snowboard attachés aux pieds.
A:","Les sports d'hiver de descente, notamment le ski et le snowboard, sont des sports populaires qui consistent à glisser pour dévaler une piste enneigée avec des skis ou un snowboard attachés aux pieds.","Downhill snowsports, which include skiing and snowboarding, are popular sports involving sliding down snow-covered terrain with skis or a snowboard attached to your feet.","Snowboarding is a popular sport that involves gliding for a descent, such as skiing and snowboarding, and is a popular sport that involves gliding for a descent.",15.942798367578604,36.02298456624902,eng_Latn," Downhill snowsports, which include skiing and snowboarding, are popular sports involving sliding down snow-covered terrain with skis or a snowboard attached to your feet.",15.942798367578604,36.02298456624902,16.125,15.25,0.020751953125
"Q: Le ski est une activité de voyage majeure qui compte de nombreux aficionados, parfois appelés « ski bums », qui organisent leurs vacances entières en fonction du ski dans des endroits spécifiques.
A:","Le ski est une activité de voyage majeure qui compte de nombreux aficionados, parfois appelés « ski bums », qui organisent leurs vacances entières en fonction du ski dans des endroits spécifiques.","Skiing is a major travelling activity with many enthusiasts, occasionally known as ""ski bums,"" planning entire vacations around skiing at a particular location.","Ski is a major activity that counts as a major travel activity that has a significant number of enthusiasts, sometimes called “ski bums”, who organize their vacations, sometimes called “ski bums”, who organize their vacations, and often called “ski bums”, who organize their vacations, and often called “ski bums”, who organize their vacations, and often called “ski bums”, who organize their vacations, and often called “ski bums”, who organize their vacations, and often called “",4.976056090708597,27.907587845983024,eng_Latn," Skiing is a major travelling activity with many enthusiasts, occasionally known as ""ski bums,"" planning entire vacations around skiing at a particular location.",4.976056090708597,27.907587845983024,20.875,21.5,-0.04638671875
"Q: L'idée de skier est très ancienne : des peintures rupestres montrant des skieurs datent pour certaines de 5 000 ans av. J.-C. !
A:",L'idée de skier est très ancienne : des peintures rupestres montrant des skieurs datent pour certaines de 5 000 ans av. J.-C. !,The idea of skiing is very old — cave paintings depicting skiers date back as far as 5000 BC!,"The idea of skiing is very old: it dates back to the time when it was very ancient: from 5,000 to 5000 years ago. !",24.636643452542216,41.03912478220948,eng_Latn, The idea of skiing is very old — cave paintings depicting skiers date back as far as 5000 BC!,24.636643452542216,41.03912478220948,10.125,8.0,0.26171875
"Q: La pratique du ski alpin en tant que sport remonte au moins au XVIIe siècle ; le premier club de ski de loisirs a été fondé en 1861 en Australie par des Norvégiens.
A:",La pratique du ski alpin en tant que sport remonte au moins au XVIIe siècle ; le premier club de ski de loisirs a été fondé en 1861 en Australie par des Norvégiens.,"Downhill skiing as a sport goes back to at least the 17th century, and in 1861 the first recreational ski club was opened by Norwegians in Australia.","The ski mountaineering as a sport has been around since at least the 17th century, and the first ski mountaineering club was founded in 1861 in Australia.",29.692029297205615,53.75546093038734,eng_Latn," Downhill skiing as a sport goes back to at least the 17th century, and in 1861 the first recreational ski club was opened by Norwegians in Australia.",29.692029297205615,53.75546093038734,5.65625,6.8125,0.484375
"Q: Randonnée à skis : cette activité est aussi appelée ski nordique, ski de fond ou ski de randonnée.
A:","Randonnée à skis : cette activité est aussi appelée ski nordique, ski de fond ou ski de randonnée.","Backpacking by ski: This activity is also called backcountry ski, ski touring or ski hiking.","This is called skiing in the winter, ski nordic, or ski de fond, or ski of the winter.",5.730439214693396,24.08581390770163,eng_Latn," Backpacking by ski: This activity is also called backcountry ski, ski touring or ski hiking.",5.730439214693396,24.08581390770163,13.1875,14.4375,0.1396484375
"Q: Cela ressemble au ski de randonnée de type alpin, ainsi qu'à l'alpinisme, sans toutefois incorporer en général ces activités, qui se pratiquent sur des terrains accidentés et qui exigent l'utilisation de skis et de bottes beaucoup plus rigides.
A:","Cela ressemble au ski de randonnée de type alpin, ainsi qu'à l'alpinisme, sans toutefois incorporer en général ces activités, qui se pratiquent sur des terrains accidentés et qui exigent l'utilisation de skis et de bottes beaucoup plus rigides.","It is related to but usually not involving alpine style ski touring or mountaineering, the latter ones done in steep terrain and requiring much stiffer skis and boots.","This ski is similar to the ski of the alpine, this ski is not necessarily alpine, without including general alpine activities, which require skis and boots a lot more rigid, which requires a lot more rigid, which requires a lot more rigid, which requires a lot more rigid, which requires a lot more rigid, which requires a lot more rigid, which requires a lot more rigid, which requires a lot more rigid, which requires a lot more rigid, which requires a lot more rigid, which requires a",3.881337163860486,20.17664480003882,eng_Latn," It is related to but usually not involving alpine style ski touring or mountaineering, the latter ones done in steep terrain and requiring much stiffer skis and boots.",3.881337163860486,20.17664480003882,23.25,24.375,-0.01708984375
"Q: Pensez à l'itinéraire de ski comme à un itinéraire de randonnée similaire.
A:",Pensez à l'itinéraire de ski comme à un itinéraire de randonnée similaire.,Think of the skiing route as of a similar hiking route.,Think about the ski route as a similar route to a ski route.,11.69881298948059,46.13847508671096,eng_Latn, Think of the skiing route as of a similar hiking route.,11.69881298948059,46.13847508671096,14.25,13.625,0.10400390625
"Q: Dans de bonnes conditions, vous pourrez parcourir des distances un peu plus grandes qu'à pied – mais vous n'atteindrez que très rarement les vitesses du ski de fond sans un sac à dos lourd sur des pistes damées.
A:","Dans de bonnes conditions, vous pourrez parcourir des distances un peu plus grandes qu'à pied – mais vous n'atteindrez que très rarement les vitesses du ski de fond sans un sac à dos lourd sur des pistes damées.",In good conditions you will be able to cover somewhat greater distances than walking – but only very seldom you will get the speeds of cross country skiing without a heavy backpack in groomed tracks.,"You can travel a little farther than on a good day, but you will only reach the speed of walking on a good day if you don't wear a heavy backpack.",7.118780923194612,28.43272177121942,eng_Latn, In good conditions you will be able to cover somewhat greater distances than walking – but only very seldom you will get the speeds of cross country skiing without a heavy backpack in groomed tracks.,7.118780923194612,28.43272177121942,15.3125,13.9375,0.2470703125
"Q: L'Europe est un continent relativement petit, mais comportant de nombreux pays indépendants. Dans des circonstances classiques, voyager à travers plusieurs pays implique donc de devoir procéder à plusieurs demandes de visa et de subir plusieurs vérifications de passeport.
A:","L'Europe est un continent relativement petit, mais comportant de nombreux pays indépendants. Dans des circonstances classiques, voyager à travers plusieurs pays implique donc de devoir procéder à plusieurs demandes de visa et de subir plusieurs vérifications de passeport.","Europe is a continent that is relatively small but with many independent countries. Under normal circumstances, travelling through multiple countries would mean having to go through visa applications and passport control multiple times.","The European continent is relatively small, but it has a number of independent countries. In a typical situation, traveling through several countries requires you to undergo several visa and undergo several checks of passport.",9.889191626443733,42.010770144605196,eng_Latn," Europe is a continent that is relatively small but with many independent countries. Under normal circumstances, travelling through multiple countries would mean having to go through visa applications and passport control multiple times.",9.889191626443733,42.010770144605196,4.25,4.6875,0.8828125
"Q: L’espace Schengen, cependant, fonctionne un peu comme un seul pays à cet égard.
A:","L’espace Schengen, cependant, fonctionne un peu comme un seul pays à cet égard.","The Schengen zone, however, works somewhat like one country in this respect.","The Schengen area, however, works a little like a single country in this regard.",24.26438274389041,57.625886019094985,eng_Latn," The Schengen zone, however, works somewhat like one country in this respect.",24.26438274389041,57.625886019094985,1.8359375,1.6640625,0.99609375
"Q: Tant que vous restez dans cette zone, vous pouvez généralement traverser les frontières sans repasser par les points de contrôle des passeports.
A:","Tant que vous restez dans cette zone, vous pouvez généralement traverser les frontières sans repasser par les points de contrôle des passeports.","As long as you stay in this zone, you can generally cross borders without going through passport control checkpoints again.",You can usually pass through the border without crossing the border without repassng the points of control.,2.140302754465299,30.333518877514937,eng_Latn," As long as you stay in this zone, you can generally cross borders without going through passport control checkpoints again.",2.140302754465299,30.333518877514937,14.25,13.3125,0.10009765625
"Q: De même, en ayant un visa Schengen, vous n'avez pas besoin de demander séparément un visa pour chacun des pays membres de l'espace, ce qui permet d'économiser du temps, de l'argent et des formalités administratives.
A:","De même, en ayant un visa Schengen, vous n'avez pas besoin de demander séparément un visa pour chacun des pays membres de l'espace, ce qui permet d'économiser du temps, de l'argent et des formalités administratives.","Similarly, by having a Schengen visa, you do not need to apply for visas to each of the Schengen member countries separately, hence saving time, money and paperwork.","In addition, having a Schengen visa, you don't need to ask separately for a visa for each of the members of the Schengen area, this allows you to save time, money and paperwork.",32.72263309043194,60.20576278320126,eng_Latn," Similarly, by having a Schengen visa, you do not need to apply for visas to each of the Schengen member countries separately, hence saving time, money and paperwork.",32.72263309043194,60.20576278320126,2.21875,2.421875,0.86328125
"Q: Il n'existe pas de définition universelle permettant de déterminer si un objet manufacturé est une antiquité. Certains organismes fiscaux définissent les biens de plus de 100 ans comme des antiquités.
A:",Il n'existe pas de définition universelle permettant de déterminer si un objet manufacturé est une antiquité. Certains organismes fiscaux définissent les biens de plus de 100 ans comme des antiquités.,There is no universal definition for which manufactured items are antiques. Some tax agencies define goods older than 100 years as antiques.,There is no universally accepted definition of antiquities that can be used to determine if an artifact is a historical item. Some governments define antiquities as historical items that are more than 100 years old.,6.722791268893392,46.0411338832553,eng_Latn, There is no universal definition for which manufactured items are antiques. Some tax agencies define goods older than 100 years as antiques.,6.722791268893392,46.0411338832553,4.65625,4.84375,0.84765625
"Q: Les critères varient selon le lieu où l'on se trouve ; dans certaines parties du monde, comme en Amérique du Nord, la limite d'âge peut être inférieure à celle en vigueur en Europe.
A:","Les critères varient selon le lieu où l'on se trouve ; dans certaines parties du monde, comme en Amérique du Nord, la limite d'âge peut être inférieure à celle en vigueur en Europe.","The definition has geographic variations, where the age limit might be shorter in places such as North America than in Europe.","The criteria vary depending on the place where you are located, such as in America, the limit of age may be lower than that in Europe. In America, the limit of age may be lower than that in Europe. In America, the limit of age may be lower than that in Europe. In America, the limit of age may be lower than that in Europe. In America, the limit of",2.739816359750268,29.002011708141595,eng_Latn," The definition has geographic variations, where the age limit might be shorter in places such as North America than in Europe.",2.739816359750268,29.002011708141595,25.0,25.0,0.0103759765625
"Q: Des produits artisanaux peuvent être considérés comme des antiquités, même s’ils sont moins anciens que des produits industriels similaires.
A:","Des produits artisanaux peuvent être considérés comme des antiquités, même s’ils sont moins anciens que des produits industriels similaires.","Handicraft products might be defined as antiques, though they are younger than similar mass-produced goods.","The products are considered to be antiques, even if they are not antiques, they may be considered to be antiques even if they are not antiques.",5.912329024877923,29.489834782605858,eng_Latn," Handicraft products might be defined as antiques, though they are younger than similar mass-produced goods.",5.912329024877923,29.489834782605858,19.75,18.75,-0.00042724609375
"Q: L'élevage de rennes est un moyen de subsistance important chez les Samis et la culture qui entoure ce commerce revêt une grande importance pour beaucoup d'autres professions.
A:",L'élevage de rennes est un moyen de subsistance important chez les Samis et la culture qui entoure ce commerce revêt une grande importance pour beaucoup d'autres professions.,Reindeer husbandry is an important livelihood among the Sámi and the culture surrounding the trade is important also for many with other professions.,The breeding of rennes is a means of subsistence important among the Samis and the culture that surrounds this trade is important for many other professions.,14.631973332919772,54.62290893080966,eng_Latn, Reindeer husbandry is an important livelihood among the Sámi and the culture surrounding the trade is important also for many with other professions.,14.631973332919772,54.62290893080966,7.46875,8.9375,0.9375
"Q: Même si, selon la tradition, tous les Samis n'ont pas été impliqués dans l'élevage de rennes à grande échelle, ils vivaient de la pêche, de la chasse et d'autres activités similaires, tout en utilisant les rennes principalement comme des animaux de trait.
A:","Même si, selon la tradition, tous les Samis n'ont pas été impliqués dans l'élevage de rennes à grande échelle, ils vivaient de la pêche, de la chasse et d'autres activités similaires, tout en utilisant les rennes principalement comme des animaux de trait.","Even traditionally, though, not all Sámi have been involved in big scale reindeer husbandry, but lived from fishing, hunting and similar, having reindeer mostly as draft animals.","Even if, according to tradition, all Samis have not been involved in the breeding of rennes, they lived in the fishing, hunting and other similar activities, they used rennes mainly as animal feed, and they used rennes as animal feed as well as other similar activities, they used rennes mainly as animal feed as well as other similar activities, they used rennes mainly as animal feed as well as other similar activities, they used rennes mainly as animal feed as well as other similar",5.326922472783453,31.96796798189624,eng_Latn," Even traditionally, though, not all Sámi have been involved in big scale reindeer husbandry, but lived from fishing, hunting and similar, having reindeer mostly as draft animals.",5.326922472783453,31.96796798189624,23.5,23.75,-0.0166015625
"Q: De nos jours, de nombreux Sâmes pratiquent des métiers modernes. Le tourisme constitue une importante source de revenus en Laponie, la région sâme.
A:","De nos jours, de nombreux Sâmes pratiquent des métiers modernes. Le tourisme constitue une importante source de revenus en Laponie, la région sâme.","Today many Sámi work in modern trades. Tourism is an important income in Sápmi, the Sámi area.","The modern Sâmes are very popular in Laponie, the region.",3.551400798262938,16.41065678523604,eng_Latn," Today many Sámi work in modern trades. Tourism is an important income in Sápmi, the Sámi area.",3.551400798262938,16.41065678523604,18.75,20.125,0.0185546875
"Q: Bien que très largement utilisé, en particulier chez les non-roms, le terme « Gitan » est souvent considéré comme péjoratif du fait de son association avec des stéréotypes négatifs et une image faussée du peuple rom.
A:","Bien que très largement utilisé, en particulier chez les non-roms, le terme « Gitan » est souvent considéré comme péjoratif du fait de son association avec des stéréotypes négatifs et une image faussée du peuple rom.","Though it is widely used, especially among non-Romani, the word ""Gypsy"" is often considered offensive because of its associations with negative stereotypes and inaccurate perceptions of Romani people.",The term “Gitan” is often considered to be a negative and a misnomer that it is often associated with stereotypes and a misnomer that it is often associated with stereotypes and a misnomer that it is often associated with stereotypes and a misnomer that it is often associated with stereotypes and a misnomer that it is often associated with stereotypes and a misnomer that it is often associated with stereotypes and a misnomer that it is often associated with stereotypes and a mis,3.377836687215157,25.764353673888724,eng_Latn," Though it is widely used, especially among non-Romani, the word ""Gypsy"" is often considered offensive because of its associations with negative stereotypes and inaccurate perceptions of Romani people.",3.377836687215157,25.764353673888724,21.75,22.125,-0.0283203125
"Q: Si le pays dans lequel vous vous rendez fait l'objet d'un avertissement aux voyageurs émis par votre gouvernement, votre assurance santé à l'étranger ou votre assurance annulation voyage peuvent en être affectées.
A:","Si le pays dans lequel vous vous rendez fait l'objet d'un avertissement aux voyageurs émis par votre gouvernement, votre assurance santé à l'étranger ou votre assurance annulation voyage peuvent en être affectées.","If the country you will be visiting becomes subject to a travel advisory, your travel health insurance or your trip cancellation insurance may be affected.","If you are a tourist in a country where you are made aware of a warning issued by your government, your health insurance policy or your health insurance policy can be affected.",7.264643237289332,39.095524974600714,eng_Latn," If the country you will be visiting becomes subject to a travel advisory, your travel health insurance or your trip cancellation insurance may be affected.",7.264643237289332,39.095524974600714,9.625,10.4375,0.1748046875
"Q: Vous pouvez également avoir recours aux conseils d'autres gouvernements que le vôtre, mais leurs conseils sont adaptés à leurs citoyens.
A:","Vous pouvez également avoir recours aux conseils d'autres gouvernements que le vôtre, mais leurs conseils sont adaptés à leurs citoyens.","You may also wish to consult the advice of governments other than your own, but their advice is designed for their citizens.","You can also refer to the advice of other governments that you do not have to rely on, but their advice is suitable for your citizens.",20.457514032327982,51.34972749738542,eng_Latn," You may also wish to consult the advice of governments other than your own, but their advice is designed for their citizens.",20.457514032327982,51.34972749738542,12.6875,12.75,0.376953125
"Q: Comme exemple, les citoyens américains au Moyen-Orient pourraient être confrontés à des situations différentes de celles des Européens ou des Arabes.
A:","Comme exemple, les citoyens américains au Moyen-Orient pourraient être confrontés à des situations différentes de celles des Européens ou des Arabes.","As one example, American citizens in the Middle East might face different situations from Europeans or Arabs.",The American citizens in the Middle East could be confronted with different situations in the Middle East.,26.0033792659131,51.63279361480866,eng_Latn," As one example, American citizens in the Middle East might face different situations from Europeans or Arabs.",26.0033792659131,51.63279361480866,12.75,10.25,0.275390625
"Q: Les avis ne sont qu'un bref résumé de la situation politique d'un pays.
A:",Les avis ne sont qu'un bref résumé de la situation politique d'un pays.,Advisories are merely a brief summary of the political situation in one country.,The opinions are only a brief summary of the situation in a country.,33.55236388170714,56.10245644179387,eng_Latn, Advisories are merely a brief summary of the political situation in one country.,33.55236388170714,56.10245644179387,2.953125,4.625,0.734375
"Q: Les opinions présentées sont souvent superficielles, générales et trop simplifiées par rapport aux informations plus détaillées disponibles ailleurs.
A:","Les opinions présentées sont souvent superficielles, générales et trop simplifiées par rapport aux informations plus détaillées disponibles ailleurs.","The views presented are often cursory, general and oversimplified compared to the more detailed information available elsewhere.","Opinions are often superficial, general and too general to be overly simplified.",8.19140761334698,29.441825827161562,eng_Latn," The views presented are often cursory, general and oversimplified compared to the more detailed information available elsewhere.",8.19140761334698,29.441825827161562,15.1875,13.125,0.42578125
"Q: Le temps violent est le terme générique pour tout phénomène météorologique dangereux susceptible de causer des dommages, de graves bouleversements sociaux ou la perte de vies humaines.
A:","Le temps violent est le terme générique pour tout phénomène météorologique dangereux susceptible de causer des dommages, de graves bouleversements sociaux ou la perte de vies humaines.","Severe weather is the generic term for any dangerous weather phenomenon with the potential to cause damage, serious social disruption, or loss of human life.","The time violent is the term that is generally used to describe a dangerous phenomenon that can cause serious damage, serious damage or death.",8.81764517533091,35.88854616263919,eng_Latn," Severe weather is the generic term for any dangerous weather phenomenon with the potential to cause damage, serious social disruption, or loss of human life.",8.81764517533091,35.88854616263919,10.75,11.8125,0.259765625
"Q: Les conditions météorologiques très défavorables peuvent se produire n'importe où dans le monde, et elles peuvent être de plusieurs sortes, selon les caractéristiques géographiques, topographiques et atmosphériques.
A:","Les conditions météorologiques très défavorables peuvent se produire n'importe où dans le monde, et elles peuvent être de plusieurs sortes, selon les caractéristiques géographiques, topographiques et atmosphériques.","Severe weather can occur anywhere in the world, and there are different types of it, which can depend on geography, topography, and atmospheric conditions.","The conditions that are very unfavorable can occur anywhere in the world, and they can be several types, depending on geographical characteristics, topographic features and atmospheric conditions.",31.73124869958418,58.46737017812577,eng_Latn," Severe weather can occur anywhere in the world, and there are different types of it, which can depend on geography, topography, and atmospheric conditions.",31.73124869958418,58.46737017812577,2.34375,3.6875,0.79296875
"Q: Les vents violents, la grêle, les précipitations excessives et les incendies sont des formes et des effets du temps violent, tout comme les orages, les tornades, les trombes marines et les cyclones.
A:","Les vents violents, la grêle, les précipitations excessives et les incendies sont des formes et des effets du temps violent, tout comme les orages, les tornades, les trombes marines et les cyclones.","High winds, hail, excessive precipitation, and wildfires are forms and effects of severe weather, as are thunderstorms, tornadoes, waterspouts, and cyclones.","The violent winds, the hail, the rain, the floods, the tornados, the storms, and the cyclones are all violent, all of these are all violent, all of these are all violent, all of these are all violent, all of these are all violent, all of these are all violent, all of these are all violent, all of these are all violent, all of these are all violent, all of these are all violent, all of these are all violent, all of these",3.7667030033601923,23.220672798892725,eng_Latn," High winds, hail, excessive precipitation, and wildfires are forms and effects of severe weather, as are thunderstorms, tornadoes, waterspouts, and cyclones.",3.7667030033601923,23.220672798892725,15.25,11.6875,-0.02001953125
"Q: Les phénomènes météorologiques extrêmes, régionaux et saisonniers, incluent les tempêtes de froid, les tempêtes de neige avec vents violents, et les tempêtes de sable ou de poussières.
A:","Les phénomènes météorologiques extrêmes, régionaux et saisonniers, incluent les tempêtes de froid, les tempêtes de neige avec vents violents, et les tempêtes de sable ou de poussières.","Regional and seasonal severe weather phenomena include blizzards, snowstorms, ice storms, and dust storms.","The extratropical cyclones, regional and seasonal weather, include the cold, snowstorms, the snowstorms with strong winds, and the snowstorms with strong winds.",13.297818013585355,45.880531754236834,eng_Latn," Regional and seasonal severe weather phenomena include blizzards, snowstorms, ice storms, and dust storms.",13.297818013585355,45.880531754236834,15.0625,13.1875,0.138671875
"Q: Il est fortement conseillé aux voyageurs de se renseigner sur les risques de mauvais temps pouvant affecter leur région de destination, sachant que cela peut avoir une incidence sur les itinéraires qu'ils envisagent.
A:","Il est fortement conseillé aux voyageurs de se renseigner sur les risques de mauvais temps pouvant affecter leur région de destination, sachant que cela peut avoir une incidence sur les itinéraires qu'ils envisagent.",Travellers are strongly advised to be aware of any risk of severe weather affecting their area as they may affect any travel plans.,"It is strongly recommended to check the weather conditions in your destination, knowing that this can have an impact on your trip, as it can have an impact on your trip.",2.779473872463728,22.057327817172173,eng_Latn, Travellers are strongly advised to be aware of any risk of severe weather affecting their area as they may affect any travel plans.,2.779473872463728,22.057327817172173,5.15625,5.46875,0.1484375
"Q: Quiconque envisage de se rendre dans un pays qui pourrait être considéré comme une zone de guerre devrait recevoir une formation professionnelle.
A:",Quiconque envisage de se rendre dans un pays qui pourrait être considéré comme une zone de guerre devrait recevoir une formation professionnelle.,Anyone planning a visit to a country that could be considered a war zone should get professional training.,Anyone who envisions going to a country that could be considered a zone of war should receive a professional training.,39.24259174695315,68.06488188642328,eng_Latn, Anyone planning a visit to a country that could be considered a war zone should get professional training.,39.24259174695315,68.06488188642328,3.453125,3.171875,1.0
"Q: Une recherche sur internet de « Cours en environnement hostile » fournira probablement l'adresse d'une entreprise locale.
A:",Une recherche sur internet de « Cours en environnement hostile » fournira probablement l'adresse d'une entreprise locale.,A search of the Internet for 'Hostile environment course' will probably provide the address of a local company.,"A search on the internet of ""How to learn about hostile environments"" will probably provide the address of a local business.",31.107972814824386,62.365208943677885,eng_Latn, A search of the Internet for 'Hostile environment course' will probably provide the address of a local company.,31.107972814824386,62.365208943677885,5.875,4.78125,0.70703125
"Q: Un cours couvrira normalement toutes les questions abordées ici de manière beaucoup plus détaillée, généralement avec une expérience pratique.
A:","Un cours couvrira normalement toutes les questions abordées ici de manière beaucoup plus détaillée, généralement avec une expérience pratique.","A course will normally cover all the issues discussed here in far greater detail, usually with practical experience.","The course will be very detailed, usually with a lot more detailed, usually with a lot of experience.",9.473980144281754,37.3395484435874,eng_Latn," A course will normally cover all the issues discussed here in far greater detail, usually with practical experience.",9.473980144281754,37.3395484435874,11.25,10.3125,0.05029296875
"Q: Une formation dure normalement de 2 à 5 jours et comprend des jeux de rôle, beaucoup de premiers secours, et parfois un entraînement au maniement des armes.
A:","Une formation dure normalement de 2 à 5 jours et comprend des jeux de rôle, beaucoup de premiers secours, et parfois un entraînement au maniement des armes.","A course will normally be from 2-5 days and will involve role play, a lot of first aid and sometimes weapons training.","A course lasts normally for 2 to 5 days and includes games of role-playing, a lot of first aid training, and sometimes a physical training, and sometimes a physical training.",18.187597339521155,49.08094840331038,eng_Latn," A course will normally be from 2-5 days and will involve role play, a lot of first aid and sometimes weapons training.",18.187597339521155,49.08094840331038,8.3125,7.1875,0.10205078125
"Q: Les livres et les magazines traitant de la survie en milieu sauvage sont courants, mais les publications traitant des zones de guerre sont peu nombreuses.
A:","Les livres et les magazines traitant de la survie en milieu sauvage sont courants, mais les publications traitant des zones de guerre sont peu nombreuses.","Books and magazines dealing with wilderness survival are common, but publications dealing with war zones are few.","The books and magazines that are concerned with survival in the wild are common, but the publications that are concerned with survival in the wild are rare.",13.382613080002844,48.49572915952798,eng_Latn," Books and magazines dealing with wilderness survival are common, but publications dealing with war zones are few.",13.382613080002844,48.49572915952798,8.1875,8.25,0.6484375
"Q: Les voyageurs qui prévoient une opération de changement de sexe à l'étranger doivent s'assurer d'avoir en leur possession des documents valables pour leur voyage de retour.
A:",Les voyageurs qui prévoient une opération de changement de sexe à l'étranger doivent s'assurer d'avoir en leur possession des documents valables pour leur voyage de retour.,Voyagers planning sex reassignment surgery abroad must ensure they're carrying valid documents for the return trip.,The travelers who plan a change of sex will need to have their passport in their possession when they plan a change of sex abroad.,3.2677968802443296,18.58426804168104,eng_Latn, Voyagers planning sex reassignment surgery abroad must ensure they're carrying valid documents for the return trip.,3.2677968802443296,18.58426804168104,11.8125,11.5625,0.56640625
"Q: La volonté des gouvernements de délivrer des passeports dont le sexe n'est pas indiqué (X) ou des documents mis à jour pour correspondre au nom et au sexe souhaités varie.
A:",La volonté des gouvernements de délivrer des passeports dont le sexe n'est pas indiqué (X) ou des documents mis à jour pour correspondre au nom et au sexe souhaités varie.,The willingness of governments to issue passports with gender not stated (X) or documents updated to match a desired name and gender varies.,The governments of the United States have a variety of passports that are not indicated (X) or documents that are changed for the same reason that the United States have a variety of passports that are not indicated (X).,10.005391875635002,36.640036444336495,eng_Latn, The willingness of governments to issue passports with gender not stated (X) or documents updated to match a desired name and gender varies.,10.005391875635002,36.640036444336495,17.875,17.75,0.0084228515625
"Q: La volonté des gouvernements étrangers d’honorer ces documents est tout aussi variable.
A:",La volonté des gouvernements étrangers d’honorer ces documents est tout aussi variable.,Willingness of foreign governments to honour these documents is just as widely variable.,The governments of foreign countries have also been very variable.,6.546408040611878,36.01657115801247,eng_Latn, Willingness of foreign governments to honour these documents is just as widely variable.,6.546408040611878,36.01657115801247,17.625,15.25,0.0302734375
"Q: Les fouilles aux points de contrôle de sécurité sont également devenues beaucoup plus intrusives dans l’ère de l’après-11 septembre 2001.
A:",Les fouilles aux points de contrôle de sécurité sont également devenues beaucoup plus intrusives dans l’ère de l’après-11 septembre 2001.,"Searches at security checkpoints have also become far more intrusive in the post-September 11, 2001 era.",The points of control of security are becoming more and more intrusive in the era of the post-11 September 2001.,16.777391642180856,45.623687553895984,eng_Latn," Searches at security checkpoints have also become far more intrusive in the post-September 11, 2001 era.",16.777391642180856,45.623687553895984,7.65625,6.71875,0.69140625
"Q: Les personnes transsexuelles en phase préopératoire ne doivent pas s'attendre à passer les scanners en préservant leur vie privée et leur dignité.
A:",Les personnes transsexuelles en phase préopératoire ne doivent pas s'attendre à passer les scanners en préservant leur vie privée et leur dignité.,Pre-operative transgender people should not expect to pass through the scanners with their privacy and dignity intact.,"Les personnes who are transsexuality in preop are not expected to pass the scanners in preop, and they should not expect to pass the scanners in preop.",13.509699346956317,41.71691891301957,eng_Latn, Pre-operative transgender people should not expect to pass through the scanners with their privacy and dignity intact.,13.509699346956317,41.71691891301957,16.25,15.5,-0.01226806640625
"Q: Les courants d'arrachement sont les courants qui reviennent des vagues qui se brisent sur la plage, souvent sur un écueil ou équivalent.
A:","Les courants d'arrachement sont les courants qui reviennent des vagues qui se brisent sur la plage, souvent sur un écueil ou équivalent.","Rip currents are the returning flow from waves breaking off the beach, often at a reef or similar.","The currents of abrasion are the currents that come back from the waves that break on the beach, often on an accident or equivalent.",11.9886810188876,38.084367580676414,eng_Latn," Rip currents are the returning flow from waves breaking off the beach, often at a reef or similar.",11.9886810188876,38.084367580676414,9.75,11.5,0.76953125
"Q: En raison de la topologie sous-marine, le flux de retour est concentré sur quelques sections plus profondes, et un courant rapide vers les eaux profondes peut s’y former.
A:","En raison de la topologie sous-marine, le flux de retour est concentré sur quelques sections plus profondes, et un courant rapide vers les eaux profondes peut s’y former.","Due to the underwater topology the return flow is concentrated at a few deeper sections, and a fast current to deep water may form there.","The bottom-up flux of return is concentrated on the bottom-up flux, and a rapid flow can occur at the bottom-up flux.",8.646634110913993,27.487339766485157,eng_Latn," Due to the underwater topology the return flow is concentrated at a few deeper sections, and a fast current to deep water may form there.",8.646634110913993,27.487339766485157,13.4375,12.9375,-0.018310546875
"Q: Dans la plupart des cas, les décès sont dus à l'épuisement qui résulte d'une tentative de nager à contre-courant, ce qui peut être impossible.
A:","Dans la plupart des cas, les décès sont dus à l'épuisement qui résulte d'une tentative de nager à contre-courant, ce qui peut être impossible.","Most deaths happen as result of fatigue trying to swim back against the current, which may be impossible.","The majority of deaths are due to exhaustion that results from napping, which can be impossible.",10.062635309001745,35.15475458583062,eng_Latn," Most deaths happen as result of fatigue trying to swim back against the current, which may be impossible.",10.062635309001745,35.15475458583062,13.8125,15.5625,0.59375
"Q: Dès que vous sortez du courant, le retour à la nage n'est pas plus difficile que d'habitude.
A:","Dès que vous sortez du courant, le retour à la nage n'est pas plus difficile que d'habitude.","As soon as you get out of the current, swimming back is no more difficult than normally.","As soon as you leave the water, the return to the water is not more difficult than usual.",18.462053544069878,42.68449634571456,eng_Latn," As soon as you get out of the current, swimming back is no more difficult than normally.",18.462053544069878,42.68449634571456,8.1875,7.9375,0.734375
"Q: Essayez de viser un endroit où vous ne serez pas pris à nouveau.  Il est possible également, qu'en fonction de vos compétences et de si vous avez été repéré ou pas, vous voudrez peut-être attendre les secours.
A:","Essayez de viser un endroit où vous ne serez pas pris à nouveau.  Il est possible également, qu'en fonction de vos compétences et de si vous avez été repéré ou pas, vous voudrez peut-être attendre les secours.","Try aiming somewhere where you are not caught again or, depending on your skills and on whether you have been noticed, you might want to wait for rescue.","You can write a place where you will not be taken back. It is possible, that you may not be taken back. You can also write a place where you will not be taken back. It is possible, that you may not be taken back.",2.0207176067551376,20.941735538078824,eng_Latn," Try aiming somewhere where you are not caught again or, depending on your skills and on whether you have been noticed, you might want to wait for rescue.",2.0207176067551376,20.941735538078824,23.25,25.0,0.00152587890625
"Q: Le choc de réinsertion se produit plus tôt que le choc culturel (la phase de lune de miel est moins longue), dure plus longtemps et peut être plus grave.
A:","Le choc de réinsertion se produit plus tôt que le choc culturel (la phase de lune de miel est moins longue), dure plus longtemps et peut être plus grave.","Re-entry shock comes on sooner than culture shock (there's less of a honeymoon phase), lasts longer, and can be more severe.","The shock of reinsertion occurs earlier than the cultural shock (the phase of the moon is less long, lasts longer and can be more severe).",16.86265156023374,48.76230637475906,eng_Latn," Re-entry shock comes on sooner than culture shock (there's less of a honeymoon phase), lasts longer, and can be more severe.",16.86265156023374,48.76230637475906,5.25,6.1875,0.703125
"Q: Les voyageurs qui ont eu du mal à s'adapter à la nouvelle culture ont parfois beaucoup de mal à se réadapter à leur culture d'origine.
A:",Les voyageurs qui ont eu du mal à s'adapter à la nouvelle culture ont parfois beaucoup de mal à se réadapter à leur culture d'origine.,Travellers who had an easy time adjusting to the new culture sometimes have a particularly hard time readjusting to their native culture.,The travelers who had trouble adapting to the new culture often had trouble adapting to their culture of origin.,19.080094553267216,40.51819236766686,eng_Latn, Travellers who had an easy time adjusting to the new culture sometimes have a particularly hard time readjusting to their native culture.,19.080094553267216,40.51819236766686,3.125,5.53125,0.9375
"Q: Quand vous rentrez chez vous après avoir vécu à l'étranger, vous vous êtes déjà adapté à la nouvelle culture et avez perdu certaines habitudes de votre culture d'origine.
A:","Quand vous rentrez chez vous après avoir vécu à l'étranger, vous vous êtes déjà adapté à la nouvelle culture et avez perdu certaines habitudes de votre culture d'origine.","When returning home after living abroad, you've adapted to the new culture and lost some of your habits from your home culture.","You've already adapted to the new culture after you've been in an international hotel, you've already adapted to the new culture and you've lost some of your cultural habits.",26.887618694630056,52.095250980388904,eng_Latn," When returning home after living abroad, you've adapted to the new culture and lost some of your habits from your home culture.",26.887618694630056,52.095250980388904,14.1875,13.5625,0.050048828125
"Q: Au début, lorsque vous vous rendiez à l'étranger, les gens étaient probablement patients et compréhensifs, sachant que les voyageurs dans un nouveau pays doivent s'adapter.
A:","Au début, lorsque vous vous rendiez à l'étranger, les gens étaient probablement patients et compréhensifs, sachant que les voyageurs dans un nouveau pays doivent s'adapter.","When you went abroad at first, people were probably patient and understanding, knowing that travellers in a new country need to adapt.","When you were traveling abroad, people were probably patients and understanding, knowing that travelers in a new country must adapt.",40.447134868244696,72.97575902106392,eng_Latn," When you went abroad at first, people were probably patient and understanding, knowing that travellers in a new country need to adapt.",40.447134868244696,72.97575902106392,6.90625,6.53125,0.76953125
"Q: Les gens n'anticipent peut-être pas que la patience et la compréhension sont aussi nécessaires pour les voyageurs et voyageuses retournant à la maison.
A:",Les gens n'anticipent peut-être pas que la patience et la compréhension sont aussi nécessaires pour les voyageurs et voyageuses retournant à la maison.,People may not anticipate that patience and understanding are also necessary for travellers returning home.,It is not necessary for people to anticipate that the patience and understanding are also necessary for travelers returning to the house.,37.63278728427448,71.58762304447401,eng_Latn, People may not anticipate that patience and understanding are also necessary for travellers returning home.,37.63278728427448,71.58762304447401,10.0,8.9375,0.6171875
"Q: Le spectacle son et lumière à la pyramide constitue l'une des attractions les plus intéressantes de la région pour les enfants.
A:",Le spectacle son et lumière à la pyramide constitue l'une des attractions les plus intéressantes de la région pour les enfants.,The pyramid sound and light show is one of the most interesting things in the area for kids.,The spectacle and light show at the pyramid is one of the most interesting attractions in the region for children.,30.33668865762665,60.640402423159024,eng_Latn, The pyramid sound and light show is one of the most interesting things in the area for kids.,30.33668865762665,60.640402423159024,5.59375,5.625,0.76953125
"Q: Vous pouvez voir les pyramides dans l'obscurité et vous pouvez les voir en silence avant le début du spectacle.
A:",Vous pouvez voir les pyramides dans l'obscurité et vous pouvez les voir en silence avant le début du spectacle.,You can see the pyramids in the dark and you can see them in silence before the show begins.,You can see the pyramids in the dark and you can see them before the start of the spectacle.,66.72247364704383,72.6359760181715,eng_Latn, You can see the pyramids in the dark and you can see them in silence before the show begins.,66.72247364704383,72.6359760181715,7.96875,6.59375,0.89453125
"Q: Habituellement, on entend toujours le bruit des touristes et des vendeurs. L’histoire du son et de la lumière est comme un livre d’histoire.
A:","Habituellement, on entend toujours le bruit des touristes et des vendeurs. L’histoire du son et de la lumière est comme un livre d’histoire.",Usually you always here the sound of tourists and vendors. The story of the sound and light is just like a story book.,The sound of tourists and sellers are always heard and the history of the sound and light is like a book of history.,33.70658553946202,58.86905319430748,eng_Latn, Usually you always here the sound of tourists and vendors. The story of the sound and light is just like a story book.,33.70658553946202,58.86905319430748,5.78125,6.6875,0.83203125
"Q: Le Sphinx est placé comme la toile de fond et le narrateur d'une longue histoire.
A:",Le Sphinx est placé comme la toile de fond et le narrateur d'une longue histoire.,The Sphinx is set as the backdrop and the narrator of a long story.,The Sphinx is placed as the background and the narrator of a long story.,63.85414244951875,77.40061973553026,eng_Latn, The Sphinx is set as the backdrop and the narrator of a long story.,63.85414244951875,77.40061973553026,5.1875,3.859375,0.9765625
"Q: Les scènes sont affichées sur les pyramides et les différentes pyramides sont éclairées.
A:",Les scènes sont affichées sur les pyramides et les différentes pyramides sont éclairées.,The scenes are displayed on the pyramids and the different pyramids are lit up.,The scenes are displayed on the pyramids and the different pyramids are illuminated.,81.51678595510181,88.59063927381763,eng_Latn, The scenes are displayed on the pyramids and the different pyramids are lit up.,81.51678595510181,88.59063927381763,1.5390625,1.4921875,1.0
"Q: Les îles Shetland du Sud, découvertes en 1819, sont revendiquées par plusieurs nations et possèdent le plus grand nombre de stations de recherche et seize d'entre elles sont actives en 2020.
A:","Les îles Shetland du Sud, découvertes en 1819, sont revendiquées par plusieurs nations et possèdent le plus grand nombre de stations de recherche et seize d'entre elles sont actives en 2020.","South Shetland Islands, discovered in 1819, are claimed by several nations and have the most bases, with sixteen active in 2020.","The Shetland Islands, discovered in 1819, are claimed by several nations and are claimed by several nations. The Shetland Islands are claimed by several nations and are claimed by several nations.",34.07320297375408,54.7647020752911,eng_Latn," South Shetland Islands, discovered in 1819, are claimed by several nations and have the most bases, with sixteen active in 2020.",34.07320297375408,54.7647020752911,21.625,20.875,-0.01519775390625
"Q: L’archipel se trouve à 120 km au nord de la péninsule. L’île du Roi-George, avec le village de Villa Las Estrellas, est la plus grande.
A:","L’archipel se trouve à 120 km au nord de la péninsule. L’île du Roi-George, avec le village de Villa Las Estrellas, est la plus grande.",The archipelago lies 120 km north of the Peninsula. The largest is King George Island with the settlement of Villa Las Estrellas.,"The island of La Grande is located 120 km north of the island of La Grande, with the village of Villa Las Estrellas, is the largest.",26.92360258755782,47.136069917146,eng_Latn, The archipelago lies 120 km north of the Peninsula. The largest is King George Island with the settlement of Villa Las Estrellas.,26.92360258755782,47.136069917146,12.0,11.75,0.0810546875
"Q: Autres exemples : l'île de Livingston et de la Déception, où la caldeira inondée d'un volcan encore actif offre un port naturel spectaculaire.
A:","Autres exemples : l'île de Livingston et de la Déception, où la caldeira inondée d'un volcan encore actif offre un port naturel spectaculaire.","Others include Livingston Island, and Deception where the flooded caldera of a still-active volcano provides a spectacular natural harbour.","Other examples: the island of Livingston and the Déception, where the volcano has erupted in the past, and offers a natural port with a spectacular view.",7.633425279798759,40.70727627065527,eng_Latn," Others include Livingston Island, and Deception where the flooded caldera of a still-active volcano provides a spectacular natural harbour.",7.633425279798759,40.70727627065527,6.09375,6.53125,0.51171875
"Q: Ellsworth Land est la région méridionale de la péninsule, délimitée par la mer de Bellingshausen.
A:","Ellsworth Land est la région méridionale de la péninsule, délimitée par la mer de Bellingshausen.","Ellsworth Land is the region south of the Peninsula, bounded by the Bellingshausen Sea.","Ellsworth Land is the southern part of the peninsula, bounded by the sea of Bellingshausen.",50.406735961002234,69.22617859006128,eng_Latn," Ellsworth Land is the region south of the Peninsula, bounded by the Bellingshausen Sea.",50.406735961002234,69.22617859006128,0.640625,0.86328125,0.9296875
"Q: Les montagnes de la péninsule se fondent dans le plateau, puis réapparaissent pour former la chaîne montagneuse d'Ellsworth, longue de 360 km et traversée par le glacier du Minnesota.
A:","Les montagnes de la péninsule se fondent dans le plateau, puis réapparaissent pour former la chaîne montagneuse d'Ellsworth, longue de 360 km et traversée par le glacier du Minnesota.","The mountains of the Peninsula here merge into the plateau, then re-emerge to form the 360 km chain of the Ellsworth Mountains, bisected by the Minnesota Glacier.","The mountains of the peninsula are located in the plateau, and then reappear for the next 360 km and the glacier of Minnesota is crossed by the peninsula.",18.723330783465162,44.36817239963254,eng_Latn," The mountains of the Peninsula here merge into the plateau, then re-emerge to form the 360 km chain of the Ellsworth Mountains, bisected by the Minnesota Glacier.",18.723330783465162,44.36817239963254,11.8125,11.75,0.158203125
"Q: La partie nord, ou chaîne Sentinelle, comporte les plus hautes montagnes de l'Antarctique, le massif du Vinson, qui culmine à 4892 m.
A:","La partie nord, ou chaîne Sentinelle, comporte les plus hautes montagnes de l'Antarctique, le massif du Vinson, qui culmine à 4892 m.","The northern part or Sentinel Range has Antarctica's highest mountains, the Vinson Massif, peaking at 4892 m Mount Vinson.","The part of the North, or the Sentinelle, is the highest mountain in Antarctica, the massif of Vinson, which is 4892 m.",8.354131063991568,40.332550969084615,eng_Latn," The northern part or Sentinel Range has Antarctica's highest mountains, the Vinson Massif, peaking at 4892 m Mount Vinson.",8.354131063991568,40.332550969084615,9.875,9.4375,0.36328125
"Q: Dans les endroits reculés, sans réseau de téléphonie cellulaire, vous n'aurez peut-être pas d'autre choix que de recourir à la téléphonie par satellite.
A:","Dans les endroits reculés, sans réseau de téléphonie cellulaire, vous n'aurez peut-être pas d'autre choix que de recourir à la téléphonie par satellite.","In remote locations, without cell phone coverage, a satellite phone may be your only option.","In the places where the remote locations, without cellular phone service, you may not have another choice than to use satellite phone service.",16.451929399933107,49.710988441666004,eng_Latn," In remote locations, without cell phone coverage, a satellite phone may be your only option.",16.451929399933107,49.710988441666004,2.3125,2.25,0.7578125
"Q: Un téléphone satellite ne remplace généralement pas un téléphone portable, car il faut être à l'extérieur et avoir une vue dégagée sur le satellite pour passer un appel.
A:","Un téléphone satellite ne remplace généralement pas un téléphone portable, car il faut être à l'extérieur et avoir une vue dégagée sur le satellite pour passer un appel.","A satellite phone is not generally a replacement for a mobile phone, as you have to be outdoors with clear line of sight to the satellite to make a phone call.","Satellite phones are generally not replaced by a mobile phone, because they are not portable, and you must be outside and have a view of the satellite for a call.",10.65110694389029,44.606491662548,eng_Latn," A satellite phone is not generally a replacement for a mobile phone, as you have to be outdoors with clear line of sight to the satellite to make a phone call.",10.65110694389029,44.606491662548,2.203125,2.234375,0.85546875
"Q: C'est un service souvent utilisé par la navigation, y compris les embarcations de plaisance, ainsi que par les expéditions qui ont des besoins de transmission de données à distance et de téléphonie.
A:","C'est un service souvent utilisé par la navigation, y compris les embarcations de plaisance, ainsi que par les expéditions qui ont des besoins de transmission de données à distance et de téléphonie.","The service is frequently used by shipping, including pleasure craft, as well as expeditions who have remote data and voice needs.","It is a common service that is often used by the navigation, including the sailing, as well as by the expedition, which has a need for transmission of data and a telephone.",9.604819623436828,40.332819112103415,eng_Latn," The service is frequently used by shipping, including pleasure craft, as well as expeditions who have remote data and voice needs.",9.604819623436828,40.332819112103415,6.25,6.96875,0.54296875
"Q: Votre opérateur téléphonique local devrait pouvoir vous en dire plus au sujet de la connexion à ce service.
A:",Votre opérateur téléphonique local devrait pouvoir vous en dire plus au sujet de la connexion à ce service.,Your local telephone service provider should be able to give more information about connecting to this service.,Your local telephone should be able to tell you more about this service.,24.061257309172092,51.17279112012826,eng_Latn, Your local telephone service provider should be able to give more information about connecting to this service.,24.061257309172092,51.17279112012826,6.03125,6.96875,0.423828125
"Q: Ceux qui prévoient une année sabbatique ont la possibilité d'apprendre en voyageant, et de plus en plus d'entre eux choisissent cette possibilité.
A:","Ceux qui prévoient une année sabbatique ont la possibilité d'apprendre en voyageant, et de plus en plus d'entre eux choisissent cette possibilité.",An increasingly more popular option for those planning a gap-year is to travel and learn.,"Those who plan a year sabbath have the possibility of learning in a year off, and more of them choose this option.",2.252278368576829,25.147974706696523,eng_Latn, An increasingly more popular option for those planning a gap-year is to travel and learn.,2.252278368576829,25.147974706696523,11.9375,11.9375,0.7109375
"Q: Cette formule est particulièrement appréciée par des jeunes qui quittent l’école, car elle leur permet de prendre une année de congé avant l’université, sans compromettre leurs études.
A:","Cette formule est particulièrement appréciée par des jeunes qui quittent l’école, car elle leur permet de prendre une année de congé avant l’université, sans compromettre leurs études.","This is especially popular with school leavers, allowing them to take a year out before university, without compromising their education.","This formula is particularly appreciated by young people who leave school, because it allows them to take a year off before the university, without compromising their studies.",28.06610447998368,56.639503654308484,eng_Latn," This is especially popular with school leavers, allowing them to take a year out before university, without compromising their education.",28.06610447998368,56.639503654308484,2.0,2.4375,0.99609375
"Q: Souvent, le fait d'avoir suivi des cours d'année sabbatique à l'étranger peut en fait vous donner de meilleures chances de faire des études supérieures dans votre pays.
A:","Souvent, le fait d'avoir suivi des cours d'année sabbatique à l'étranger peut en fait vous donner de meilleures chances de faire des études supérieures dans votre pays.","In many cases, enrolling on a gap-year course abroad can actually improve your chances of moving into higher education back in your home country.",It is common for students to take a course of study abroad to make sure they are getting the best possible chances of getting into higher education in your country.,8.198953447629297,40.12782159594088,eng_Latn," In many cases, enrolling on a gap-year course abroad can actually improve your chances of moving into higher education back in your home country.",8.198953447629297,40.12782159594088,6.0625,6.4375,-0.0040283203125
"Q: En règle générale, il faut payer des frais d'inscription pour suivre ces programmes éducatifs.
A:","En règle générale, il faut payer des frais d'inscription pour suivre ces programmes éducatifs.",Typically there will be a tuition fee to enroll in these educational programs.,"Generally, it's recommended to pay for the registration fees to follow these educational programmes.",8.097785064266205,41.57848766029172,eng_Latn, Typically there will be a tuition fee to enroll in these educational programs.,8.097785064266205,41.57848766029172,5.9375,8.4375,0.85546875
"Q: La Finlande est une destination de choix pour la navigation de plaisance. Le « Pays des mille lacs » compte aussi des milliers d’îles, dans les lacs et dans les archipels côtiers.
A:","La Finlande est une destination de choix pour la navigation de plaisance. Le « Pays des mille lacs » compte aussi des milliers d’îles, dans les lacs et dans les archipels côtiers.","Finland is a great boating destination. The ""Land of a thousand lakes"" has thousands of islands too, in the lakes and in the coastal archipelagos.","Finlande is a destination of choice for navigation of pleasure. Finland is a destination of choice for pleasure. The « Pinnacles » has thousands of islands, and the « Pinnacles » is a destination of choice for pleasure. The « Pinnacles » has thousands of islands, and the « Pinnacles » is a destination of choice for pleasure. The «�",6.590769968325996,36.32038336652256,eng_Latn," Finland is a great boating destination. The ""Land of a thousand lakes"" has thousands of islands too, in the lakes and in the coastal archipelagos.",6.590769968325996,36.32038336652256,24.875,25.0,-0.01312255859375
"Q: Vous n'avez pas forcément besoin d'un yacht dans les archipels et sur les lacs.
A:",Vous n'avez pas forcément besoin d'un yacht dans les archipels et sur les lacs.,In the archipelagos and lakes you do not necessarily need a yacht.,You don't necessarily need a yacht in archipel and on the coast.,26.104909033290696,55.55924000942505,eng_Latn, In the archipelagos and lakes you do not necessarily need a yacht.,26.104909033290696,55.55924000942505,10.125,8.6875,0.71484375
"Q: Bien que les archipels côtiers et les plus grands lacs soient effectivement assez grands pour un yacht, des bateaux plus petits ou même un kayak offrent une expérience différente.
A:","Bien que les archipels côtiers et les plus grands lacs soient effectivement assez grands pour un yacht, des bateaux plus petits ou même un kayak offrent une expérience différente.","Although the coastal archipelagos and the biggest lakes are indeed big enough for any yacht, smaller boats or even a kayak offer a different experience.","The archipel is indeed quite large for a yacht, but smaller or even a kayak offer a different experience.",28.172632497130028,48.29583644804202,eng_Latn," Although the coastal archipelagos and the biggest lakes are indeed big enough for any yacht, smaller boats or even a kayak offer a different experience.",28.172632497130028,48.29583644804202,8.9375,8.25,0.466796875
"Q: La navigation de plaisance est un passe-temps national en Finlande, à raison d'un bateau pour sept ou huit personnes.
A:","La navigation de plaisance est un passe-temps national en Finlande, à raison d'un bateau pour sept ou huit personnes.","Boating is a national pastime in Finland, with a boat to every seven or eight people.","The navigation of pleasure boats is a national pastime in Finland, in the form of a boat for seven or eight people.",40.50710194872911,66.42921704771592,eng_Latn," Boating is a national pastime in Finland, with a boat to every seven or eight people.",40.50710194872911,66.42921704771592,5.125,5.125,0.85546875
"Q: La Norvège, la Suède et la Nouvelle-Zélande sont dans la même situation, mais à part cela, c'est un cas unique (aux Pays-Bas, par exemple, le chiffre est de un à quarante).
A:","La Norvège, la Suède et la Nouvelle-Zélande sont dans la même situation, mais à part cela, c'est un cas unique (aux Pays-Bas, par exemple, le chiffre est de un à quarante).","This is matched by Norway, Sweden and New Zealand, but otherwise quite unique (e.g. in the Netherlands the figure is one to forty).","The Netherlands, Sweden, and Denmark are in the same situation, but apart from that, it's a unique case (the number is one to four).",7.980117387982904,36.4995906470859,eng_Latn," This is matched by Norway, Sweden and New Zealand, but otherwise quite unique (e.g. in the Netherlands the figure is one to forty).",7.980117387982904,36.4995906470859,12.9375,12.625,0.5234375
"Q: La plupart des croisières sur la Baltique se caractérisent par un séjour prolongé à Saint-Pétersbourg, en Russie.
A:","La plupart des croisières sur la Baltique se caractérisent par un séjour prolongé à Saint-Pétersbourg, en Russie.","Most of the distinct Baltic Cruises feature an extended stay in St. Petersburg, Russia.","The majority of cruises on the Baltics are characterized by a long stay at Saint Petersburg, Russia.",12.858902882463452,37.94232093474144,eng_Latn," Most of the distinct Baltic Cruises feature an extended stay in St. Petersburg, Russia.",12.858902882463452,37.94232093474144,1.9375,2.78125,1.0
"Q: Cela signifie que vous pouvez visiter la ville historique pendant quelques journées entières tout en revenant dormir sur le bateau la nuit.
A:",Cela signifie que vous pouvez visiter la ville historique pendant quelques journées entières tout en revenant dormir sur le bateau la nuit.,This means you can visit the historic city for a couple of full days while returning and sleeping on the ship at night.,This means that you can visit the historical city during a few days and return to sleep on the boat the night of your visit.,19.523863601532454,47.13794522108748,eng_Latn, This means you can visit the historic city for a couple of full days while returning and sleeping on the ship at night.,19.523863601532454,47.13794522108748,2.1875,2.828125,0.87890625
"Q: Si vous ne vous rendez à terre qu'avec des excursions de croisière, vous n'aurez pas besoin d'un visa distinct (à partir de 2009).
A:","Si vous ne vous rendez à terre qu'avec des excursions de croisière, vous n'aurez pas besoin d'un visa distinct (à partir de 2009).",If you only go ashore using shipboard excursions you will not need a separate visa (as of 2009).,"If you don't want to go on a cruise, you don't need a visa (from 2009).",6.3704052301618015,27.131306916926874,eng_Latn, If you only go ashore using shipboard excursions you will not need a separate visa (as of 2009).,6.3704052301618015,27.131306916926874,8.125,8.625,0.32421875
"Q: La ville de Berlin, en Allemagne, est mentionnée dans certaines brochures pour des croisières. Comme vous pouvez le constater en consultant la carte ci-dessus, Berlin n'est pas du tout située près du bord de la mer et aucune visite de cette ville n'est comprise dans le prix de la croisière.
A:","La ville de Berlin, en Allemagne, est mentionnée dans certaines brochures pour des croisières. Comme vous pouvez le constater en consultant la carte ci-dessus, Berlin n'est pas du tout située près du bord de la mer et aucune visite de cette ville n'est comprise dans le prix de la croisière.","Some cruises feature Berlin, Germany in the brochures. As you can see from the map above Berlin is no where near the sea and a visit to the city is not included in the price of the cruise.","Berlin, in Germany, is mentioned in some brochures for a cruise. As you can see in the map above, Berlin is not located near the sea and no one is included in the price of a cruise. As you can see in the map above, Berlin is not located near the sea and no one is included in the price of a cruise.",19.564053517097406,55.44280722155298,eng_Latn," Some cruises feature Berlin, Germany in the brochures. As you can see from the map above Berlin is no where near the sea and a visit to the city is not included in the price of the cruise.",19.564053517097406,55.44280722155298,23.5,23.5,0.05615234375
"Q: Voyager en avion peut être une expérience effrayante pour les personnes de tous âges et de tous horizons, en particulier si elles n'ont jamais volé auparavant ou ont vécu un événement traumatisant.
A:","Voyager en avion peut être une expérience effrayante pour les personnes de tous âges et de tous horizons, en particulier si elles n'ont jamais volé auparavant ou ont vécu un événement traumatisant.","Travelling by plane can be a scary experience for people of all ages and backgrounds, particularly if they've not flown before or have experienced a traumatic event.","Voyager en avion can be a terrifying experience for people of all ages and all horizons, especially if they have never flown before or experienced a traumatic event, especially if they have never flown before or experienced a traumatic event.",29.013929678859213,56.25872495358251,eng_Latn," Travelling by plane can be a scary experience for people of all ages and backgrounds, particularly if they've not flown before or have experienced a traumatic event.",29.013929678859213,56.25872495358251,20.25,14.875,0.0400390625
"Q: Il ne faut pas en avoir honte : ce n'est pas différent des peurs et des craintes personnelles que beaucoup de gens éprouvent vis-à-vis d'autres choses.
A:",Il ne faut pas en avoir honte : ce n'est pas différent des peurs et des craintes personnelles que beaucoup de gens éprouvent vis-à-vis d'autres choses.,It is not something to be ashamed of: it is no different from the personal fears and dislikes of other things that very many people have.,It's not wrong to be ashamed: it's not different from fear and fears that many people have about others.,19.91226518667514,42.85100177567372,eng_Latn, It is not something to be ashamed of: it is no different from the personal fears and dislikes of other things that very many people have.,19.91226518667514,42.85100177567372,6.25,9.125,0.486328125
"Q: Pour certains, comprendre quelque chose sur le fonctionnement des avions et ce qui se passe pendant un vol peut aider à surmonter une peur qui est basée sur l'inconnu ou sur le fait de ne pas avoir le contrôle.
A:","Pour certains, comprendre quelque chose sur le fonctionnement des avions et ce qui se passe pendant un vol peut aider à surmonter une peur qui est basée sur l'inconnu ou sur le fait de ne pas avoir le contrôle.","For some, understanding something about how aircraft work and what happens during a flight may help to overcome a fear which is based on the unknown or on not being in control.",Some people understand something about the operation of airplanes and this can help to surmount a fear that is based on ignorance or fear of not having the control.,7.517821240055844,37.7127096344198,eng_Latn," For some, understanding something about how aircraft work and what happens during a flight may help to overcome a fear which is based on the unknown or on not being in control.",7.517821240055844,37.7127096344198,6.09375,6.46875,0.875
"Q: Les sociétés de transport sont bien rémunérées pour effectuer des livraisons rapides. Bien souvent, dans le cadre d'une réparation urgente, la question des délais est cruciale pour les documents, les marchandises ou les pièces de rechange qui s'y rapportent.
A:","Les sociétés de transport sont bien rémunérées pour effectuer des livraisons rapides. Bien souvent, dans le cadre d'une réparation urgente, la question des délais est cruciale pour les documents, les marchandises ou les pièces de rechange qui s'y rapportent.","Courier companies are well paid for delivering things quickly. Frequently, time is very important with business documents, merchandise or spare parts for an urgent repair.","The companies of transport are well-compensated for their deliveries to be quick. Often, the question of delivery times is crucial for documents, goods or parts that need to be returned to be quick.",3.160328811392314,32.605541555812145,eng_Latn," Courier companies are well paid for delivering things quickly. Frequently, time is very important with business documents, merchandise or spare parts for an urgent repair.",3.160328811392314,32.605541555812145,7.75,7.25,0.76953125
"Q: Sur certaines routes, les grandes entreprises ont leurs propres avions, mais sur d’autres routes et pour les petites entreprises, il y a eu un problème.
A:","Sur certaines routes, les grandes entreprises ont leurs propres avions, mais sur d’autres routes et pour les petites entreprises, il y a eu un problème.","On some routes, the larger companies have their own planes, but for other routes and smaller firms there was a problem.","Some large companies have their own planes, but on some routes and for smaller companies, there was a problem.",43.18497017424174,69.79804433242619,eng_Latn," On some routes, the larger companies have their own planes, but for other routes and smaller firms there was a problem.",43.18497017424174,69.79804433242619,3.421875,2.359375,1.0078125
"Q: S'ils avaient envoyé des marchandises par fret aérien, sur certains itinéraires, il aurait fallu des jours pour passer le déchargement et la douane.
A:","S'ils avaient envoyé des marchandises par fret aérien, sur certains itinéraires, il aurait fallu des jours pour passer le déchargement et la douane.","If they sent things by air freight, on some routes it may have taken days to get through unloading and customs.","If they had sent goods by air, they would have had to wait a few days for the customs to clear the goods, and the customs would have had to wait a few days for the customs to clear the goods.",3.0977170338913482,27.08610638580251,eng_Latn," If they sent things by air freight, on some routes it may have taken days to get through unloading and customs.",3.0977170338913482,27.08610638580251,10.625,10.625,0.1025390625
"Q: La seule manière de le faire parvenir plus rapidement était de l'envoyer en tant que bagage enregistré. Les réglementations aériennes ne les autoriseront pas à envoyer un bagage sans passager, et c'est là que vous intervenez.
A:","La seule manière de le faire parvenir plus rapidement était de l'envoyer en tant que bagage enregistré. Les réglementations aériennes ne les autoriseront pas à envoyer un bagage sans passager, et c'est là que vous intervenez.","The only way to get it through faster was to send it as checked luggage. Airline regulations will not allow them to send luggage without a passenger, which is where you come in.","The only way to send a bagage faster was to send it as a recorded delivery. The regulations on air travel did not allow you to send a bagage without a passager, and it was here that you intervene.",21.076277544217508,48.346929550243146,eng_Latn," The only way to get it through faster was to send it as checked luggage. Airline regulations will not allow them to send luggage without a passenger, which is where you come in.",21.076277544217508,48.346929550243146,8.9375,10.875,0.4140625
"Q: Le moyen le plus évident de voyager en première classe ou en classe affaires est de débourser une grosse somme d'argent pour ce privilège (ou, mieux encore, de demander à votre entreprise de le faire pour vous).
A:","Le moyen le plus évident de voyager en première classe ou en classe affaires est de débourser une grosse somme d'argent pour ce privilège (ou, mieux encore, de demander à votre entreprise de le faire pour vous).","The obvious way of flying in first or business class is to fork out a thick wad of money for the privilege (or, better yet, get your company to do it for you).",The easiest way to travel on first class or business class is to pay a hefty sum of money to get on first class or business class.,11.276411415688775,29.615497251581136,eng_Latn," The obvious way of flying in first or business class is to fork out a thick wad of money for the privilege (or, better yet, get your company to do it for you).",11.276411415688775,29.615497251581136,8.5625,5.90625,0.79296875
"Q: Cependant, cela n'est pas peu cher : en règle générale, vous pouvez vous attendre à payer jusqu'à quatre fois le tarif économique normal pour la classe affaire, et onze fois pour la première classe !
A:","Cependant, cela n'est pas peu cher : en règle générale, vous pouvez vous attendre à payer jusqu'à quatre fois le tarif économique normal pour la classe affaire, et onze fois pour la première classe !","However, this does not come cheap: as rough rules of thumb, you can expect to pay up to four times the normal economy fare for business, and eleven times for first class!","This is not expensive: in general, you can expect to pay up to four times the normal price for the ordinary class, and up to four times the normal price for the first class!",34.36369905731356,48.91364467988241,eng_Latn," However, this does not come cheap: as rough rules of thumb, you can expect to pay up to four times the normal economy fare for business, and eleven times for first class!",34.36369905731356,48.91364467988241,14.4375,14.75,0.47265625
"Q: De manière générale, il est inutile de chercher à obtenir des réductions pour les sièges en classe affaires ou en première classe sur les vols directs de A à B.
A:","De manière générale, il est inutile de chercher à obtenir des réductions pour les sièges en classe affaires ou en première classe sur les vols directs de A à B.","Generally speaking, there is no point in even looking for discounts for business or first-class seats on direct flights from A to B.",It is generally not necessary to search for discounts for the seats in the class business or first class on the direct flights of A to B.,24.00612917053351,49.33227696086563,eng_Latn," Generally speaking, there is no point in even looking for discounts for business or first-class seats on direct flights from A to B.",24.00612917053351,49.33227696086563,4.5625,4.4375,0.97265625
"Q: Les compagnies aériennes savent très bien qu'elles peuvent compter sur un certain type de voyageurs qui sont disposés à payer très cher les privilèges de la rapidité et du confort, et elles établissent leurs tarifs en connaissance de cause.
A:","Les compagnies aériennes savent très bien qu'elles peuvent compter sur un certain type de voyageurs qui sont disposés à payer très cher les privilèges de la rapidité et du confort, et elles établissent leurs tarifs en connaissance de cause.","Airlines know well that there is a certain core group of flyers who are willing to pay top dollar for the privilege of getting somewhere fast and in comfort, and charge accordingly.",The airlines know that they can count on certain types of travelers to pay a lot for the privilege of rapid travel and they know that they can count on certain types of travelers to pay a lot for the privilege of rapid travel and they know that they can count on certain types of travelers to pay a lot for the privilege of rapid travel and they know that they can count on certain types of travelers to pay a lot for the privilege of rapid travel and they know that they can count on certain types of travelers,4.245183322220033,26.296339159870598,eng_Latn," Airlines know well that there is a certain core group of flyers who are willing to pay top dollar for the privilege of getting somewhere fast and in comfort, and charge accordingly.",4.245183322220033,26.296339159870598,25.0,25.0,-0.01055908203125
"Q: La capitale de la Moldavie est Chişinău. La langue locale est le roumain, mais le russe est très répandu.
A:","La capitale de la Moldavie est Chişinău. La langue locale est le roumain, mais le russe est très répandu.","The capital of Moldova is Chişinău. The local language is Romanian, but Russian is widely used.","The capital of Moldova is Chişinău. The local language is the rouma, but the Russian is very widespread. The local language is the rouma, but the Russian is very widespread.",31.306306182567468,65.34719001417847,eng_Latn," The capital of Moldova is Chişinău. The local language is Romanian, but Russian is widely used.",31.306306182567468,65.34719001417847,22.875,23.125,-0.01165771484375
"Q: La Moldavie est une république multi-ethnique qui souffre de conflits ethniques.
A:",La Moldavie est une république multi-ethnique qui souffre de conflits ethniques.,Moldova is a multi-ethnic republic that has suffered from ethnic conflict.,The Moldavia is a multi-ethnic country that suffers from ethnic conflicts.,31.569611706824425,56.30947001487632,eng_Latn, Moldova is a multi-ethnic republic that has suffered from ethnic conflict.,31.569611706824425,56.30947001487632,3.171875,4.34375,0.9453125
"Q: En 1994, ce conflit a débouché sur la création de la république autoproclamée de Transnistrie en Moldavie orientale, dotée de son propre gouvernement et de sa propre monnaie, mais reconnue par aucun pays membre des Nations Unies.
A:","En 1994, ce conflit a débouché sur la création de la république autoproclamée de Transnistrie en Moldavie orientale, dotée de son propre gouvernement et de sa propre monnaie, mais reconnue par aucun pays membre des Nations Unies.","In 1994, this conflict led to the creation of the self-proclaimed Transnistria Republic in eastern Moldova, which has its own government and currency but is not recognised by any UN member country.","In 1994, the conflict broke out in 1994, the Moldovan Republic was proclaimed a republic, and its own currency was recognized by no one member of the United Nations.",3.887530145772806,38.228904530099086,eng_Latn," In 1994, this conflict led to the creation of the self-proclaimed Transnistria Republic in eastern Moldova, which has its own government and currency but is not recognised by any UN member country.",3.887530145772806,38.228904530099086,9.6875,9.25,0.052734375
"Q: Les liens économiques ont été rétablis entre ces deux parties de la Moldavie malgré l'échec des négociations politiques.
A:",Les liens économiques ont été rétablis entre ces deux parties de la Moldavie malgré l'échec des négociations politiques.,Economic links have been re-established between these two parts of Moldova despite the failure in political negotiations.,The economic links between these two parties were restored between these two parties despite the failed negotiations between these two parties.,9.165852474742525,46.845574464279125,eng_Latn, Economic links have been re-established between these two parts of Moldova despite the failure in political negotiations.,9.165852474742525,46.845574464279125,4.78125,4.34375,0.2255859375
"Q: La principale religion en Moldavie est le christianisme orthodoxe.
A:",La principale religion en Moldavie est le christianisme orthodoxe.,The major religion in Moldova is Orthodox Christian.,The main religion in Moldavia is Christianity.,10.552670315936318,48.01757021735346,eng_Latn, The major religion in Moldova is Orthodox Christian.,10.552670315936318,48.01757021735346,7.71875,7.21875,0.3359375
"Q: Avec une population de 3,7 millions d'habitants, Izmir est la troisième plus grande ville de Turquie, le deuxième port après Istanbul, et une excellente plateforme de correspondance.
A:","Avec une population de 3,7 millions d'habitants, Izmir est la troisième plus grande ville de Turquie, le deuxième port après Istanbul, et une excellente plateforme de correspondance.","İzmir is the third largest city in Turkey with a population of around 3.7 million, the second biggest port after Istanbul, and a very good transport hub.","Izmir is the third largest city in Turkey, the second largest city after Istanbul, and a great platform for communication.",34.10883486014873,51.98284758557783,eng_Latn," İzmir is the third largest city in Turkey with a population of around 3.7 million, the second biggest port after Istanbul, and a very good transport hub.",34.10883486014873,51.98284758557783,10.375,9.75,0.78125
"Q: Ce qui fut l'antique cité de Smyrne est aujourd'hui un centre commercial moderne, développé et vivant, installé autour d'une immense baie, entourée de montagnes.
A:","Ce qui fut l'antique cité de Smyrne est aujourd'hui un centre commercial moderne, développé et vivant, installé autour d'une immense baie, entourée de montagnes.","Once the ancient city of Smyrna, it is now a modern, developed, and busy commercial center, set around a huge bay and surrounded by mountains.","The ancient city of Smyrne is now a modern commercial center, developed and living, located around a huge bay, surrounded by mountains.",43.27280940249033,69.68698382216668,eng_Latn," Once the ancient city of Smyrna, it is now a modern, developed, and busy commercial center, set around a huge bay and surrounded by mountains.",43.27280940249033,69.68698382216668,6.21875,6.1875,0.90234375
"Q: Les larges boulevards, les bâtiments vitrés et les centres commerciaux modernes sont parsemés de toits traditionnels en tuiles rouges, du marché du XVIIIe siècle, et de vieilles mosquées et églises, bien que la ville ait une atmosphère qui rappelle plus l'Europe méditerranéenne que la Turquie traditionnelle.
A:","Les larges boulevards, les bâtiments vitrés et les centres commerciaux modernes sont parsemés de toits traditionnels en tuiles rouges, du marché du XVIIIe siècle, et de vieilles mosquées et églises, bien que la ville ait une atmosphère qui rappelle plus l'Europe méditerranéenne que la Turquie traditionnelle.","The broad boulevards, glass-fronted buildings and modern shopping centers are dotted with traditional red-tiled roofs, the 18th century market, and old mosques and churches, although the city has an atmosphere more of Mediterranean Europe than traditional Turkey.","The large boulevards, the buildings that are built on the outskirts of the city, and the modern malls and shopping centers are dotted with traditional wooden doors, and the city has a nostalgic atmosphere that reminds you of the Mediterranean, and the city has a traditional atmosphere that reminds you of the Mediterranean, and the city has a nostalgic atmosphere that reminds you of the Mediterranean, and the city has a traditional atmosphere that reminds you of the Mediterranean, and the city has a traditional atmosphere that reminds you of the",10.62337859388236,42.01333726726431,eng_Latn," The broad boulevards, glass-fronted buildings and modern shopping centers are dotted with traditional red-tiled roofs, the 18th century market, and old mosques and churches, although the city has an atmosphere more of Mediterranean Europe than traditional Turkey.",10.62337859388236,42.01333726726431,25.0,25.0,-0.0140380859375
"Q: Le village de Haldarsvík offre des vues sur l’île voisine d’Eysturoy et abrite une église octogonale inhabituelle.
A:",Le village de Haldarsvík offre des vues sur l’île voisine d’Eysturoy et abrite une église octogonale inhabituelle.,The village of Haldarsvík offer views of the nearby island Eysturoy and has an unusual octagonal church.,The village of Haldarsvik offers stunning views of the island of Eysturoy and is a place where you can see the island of Eysturoy and is a place where you can see the island of Eysturoy.,18.50967487281669,44.250521891512015,eng_Latn, The village of Haldarsvík offer views of the nearby island Eysturoy and has an unusual octagonal church.,18.50967487281669,44.250521891512015,14.9375,12.3125,-0.0025634765625
"Q: Dans le cimetière, on trouve d'intéressantes sculptures en marbre représentant des colombes sur certaines tombes.
A:","Dans le cimetière, on trouve d'intéressantes sculptures en marbre représentant des colombes sur certaines tombes.","In the churchyard, there are interesting marble sculptures of doves over some tombs.","Dans the cemetery, there are sculptures that are interesting to look at.",16.991783132861613,43.094276694010006,eng_Latn," In the churchyard, there are interesting marble sculptures of doves over some tombs.",16.991783132861613,43.094276694010006,13.25,12.6875,0.10400390625
"Q: Cela vaut la peine de se promener pendant une demi-heure dans ce village fascinant.
A:",Cela vaut la peine de se promener pendant une demi-heure dans ce village fascinant.,It's worth half an hour to stroll about the intriguing village.,It's worth taking a minute to explore this fascinating village.,19.022082811568303,36.03333879812385,eng_Latn, It's worth half an hour to stroll about the intriguing village.,19.022082811568303,36.03333879812385,9.25,10.0625,0.7421875
"Q: La ville romantique et fascinante de Sintra, située au nord, est facilement accessible et a été rendue célèbre auprès des étrangers par le récit éclatant de sa splendeur qu'en a fait Lord Byron.
A:","La ville romantique et fascinante de Sintra, située au nord, est facilement accessible et a été rendue célèbre auprès des étrangers par le récit éclatant de sa splendeur qu'en a fait Lord Byron.",To the north and within easy reach is the romantic and fascinating town of Sintra and which was made famous to foreigners after a glowing account of its splendours recorded by Lord Byron.,"The city of Sintra, located in the north, is easily accessible and has been made famous by the story of Lord Byron, who wrote about the beauty of Sintra, located in the north, is easily accessible and has been made famous by the story of Lord Byron, who wrote about the beauty of Sintra, located in the north, is easily accessible and has been made famous by the story of Lord Byron, who wrote about the beauty of Sintra, located in the north, is easily",3.131196698350704,26.275218600053428,eng_Latn, To the north and within easy reach is the romantic and fascinating town of Sintra and which was made famous to foreigners after a glowing account of its splendours recorded by Lord Byron.,3.131196698350704,26.275218600053428,24.0,23.0,-0.00148773193359375
"Q: Le bus 403 de Scotturb se rend régulièrement à Sintra, avec un arrêt à Cabo da Roca.
A:","Le bus 403 de Scotturb se rend régulièrement à Sintra, avec un arrêt à Cabo da Roca.","Scotturb Bus 403 travels regularly to Sintra, stopping at Cabo da Roca.","The bus 403 of Scotturb regularly stops at Sintra, with a stop at Cabo da Roca.",32.44913214932798,54.64176127482981,eng_Latn," Scotturb Bus 403 travels regularly to Sintra, stopping at Cabo da Roca.",32.44913214932798,54.64176127482981,4.4375,6.03125,0.96484375
"Q: En vous rendant au nord, ne manquez pas de visiter le superbe sanctuaire de Notre-Dame de Fatima (temple), un lieu mondialement connu pour les apparitions de Marie.
A:","En vous rendant au nord, ne manquez pas de visiter le superbe sanctuaire de Notre-Dame de Fatima (temple), un lieu mondialement connu pour les apparitions de Marie.","Also to the north visit the great Sanctuary of Our Lady of Fatima (Shrine), a place of worldwide famous Marian apparitions.","You'll be visiting the beautiful Fatima shrine (temple), a world-famous place for apparitions of Mary.",5.120992871748021,31.19429180097168,eng_Latn," Also to the north visit the great Sanctuary of Our Lady of Fatima (Shrine), a place of worldwide famous Marian apparitions.",5.120992871748021,31.19429180097168,9.5625,9.1875,0.65625
"Q: N'oubliez pas que vous visitez essentiellement un charnier, ainsi qu'un site qui a une signification presque incalculable pour une partie importante de la population mondiale.
A:","N'oubliez pas que vous visitez essentiellement un charnier, ainsi qu'un site qui a une signification presque incalculable pour une partie importante de la population mondiale.","Please remember that you are essentially visiting a mass grave site, as well as a site that has an almost incalculable meaning to a significant portion of the world's population.","You should definitely visit the site that is essentially a charnier, as well as a site that has a very important meaning for a large part of the population.",22.614033125079235,44.56838922965986,eng_Latn," Please remember that you are essentially visiting a mass grave site, as well as a site that has an almost incalculable meaning to a significant portion of the world's population.",22.614033125079235,44.56838922965986,8.75,9.8125,0.404296875
"Q: Il y a encore beaucoup de femmes et d'hommes en vie qui ont survécu à leur séjour ici, et beaucoup d'autres qui ont vu leurs proches assassinés ou tués par le travail forcé, Juifs ou non Juifs indifféremment.
A:","Il y a encore beaucoup de femmes et d'hommes en vie qui ont survécu à leur séjour ici, et beaucoup d'autres qui ont vu leurs proches assassinés ou tués par le travail forcé, Juifs ou non Juifs indifféremment.","There are still many men and women alive who survived their time here, and many more who had loved ones who were murdered or worked to death there, Jews and non-Jews alike.","There are still a lot of women and men who have survived here and many others who have seen their loved ones die or were killed by the forced labor, Jews or non-Jews.",13.254156068890453,42.492658545648446,eng_Latn," There are still many men and women alive who survived their time here, and many more who had loved ones who were murdered or worked to death there, Jews and non-Jews alike.",13.254156068890453,42.492658545648446,5.125,5.34375,0.80078125
"Q: Veuillez traiter le site avec toute la dignité, la solennité et le respect qu'il mérite. Ne faites pas de blagues sur l'Holocauste ou les nazis.
A:","Veuillez traiter le site avec toute la dignité, la solennité et le respect qu'il mérite. Ne faites pas de blagues sur l'Holocauste ou les nazis.","Please treat the site with all of the dignity, solemnity and respect it deserves. Do not make jokes about the Holocaust or Nazis.","Please treat the site with all the dignity, the solemnity and respect that it deserves. Do not make any blunders on the Holocaust or the nazis. Do not make any blunders on the Holocaust or the nazis. Do not make any blunders on the Holocaust or the nazis. Do not make any blunders on the Holocaust or the nazis. Do not make any blunders on the Holocaust or the nazis. Do not make any blunders on the Holocaust or the naz",17.35385805456671,53.31843159281653,eng_Latn," Please treat the site with all of the dignity, solemnity and respect it deserves. Do not make jokes about the Holocaust or Nazis.",17.35385805456671,53.31843159281653,23.625,24.75,-0.023193359375
"Q: Ne défigurez pas le site en marquant ou en grattant des graffitis sur les structures.
A:",Ne défigurez pas le site en marquant ou en grattant des graffitis sur les structures.,Do not deface the site by marking or scratching graffiti into structures.,Don't mark the site or mark it with a marker or stamp it.,4.822160133970806,20.986865084952335,eng_Latn, Do not deface the site by marking or scratching graffiti into structures.,4.822160133970806,20.986865084952335,12.0625,10.9375,0.021728515625
"Q: Les langues officielles de Barcelone sont le catalan et l'espagnol. Environ la moitié des habitants préfère parler catalan, une grande majorité le comprend, et pratiquement tout le monde est capable de parler espagnol.
A:","Les langues officielles de Barcelone sont le catalan et l'espagnol. Environ la moitié des habitants préfère parler catalan, une grande majorité le comprend, et pratiquement tout le monde est capable de parler espagnol.","Barcelona's official languages are Catalan and Spanish. About a half prefer to speak Catalan, a vast majority understands it, and virtually everyone knows Spanish.","The official languages of Barcelona are Catalan and Spanish. About half of the inhabitants prefer Catalan, and almost everyone is capable of speaking Catalan, and almost everyone is able to speak Spanish.",22.595959061283793,54.40029266432287,eng_Latn," Barcelona's official languages are Catalan and Spanish. About a half prefer to speak Catalan, a vast majority understands it, and virtually everyone knows Spanish.",22.595959061283793,54.40029266432287,7.6875,8.5,0.94921875
"Q: Toutefois, la plupart des panneaux sont uniquement en catalan, car la loi établit qu'il s'agit de la première langue officielle.
A:","Toutefois, la plupart des panneaux sont uniquement en catalan, car la loi établit qu'il s'agit de la première langue officielle.","However, most signs are indicated only in Catalan because it is established by law as the first official language.","The majority of the panels are in catalan, because the law establishes that it is the first official language.",19.77520017890044,49.55729360477342,eng_Latn," However, most signs are indicated only in Catalan because it is established by law as the first official language.",19.77520017890044,49.55729360477342,3.203125,4.78125,0.7109375
"Q: Pourtant, l'espagnol est également largement utilisé dans les transports publics et autres installations.
A:","Pourtant, l'espagnol est également largement utilisé dans les transports publics et autres installations.","Yet, Spanish is also widely used in public transport and other facilities.",Despite the fact that Spanish is also widely used in public transportation and other installations.,44.44183736091338,69.78948478337925,eng_Latn," Yet, Spanish is also widely used in public transport and other facilities.",44.44183736091338,69.78948478337925,6.53125,7.4375,0.6328125
"Q: Les annonces régulières dans le métro ne sont faites qu'en catalan, mais les perturbations imprévues sont annoncées par un système automatisé dans de nombreuses langues, dont l'espagnol, l'anglais, le français, l'arabe et le japonais.
A:","Les annonces régulières dans le métro ne sont faites qu'en catalan, mais les perturbations imprévues sont annoncées par un système automatisé dans de nombreuses langues, dont l'espagnol, l'anglais, le français, l'arabe et le japonais.","Regular announcements in the Metro are made only in Catalan, but unplanned disruptions are announced by an automated system in a wide variety of languages including Spanish, English, French, Arabic and Japanese.","The regular announcements in the métro are made only in catalan, but the disruptions are announced by a system that is automated in many languages, including english, french, arabs, and japanese.",28.181280395622686,57.77150103450197,eng_Latn," Regular announcements in the Metro are made only in Catalan, but unplanned disruptions are announced by an automated system in a wide variety of languages including Spanish, English, French, Arabic and Japanese.",28.181280395622686,57.77150103450197,6.625,7.0625,0.50390625
"Q: Les Parisiens ont la réputation d'être égocentriques, grossiers et arrogants.
A:","Les Parisiens ont la réputation d'être égocentriques, grossiers et arrogants.","Parisians have a reputation for being egocentric, rude and arrogant.","Parisians are known to be arrogant, self-centered, and arrogant.",18.951629567590746,37.46021293442839,eng_Latn," Parisians have a reputation for being egocentric, rude and arrogant.",18.951629567590746,37.46021293442839,5.5625,5.28125,0.85546875
"Q: Bien que ce stéréotype soit souvent inexact, la meilleure façon de s'entendre à Paris reste de se comporter au mieux, d'agir comme quelqu'un de bien élevé. Cela facilitera considérablement vos déplacements.
A:","Bien que ce stéréotype soit souvent inexact, la meilleure façon de s'entendre à Paris reste de se comporter au mieux, d'agir comme quelqu'un de bien élevé. Cela facilitera considérablement vos déplacements.","While this is often only an inaccurate stereotype, the best way to get along in Paris still is to be on your best behavior, acting like someone who is ""bien élevé"" (well brought up). It will make getting about considerably easier.","This stereotype is often inaccurate, the best way to communicate is to behave as a person who is well-mannered, to act as a person who is well-mannered, to act as a person who is well-mannered, to act as a person who is well-mannered, to act as a person who is well-mannered, to act as a person who is well-mannered, to act as a person who is well-mannered, to act as a",5.867724548970641,27.039127805430006,eng_Latn," While this is often only an inaccurate stereotype, the best way to get along in Paris still is to be on your best behavior, acting like someone who is ""bien élevé"" (well brought up). It will make getting about considerably easier.",5.867724548970641,27.039127805430006,15.5625,18.625,-0.0238037109375
"Q: Les extérieurs abrupts des Parisiens s’évaporent rapidement si vous faites preuve d’un minimum de courtoisie.
A:",Les extérieurs abrupts des Parisiens s’évaporent rapidement si vous faites preuve d’un minimum de courtoisie.,Parisians' abrupt exteriors will rapidly evaporate if you display some basic courtesies.,Parisians are quick to forget that the abrupt exterior of Parisians is quickly forgotten if you are not careful.,10.166724095023941,31.03927355649361,eng_Latn, Parisians' abrupt exteriors will rapidly evaporate if you display some basic courtesies.,10.166724095023941,31.03927355649361,12.4375,10.5625,0.031982421875
"Q: Le parc national des lacs de Plitvice est densément boisé, principalement de hêtres, d'épicéas et de sapins, et présente un mélange de végétation alpine et méditerranéenne.
A:","Le parc national des lacs de Plitvice est densément boisé, principalement de hêtres, d'épicéas et de sapins, et présente un mélange de végétation alpine et méditerranéenne.","The Plitvice Lakes national park is heavily forested, mainly with beech, spruce, and fir trees, and features a mixture of Alpine and Mediterranean vegetation.","The national park of Plitvice Lakes is very dense, mainly of beech, alder, and saplings, and has a mixture of alpine vegetation and Mediterranean vegetation.",33.57100164340589,55.53104178020304,eng_Latn," The Plitvice Lakes national park is heavily forested, mainly with beech, spruce, and fir trees, and features a mixture of Alpine and Mediterranean vegetation.",33.57100164340589,55.53104178020304,7.28125,8.125,0.69921875
"Q: Le pays possède une grande variété de communautés végétales en raison de la diversité de ses microclimats, de ses sols et de ses niveaux d'altitude.
A:","Le pays possède une grande variété de communautés végétales en raison de la diversité de ses microclimats, de ses sols et de ses niveaux d'altitude.","It has a notably wide variety of plant communities, due to its range of microclimates, differing soils and varying levels of altitude.","The country has a wide variety of plant species due to the diversity of its microclimates, its soils and its levels of altitude.",33.28205700364779,54.01191850067425,eng_Latn," It has a notably wide variety of plant communities, due to its range of microclimates, differing soils and varying levels of altitude.",33.28205700364779,54.01191850067425,2.1875,2.828125,1.0078125
"Q: La région abrite également une très grande variété d'espèces animales et d'oiseaux.
A:",La région abrite également une très grande variété d'espèces animales et d'oiseaux.,The area is also home to an extremely wide variety of animal and bird species.,La région abounds with a variety of animals and birds.,5.771298850643905,32.10549690670401,eng_Latn, The area is also home to an extremely wide variety of animal and bird species.,5.771298850643905,32.10549690670401,12.8125,11.625,0.1494140625
"Q: Des animaux rares tels que l'ours brun d'Europe, le loup, l'aigle, le hibou, le lynx, le chat sauvage et le grand tétras peuvent y être aperçus, ainsi que bien d'autres espèces communes.
A:","Des animaux rares tels que l'ours brun d'Europe, le loup, l'aigle, le hibou, le lynx, le chat sauvage et le grand tétras peuvent y être aperçus, ainsi que bien d'autres espèces communes.","Rare fauna such as the European brown bear, wolf, eagle, owl, lynx, wild cat and capercaillie can be found there, along with many more common species","The animals that are rare such as the brown bear, the wolf, the wolf, the lynx, the wolf, the wolf, the lynx, the wolf, the wolf, the wolf, the wolf, the wolf, the wolf, the wolf, the wolf, the wolf, the wolf, the wolf, the wolf, the wolf, the wolf, the wolf, the wolf, the wolf, the wolf, the wolf, the wolf, the wolf, the wolf, the wolf,",4.095053329645225,20.497743060358747,eng_Latn," Rare fauna such as the European brown bear, wolf, eagle, owl, lynx, wild cat and capercaillie can be found there, along with many more common species",4.095053329645225,20.497743060358747,16.375,14.1875,-0.029541015625
"Q: Lorsqu'elles visitent un monastère, les femmes doivent porter des jupes couvrant leurs genoux et avoir les épaules également couvertes.
A:","Lorsqu'elles visitent un monastère, les femmes doivent porter des jupes couvrant leurs genoux et avoir les épaules également couvertes.","While visiting the monasteries, women are required to wear skirts covering the knees and have their shoulders covered, too.","When they visit a monastery, the women wear long robes that cover their forearms and have the shoulders also covered.",7.782226259843152,38.46754263275749,eng_Latn," While visiting the monasteries, women are required to wear skirts covering the knees and have their shoulders covered, too.",7.782226259843152,38.46754263275749,5.15625,5.8125,0.8203125
"Q: La plupart des monastères fournissent des étoles aux femmes qui arrivent sans rien, mais si vous apportez la vôtre, et qu'en plus elle arbore des couleurs vives, vous aurez droit à un sourire du moine ou de la nonne à l'entrée.
A:","La plupart des monastères fournissent des étoles aux femmes qui arrivent sans rien, mais si vous apportez la vôtre, et qu'en plus elle arbore des couleurs vives, vous aurez droit à un sourire du moine ou de la nonne à l'entrée.","Most of the monasteries do provide wraps for women who come unprepared, but if you bring your own, especially one with bright colors, you'll get a smile from the monk or nun at the entrance.","Most monastries provide women who arrive without anything, but if you bring it, and if you bring it, you will have a smile on the way to the entrance.",14.957565050315694,36.8949761882152,eng_Latn," Most of the monasteries do provide wraps for women who come unprepared, but if you bring your own, especially one with bright colors, you'll get a smile from the monk or nun at the entrance.",14.957565050315694,36.8949761882152,18.875,18.375,0.1591796875
"Q: De même que les hommes doivent porter un pantalon couvrant les genoux.
A:",De même que les hommes doivent porter un pantalon couvrant les genoux.,"Along the same line, men are required to wear trousers covering the knees.",The same way that men must wear a shirt covering their forearms.,5.336597434165172,28.14110146430535,eng_Latn," Along the same line, men are required to wear trousers covering the knees.",5.336597434165172,28.14110146430535,7.09375,9.875,0.13671875
"Q: On peut également emprunter ce vêtement au stock à l'entrée, mais comme il n'est pas lavé après chaque utilisation, il se peut que vous ne vous sentiez pas à l'aise de porter ces jupes. Une taille unique pour les hommes !
A:","On peut également emprunter ce vêtement au stock à l'entrée, mais comme il n'est pas lavé après chaque utilisation, il se peut que vous ne vous sentiez pas à l'aise de porter ces jupes. Une taille unique pour les hommes !",This too can be borrowed from the stock at the entrance but that clothing isn't washed after every user so you may not feel comfortable wearing these skirts. One size fits all for men!,This is a unique style for men!,0.2453931914405478,8.321100488984277,eng_Latn, This too can be borrowed from the stock at the entrance but that clothing isn't washed after every user so you may not feel comfortable wearing these skirts. One size fits all for men!,0.2453931914405478,8.321100488984277,25.0,24.25,0.001129150390625
"Q: La cuisine majorquine, comme celle des zones similaires de la Méditerranée, est basée sur le pain, les légumes et la viande (surtout du porc), et fait appel à l'huile d'olive.
A:","La cuisine majorquine, comme celle des zones similaires de la Méditerranée, est basée sur le pain, les légumes et la viande (surtout du porc), et fait appel à l'huile d'olive.","Majorcan cuisine, like that of similar zones in the Mediterranean, is based on bread, vegetables and meat (specially pork), and uses olive oil throughout.","The cuisine majorquine, like the Mediterranean cuisine, is based on the bread, vegetables and meat (especially the porc), and uses olive oil.",39.005788655345256,64.78152011965808,eng_Latn," Majorcan cuisine, like that of similar zones in the Mediterranean, is based on bread, vegetables and meat (specially pork), and uses olive oil throughout.",39.005788655345256,64.78152011965808,7.125,7.71875,0.8359375
"Q: Un dîner simple et populaire, surtout en été, est le Pa amb Oli : du pain avec de l'huile d'olive, de la tomate et tous les condiments disponibles, tels que le fromage, le thon, etc.
A:","Un dîner simple et populaire, surtout en été, est le Pa amb Oli : du pain avec de l'huile d'olive, de la tomate et tous les condiments disponibles, tels que le fromage, le thon, etc.","A simple popular dinner, especially during the summer, is the Pa amb Oli: Bread with olive oil, tomato, and any available condiments such as cheese, tunafish, etc.","Simple and popular, especially in summer, the Pa amb Oli: from the olive oil, the tomato, and all condiments available, such as the cheese, the yogurt, and all condiments available, such as the cheese, the yogurt, and all condiments available, such as the cheese, the yogurt, and all condiments available, such as the cheese, the yogurt, and all condiments available, such as the cheese, the yogurt, and all condiments available, such as the cheese, the yogurt, and",6.978542580804667,40.97374670010653,eng_Latn," A simple popular dinner, especially during the summer, is the Pa amb Oli: Bread with olive oil, tomato, and any available condiments such as cheese, tunafish, etc.",6.978542580804667,40.97374670010653,20.25,22.125,-0.00677490234375
"Q: Tous les noms, suivis du mot Sie qui signifie vous, commencent toujours par une majuscule, même au milieu d’une phrase.
A:","Tous les noms, suivis du mot Sie qui signifie vous, commencent toujours par une majuscule, même au milieu d’une phrase.","All nouns, alongside the word Sie for you, always begin with a capital letter, even in the middle of a sentence.","All the names, followed by the Sie, begin with a majuscule, even at the end of a sentence, even if the word Sie means you, begins with a majuscule, even at the end of a sentence, even if the word Sie means you, begins with a majuscule, even at the end of a sentence, even if the word Sie means you, begins with a majuscule, even at the end of a sentence, even if the word Sie means you",3.779349503007022,30.562822119472788,eng_Latn," All nouns, alongside the word Sie for you, always begin with a capital letter, even in the middle of a sentence.",3.779349503007022,30.562822119472788,19.875,24.625,-0.0159912109375
"Q: Il s'agit d'un excellent moyen de faire la distinction entre certains verbes et objets.
A:",Il s'agit d'un excellent moyen de faire la distinction entre certains verbes et objets.,This is an important way to distinguish between some verbs and objects.,It's a good way to distinguish between some verbs and objects.,67.53160327422972,72.66510705272464,eng_Latn, This is an important way to distinguish between some verbs and objects.,67.53160327422972,72.66510705272464,2.765625,1.8203125,1.0078125
"Q: On peut également dire qu’elle facilite la lecture, bien que l’écriture soit quelque peu compliquée par la nécessité de savoir si un verbe ou un adjectif est utilisé sous une forme substantivisée.
A:","On peut également dire qu’elle facilite la lecture, bien que l’écriture soit quelque peu compliquée par la nécessité de savoir si un verbe ou un adjectif est utilisé sous une forme substantivisée.","It also arguably makes reading easier, though writing is somewhat complicated by the need to find out whether a verb or adjective is used in a substantivized form.","It is possible to say that it helps to read, but it is also possible to say that it helps to read, although the writing is a little complicated by the need to know whether a verb or an adjective is used in a manner that is substantively modified.",23.367489185610754,52.103100093840446,eng_Latn," It also arguably makes reading easier, though writing is somewhat complicated by the need to find out whether a verb or adjective is used in a substantivized form.",23.367489185610754,52.103100093840446,14.25,14.875,0.0703125
"Q: La prononciation est relativement facile en italien, car la plupart des mots sont prononcés exactement comme ils sont écrits
A:","La prononciation est relativement facile en italien, car la plupart des mots sont prononcés exactement comme ils sont écrits",Pronunciation is relatively easy in Italian since most words are pronounced exactly how they are written,"The pronunciation is relatively easy in Italian, because the majority of words are pronounced exactly as they are written. The pronunciation is relatively easy in Italian, because the majority of words are pronounced exactly as they are written.",22.654999077204746,61.21708638767437,eng_Latn, Pronunciation is relatively easy in Italian since most words are pronounced exactly how they are written,22.654999077204746,61.21708638767437,23.5,22.5,0.04736328125
"Q: Les principales lettres à surveiller sont le c et le g, car leur prononciation varie en fonction de la voyelle suivante.
A:","Les principales lettres à surveiller sont le c et le g, car leur prononciation varie en fonction de la voyelle suivante.","The main letters to watch out for are c and g, since their pronunciation varies based on the following vowel.","The main letters to watch are the c and the g, because their pronunciation varies depending on the following:",37.64108027331554,65.05081578147566,eng_Latn," The main letters to watch out for are c and g, since their pronunciation varies based on the following vowel.",37.64108027331554,65.05081578147566,4.59375,5.46875,0.80859375
"Q: Veuillez également vous assurer de prononcer « r » et « rr » d’une manière distincte : « caro » signifie « cher », tandis que « carro » signifie « chariot ».
A:","Veuillez également vous assurer de prononcer « r » et « rr » d’une manière distincte : « caro » signifie « cher », tandis que « carro » signifie « chariot ».","Also, make sure to pronounce r and rr differently: caro means dear, whereas carro means chariot.","Please also ensure that you pronounce the word correctly and pronounce it as follows: « carro » means « carro », while « carro » means « carro », while « carro » means « carro », while « carro » means « carro��",2.7389740612024567,26.329586450070476,eng_Latn," Also, make sure to pronounce r and rr differently: caro means dear, whereas carro means chariot.",2.7389740612024567,26.329586450070476,13.9375,12.5,-0.0255126953125
"Q: Le persan a une grammaire relativement facile et la plupart du temps régulière.
A:",Le persan a une grammaire relativement facile et la plupart du temps régulière.,Persian has a relatively easy and mostly regular grammar.,"The Persian is relatively easy to understand and the majority of the time, it is regular.",10.079037376973918,42.68597235850693,eng_Latn, Persian has a relatively easy and mostly regular grammar.,10.079037376973918,42.68597235850693,5.5,5.4375,0.63671875
"Q: Par conséquent, la lecture de cette introduction à la grammaire vous aiderait à en apprendre beaucoup sur la grammaire persane et à mieux comprendre les phrases.
A:","Par conséquent, la lecture de cette introduction à la grammaire vous aiderait à en apprendre beaucoup sur la grammaire persane et à mieux comprendre les phrases.","Therefore, reading this grammar primer would help you learn much about Persian grammar and understand phrases better.",The introduction to the grammar of the persian language will help you to learn a lot about the grammar of the persian language and will help you to better understand the grammar of the persian language.,3.497478755875881,34.85682356520765,eng_Latn," Therefore, reading this grammar primer would help you learn much about Persian grammar and understand phrases better.",3.497478755875881,34.85682356520765,3.34375,4.28125,0.85546875
"Q: Il va sans dire que si vous connaissez une langue romane, il vous sera plus facile d'apprendre le portugais.
A:","Il va sans dire que si vous connaissez une langue romane, il vous sera plus facile d'apprendre le portugais.","Needless to say, if you know a Romance language, it will be easier for you to learn Portuguese.","If you know a language, it will be easier for you to learn a Portuguese if you know a language, it will be easier for you to learn a Portuguese.",36.94352717886156,64.67069245035135,eng_Latn," Needless to say, if you know a Romance language, it will be easier for you to learn Portuguese.",36.94352717886156,64.67069245035135,22.875,20.0,-0.003997802734375
"Q: Cependant, ceux qui parlent un peu espagnol pourraient conclure hâtivement que le portugais en est suffisamment proche pour qu’il ne soit pas nécessaire de l’étudier séparément.
A:","Cependant, ceux qui parlent un peu espagnol pourraient conclure hâtivement que le portugais en est suffisamment proche pour qu’il ne soit pas nécessaire de l’étudier séparément.","However, people who know a little Spanish may hastily conclude that Portuguese is close enough that it need not be studied separately.",The Portuguese are likely to conclude that the Portuguese are not necessary to study separately.,8.507062660825278,30.324122001494818,eng_Latn," However, people who know a little Spanish may hastily conclude that Portuguese is close enough that it need not be studied separately.",8.507062660825278,30.324122001494818,16.625,16.75,0.11767578125
"Q: Les observatoires prémodernes sont généralement obsolètes aujourd’hui, et restent en place comme musées ou sites d’éducation.
A:","Les observatoires prémodernes sont généralement obsolètes aujourd’hui, et restent en place comme musées ou sites d’éducation.","Pre-modern observatories are usually obsolete today, and remain as museums, or sites of education.","The modern observatories are generally obsolete today, and remain in place as museums or sites of education.",51.646155199069014,77.76446806676545,eng_Latn," Pre-modern observatories are usually obsolete today, and remain as museums, or sites of education.",51.646155199069014,77.76446806676545,8.0,7.96875,0.6640625
"Q: Comme la pollution lumineuse à leur époque n'était pas aussi préoccupant qu'aujourd'hui, ils sont généralement situés dans des villes ou sur des campus, plus faciles d'accès que ceux construits à l'époque moderne.
A:","Comme la pollution lumineuse à leur époque n'était pas aussi préoccupant qu'aujourd'hui, ils sont généralement situés dans des villes ou sur des campus, plus faciles d'accès que ceux construits à l'époque moderne.","As light pollution in their heyday was not the kind of problem it is today, they are usually located in cities or at campuses, easier to reach than those built in modern times.","The pollution lighting at the time was not as important as it was at the time, and they were generally located in cities or on campus, and they were easier to access than those built at the time.",11.421344613757878,44.35294333587025,eng_Latn," As light pollution in their heyday was not the kind of problem it is today, they are usually located in cities or at campuses, easier to reach than those built in modern times.",11.421344613757878,44.35294333587025,11.0,10.875,0.51953125
"Q: La plupart des télescopes de recherche modernes sont d'énormes infrastructures placées dans des régions éloignées où les conditions atmosphériques sont favorables.
A:",La plupart des télescopes de recherche modernes sont d'énormes infrastructures placées dans des régions éloignées où les conditions atmosphériques sont favorables.,Most modern research telescopes are enormous facilities in remote areas with favorable atmospheric conditions.,The most modern telescopes are placed in remote locations where the conditions of the modern telescopes are far away from where the conditions of the modern telescopes are far away from where the conditions of the modern telescopes are far away from where the conditions of the modern telescopes are far away from where the conditions of the modern telescopes are far away from where the conditions of the modern telescopes are far away from where the conditions of the modern telescopes are far away from where the conditions of the modern telescopes are far away from where the conditions,2.407281002737698,21.644489050842683,eng_Latn, Most modern research telescopes are enormous facilities in remote areas with favorable atmospheric conditions.,2.407281002737698,21.644489050842683,17.0,16.625,-0.01348876953125
"Q: La contemplation des fleurs de cerisier, connue sous le nom de hanami, fait partie de la culture japonaise depuis le VIIIe siècle.
A:","La contemplation des fleurs de cerisier, connue sous le nom de hanami, fait partie de la culture japonaise depuis le VIIIe siècle.","Cherry blossom viewing, known as hanami, has been a part of Japanese culture since the 8th century.","The contemplation of the flowers of the chrysanthemum, known as hanami, is part of Japanese culture since the VIIIth century.",33.68269415075382,59.199599515808224,eng_Latn," Cherry blossom viewing, known as hanami, has been a part of Japanese culture since the 8th century.",33.68269415075382,59.199599515808224,3.5625,6.78125,0.96484375
"Q: Le concept est venu de Chine où les fleurs de prunier étaient la fleur de prédilection.
A:",Le concept est venu de Chine où les fleurs de prunier étaient la fleur de prédilection.,The concept came from China where plum blossoms were the flower of choice.,The concept came from China where the pruneflower was the flower of choice in China where the pruneflower was the flower of choice.,28.582347148150316,65.65736590456119,eng_Latn, The concept came from China where plum blossoms were the flower of choice.,28.582347148150316,65.65736590456119,9.6875,8.375,0.05615234375
"Q: Au Japon, les premières fêtes des cerisiers en fleurs ont été organisées par l’empereur uniquement pour lui-même et les autres membres de l’aristocratie proche autour de la Cour impériale.
A:","Au Japon, les premières fêtes des cerisiers en fleurs ont été organisées par l’empereur uniquement pour lui-même et les autres membres de l’aristocratie proche autour de la Cour impériale.","In Japan, the first cherry blossom parties were hosted by the emperor only for himself and other members of the aristocracy around the Imperial Court.",The first festivals of the cerisiers were organized by the emperor only for himself and the other members of the aristocracy close to the court were invited to celebrate the first festivals only for himself and the other members of the aristocracy were invited to celebrate the first festivals only for himself and the other members of the aristocracy were invited to celebrate the first festivals only for himself and the other members of the aristocracy were invited to celebrate the first festivals only for himself and the other members of the aristocracy were invited to celebrate the,11.79756388181996,36.94116623646957,eng_Latn," In Japan, the first cherry blossom parties were hosted by the emperor only for himself and other members of the aristocracy around the Imperial Court.",11.79756388181996,36.94116623646957,23.25,22.875,0.007568359375
"Q: Les plantes revêtent leur plus belle apparence lorsqu'elles se trouvent dans un environnement naturel, alors résistez à la tentation d'en retirer ne serait-ce qu'« une seule ».
A:","Les plantes revêtent leur plus belle apparence lorsqu'elles se trouvent dans un environnement naturel, alors résistez à la tentation d'en retirer ne serait-ce qu'« une seule ».","Plants look their best when in a natural environment, so resist the temptation to remove even ""just one"" specimen.","The plants are most beautiful when they are found in a natural environment, so resist the temptation to remove them, and you will be surprised at the temptation to remove them.",32.51451880622652,54.462617496002316,eng_Latn," Plants look their best when in a natural environment, so resist the temptation to remove even ""just one"" specimen.",32.51451880622652,54.462617496002316,12.1875,9.8125,0.5078125
"Q: Si vous visitez un jardin strictement aménagé, le prélèvement de « spécimens » va également vous faire expulser sans discussion.
A:","Si vous visitez un jardin strictement aménagé, le prélèvement de « spécimens » va également vous faire expulser sans discussion.","If visiting a formally arranged garden, collecting ""specimens"" is also going to get you ejected, without discussion.","If you visit a garden that is strictly designed, the sampling of ""specimens"" will also send you out without discussion.",18.512304388428547,40.3870302166717,eng_Latn," If visiting a formally arranged garden, collecting ""specimens"" is also going to get you ejected, without discussion.",18.512304388428547,40.3870302166717,7.4375,7.625,0.90625
"Q: Singapour est généralement considéré comme un endroit extrêmement sûr, où il est très aisé de se déplacer, et où vous pourrez acheter presque tout ce dont vous avez besoin une fois arrivé sur place.
A:","Singapour est généralement considéré comme un endroit extrêmement sûr, où il est très aisé de se déplacer, et où vous pourrez acheter presque tout ce dont vous avez besoin une fois arrivé sur place.","Singapore is generally an extremely safe place to be and very easy to navigate, and you can buy almost anything after arriving.","Singapore is generally regarded as a place that is extremely safe, where it is very easy to travel, and where you can buy almost everything you need once you arrive on site.",14.207405313947058,55.49918371417455,eng_Latn," Singapore is generally an extremely safe place to be and very easy to navigate, and you can buy almost anything after arriving.",14.207405313947058,55.49918371417455,1.8125,1.890625,0.984375
"Q: Mais, situé dans les « tropiques élevées » à seulement quelques degrés au nord de l'équateur, il faudra vous adapter à la chaleur (toujours) et à un fort rayonnement du soleil (quand le ciel est dégagé, ce qui est plus rare).
A:","Mais, situé dans les « tropiques élevées » à seulement quelques degrés au nord de l'équateur, il faudra vous adapter à la chaleur (toujours) et à un fort rayonnement du soleil (quand le ciel est dégagé, ce qui est plus rare).","But being placed in the ""high tropics"" just a few degrees north of equator you will need to deal with both heat (always) and strong sun (when the sky is clear, more rarely).","It's located in the ""tropically high"" areas of the ""high-altitude"" areas of the ""high-altitude"" areas of the ""high-altitude"" areas of the ""high-altitude"" areas of the ""high-altitude"" areas of the ""high-altitude"" areas of the ""high-altitude"" areas of the ""high-altitude"" areas of the ""high-altitude"" areas of the ""high-altitude"" areas of the ""high-altitude"" areas",1.9550746489303064,16.674542913696214,eng_Latn," But being placed in the ""high tropics"" just a few degrees north of equator you will need to deal with both heat (always) and strong sun (when the sky is clear, more rarely).",1.9550746489303064,16.674542913696214,18.75,18.0,-0.030517578125
"Q: Il y a aussi quelques bus qui se rendent au nord à Hébron, le lieu de sépulture traditionnel des patriarches bibliques, Abraham, Isaac, Jacob et leurs épouses.
A:","Il y a aussi quelques bus qui se rendent au nord à Hébron, le lieu de sépulture traditionnel des patriarches bibliques, Abraham, Isaac, Jacob et leurs épouses.","There are also a few buses going north to Hebron, the traditional burial place of the Biblical patriarchs Abraham, Isaac, Jacob, and their wives.","There are also some buses that go to Hébron, the place of the traditional burial place for the patriarchs of the Bible, Abraham, Isaac, Jacob and their wives.",37.8043716265824,70.54927163002309,eng_Latn," There are also a few buses going north to Hebron, the traditional burial place of the Biblical patriarchs Abraham, Isaac, Jacob, and their wives.",37.8043716265824,70.54927163002309,4.21875,4.75,0.578125
"Q: Vérifiez que le bus que vous envisagez de prendre se rend à Hébron et pas seulement à la colonie juive voisine de Kyriat Arba.
A:",Vérifiez que le bus que vous envisagez de prendre se rend à Hébron et pas seulement à la colonie juive voisine de Kyriat Arba.,Check that the bus you are thinking of taking goes into Hebron and not just to the nearby Jewish settlement of Kiryat Arba.,Check that the bus you plan to take is going to Hébron and not just to the Jewish neighborhood of Kyriat Arba.,30.451258861070496,49.67061576201092,eng_Latn, Check that the bus you are thinking of taking goes into Hebron and not just to the nearby Jewish settlement of Kiryat Arba.,30.451258861070496,49.67061576201092,3.09375,3.75,0.76953125
"Q: Les voies navigables intérieures peuvent être un excellent thème pour des vacances.
A:",Les voies navigables intérieures peuvent être un excellent thème pour des vacances.,Inland waterways can be a good theme to base a holiday around.,The navigation systems inside the interior can be a great theme for a vacation.,10.123734869668828,25.576578746049627,eng_Latn, Inland waterways can be a good theme to base a holiday around.,10.123734869668828,25.576578746049627,5.625,6.5625,0.890625
"Q: Par exemple, visiter des châteaux dans la vallée de la Loire, la vallée du Rhin ou faire une croisière vers des sites intéressants sur le Danube ou faire du bateau le long du canal Erie.
A:","Par exemple, visiter des châteaux dans la vallée de la Loire, la vallée du Rhin ou faire une croisière vers des sites intéressants sur le Danube ou faire du bateau le long du canal Erie.","For example visiting castles in the Loire Valley, the Rhine valley or taking a cruise to interesting cites on the Danube or boating along the Erie Canal.","Par example, visiting castles in the Loire Valley, the Loire Valley, or making a cruise to the Danube, or making a boat trip to the Danube, or making a cruise to the Danube, or making a boat trip to the Danube, or making a cruise to the Danube, or making a boat trip to the Danube, or making a cruise to the Danube, or making a boat trip to the Danube, or making a cruise to the Danube, or making a boat trip to the Danube, or",11.694084264466538,39.818547644753636,eng_Latn," For example visiting castles in the Loire Valley, the Rhine valley or taking a cruise to interesting cites on the Danube or boating along the Erie Canal.",11.694084264466538,39.818547644753636,21.5,22.875,-0.019287109375
"Q: Elles définissent également les itinéraires pour les sentiers de randonnée et les pistes cyclables populaires.
A:",Elles définissent également les itinéraires pour les sentiers de randonnée et les pistes cyclables populaires.,They also define routes for popular hiking and cycling trails.,Elles define the trails for hiking and the popular trails.,17.055805176321822,45.65458126091504,eng_Latn, They also define routes for popular hiking and cycling trails.,17.055805176321822,45.65458126091504,14.125,15.3125,0.0002574920654296875
"Q: Noël est l'une des fêtes les plus importantes de la chrétienté, elle célèbre la naissance de Jésus.
A:","Noël est l'une des fêtes les plus importantes de la chrétienté, elle célèbre la naissance de Jésus.","Christmas is one of the most important holidays of Christianity, and is celebrated as the birthday of Jesus.","Noël is one of the most important Christmas celebrations, it marks the birth of Jesus.",25.932515248151116,54.80835759060816,eng_Latn," Christmas is one of the most important holidays of Christianity, and is celebrated as the birthday of Jesus.",25.932515248151116,54.80835759060816,8.5,9.8125,0.54296875
"Q: De nombreuses traditions liées à ces fêtes ont été également adoptées par des non-croyants dans les pays chrétiens et par les non-chrétiens dans le monde entier.
A:",De nombreuses traditions liées à ces fêtes ont été également adoptées par des non-croyants dans les pays chrétiens et par les non-chrétiens dans le monde entier.,Many of the traditions surrounding the holiday have been adopted also by non-believers in Christian countries and non-Christians around the world.,These traditions have also been adopted by non-Christians in many countries and by non-Christians in the world.,22.33874010840701,49.62162045025906,eng_Latn, Many of the traditions surrounding the holiday have been adopted also by non-believers in Christian countries and non-Christians around the world.,22.33874010840701,49.62162045025906,5.15625,5.28125,0.671875
"Q: Il est de tradition de passer la nuit de Pâques éveillé à un endroit à découvert pour voir le lever du soleil.
A:",Il est de tradition de passer la nuit de Pâques éveillé à un endroit à découvert pour voir le lever du soleil.,There's a tradition to pass the Easter night awake at some exposed point to see the sunrise.,The tradition of passing the night of Pâques is a tradition that has been passed over for a long time to see the sunrise.,19.306698300385474,42.88791089547871,eng_Latn, There's a tradition to pass the Easter night awake at some exposed point to see the sunrise.,19.306698300385474,42.88791089547871,14.25,13.0625,0.03564453125
"Q: Il existe bien évidemment des explications théologiques chrétiennes pour cette tradition, mais il se pourrait bien qu’il s’agisse d’un rituel préchrétien de printemps et de fertilité.
A:","Il existe bien évidemment des explications théologiques chrétiennes pour cette tradition, mais il se pourrait bien qu’il s’agisse d’un rituel préchrétien de printemps et de fertilité.","There are of course Christian theological explanations for this tradition, but it may well be a pre-Christian Spring and Fertility ritual.","There is certainly a Christian explanation for this tradition, but it is possible that it is a Christian ritual of spring and fertility.",19.23904871441659,50.329524267358835,eng_Latn," There are of course Christian theological explanations for this tradition, but it may well be a pre-Christian Spring and Fertility ritual.",19.23904871441659,50.329524267358835,10.375,12.25,0.59765625
"Q: Les églises plus traditionnelles organisent souvent une veillée pascale le samedi soir pendant le week-end de Pâques, les congrégations faisant souvent irruption dans la fête au coup de minuit pour célébrer la résurrection du Christ.
A:","Les églises plus traditionnelles organisent souvent une veillée pascale le samedi soir pendant le week-end de Pâques, les congrégations faisant souvent irruption dans la fête au coup de minuit pour célébrer la résurrection du Christ.","More traditional churches often hold an Easter Vigil on Saturday night during the Easter weekend, with the congregations often breaking into celebration at the stroke of midnight to celebrate Christ's resurrection.","The more traditional churches usually organize a vesper on the Saturday night, the Sunday morning, the church is often entered by the church to celebrate the resurrection of Christ on the Saturday night, the Sunday morning, the church is often entered by the church to celebrate the resurrection of Christ on the Saturday night, the Sunday morning, the church is often entered by the church to celebrate the resurrection of Christ on the Saturday night, the Sunday morning, the church is often entered by the church to celebrate the resurrection of",3.0506236474215287,34.18502181956963,eng_Latn," More traditional churches often hold an Easter Vigil on Saturday night during the Easter weekend, with the congregations often breaking into celebration at the stroke of midnight to celebrate Christ's resurrection.",3.0506236474215287,34.18502181956963,25.0,25.0,-0.005950927734375
"Q: Tous les animaux qui sont arrivés sur ces îles l'ont fait à l'origine par les eaux, à la nage ou à bord d'objets flottants, ou par les airs.
A:","Tous les animaux qui sont arrivés sur ces îles l'ont fait à l'origine par les eaux, à la nage ou à bord d'objets flottants, ou par les airs.","All animals that originally arrived in the islands came here either by swimming, flying or floating.","The animals that arrived on these islands were made by the sea, they were made by the sea or they were made by the air.",4.749262933870049,29.981021777784157,eng_Latn," All animals that originally arrived in the islands came here either by swimming, flying or floating.",4.749262933870049,29.981021777784157,18.375,17.75,0.08740234375
"Q: En raison de la grande distance qui les sépare du continent, les mammifères n’ont pas pu aller au bout du voyage, faisant de la tortue géante le principal animal de pâturage des Galapagos.
A:","En raison de la grande distance qui les sépare du continent, les mammifères n’ont pas pu aller au bout du voyage, faisant de la tortue géante le principal animal de pâturage des Galapagos.",Due to the long distance from the continent mammals were unable to make the journey making the giant tortoise the primary grazing animal in the Galapagos.,"The Galapagos tortoise has not been able to travel far, and the tortoise has not been able to travel far, making the tortoise the main animal of pasture for Galapagos.",12.454905762235423,32.61897103538194,eng_Latn, Due to the long distance from the continent mammals were unable to make the journey making the giant tortoise the primary grazing animal in the Galapagos.,12.454905762235423,32.61897103538194,16.0,16.0,-0.00054168701171875
"Q: Depuis l’arrivée de l’homme aux Galapagos, de nombreux mammifères ont été introduits, notamment des chèvres, des chevaux, des vaches, des rats, des chats et des chiens.
A:","Depuis l’arrivée de l’homme aux Galapagos, de nombreux mammifères ont été introduits, notamment des chèvres, des chevaux, des vaches, des rats, des chats et des chiens.","Since the arrival of man to the Galapagos, many mammals have been introduced including goats, horses, cows, rats, cats and dogs.","Since the arrival of the man to the Galapagos, many mammals have been introduced, including horses, cows, horses, dogs, cats and dogs.",69.86119309902718,83.5788399654805,eng_Latn," Since the arrival of man to the Galapagos, many mammals have been introduced including goats, horses, cows, rats, cats and dogs.",69.86119309902718,83.5788399654805,6.65625,5.90625,0.431640625
"Q: Si vous visitez les régions arctiques ou antarctiques en hiver, vous pourrez découvrir la nuit polaire, durant laquelle le soleil ne se lève pas au-dessus de l'horizon.
A:","Si vous visitez les régions arctiques ou antarctiques en hiver, vous pourrez découvrir la nuit polaire, durant laquelle le soleil ne se lève pas au-dessus de l'horizon.","If you visit the Arctic or Antarctic areas in the winter you will experience the polar night, which means that the sun doesn't rise above the horizon.","If you visit the Arctic regions or Antarctic, you can see the night of the polar night, during which the sun does not rise above the horizon.",38.142851105726145,60.25711598583617,eng_Latn," If you visit the Arctic or Antarctic areas in the winter you will experience the polar night, which means that the sun doesn't rise above the horizon.",38.142851105726145,60.25711598583617,5.75,5.0625,0.8203125
"Q: C'est une bonne occasion d'admirer les aurores boréales, car le ciel sera sombre pratiquement toute la journée.
A:","C'est une bonne occasion d'admirer les aurores boréales, car le ciel sera sombre pratiquement toute la journée.","This offers a good opportunity to see the Aurora borealis, as the sky will be dark more or less around the clock.","This is a good opportunity to admire the borers, because the sky will be dark for a long time, and the sky will be completely dark for a long time.",18.493819465835625,46.605409977713315,eng_Latn," This offers a good opportunity to see the Aurora borealis, as the sky will be dark more or less around the clock.",18.493819465835625,46.605409977713315,13.125,14.5,0.3515625
"Q: Comme les régions sont peu peuplées, et que la pollution lumineuse n'est donc souvent pas un problème, vous pourrez également profiter des étoiles.
A:","Comme les régions sont peu peuplées, et que la pollution lumineuse n'est donc souvent pas un problème, vous pourrez également profiter des étoiles.","As the areas are sparsely populated, and light pollution therefore often not a problem, you will also be able to enjoy the stars.","The regions are not very populated, and the pollution is not a problem, you can also enjoy the stars.",29.904525900931944,50.65562107418869,eng_Latn," As the areas are sparsely populated, and light pollution therefore often not a problem, you will also be able to enjoy the stars.",29.904525900931944,50.65562107418869,4.5,3.75,0.72265625
"Q: La culture de travail japonaise est plus hiérarchique et formelle que celle à laquelle les Occidentaux peuvent être habitués.
A:",La culture de travail japonaise est plus hiérarchique et formelle que celle à laquelle les Occidentaux peuvent être habitués.,Japanese work culture is more hierarchical and formal that what Westerners may be used to.,"The culture of work in Japan is more hierarchical and formal than that of the Japanese, and the Japanese can be expected to be familiar with.",22.481074167380633,52.38738414974541,eng_Latn, Japanese work culture is more hierarchical and formal that what Westerners may be used to.,22.481074167380633,52.38738414974541,13.5,13.75,0.421875
"Q: Les costumes sont des tenues de travail classiques, et les collaborateurs se font appeler par leur nom de famille ou par leur fonction.
A:","Les costumes sont des tenues de travail classiques, et les collaborateurs se font appeler par leur nom de famille ou par leur fonction.","Suits are standard business attire, and coworkers call each other by their family names or by job titles.","The costumes are traditional, and the employees are called by their surnames or by their functions.",5.58777237298149,32.14332962296021,eng_Latn," Suits are standard business attire, and coworkers call each other by their family names or by job titles.",5.58777237298149,32.14332962296021,3.8125,5.3125,0.7265625
"Q: L’harmonie au lieu de travail est cruciale, car elle met l’accent sur l’effort collectif plutôt que de faire l’éloge des réalisations individuelles.
A:","L’harmonie au lieu de travail est cruciale, car elle met l’accent sur l’effort collectif plutôt que de faire l’éloge des réalisations individuelles.","Workplace harmony is crucial, emphasizing group effort rather than praising individual accomplishments.","The harmony between work and life is crucial, because it emphasizes the effort rather than the praise of individual achievements.",11.22444464861146,51.349237027864056,eng_Latn," Workplace harmony is crucial, emphasizing group effort rather than praising individual accomplishments.",11.22444464861146,51.349237027864056,5.3125,5.84375,0.73046875
"Q: Les travailleurs doivent souvent obtenir l'accord de leurs supérieurs pour toute décision qu'ils prennent et sont censés obéir aux instructions de leurs supérieurs sans poser de questions.
A:",Les travailleurs doivent souvent obtenir l'accord de leurs supérieurs pour toute décision qu'ils prennent et sont censés obéir aux instructions de leurs supérieurs sans poser de questions.,"Workers must often get their superiors' approval for any decisions they make, and are expected to obey their superiors' instructions without question.",The workers must often receive their superiors' permission to make decisions that they are supposed to follow instructions of their superiors without asking questions.,14.707895453573196,53.26528272833193,eng_Latn," Workers must often get their superiors' approval for any decisions they make, and are expected to obey their superiors' instructions without question.",14.707895453573196,53.26528272833193,3.453125,3.6875,0.875
