prompt,query,reference,generation_ablation,bleu_ablation,chrf_ablation,ablation_lang,reference_lang,bleu_ablation_lang,chrf_ablation_lang,metricx_qe_ablation,metricx_ablation
"Translate the following sentence from English to French:
Q: ""We now have 4-month-old mice that are non-diabetic that used to be diabetic,"" he added.
A:","""We now have 4-month-old mice that are non-diabetic that used to be diabetic,"" he added.","« Nous avons à présent des souris de 4 mois qui ne sont pas diabétiques alors qu'elles l'étaient auparavant », a-t-il ajouté.","""They are not diabetic mice, but they are not mice either. They are non-human primates.",1.0042448903207537,9.552240557502973,eng_Latn," ""We now have 4-month-old mice that are non-diabetic that used to be diabetic,"" he added.",7.677060091222786,22.37879409917087,23.125,25.0
"Translate the following sentence from English to French:
Q: Dr. Ehud Ur, professor of medicine at Dalhousie University in Halifax, Nova Scotia and chair of the clinical and scientific division of the Canadian Diabetes Association cautioned that the research is still in its early days.
A:","Dr. Ehud Ur, professor of medicine at Dalhousie University in Halifax, Nova Scotia and chair of the clinical and scientific division of the Canadian Diabetes Association cautioned that the research is still in its early days.","Le Dr Ehud Ur, professeur de médecine à l'Université Dalhousie de Halifax (Nouvelle-Écosse) et président de la division clinique et scientifique de l'Association canadienne du diabète, a averti que la recherche en était encore à ses débuts.",The word “research” is used in the context of the study of diabetes in the United States and the United Kingdom.,0.28720319921901477,9.23735621206219,eng_Latn," Dr. Ehud Ur, professor of medicine at Dalhousie University in Halifax, Nova Scotia and chair of the clinical and scientific division of the Canadian Diabetes Association cautioned that the research is still in its early days.",1.7837369735008601,17.669096406857687,22.875,24.375
"Translate the following sentence from English to French:
Q: Like some other experts, he is skeptical about whether diabetes can be cured, noting that these findings have no relevance to people who already have Type 1 diabetes.
A:","Like some other experts, he is skeptical about whether diabetes can be cured, noting that these findings have no relevance to people who already have Type 1 diabetes.","À l'instar d'autres experts, il se montre sceptique quant à la possibilité de guérir le diabète, faisant remarquer que ces résultats ne sont pas applicables aux personnes qui souffrent déjà de diabète de type 1.",,0.0,0.0,eng_Latn," Like some other experts, he is skeptical about whether diabetes can be cured, noting that these findings have no relevance to people who already have Type 1 diabetes.",0.0,0.0,24.125,22.375
"Translate the following sentence from English to French:
Q: On Monday, Sara Danius, permanent secretary of the Nobel Committee for Literature at the Swedish Academy, publicly announced during a radio program on Sveriges Radio in Sweden the committee, unable to reach Bob Dylan directly about winning the 2016 Nobel Prize in Literature, had abandoned its efforts to reach him.
A:","On Monday, Sara Danius, permanent secretary of the Nobel Committee for Literature at the Swedish Academy, publicly announced during a radio program on Sveriges Radio in Sweden the committee, unable to reach Bob Dylan directly about winning the 2016 Nobel Prize in Literature, had abandoned its efforts to reach him.","Lundi, lors d'une émission de radio sur Sveriges Radio, en Suède, Sara Danius, secrétaire permanente du Comité Nobel de Littérature de l'Académie Suédoise, a annoncé publiquement que le comité, incapable de joindre directement Bob Dylan au sujet du prix Nobel de littérature 2016, avait renoncé à le contacter.","Sara’s statement was a bit of a surprise to Bob, who was not in the room when she announced the news.",0.2303725062324459,7.934438634650358,eng_Latn," On Monday, Sara Danius, permanent secretary of the Nobel Committee for Literature at the Swedish Academy, publicly announced during a radio program on Sveriges Radio in Sweden the committee, unable to reach Bob Dylan directly about winning the 2016 Nobel Prize in Literature, had abandoned its efforts to reach him.",0.5320896186183249,11.037894447387163,16.0,19.875
"Translate the following sentence from English to French:
Q: Danius said, ""Right now we are doing nothing. I have called and sent emails to his closest collaborator and received very friendly replies. For now, that is certainly enough.""
A:","Danius said, ""Right now we are doing nothing. I have called and sent emails to his closest collaborator and received very friendly replies. For now, that is certainly enough.""","Danius a déclaré : « En ce moment, nous ne faisons rien. J'ai appelé et envoyé des courriels à son plus proche collaborateur et j'ai reçu des réponses très amicales. Pour l'instant, c'est certainement suffisant. »","""Right now"" is a very common phrase in French. It is used to describe the state of affairs in the world today. It is a very common phrase in the French language.",0.7396214715761302,13.37947715009104,eng_Latn," Danius said, ""Right now we are doing nothing. I have called and sent emails to his closest collaborator and received very friendly replies. For now, that is certainly enough.""",7.041101565717877,21.50255752458934,24.125,25.0
"Translate the following sentence from English to French:
Q: Previously, Ring's CEO, Jamie Siminoff, remarked the company started when his doorbell wasn't audible from his shop in his garage.
A:","Previously, Ring's CEO, Jamie Siminoff, remarked the company started when his doorbell wasn't audible from his shop in his garage.","Auparavant, le PDG de Ring, Jamie Siminoff, a fait remarquer qu'il a lancé l'entreprise lorsque la sonnette de sa porte d'entrée n'était pas audible depuis son magasin dans son garage.",The same applies to the French version of the sentence.,0.12080992739760277,6.262228420596619,eng_Latn," Previously, Ring's CEO, Jamie Siminoff, remarked the company started when his doorbell wasn't audible from his shop in his garage.",0.6438754184043116,8.589569791810908,24.75,23.125
"Translate the following sentence from English to French:
Q: He built a WiFi door bell, he said.
A:","He built a WiFi door bell, he said.",Il dit avoir conçu une sonnette de porte Wi-Fi.,"The door is a bell, not a door.",2.812739937159535,8.255257810629304,eng_Latn," He built a WiFi door bell, he said.",10.552670315936318,25.271072768872816,20.375,23.0
"Translate the following sentence from English to French:
Q: Siminoff said sales boosted after his 2013 appearance in a Shark Tank episode where the show panel declined funding the startup.
A:",Siminoff said sales boosted after his 2013 appearance in a Shark Tank episode where the show panel declined funding the startup.,M. Siminoff a déclaré que les ventes ont augmenté après son apparition en 2013 dans un épisode de Shark Tank où le panel de la série a refusé de financer la start-up.,The jury has been asked to decide whether or not the company is a success.,0.4189828912148169,8.029412948045438,eng_Latn, Siminoff said sales boosted after his 2013 appearance in a Shark Tank episode where the show panel declined funding the startup.,1.3417048544084738,13.961632514696095,23.375,22.125
"Translate the following sentence from English to French:
Q: In late 2017, Siminoff appeared on shopping television channel QVC.
A:","In late 2017, Siminoff appeared on shopping television channel QVC.","Fin 2017, Siminoff est apparu sur la chaîne de télé-achat QVC.",Sim's name is a pseudonym and he is a member of the French Resistance.,2.2840528494190804,11.129502684209152,eng_Latn," In late 2017, Siminoff appeared on shopping television channel QVC.",2.4074859035470344,11.882622026232873,25.0,25.0
"Translate the following sentence from English to French:
Q: Ring also settled a lawsuit with competing security company, the ADT Corporation.
A:","Ring also settled a lawsuit with competing security company, the ADT Corporation.","Ring a également réglé un procès avec une entreprise de sécurité concurrente, l'ADT Corporation.","ADM is a French word meaning ""security company"" and Ring is a word that means ""security"" in French. Ring is a company that has been around for a long time and has been in the business of security for a long time. Ring is a company that has been in the news for a long time. Ring is a company that is in the news for the first time. Ring is a company that has been in the air for a long time. Ring is a company that is a",0.45398059821694364,13.250530050661244,eng_Latn," Ring also settled a lawsuit with competing security company, the ADT Corporation.",0.5610886570646662,20.043583555673667,22.375,23.875
"Translate the following sentence from English to French:
Q: While one experimental vaccine appears able to reduce Ebola mortality, up until now, no drugs have been clearly demonstrated suitable for treating existing infection.
A:","While one experimental vaccine appears able to reduce Ebola mortality, up until now, no drugs have been clearly demonstrated suitable for treating existing infection.","Même si un vaccin expérimental semble jusqu'ici capable de réduire le taux de mortalité d'Ebola, aucun remède n'a encore été suffisamment efficace pour traiter l'infection existante.",The word “vaccine” is a bit of a misnomer. It is a term that has been used to describe the treatment of a disease for decades. The word “treatment” is a bit more precise.,0.8496070958802302,14.870343013590826,eng_Latn," While one experimental vaccine appears able to reduce Ebola mortality, up until now, no drugs have been clearly demonstrated suitable for treating existing infection.",1.0683243644556364,18.23851776787748,22.875,25.0
"Translate the following sentence from English to French:
Q: One antibody cocktail, ZMapp, initially showed promise in the field, but formal studies indicated it had less benefit than sought in preventing death.
A:","One antibody cocktail, ZMapp, initially showed promise in the field, but formal studies indicated it had less benefit than sought in preventing death.","Même si l'administration d'un cocktail d'anticorps, ZMapp, avait d'abord montré des signes prometteurs sur le terrain, des études formelles ont démontré que sa capacité à limiter les décès ne répondait pas aux attentes.","The study of Z-proteins is a very important part of the field of immunology, and it is a very important part of the research of the French government.",0.5927999720181284,11.130847065077456,eng_Latn," One antibody cocktail, ZMapp, initially showed promise in the field, but formal studies indicated it had less benefit than sought in preventing death.",2.7820556720663387,19.176546176756126,25.0,25.0
"Translate the following sentence from English to French:
Q: In the PALM trial, ZMapp served as a control, meaning scientists used it as a baseline and compared the three other treatments to it.
A:","In the PALM trial, ZMapp served as a control, meaning scientists used it as a baseline and compared the three other treatments to it.","Dans l'essai PALM, le ZMapp a servi de témoin, ce qui signifie que les scientifiques l'ont utilisé comme base de référence et lui ont comparé les trois autres traitements.",The PAL test is a very important tool in the field of genetics and is used to study the effects of drugs on the human body. It is also used to test the safety of new drugs.,1.1501198958040353,13.322733613301233,eng_Latn," In the PALM trial, ZMapp served as a control, meaning scientists used it as a baseline and compared the three other treatments to it.",1.5450766293655125,20.88103548330493,6.3125,18.375
"Translate the following sentence from English to French:
Q: USA Gymnastics supports the United States Olympic Committee's letter and accepts the absolute need of the Olympic family to promote a safe environment for all of our athletes.
A:",USA Gymnastics supports the United States Olympic Committee's letter and accepts the absolute need of the Olympic family to promote a safe environment for all of our athletes.,La Fédération américaine de gymnastique soutient la lettre du Comité olympique des États-Unis et accepte la nécessité absolue de la famille olympique de promouvoir un environnement sûr pour tous nos athlètes.,The answer is: Yes.,0.0019510064213241148,2.021113468146745,eng_Latn, USA Gymnastics supports the United States Olympic Committee's letter and accepts the absolute need of the Olympic family to promote a safe environment for all of our athletes.,0.05468988016936943,2.5822534784726656,24.0,22.25
"Translate the following sentence from English to French:
Q: We agree with the USOC's statement that the interests of our athletes and clubs, and their sport, may be better served by moving forward with meaningful change within our organization, rather than decertification.
A:","We agree with the USOC's statement that the interests of our athletes and clubs, and their sport, may be better served by moving forward with meaningful change within our organization, rather than decertification.","Nous sommes d'accord avec la déclaration de l'USOC (Comité olympique des États-Unis) selon laquelle les intérêts de nos athlètes et de nos clubs, ainsi que de leur sport, pourraient être mieux servis. Cela peut être fait en allant de l'avant et en procédant plutôt à des changements significatifs au sein de notre organisation, qu'à la révocation d'accréditation.","The French government has been very supportive of the US-based organization, and it has been very supportive of the French club.",0.18056214655841574,8.28283419021619,eng_Latn," We agree with the USOC's statement that the interests of our athletes and clubs, and their sport, may be better served by moving forward with meaningful change within our organization, rather than decertification.",2.8410861978705335,19.421081424628138,25.0,24.5
"Translate the following sentence from English to French:
Q: USA Gymnastics supports an independent investigation that may shine light on how abuse of the proportion described so courageously by the survivors of Larry Nassar could have gone undetected for so long and embraces any necessary and appropriate changes.
A:",USA Gymnastics supports an independent investigation that may shine light on how abuse of the proportion described so courageously by the survivors of Larry Nassar could have gone undetected for so long and embraces any necessary and appropriate changes.,USA Gymnastics soutient une enquête indépendante qui pourrait faire la lumière sur la façon dont l’abus de la proportion décrite si courageusement par les survivants de Larry Nassar a pu passer inaperçu pendant si longtemps et adopte tout changement nécessaire et approprié.,The French word for “independent” is “independent” and it is the same word that is used to describe the investigation.,0.49191411028476273,9.137516971451403,eng_Latn, USA Gymnastics supports an independent investigation that may shine light on how abuse of the proportion described so courageously by the survivors of Larry Nassar could have gone undetected for so long and embraces any necessary and appropriate changes.,1.0233631716930793,19.101696051944714,22.5,23.125
"Translate the following sentence from English to French:
Q: USA Gymnastics and the USOC have the same goal — making the sport of gymnastics, and others, as safe as possible for athletes to follow their dreams in a safe, positive and empowered environment.
A:","USA Gymnastics and the USOC have the same goal — making the sport of gymnastics, and others, as safe as possible for athletes to follow their dreams in a safe, positive and empowered environment.","USA Gymnastics et l'USOC ont le même objectif : rendre la gymnastique, ainsi que d'autres sports, aussi sûrs que possible pour que les athlètes puissent poursuivre leurs rêves dans un environnement sûr, positif et responsabilisant.",The US government has a similar goal to make the sport more accessible to the public.,0.19332816071322217,8.778284010009402,eng_Latn," USA Gymnastics and the USOC have the same goal — making the sport of gymnastics, and others, as safe as possible for athletes to follow their dreams in a safe, positive and empowered environment.",1.107645846802376,17.01285045559247,15.6875,22.25
"Translate the following sentence from English to French:
Q: Throughout 1960s, Brzezinski worked for John F. Kennedy as his advisor and then the Lyndon B. Johnson administration.
A:","Throughout 1960s, Brzezinski worked for John F. Kennedy as his advisor and then the Lyndon B. Johnson administration.","Tout au long des années 1960, Brzezinski a travaillé pour John F. Kennedy en tant que conseiller, puis pour l'administration de Lyndon B. Johnson.",Br.,1.7755445305802662e-06,1.6628026317026336,vie_Latn," Trong suốt thập niên 1960, Brzezinski làm việc cho John F. Kennedy trong vai trò cố vấn và sau đó làm việc cho chính quyền Lyndon B. Johnson.",4.826430433096183e-06,1.6467127996463338,25.0,25.0
"Translate the following sentence from English to French:
Q: During the 1976 selections he advised Carter on foreign policy, then served as National Security Advisor (NSA) from 1977 to 1981, succeeding Henry Kissinger.
A:","During the 1976 selections he advised Carter on foreign policy, then served as National Security Advisor (NSA) from 1977 to 1981, succeeding Henry Kissinger.","Lors des sélections de 1976, il a conseillé Carter en matière de politique étrangère, puis a été conseiller à la sécurité nationale (NSA) de 1977 à 1981, succédant à Henry Kissinger.",The answer to this question is that the phrase “Carter’s” is a reference to the fact that he was the first president to use the phrase in a formal capacity.,1.056382052293246,13.88122427679315,eng_Latn," During the 1976 selections he advised Carter on foreign policy, then served as National Security Advisor (NSA) from 1977 to 1981, succeeding Henry Kissinger.",1.4091499441909465,15.01452806448427,25.0,25.0
"Translate the following sentence from English to French:
Q: As NSA, he assisted Carter in diplomatically handling world affairs, such as the Camp David Accords, 1978; normalizing US–China relations thought the late 1970s; the Iranian Revolution, which led to the Iran hostage crisis, 1979; and the Soviet invasion in Afghanistan, 1979.
A:","As NSA, he assisted Carter in diplomatically handling world affairs, such as the Camp David Accords, 1978; normalizing US–China relations thought the late 1970s; the Iranian Revolution, which led to the Iran hostage crisis, 1979; and the Soviet invasion in Afghanistan, 1979.","Pendant son temps au sein de la NSA, il a aidé Carter à résoudre diplomatiquement des questions internationales telles que les accords de Camp David, en 1978, la normalisation des relations entre les États-Unis et la Chine à la fin des années 1970, la révolution iranienne et ses conséquences comme la prise d'otages en Iran, en 1979, et l'invasion des forces soviétiques en Afghanistan, en 1979.","The French government has a long history of supporting the NSA, and it is a fact that the NSA is a French institution.",0.2727483534606676,7.550003444315085,eng_Latn," As NSA, he assisted Carter in diplomatically handling world affairs, such as the Camp David Accords, 1978; normalizing US–China relations thought the late 1970s; the Iranian Revolution, which led to the Iran hostage crisis, 1979; and the Soviet invasion in Afghanistan, 1979.",0.8484191926158875,11.970228528452733,23.125,23.125
"Translate the following sentence from English to French:
Q: The movie, featuring Ryan Gosling and Emma Stone, received nominations in all major categories.
A:","The movie, featuring Ryan Gosling and Emma Stone, received nominations in all major categories.","Le film, avec Ryan Gosling et Emma Stone, a reçu des nominations dans toutes les grandes catégories.",The movie was nominated for Best Picture at the Cannes Film Festival in 2019.,1.5416838024282304,15.205086029486804,eng_Latn," The movie, featuring Ryan Gosling and Emma Stone, received nominations in all major categories.",4.189756033552324,22.61099635562942,16.5,22.25
"Translate the following sentence from English to French:
Q: Gosling and Stone received nominations for Best Actor and Actress respectively.
A:",Gosling and Stone received nominations for Best Actor and Actress respectively.,Golsling et Stone ont respectivement été nominés pour le Meilleur Acteur et la Meilleure Actrice.,"Gos, who is a French actor, was nominated for Best Actor in 1999 and Best Supporting Actor in 2009.",1.447130794992574,13.078177392022589,eng_Latn, Gosling and Stone received nominations for Best Actor and Actress respectively.,10.845182904139568,31.598960562581425,24.75,25.0
"Translate the following sentence from English to French:
Q: The other nominations include Best Picture, Director, Cinematography, Costume Design, Film-editing, Original Score, Production Design, Sound Editing, Sound Mixing and Original Screenplay.
A:","The other nominations include Best Picture, Director, Cinematography, Costume Design, Film-editing, Original Score, Production Design, Sound Editing, Sound Mixing and Original Screenplay.","Parmi les autres nominations figurent celles du meilleur film, du meilleur réalisateur, de la meilleure cinématographie, des meilleurs costumes, du meilleur montage, de la meilleure musique originale, des meilleurs décors, du meilleur montage sonore, du meilleur mixage et du meilleur scénario original.",The best of the best.,0.0002235050402492014,1.2978994689363135,eng_Latn," The other nominations include Best Picture, Director, Cinematography, Costume Design, Film-editing, Original Score, Production Design, Sound Editing, Sound Mixing and Original Screenplay.",0.02025291663909187,3.3667153054588623,17.0,22.125
"Translate the following sentence from English to French:
Q: Two songs from the movie, Audition (The Fools Who Dream) and City of Stars, received nominations for best original song. Lionsgate studio received 26 nominations — more than any other studio.
A:","Two songs from the movie, Audition (The Fools Who Dream) and City of Stars, received nominations for best original song. Lionsgate studio received 26 nominations — more than any other studio.","Deux chansons du film, Audition (The Fools Who Dream) et City of Stars, ont été nominées pour la meilleure chanson originale. Le studio Lionsgate a reçu 26 nominations — plus que tout autre studio.",The best of the best.,0.007450631655280929,3.5572528382966255,eng_Latn," Two songs from the movie, Audition (The Fools Who Dream) and City of Stars, received nominations for best original song. Lionsgate studio received 26 nominations — more than any other studio.",0.020387438333354917,5.465795766824385,24.375,24.25
"Translate the following sentence from English to French:
Q: Late on Sunday, the United States President Donald Trump, in a statement delivered via the press secretary, announced US troops would be leaving Syria.
A:","Late on Sunday, the United States President Donald Trump, in a statement delivered via the press secretary, announced US troops would be leaving Syria.","Tard dimanche, le président des États-Unis Donald Trump, dans une déclaration faite par l'intermédiaire du secrétaire de presse, a annoncé que les troupes américaines allaient se retirer de la Syrie.",The French government has a similar policy to that of the United States.,0.2237442419604343,7.865642561644076,eng_Latn," Late on Sunday, the United States President Donald Trump, in a statement delivered via the press secretary, announced US troops would be leaving Syria.",3.830404337708925,18.347236844723874,24.625,23.375
"Translate the following sentence from English to French:
Q: The announcement was made after Trump had a phone conversation with Turkish President Recep Tayyip Erdoğan.
A:",The announcement was made after Trump had a phone conversation with Turkish President Recep Tayyip Erdoğan.,L’annonce a été faite après que M. Trump ait eu une conversation téléphonique avec le président turc Recep Tayyip Erdoğan.,The announcement of the Turkish election was made by the Turkish prime minister.,0.8451746492685832,11.47257399162245,eng_Latn, The announcement was made after Trump had a phone conversation with Turkish President Recep Tayyip Erdoğan.,12.631952974561813,32.37195066789183,21.25,22.0
"Translate the following sentence from English to French:
Q: Turkey would also take over guarding captured ISIS fighters which, the statement said, European nations have refused to repatriate.
A:","Turkey would also take over guarding captured ISIS fighters which, the statement said, European nations have refused to repatriate.","La Turquie prendrait également en charge la garde des combattants d'ISIS capturés que, selon la déclaration, les nations européennes ont refusé de rapatrier.",The French government has been in charge of the country since 1999.,0.387953361172442,9.73913877097666,eng_Latn," Turkey would also take over guarding captured ISIS fighters which, the statement said, European nations have refused to repatriate.",0.8212972720470026,9.89400835333359,25.0,25.0
"Translate the following sentence from English to French:
Q: This not only confirms that at least some dinosaurs had feathers, a theory already widespread, but provides details fossils generally cannot, such as color and three-dimensional arrangement.
A:","This not only confirms that at least some dinosaurs had feathers, a theory already widespread, but provides details fossils generally cannot, such as color and three-dimensional arrangement.","Cela confirme non seulement qu'au moins certains dinosaures avaient des plumes, une théorie déjà très répandue, mais fournit des détails que les fossiles ne peuvent généralement pas fournir, comme la couleur et la disposition tridimensionnelle.","The feathers of the dinosaurs are a result of the fossil record, and the theory of evolution is a fact.",0.6231847654792015,10.295881253165975,eng_Latn," This not only confirms that at least some dinosaurs had feathers, a theory already widespread, but provides details fossils generally cannot, such as color and three-dimensional arrangement.",4.282487468826948,20.672181259242585,14.5625,23.0
"Translate the following sentence from English to French:
Q: . Scientists say this animal's plumage was chestnut-brown on top with a pale or carotenoid-colored underside.
A:",. Scientists say this animal's plumage was chestnut-brown on top with a pale or carotenoid-colored underside.,Les scientifiques disent que le plumage de cet animal était brun châtain sur le dessus et de couleur pâle ou caroténoïde sur le dessous.,The plumage of the bird is a reflection of the species's biology.,2.8262733219466454,11.709291598552966,eng_Latn, . Scientists say this animal's plumage was chestnut-brown on top with a pale or carotenoid-colored underside.,4.93335209026834,15.69502233750729,12.625,18.375
"Translate the following sentence from English to French:
Q: The find also grants insight into the evolution of feathers in birds.
A:",The find also grants insight into the evolution of feathers in birds.,Cette découverte permet également de mieux comprendre l'évolution des plumes chez les oiseaux.,"The French word for feather is <em>feather</em>, and it is a very important part of the bird’s body.",1.2414943415352928,11.063372993472695,eng_Latn, The find also grants insight into the evolution of feathers in birds.,1.8564670505078418,20.590056234181063,13.5,20.5
"Translate the following sentence from English to French:
Q: Because the dinosaur feathers do not have a well-developed shaft, called a rachis, but do have other features of feathers — barbs and barbules — the researchers inferred the rachis was likely a later evolutionary development that these other features.
A:","Because the dinosaur feathers do not have a well-developed shaft, called a rachis, but do have other features of feathers — barbs and barbules — the researchers inferred the rachis was likely a later evolutionary development that these other features.","Étant donné que les plumes de dinosaure n'ont pas une tige entièrement développée, que l'on appelle rachis, mais montrent cependant d'autres caractéristiques propres aux plumes – barbes et barbules – les chercheurs en ont déduit que le rachis était probablement un développement évolutif ultérieur à ces autres caractéristiques.",The word “arch” is derived from the French word “arch” and is used to describe the structure of the dinosaur’s head.,0.32302321854420446,8.039676038031988,eng_Latn," Because the dinosaur feathers do not have a well-developed shaft, called a rachis, but do have other features of feathers — barbs and barbules — the researchers inferred the rachis was likely a later evolutionary development that these other features.",2.284763183806481,14.116690922755225,22.625,25.0
"Translate the following sentence from English to French:
Q: The feathers' structure suggests that they were not used in flight but rather for temperature regulation or display. The researchers suggested that, even though this is the tail of a young dinosaur, the sample shows adult plumage and not a chick's down.
A:","The feathers' structure suggests that they were not used in flight but rather for temperature regulation or display. The researchers suggested that, even though this is the tail of a young dinosaur, the sample shows adult plumage and not a chick's down.","La structure des plumes suggère qu’elles n’étaient pas utilisées en vol mais plutôt pour la régulation ou l’affichage de la température. Les chercheurs ont suggéré que, même s’il s’agit de la queue d’un jeune dinosaure, l’échantillon montre un plumage d’adulte et non le duvet d’un poussin.",The feathers of the chick are not as important as the feathers of the bird.,0.07126056536286236,5.042101800256936,eng_Latn," The feathers' structure suggests that they were not used in flight but rather for temperature regulation or display. The researchers suggested that, even though this is the tail of a young dinosaur, the sample shows adult plumage and not a chick's down.",2.5759392322500814,13.614708299916403,23.625,24.875
"Translate the following sentence from English to French:
Q: The researchers suggested that, even though this is the tail of a young dinosaur, the sample shows adult plumage and not a chick's down.
A:","The researchers suggested that, even though this is the tail of a young dinosaur, the sample shows adult plumage and not a chick's down.","Les scientifiques précisent qu'il s'agit certes de la queue d'un dinosaure juvénile, mais l'échantillon révèle un plumage appartenant à un individu adulte, et non à un jeune.",The answer is:,0.0,1.3486889309167711,eng_Latn," The researchers suggested that, even though this is the tail of a young dinosaur, the sample shows adult plumage and not a chick's down.",0.00818233884144091,3.693236154226007,25.0,25.0
"Translate the following sentence from English to French:
Q: A car bomb detonated at police headquarters in Gaziantep, Turkey yesterday morning killed two police officers and injured more than twenty other people.
A:","A car bomb detonated at police headquarters in Gaziantep, Turkey yesterday morning killed two police officers and injured more than twenty other people.","Une voiture piégée a explosé au siège de la police à Gaziantep, en Turquie, hier matin, tuant deux officiers de police et blessant plus de vingt autres personnes.","The bomb was detonated by a car, and the police were not in the car.",0.7286576683233293,10.529691895599317,eng_Latn," A car bomb detonated at police headquarters in Gaziantep, Turkey yesterday morning killed two police officers and injured more than twenty other people.",4.3866155974344565,18.10737351427445,22.875,22.625
"Translate the following sentence from English to French:
Q: The governor's office said nineteen of the injured were police officers.
A:",The governor's office said nineteen of the injured were police officers.,Le bureau du gouverneur a déclaré que dix-neuf des blessés étaient des officiers de police.,"The police are injured in the same way as the governor, but the police are not the same as the injured.",1.7179060012299232,16.805617925108184,eng_Latn, The governor's office said nineteen of the injured were police officers.,7.6047020452233385,35.69054553579983,22.125,24.375
"Translate the following sentence from English to French:
Q: Police said they suspect an alleged Daesh (ISIL) militant of responsibility for the attack.
A:",Police said they suspect an alleged Daesh (ISIL) militant of responsibility for the attack.,La police a déclaré soupçonner un militant présumé de Daesh (ÉI) comme le suspect à l'origine de cette attaque.,The French police are investigating the case of a French citizen who was killed in a terrorist attack in France.,1.4030129530580746,16.016032479592447,eng_Latn, Police said they suspect an alleged Daesh (ISIL) militant of responsibility for the attack.,2.328734903585348,18.99133527723307,18.625,24.25
"Translate the following sentence from English to French:
Q: They found the Sun operated on the same basic principles as other stars: The activity of all stars in the system was found to be driven by their luminosity, their rotation, and nothing else.
A:","They found the Sun operated on the same basic principles as other stars: The activity of all stars in the system was found to be driven by their luminosity, their rotation, and nothing else.","Ils ont constaté que le Soleil fonctionnait selon les mêmes principes de base que les autres étoiles. L'activité de toutes les étoiles du système est déterminée par leur luminosité, leur rotation et rien d'autre.","The Sun is a star that is not a part of the system, but is a part of the universe.",0.5019329495958763,7.9920546742602365,eng_Latn," They found the Sun operated on the same basic principles as other stars: The activity of all stars in the system was found to be driven by their luminosity, their rotation, and nothing else.",1.8807877320487474,16.129498236467914,23.625,23.875
"Translate the following sentence from English to French:
Q: The luminosity and rotation are used together to determine a star's Rossby number, which is related to plasma flow.
A:","The luminosity and rotation are used together to determine a star's Rossby number, which is related to plasma flow.","La luminosité et la rotation sont utilisées conjointement afin de déterminer le nombre de Rossby d'une étoile, qui est lié au flux de plasma.",The Rossian luminosity is the amount of light that a star emits in a given hour. The Rosses are the stars that are in the sky.,2.1606414952027744,15.543283918592554,eng_Latn," The luminosity and rotation are used together to determine a star's Rossby number, which is related to plasma flow.",6.251526810911487,23.14267620378968,18.0,21.25
"Translate the following sentence from English to French:
Q: The smaller the Rossby number, the less active the star with respect to magnetic reversals.
A:","The smaller the Rossby number, the less active the star with respect to magnetic reversals.","En ce qui concerne les inversions magnétiques, plus le nombre de Rossby est petit, moins l’étoile est active .",The Rosses are the most active stars in the sky.,1.0615710980041333,14.117442693521678,eng_Latn," The smaller the Rossby number, the less active the star with respect to magnetic reversals.",2.5036167445274096,21.585750406733865,18.125,23.75
"Translate the following sentence from English to French:
Q: During his trip, Iwasaki ran into trouble on many occasions.
A:","During his trip, Iwasaki ran into trouble on many occasions.","Au cours de son voyage, Iwasaki a eu des problèmes à de nombreuses occasions.",,0.0,0.0,eng_Latn," During his trip, Iwasaki ran into trouble on many occasions.",0.0,0.0,24.25,16.625
"Translate the following sentence from English to French:
Q: He was robbed by pirates, attacked in Tibet by a rabid dog, escaped marriage in Nepal and was arrested in India.
A:","He was robbed by pirates, attacked in Tibet by a rabid dog, escaped marriage in Nepal and was arrested in India.","Il a été volé par des pirates, attaqué au Tibet par un chien enragé, a échappé à un mariage au Népal et a été arrêté en Inde.",,0.0,0.0,eng_Latn," He was robbed by pirates, attacked in Tibet by a rabid dog, escaped marriage in Nepal and was arrested in India.",0.0,0.0,21.0,21.375
"Translate the following sentence from English to French:
Q: The 802.11n standard operates on both the 2.4Ghz and 5.0Ghz frequencies.
A:",The 802.11n standard operates on both the 2.4Ghz and 5.0Ghz frequencies.,"La norme 802.11n fonctionne à la fois sur les fréquences 2,4 GHz et 5,0 GHz.",The 5000-watt transmitter is used for the transmission of data and the 802.11b/c is used for the wireless connection.,4.965977366141172,18.300891089544756,eng_Latn, The 802.11n standard operates on both the 2.4Ghz and 5.0Ghz frequencies.,5.71168499906942,21.38939817625465,22.875,24.5
"Translate the following sentence from English to French:
Q: This will allow it to be backwards compatible with 802.11a, 802.11b and 802.11g, provided that the base station has dual radios.
A:","This will allow it to be backwards compatible with 802.11a, 802.11b and 802.11g, provided that the base station has dual radios.","Ceci autorisera la rétro-compatibilité avec les itérations 802.11a, b et g, sous réserve que la station possède deux radios.",Dual-mode radios are a common feature of the modern wireless environment. They are used to transmit and receive data from a single source.,2.4276454492502215,16.352572718084584,eng_Latn," This will allow it to be backwards compatible with 802.11a, 802.11b and 802.11g, provided that the base station has dual radios.",2.7747098362934133,15.661222958004343,5.375,24.25
"Translate the following sentence from English to French:
Q: The speeds of 802.11n are substantially faster than that of its predecessors with a maximum theoretical throughput of 600Mbit/s.
A:",The speeds of 802.11n are substantially faster than that of its predecessors with a maximum theoretical throughput of 600Mbit/s.,"Les vitesses de la norme Wi-Fi 802.11n sont sensiblement plus rapides que celles de ses prédécesseurs, avec un débit théorique maximum de 600 Mbit/s.",The speed of the 802.50/850 MHz band is the same as the speed of the 1000 megabit/second (Mbps) of the Internet.,2.406722173808325,11.024816689293521,eng_Latn, The speeds of 802.11n are substantially faster than that of its predecessors with a maximum theoretical throughput of 600Mbit/s.,3.8751440102499637,19.663986992434808,23.875,25.0
"Translate the following sentence from English to French:
Q: Duvall, who is married with two adult children, did not leave a big impression on Miller, to whom the story was related.
A:","Duvall, who is married with two adult children, did not leave a big impression on Miller, to whom the story was related.","Duvall, qui est marié et a deux enfants adultes, n’a pas fait bonne impression à Miller, à qui l’histoire a été relatée.","The story is about a man who is a great success in the world of business, but who is not a great success in the life of a man.",1.490809879807962,14.434265770436344,eng_Latn," Duvall, who is married with two adult children, did not leave a big impression on Miller, to whom the story was related.",3.3922687807926777,20.65966172136504,18.75,19.375
"Translate the following sentence from English to French:
Q: When asked for comment, Miller said, ""Mike talks a lot during the hearing...I was getting ready so I wasn't really hearing what he was saying.""
A:","When asked for comment, Miller said, ""Mike talks a lot during the hearing...I was getting ready so I wasn't really hearing what he was saying.""","Lorsqu'on lui a demandé de commenter, Miller a déclaré : « Mike parle beaucoup pendant l'audience… Je me préparais, donc je n'ai pas vraiment entendu ce qu'il disait ».","""Mike"" is a French word for ""man"" and ""man"" is a noun.",0.5622343060165501,6.943063650832021,eng_Latn," When asked for comment, Miller said, ""Mike talks a lot during the hearing...I was getting ready so I wasn't really hearing what he was saying.""",4.160805288825328,8.941721982664424,24.625,25.0
"Translate the following sentence from English to French:
Q: ""We will endeavour to cut carbon dioxide emissions per unit of GDP by a notable margin by 2020 from the 2005 level,"" Hu said.
A:","""We will endeavour to cut carbon dioxide emissions per unit of GDP by a notable margin by 2020 from the 2005 level,"" Hu said.","« Nous nous efforcerons de réduire les émissions de dioxyde de carbone par unité de PIB de manière significative d'ici 2020 par rapport au niveau de 2005 », a déclaré M. Hu.","""We will cut the carbon emissions of the world by a significant amount in the next 10 years.""",0.569291038090119,15.020701171103745,eng_Latn," ""We will endeavour to cut carbon dioxide emissions per unit of GDP by a notable margin by 2020 from the 2005 level,"" Hu said.",6.89244121335923,26.652089157448998,16.25,18.125
"Translate the following sentence from English to French:
Q: He did not set a figure for the cuts, saying they will be made based on China's economic output.
A:","He did not set a figure for the cuts, saying they will be made based on China's economic output.","Il n'a pas chiffré ces réductions, disant qu'elles seront basées sur la production économique chinoise.",He set up a figure of how much China's economy will be in 2015.,1.3934574217056335,10.069885752264197,eng_Latn," He did not set a figure for the cuts, saying they will be made based on China's economic output.",8.641720741286875,31.175640923859405,19.125,23.0
"Translate the following sentence from English to French:
Q: Hu encouraged developing countries ""to avoid the old path of polluting first and cleaning up later.""
A:","Hu encouraged developing countries ""to avoid the old path of polluting first and cleaning up later.""",Hu a encouragé les pays en voie de développement « à éviter l'ancienne méthode qui consistait à polluer d'abord et à nettoyer ensuite ».,"Hu is a French word meaning ""cleaner"" or ""cleaner"" in English.",0.996091574614388,9.24055348845928,eng_Latn," Hu encouraged developing countries ""to avoid the old path of polluting first and cleaning up later.""",2.4499899359187736,14.277866292678029,18.875,21.375
"Translate the following sentence from English to French:
Q: He added that ""they should not, however, be asked to take on obligations that go beyond their development stage, responsibility and capabilities.""
A:","He added that ""they should not, however, be asked to take on obligations that go beyond their development stage, responsibility and capabilities.""","Il a ajouté qu’« on ne devrait cependant pas leur demander d’assumer des obligations qui dépassent leur stade de développement, leur responsabilité et leurs capacités. »","The French word for ""responsibility"" is ""responsibility"" and the word for ""capability"" is ""capability.""",0.9651972938348193,11.059630282608554,eng_Latn," He added that ""they should not, however, be asked to take on obligations that go beyond their development stage, responsibility and capabilities.""",2.6711961764401657,20.168811618142396,15.0,20.125
"Translate the following sentence from English to French:
Q: The Iraq Study Group presented its report at 12.00 GMT today.
A:",The Iraq Study Group presented its report at 12.00 GMT today.,Le groupe d’étude sur l’Irak a présenté son rapport aujourd’hui à 12 h GMT.,The report was prepared by the Iraqi government and the United Nations Office on Drugs and Crime (UNODC) and was presented to the Security Council on 11 December 2019.,0.0,11.89759078367261,eng_Latn, The Iraq Study Group presented its report at 12.00 GMT today.,1.3494116947566301,24.018047126081427,17.125,24.125
"Translate the following sentence from English to French:
Q: It warns No one can guarantee that any course of action in Iraq at this point will stop sectarian warfare, growing violence, or a slide toward chaos.
A:","It warns No one can guarantee that any course of action in Iraq at this point will stop sectarian warfare, growing violence, or a slide toward chaos.","Il avertit que personne ne peut garantir que toute action en Irak à ce stade mettra fin à la guerre sectaire, à la violence croissante ou au glissement vers le chaos.","The French government has a duty to protect the rights of the Iraqi people, and the French government has a responsibility to protect the rights of the people in Iraq.",1.159885429174733,16.1182892214687,eng_Latn," It warns No one can guarantee that any course of action in Iraq at this point will stop sectarian warfare, growing violence, or a slide toward chaos.",2.7823241251196302,18.338333365863395,21.0,22.5
"Translate the following sentence from English to French:
Q: The Report opens with plea for open debate and the formation of a consensus in the United States about the policy towards the Middle East.
A:",The Report opens with plea for open debate and the formation of a consensus in the United States about the policy towards the Middle East.,Le rapport s'ouvre par un appel à un débat ouvert et à la formation d'un consensus aux États-Unis sur la politique à l'égard du Moyen-Orient.,The French government is in the process of drafting a new policy for the Middle East.,0.566125256226538,10.665487810956439,eng_Latn, The Report opens with plea for open debate and the formation of a consensus in the United States about the policy towards the Middle East.,10.097998866360362,28.09328949763174,24.5,22.375
"Translate the following sentence from English to French:
Q: The Report is highly critical of almost every aspect of the present policy of the Executive towards Iraq and it urges an immediate change of direction.
A:",The Report is highly critical of almost every aspect of the present policy of the Executive towards Iraq and it urges an immediate change of direction.,Le rapport est très critique envers presque tous les aspects de la politique actuelle du gouvernement à l'égard de l'Irak et plaide vivement pour un changement de direction immédiat.,The French government is not the only one to have a problem with the report.,0.48156599905122044,9.074164198924853,eng_Latn, The Report is highly critical of almost every aspect of the present policy of the Executive towards Iraq and it urges an immediate change of direction.,1.6227909745013358,13.850413795688207,25.0,22.5
"Translate the following sentence from English to French:
Q: First among its 78 recommendations is that a new diplomatic initiative should be taken before the end of this year to secure Iraq’s borders against hostile interventions and to re-establish diplomatic relations with its neighbors.
A:",First among its 78 recommendations is that a new diplomatic initiative should be taken before the end of this year to secure Iraq’s borders against hostile interventions and to re-establish diplomatic relations with its neighbors.,La première de ses 78 recommandations est qu'une nouvelle initiative diplomatique devrait être prise avant la fin de l'année pour sécuriser les frontières de l'Irak contre les interventions hostiles et afin de rétablir les relations diplomatiques avec ses voisins.,The first step in the process of re-establishing diplomatic relations is to secure the borders of Iraq.,0.5021570228436372,12.632840666013417,eng_Latn, First among its 78 recommendations is that a new diplomatic initiative should be taken before the end of this year to secure Iraq’s borders against hostile interventions and to re-establish diplomatic relations with its neighbors.,6.448428181414752,26.254654072241028,12.5625,17.5
"Translate the following sentence from English to French:
Q: Current senator and Argentine First Lady Cristina Fernandez de Kirchner announced her presidential candidacy yesterday evening in La Plata, a city 50 kilometers (31 miles) away from Buenos Aires.
A:","Current senator and Argentine First Lady Cristina Fernandez de Kirchner announced her presidential candidacy yesterday evening in La Plata, a city 50 kilometers (31 miles) away from Buenos Aires.","L'actuelle sénatrice et Première Dame d'Argentine Cristina Fernandez de Kirchner a annoncé sa candidature présidentielle, hier soir, à La Plata, une ville située à 50 kilomètres (31 miles) de Buenos Aires.",The announcement of a candidate’s candidacy is a very important event for the candidate and the country. It is a time for the candidate to make a decision on the future of the country.,0.7405508922257457,14.181273694751662,eng_Latn," Current senator and Argentine First Lady Cristina Fernandez de Kirchner announced her presidential candidacy yesterday evening in La Plata, a city 50 kilometers (31 miles) away from Buenos Aires.",3.5990847926536635,17.91927502884336,17.375,20.125
"Translate the following sentence from English to French:
Q: Mrs. Kirchner announced her intention to run for president at the Argentine Theatre, the same location she used to start her 2005 campaign for the Senate as member of the Buenos Aires province delegation.
A:","Mrs. Kirchner announced her intention to run for president at the Argentine Theatre, the same location she used to start her 2005 campaign for the Senate as member of the Buenos Aires province delegation.","Mme Kirchner a annoncé son intention de se présenter à la présidence au Théâtre argentin, le même endroit où elle a commencé sa campagne 2005 pour le Sénat en tant que membre de la délégation de la province de Buenos Aires.","The same day that she announced her candidacy, Mrs. Kirchner made a statement to the press, which was published in the Buenos Aires Times.",2.97603765178925,18.395991044414146,eng_Latn," Mrs. Kirchner announced her intention to run for president at the Argentine Theatre, the same location she used to start her 2005 campaign for the Senate as member of the Buenos Aires province delegation.",13.132646239770285,31.228952178028447,14.375,21.375
"Translate the following sentence from English to French:
Q: The debate was sparked by controversy over spending on relief and reconstruction in the wake Hurricane Katrina; which some fiscal conservatives have humorously labeled ""Bush's New Orleans Deal.""
A:","The debate was sparked by controversy over spending on relief and reconstruction in the wake Hurricane Katrina; which some fiscal conservatives have humorously labeled ""Bush's New Orleans Deal.""",Le débat a été déclenché par la controverse sur les dépenses liées aux secours et à la reconstruction à la suite de l'ouragan Katrina ; ce que certains conservateurs en matière budgétaire ont appelé avec humour « l'accord Bush pour la Nouvelle-Orléans ».,The debate about the New Deal in the United States is a topic of great interest to the public and to the media.,0.3118575734602062,8.248380723082176,eng_Latn," The debate was sparked by controversy over spending on relief and reconstruction in the wake Hurricane Katrina; which some fiscal conservatives have humorously labeled ""Bush's New Orleans Deal.""",1.946783934705145,16.66138946037316,18.5,23.125
"Translate the following sentence from English to French:
Q: Liberal criticism of the reconstruction effort has focused on the awarding of reconstruction contracts to perceived Washington insiders.
A:",Liberal criticism of the reconstruction effort has focused on the awarding of reconstruction contracts to perceived Washington insiders.,Les critiques des libéraux sur l'effort de reconstruction se sont concentrées sur l'attribution de contrats de reconstruction à des personnes perçues comme des initiés de Washington.,The word “insider” is used to describe the people who are involved in the reconstruction process.,1.4063937961524111,15.57800317401235,eng_Latn, Liberal criticism of the reconstruction effort has focused on the awarding of reconstruction contracts to perceived Washington insiders.,6.374832623269345,26.58830811197846,17.25,19.125
"Translate the following sentence from English to French:
Q: Over four million people went to Rome to attend the funeral.
A:",Over four million people went to Rome to attend the funeral.,Plus de 4 000 000 personnes sont se sont rendues à Rome pour l'enterrement.,"Over 100,000 people went to the funeral of the pope in 2015.",0.0,12.127866874530719,eng_Latn, Over four million people went to Rome to attend the funeral.,16.59038701421972,42.150323827002744,20.125,22.625
"Translate the following sentence from English to French:
Q: The number of people present was so large that it was not possible for everybody to gain access to the funeral in St. Peter's Square.
A:",The number of people present was so large that it was not possible for everybody to gain access to the funeral in St. Peter's Square.,"En raison du nombre important de personnes présentes, il n'a pas été possible pour tout le monde d'assister aux funérailles sur la place Saint-Pierre.",The answer is: 100% correct.,0.09039056888448514,3.15694260449441,eng_Latn, The number of people present was so large that it was not possible for everybody to gain access to the funeral in St. Peter's Square.,0.33706772462936,4.626313759854801,25.0,21.75
"Translate the following sentence from English to French:
Q: Several large television screens were installed in various places in Rome to let the people watch the ceremony.
A:",Several large television screens were installed in various places in Rome to let the people watch the ceremony.,Plusieurs grands écrans de télévision ont été installés à différents endroits à Rome pour permettre aux gens de regarder la cérémonie.,"The French word for screen is ""screen"". It is a term that has been used in the media industry for many years. Screen is a word that is used in the French language to describe the process of creating a television show.",0.7772751558853214,15.272574232721817,eng_Latn, Several large television screens were installed in various places in Rome to let the people watch the ceremony.,1.2642975505530565,23.898760344543728,20.5,23.0
"Translate the following sentence from English to French:
Q: In many other cities of Italy and in the rest of the world, particularly in Poland, similar setups were made, which were viewed by a great number of people.
A:","In many other cities of Italy and in the rest of the world, particularly in Poland, similar setups were made, which were viewed by a great number of people.","Dans de nombreuses autres villes d'Italie et dans le reste du monde, en particulier en Pologne, des installations similaires ont été réalisées et ont été vues par un grand nombre de personnes.","In the case of the Polish setup, the people who were watching the game were the players, not the teams.",0.9648678849428634,9.678585582108486,eng_Latn," In many other cities of Italy and in the rest of the world, particularly in Poland, similar setups were made, which were viewed by a great number of people.",3.092305835310635,20.400197085202095,17.625,24.625
"Translate the following sentence from English to French:
Q: Historians have criticized past FBI policies for focusing resources on cases which are easy to solve, especially stolen car cases, with the intent of boosting the agency's success rate.
A:","Historians have criticized past FBI policies for focusing resources on cases which are easy to solve, especially stolen car cases, with the intent of boosting the agency's success rate.","Les historiens ont critiqué les politiques passées du FBI pour avoir concentré les ressources sur des affaires faciles à résoudre, en particulier les affaires de voitures volées, avec l'intention d'augmenter le taux de réussite de l'agence.","The FBI has a history of focusing on car theft, but it has also been known to investigate and prosecute cases of fraud.",0.6448270161892034,10.4779343271985,eng_Latn," Historians have criticized past FBI policies for focusing resources on cases which are easy to solve, especially stolen car cases, with the intent of boosting the agency's success rate.",2.6055194993886017,20.007784787231163,16.25,22.75
"Translate the following sentence from English to French:
Q: Congress began funding the obscenity initiative in fiscal 2005 and specified that the FBI must devote 10 agents to adult pornography.
A:",Congress began funding the obscenity initiative in fiscal 2005 and specified that the FBI must devote 10 agents to adult pornography.,"Le Congrès a lancé le financement de l'initiative contre la pornographie au cours de l'exercice 2005, tout en précisant que le FBI s'apprêtait à affecter dix agents à la lutte contre la pornographie adulte.",The FBI has been working on the issue of obscenity for years and has been working on it for the last 10 years.,0.5631110027061378,9.104354279598692,eng_Latn, Congress began funding the obscenity initiative in fiscal 2005 and specified that the FBI must devote 10 agents to adult pornography.,7.076972675308514,20.774590562394717,14.6875,19.125
"Translate the following sentence from English to French:
Q: Robin Uthappa made the innings highest score, 70 runs in just 41 balls by hitting 11 fours and 2 sixes.
A:","Robin Uthappa made the innings highest score, 70 runs in just 41 balls by hitting 11 fours and 2 sixes.","Robin Uthappa a obtenu le score le plus élevé des manches, 70 points en seulement 41 balles en frappant 11 fois quatre runs et 2 fois six runs.",Robin is a batsman who has a lot of experience in the game of cricket. He is also a very good fielder.,1.3087250109251978,13.055704852243649,eng_Latn," Robin Uthappa made the innings highest score, 70 runs in just 41 balls by hitting 11 fours and 2 sixes.",1.8225437070682784,14.750301615398767,8.0,20.625
"Translate the following sentence from English to French:
Q: Middle order batsmen, Sachin Tendulkar and Rahul Dravid, performed well and made a hundred-run partnership.
A:","Middle order batsmen, Sachin Tendulkar and Rahul Dravid, performed well and made a hundred-run partnership.","Les batteurs d'ordre moyen, Sachin Tendulkar et Rahul Dravid, ont obtenu de bons résultats et ont accompli un century ensemble.",Sachin and Rahul are the two best batsmen in the world.,2.2145484499746595,12.928441655744322,eng_Latn," Middle order batsmen, Sachin Tendulkar and Rahul Dravid, performed well and made a hundred-run partnership.",6.248927289825283,20.426611994623162,9.0625,16.75
"Translate the following sentence from English to French:
Q: But, after losing the captain's wicket India only made 36 runs loosing 7 wickets to end the innings.
A:","But, after losing the captain's wicket India only made 36 runs loosing 7 wickets to end the innings.","Mais après avoir perdu le guichet de son capitaine, l'Inde n'a réalisé que 36 courses et perdu sept guichets jusqu'à la fin de la manche.",The sentence is correct.,0.009740882881212578,4.265697860322435,eng_Latn," But, after losing the captain's wicket India only made 36 runs loosing 7 wickets to end the innings.",0.13114869534227858,5.174413348847325,19.0,23.125
"Translate the following sentence from English to French:
Q: U.S. President George W. Bush arrived in Singapore the morning of November 16, beginning a week-long tour of Asia.
A:","U.S. President George W. Bush arrived in Singapore the morning of November 16, beginning a week-long tour of Asia.","Le président américain George W. Bush est arrivé à Singapour le matin du 16 novembre, débutant une tournée d’une semaine en Asie.","The President of the United States of America arrived in Singapore on November 15, 2009, and the same day he was sworn in as the President of the United States of America.",1.0885011049519644,19.219412401613102,eng_Latn," U.S. President George W. Bush arrived in Singapore the morning of November 16, beginning a week-long tour of Asia.",5.332544583175986,34.57855196918743,23.0,23.375
"Translate the following sentence from English to French:
Q: He was greeted by Singapore's Deputy Prime Minister Wong Kan Seng and discussed trade and terrorism issues with the Singapore Prime Minister Lee Hsien Loong.
A:",He was greeted by Singapore's Deputy Prime Minister Wong Kan Seng and discussed trade and terrorism issues with the Singapore Prime Minister Lee Hsien Loong.,"Il a été accueilli par Wong Kan Seng, le vice-premier ministre de Singapour, et a discuté de commerce et de terrorisme avec Lee Hsien Loong, le Premier ministre de Singapour.","The Prime Minister of Singapore, Lee Kuan Yew, is a man of great influence in Singapore and has been a leader in the fight against terrorism. He is also a man of great faith and a man of great wisdom. He is a man of many talents and is a great friend to the people of Singapore.",0.8580218848827392,21.038523140515064,eng_Latn, He was greeted by Singapore's Deputy Prime Minister Wong Kan Seng and discussed trade and terrorism issues with the Singapore Prime Minister Lee Hsien Loong.,2.040731460661198,31.116799838214305,17.375,24.0
"Translate the following sentence from English to French:
Q: After a week of losses in the midterm election, Bush told an audience about the expansion of trade in Asia.
A:","After a week of losses in the midterm election, Bush told an audience about the expansion of trade in Asia.","Après sept jours de défaites électorales aux élections de mi-mandat, Bush a fait part de son projet d'élargir le commerce en Asie.",The French government has been in charge of the trade in Asia for 10 years.,0.7458640101225464,9.272893327115673,eng_Latn," After a week of losses in the midterm election, Bush told an audience about the expansion of trade in Asia.",6.410814440406985,21.76338912989155,25.0,24.625
"Translate the following sentence from English to French:
Q: Prime Minister Stephen Harper has agreed to send the government's 'Clean Air Act' to an all-party committee for review, before its second reading, after Tuesday's 25 minute meeting with NDP leader Jack Layton at the PMO.
A:","Prime Minister Stephen Harper has agreed to send the government's 'Clean Air Act' to an all-party committee for review, before its second reading, after Tuesday's 25 minute meeting with NDP leader Jack Layton at the PMO.","Le Premier ministre Stephen Harper a accepté d'envoyer la « loi sur la qualité de l'air » du gouvernement à un comité multipartite pour examen, avant sa deuxième lecture, après la réunion de 25 minutes de mardi avec le chef du NPD, Jack Layton, au CPM.",Harper's Prime Minister's Office (PMO) is a place where the government's priorities are set. The PM's office is a place where the government's priorities are not set.,0.7547649026873952,12.777161667944577,eng_Latn," Prime Minister Stephen Harper has agreed to send the government's 'Clean Air Act' to an all-party committee for review, before its second reading, after Tuesday's 25 minute meeting with NDP leader Jack Layton at the PMO.",6.778833458369257,22.556251497289228,23.375,24.5
"Translate the following sentence from English to French:
Q: Layton had asked for changes to the conservatives' environmental bill during the meeting with the PM, asking for a ""thorough and complete rewriting"" of the Conservative party's environmental bill.
A:","Layton had asked for changes to the conservatives' environmental bill during the meeting with the PM, asking for a ""thorough and complete rewriting"" of the Conservative party's environmental bill.","Layton avait demandé des changements au sujet du projet de loi environnemental des conservateurs lors de la réunion avec le premier ministre, demandant une « reformulation complète et approfondie » du projet de loi environnemental du parti conservateur.","The Conservative Party of Canada has a long history of environmental activism, and the government of Canada has a history of environmentalism.",0.4861676397778286,15.745270074454067,eng_Latn," Layton had asked for changes to the conservatives' environmental bill during the meeting with the PM, asking for a ""thorough and complete rewriting"" of the Conservative party's environmental bill.",2.1538793184826557,27.32942927855868,18.25,23.875
"Translate the following sentence from English to French:
Q: Ever since the Federal Government stepped in to take over funding of the Mersey hospital in Devonport, Tasmania, the state government and some federal MPs have criticised this act as a stunt in the prelude to the federal election to be called by November.
A:","Ever since the Federal Government stepped in to take over funding of the Mersey hospital in Devonport, Tasmania, the state government and some federal MPs have criticised this act as a stunt in the prelude to the federal election to be called by November.","Et depuis, le gouvernement fédéral a pris les devants en se chargeant du financement du Mersey Hospital à Devonport, en Tasmanie. Le gouvernement d'état et certains parlementaires ont qualifié cet acte de farce à l'approche des élections de novembre.","The Merco-Aussie is a federal hospital in the United States of America, and the federal government has been funding it since 1999.",0.5218178691078125,12.69339931993404,eng_Latn," Ever since the Federal Government stepped in to take over funding of the Mersey hospital in Devonport, Tasmania, the state government and some federal MPs have criticised this act as a stunt in the prelude to the federal election to be called by November.",2.0294391714398765,25.250805092123237,23.5,25.0
"Translate the following sentence from English to French:
Q: But Prime Minister John Howard has said the act was only to safeguard the facilities of the hospital from being downgraded by the Tasmanian government, in giving an extra AUD$45 million.
A:","But Prime Minister John Howard has said the act was only to safeguard the facilities of the hospital from being downgraded by the Tasmanian government, in giving an extra AUD$45 million.","Mais le Premier ministre John Howard a déclaré que cette loi visait uniquement à éviter que les installations de l'hôpital ne soient déclassées par le gouvernement de Tasmanie, en donnant 45 millions de dollars australiens supplémentaires.",The answer is that the act is not true.,0.05693523272806071,3.494709417491072,eng_Latn," But Prime Minister John Howard has said the act was only to safeguard the facilities of the hospital from being downgraded by the Tasmanian government, in giving an extra AUD$45 million.",0.3425534868348935,7.262658314312634,22.75,23.625
"Translate the following sentence from English to French:
Q: According to the latest bulletin, sea level readings indicated a tsunami was generated. There was some definite tsunami activity recorded near Pago Pago and Niue.
A:","According to the latest bulletin, sea level readings indicated a tsunami was generated. There was some definite tsunami activity recorded near Pago Pago and Niue.","D'après le dernier bulletin, les relevés du niveau de la mer indiquent qu'un tsunami s'est produit. Une activité tsunami précise a été enregistrée près de Pago Pago et de Niue.","The French language is a bit more complicated than the English language, so we have to translate the text into French.",0.78996701006003,10.153245470654912,eng_Latn," According to the latest bulletin, sea level readings indicated a tsunami was generated. There was some definite tsunami activity recorded near Pago Pago and Niue.",1.5181958685716148,16.428072776667975,25.0,25.0
"Translate the following sentence from English to French:
Q: No major damage or injuries have been reported in Tonga, but power was temporarily lost, which reportedly prevented Tongan authorities from receiving the tsunami warning issued by the PTWC.
A:","No major damage or injuries have been reported in Tonga, but power was temporarily lost, which reportedly prevented Tongan authorities from receiving the tsunami warning issued by the PTWC.","Aucun dommage ou blessure grave n’a été signalé à Tonga, mais l’électricité a été temporairement coupée, ce qui aurait empêché les autorités tonganes de recevoir l’alerte au tsunami émise par le centre d’alerte des tsunamis dans le Pacifique.","The tsunami warning was issued by the Tsunami Control Center in the US, and the Tonga government has been working on a plan to rebuild the island.",0.599448515974522,13.848283818329854,eng_Latn," No major damage or injuries have been reported in Tonga, but power was temporarily lost, which reportedly prevented Tongan authorities from receiving the tsunami warning issued by the PTWC.",5.430108122057665,27.915119507519403,23.25,23.0
"Translate the following sentence from English to French:
Q: Fourteen schools in Hawaii located on or near coastlines were closed all of Wednesday despite the warnings being lifted.
A:",Fourteen schools in Hawaii located on or near coastlines were closed all of Wednesday despite the warnings being lifted.,Quatorze écoles d’Hawaii situées sur ou près des côtes ont été fermées toute la journée de mercredi malgré la levée des alertes.,The school that was closed was the one that had the most students.,0.476176343898985,8.132783494340075,eng_Latn, Fourteen schools in Hawaii located on or near coastlines were closed all of Wednesday despite the warnings being lifted.,1.7035018586323527,14.319499274537526,24.25,21.5
"Translate the following sentence from English to French:
Q: U.S. President George W. Bush welcomed the announcement.
A:",U.S. President George W. Bush welcomed the announcement.,Le président américain George W. Bush a accueilli cette annonce avec satisfaction.,The French government has a long history of welcoming the U.S. President.,2.675745489641754,14.904065151400236,eng_Latn, U.S. President George W. Bush welcomed the announcement.,24.07843507482262,37.80410905196752,18.375,21.5
"Translate the following sentence from English to French:
Q: Bush spokesman Gordon Johndroe called North Korea's pledge ""a major step towards the goal of achieving the verifiable denuclearization of the Korean peninsula.""
A:","Bush spokesman Gordon Johndroe called North Korea's pledge ""a major step towards the goal of achieving the verifiable denuclearization of the Korean peninsula.""","Le porte-parole de Bush, Gordon Johndroe, a qualifié la promesse de la Corée du Nord « d'étape majeure vers l'objectif de la dénucléarisation vérifiable de la péninsule coréenne ».",Bush's statement was made in the context of the North's nuclear weapons program.,0.3113583502046486,9.537493192068162,eng_Latn," Bush spokesman Gordon Johndroe called North Korea's pledge ""a major step towards the goal of achieving the verifiable denuclearization of the Korean peninsula.""",2.127991873402413,15.733082304115905,18.375,21.0
"Translate the following sentence from English to French:
Q: The tenth named storm of the Atlantic Hurricane season, Subtropical Storm Jerry, formed in the Atlantic Ocean today.
A:","The tenth named storm of the Atlantic Hurricane season, Subtropical Storm Jerry, formed in the Atlantic Ocean today.","La tempête subtropicale Jerry, 10ème tempête de la saison des ouragans à porter un nom, est apparue ce jour dans l'océan Atlantique.","The storm is a tropical cyclone, and it is a natural phenomenon. It is a natural disaster.",1.0419626602502774,15.154424161047613,eng_Latn," The tenth named storm of the Atlantic Hurricane season, Subtropical Storm Jerry, formed in the Atlantic Ocean today.",2.1601524349994397,18.39989472053891,25.0,25.0
"Translate the following sentence from English to French:
Q: The National Hurricane Center (NHC) says that at this point Jerry poses no threat to land.
A:",The National Hurricane Center (NHC) says that at this point Jerry poses no threat to land.,"Le National Hurricane Center (NHC) affirme qu'à ce stade, Jerry ne représente aucune menace pour les terres.",The French word for “risk” is “risk” and it is a word that is used in the same sentence as “risk” in the context of the phrase “risk” in the NH.,0.8321783954793125,12.421723830925552,eng_Latn, The National Hurricane Center (NHC) says that at this point Jerry poses no threat to land.,1.0952083604308251,16.851101683596205,25.0,25.0
"Translate the following sentence from English to French:
Q: The U.S. Corps of Engineers estimated that 6 inches of rainfall could breach the previously damaged levees.
A:",The U.S. Corps of Engineers estimated that 6 inches of rainfall could breach the previously damaged levees.,"D’après le U.S. Corps of Engineers, une pluviométrie de 6 pouces pourrait ouvrir une brèche dans les digues précédemment endommagées.",The levees are the most vulnerable structures in the U.S. and the Corps of Engineers is responsible for their protection.,13.040411490345013,26.315641266776286,eng_Latn, The U.S. Corps of Engineers estimated that 6 inches of rainfall could breach the previously damaged levees.,22.90542233600848,34.19521715472199,15.5625,13.9375
"Translate the following sentence from English to French:
Q: The Ninth Ward, which saw flooding as high as 20 feet during Hurricane Katrina, is currently in waist-high water as the nearby levee was overtopped.
A:","The Ninth Ward, which saw flooding as high as 20 feet during Hurricane Katrina, is currently in waist-high water as the nearby levee was overtopped.","Le neuvième district, qui a connu des inondations atteignant 20 pieds de haut lors de l'ouragan Katrina, est actuellement sous les eaux jusqu'à la taille car la digue voisine a été débordée.","The word levee is a French word that means ""water"" and it is used in the sentence to describe the flooding of the Ninth.",0.8113699532523756,11.271519010380263,eng_Latn," The Ninth Ward, which saw flooding as high as 20 feet during Hurricane Katrina, is currently in waist-high water as the nearby levee was overtopped.",3.7072970160306706,22.461320715486575,19.25,22.25
"Translate the following sentence from English to French:
Q: Water is spilling over the levee in a section 100 feet wide.
A:",Water is spilling over the levee in a section 100 feet wide.,L'eau se déverse sur la digue dans une section de 100 pieds de large.,The leeward side of the dam is 10 feet above the ground.,2.0128303461390598,10.90050414130467,eng_Latn, Water is spilling over the levee in a section 100 feet wide.,3.716499092256818,19.657222539729403,14.1875,18.125
"Translate the following sentence from English to French:
Q: Commons Administrator Adam Cuerden expressed his frustration over the deletions when he spoke to Wikinews last month.
A:",Commons Administrator Adam Cuerden expressed his frustration over the deletions when he spoke to Wikinews last month.,"Lors de son discours sur Wikinews le mois dernier, Adam Cuerden, directeur de Commons, a exprimé sa frustration quant aux suppressions qui avaient été faites.",Adam is a member of the Commons and has been working on the Wikileaks project for a long time. He has been working on the Wikinomics project for the past 10 years.,1.3339264902154053,16.731160729838017,eng_Latn, Commons Administrator Adam Cuerden expressed his frustration over the deletions when he spoke to Wikinews last month.,1.3339264902154053,20.97148427916523,21.0,22.375
"Translate the following sentence from English to French:
Q: ""He [Wales] basically lied to us from the start. First, by acting as if this was for legal reasons. Second, by pretending he was listening to us, right up to his art deletion.""
A:","""He [Wales] basically lied to us from the start. First, by acting as if this was for legal reasons. Second, by pretending he was listening to us, right up to his art deletion.""","« Il [Wales] nous a carrément menti dès le départ. Tout d'abord en prétextant des raison légales, puis en faisant semblant de nous écouter jusqu'à ce qu'il ait supprimé son œuvre. »","""I'm not a lawyer, but I'm a lawyer for the law.""",0.4551714354947865,4.717883603341864,eng_Latn," ""He [Wales] basically lied to us from the start. First, by acting as if this was for legal reasons. Second, by pretending he was listening to us, right up to his art deletion.""",1.2206850975602235,6.447492291843464,24.875,24.75
"Translate the following sentence from English to French:
Q: The community irritation led to current efforts to draft a policy regarding sexual content for the site which hosts millions of openly-licensed media.
A:",The community irritation led to current efforts to draft a policy regarding sexual content for the site which hosts millions of openly-licensed media.,Le mécontentement de la communauté a entraîné les efforts actuels visant à concevoir une politique relative au contenu à caractère sexuel du site qui héberge des millions de médias libres d’accès.,The French government has been working on the issue of sexual harassment for years.,0.3481468430987071,8.72579231662739,eng_Latn, The community irritation led to current efforts to draft a policy regarding sexual content for the site which hosts millions of openly-licensed media.,1.5708745012220435,16.58162809656856,22.75,23.25
"Translate the following sentence from English to French:
Q: The work done was mostly theoretical, but the program was written to simulate observations made of the Sagittarius galaxy.
A:","The work done was mostly theoretical, but the program was written to simulate observations made of the Sagittarius galaxy.","Le travail effectué était principalement théorique, mais le programme a été écrit pour simuler les observations faites de la galaxie du Sagittaire.","The work of the program is in the form of a computer code, but the work of the galaxy is in the form of a star.",1.585236384822604,13.94468888297685,eng_Latn," The work done was mostly theoretical, but the program was written to simulate observations made of the Sagittarius galaxy.",8.914609827874221,32.22320090218339,13.625,19.375
"Translate the following sentence from English to French:
Q: The effect the team was looking for would be caused by tidal forces between the galaxy's dark matter and the Milky Way's dark matter.
A:",The effect the team was looking for would be caused by tidal forces between the galaxy's dark matter and the Milky Way's dark matter.,L’effet que l’équipe recherchait serait causé par les forces de marée entre la matière noire de la galaxie et la matière noire de la Voie lactée.,"The Milky Way is a dark matter source, and the tidal forces are the result of the gravitational pull of the Earth.",1.1046884375700299,13.334974668878303,eng_Latn, The effect the team was looking for would be caused by tidal forces between the galaxy's dark matter and the Milky Way's dark matter.,9.912175084612846,34.4030167999412,19.75,23.125
"Translate the following sentence from English to French:
Q: Just like the moon exerts a pull on the earth, causing tides, so does the Milky Way exert a force on the Sagittarius galaxy.
A:","Just like the moon exerts a pull on the earth, causing tides, so does the Milky Way exert a force on the Sagittarius galaxy.","Tout comme la lune exerce une traction sur la terre, provoquant des marées, la Voie lactée exerce une force sur la galaxie du Sagittaire.","The Milky Way is the largest galaxy in the universe, and it is the most powerful force in the universe.",1.2416131204392928,13.665720692350503,eng_Latn," Just like the moon exerts a pull on the earth, causing tides, so does the Milky Way exert a force on the Sagittarius galaxy.",5.795904559970267,27.74866454108838,8.5625,17.875
"Translate the following sentence from English to French:
Q: The scientists were able to conclude that the dark matter affect other dark matter in the same way regular matter does.
A:",The scientists were able to conclude that the dark matter affect other dark matter in the same way regular matter does.,Les scientifiques ont pu conclure que la matière noire affecte les autres matières noires de la même manière que la matière normale.,The dark matter is a substance that is believed to be the result of the interaction of the two particles.,1.268559500048408,11.31885012849871,eng_Latn, The scientists were able to conclude that the dark matter affect other dark matter in the same way regular matter does.,4.657469807170696,29.098641859352142,16.0,22.75
"Translate the following sentence from English to French:
Q: This theory says that most dark matter around a galaxy is located around a galaxy in a kind of halo, and is made of lots of small particles.
A:","This theory says that most dark matter around a galaxy is located around a galaxy in a kind of halo, and is made of lots of small particles.","Selon cette théorie, la majeure partie de la matière noire autour d’une galaxie se trouve dans une sorte de halo, et est constituée d’un grand nombre de petites particules.",The theory is correct.,0.006529509061362183,2.998550343615757,eng_Latn," This theory says that most dark matter around a galaxy is located around a galaxy in a kind of halo, and is made of lots of small particles.",0.05198653956750803,6.601512152145454,16.125,16.25
"Translate the following sentence from English to French:
Q: Television reports show white smoke coming from the plant.
A:",Television reports show white smoke coming from the plant.,Les reportages télévisés montrent de la fumée blanche provenant de l'usine.,"The plant is a large tree, and the smoke is a result of a fire.",1.6068581927959764,14.050768599839106,eng_Latn, Television reports show white smoke coming from the plant.,3.234245292096216,23.879029448871197,4.75,19.75
"Translate the following sentence from English to French:
Q: Local authorities are warning residents in the vicinity of the plant to stay indoors, turn off air-conditioners and not to drink tap water.
A:","Local authorities are warning residents in the vicinity of the plant to stay indoors, turn off air-conditioners and not to drink tap water.","Les autorités locales avertissent les habitants des environs de rester à l’intérieur, d’éteindre les climatiseurs et de ne pas boire l’eau du robinet.",The French government is warning us to stay away from the plant.,0.358444718896404,7.438677319484596,eng_Latn," Local authorities are warning residents in the vicinity of the plant to stay indoors, turn off air-conditioners and not to drink tap water.",2.242102200684771,18.70827862585118,19.375,20.25
"Translate the following sentence from English to French:
Q: According to Japan's nuclear agency, radioactive caesium and iodine has been identified at the plant.
A:","According to Japan's nuclear agency, radioactive caesium and iodine has been identified at the plant.","Selon l'agence nucléaire japonaise, du césium et de l'iode radioactifs ont été identifiés à la centrale.","The plant is located in the city of Tokyo, and the agency is responsible for the safety of the plant.",1.3037656352625877,13.536992305269699,eng_Latn," According to Japan's nuclear agency, radioactive caesium and iodine has been identified at the plant.",6.981521873320627,23.827011059699604,13.8125,20.5
"Translate the following sentence from English to French:
Q: Authorities speculate that this indicates that containers holding uranium fuel at the site may have ruptured and are leaking.
A:",Authorities speculate that this indicates that containers holding uranium fuel at the site may have ruptured and are leaking.,Les autorités supposent que cela signifie que les réservoirs de combustible d'uranium sur le site comporteraient des fissures et des fuites.,The French government has been investigating the issue of uranium leaks for years.,1.1743309926340424,12.177340720389385,eng_Latn, Authorities speculate that this indicates that containers holding uranium fuel at the site may have ruptured and are leaking.,2.8393056319364356,16.79840139834058,17.875,20.875
"Translate the following sentence from English to French:
Q: Dr. Tony Moll discovered the Extremely Drug Resistant Tuberculosis (XDR-TB) in the South African region KwaZulu-Natal.
A:",Dr. Tony Moll discovered the Extremely Drug Resistant Tuberculosis (XDR-TB) in the South African region KwaZulu-Natal.,Le Dr Tony Moll a découvert la tuberculose multirésistante (TB-MR) dans la région sud-africaine du KwaZulu-Natal.,The disease is a result of the use of a drug that is not yet approved for use in the country.,1.0387146055415566,11.211087410269,eng_Latn, Dr. Tony Moll discovered the Extremely Drug Resistant Tuberculosis (XDR-TB) in the South African region KwaZulu-Natal.,2.275136985481159,16.004860790302352,19.125,21.25
"Translate the following sentence from English to French:
Q: In an interview, he said the new variant was ""very highly troubling and alarming because of the very high fatality rate.""
A:","In an interview, he said the new variant was ""very highly troubling and alarming because of the very high fatality rate.""","""Dans une interview, il a déclaré que la nouvelle mutation était """"très troublante et alarmante en raison du taux de mortalité très élevé"""".""","""The"" is the word that is used to describe the new variant.",0.7706625541339539,7.453611251153953,eng_Latn," In an interview, he said the new variant was ""very highly troubling and alarming because of the very high fatality rate.""",4.754414264916444,19.227285900197497,22.25,23.875
"Translate the following sentence from English to French:
Q: Some patients might have contracted the bug in the hospital, Dr. Moll thinks, and at least two were hospital health workers.
A:","Some patients might have contracted the bug in the hospital, Dr. Moll thinks, and at least two were hospital health workers.","Certains patients auraient contracté le virus à l’hôpital, selon le Dr Moll, et au moins deux d’entre eux faisaient partie du personnel de l’hôpital.","The word “hospital” is a bit of a mouthful, but it’s a word that is used to describe the hospital environment. The word “bug” is a more accurate translation of the word “bug” in French.",0.9216168770877762,15.80743636046166,eng_Latn," Some patients might have contracted the bug in the hospital, Dr. Moll thinks, and at least two were hospital health workers.",1.915654182812138,25.799761426622243,25.0,25.0
"Translate the following sentence from English to French:
Q: In one year's time, an infected person may infect 10 to 15 close contacts.
A:","In one year's time, an infected person may infect 10 to 15 close contacts.","Sur une période d'un an, une personne infectée peut infecter 10 à 15 contacts proches.","The word ""close"" is used to mean ""close to"" and ""close to"" is a word that is used in the context of a disease.",1.0885011049519644,10.358604279805347,eng_Latn," In one year's time, an infected person may infect 10 to 15 close contacts.",1.2944532586971997,15.945716753458928,15.6875,19.0
"Translate the following sentence from English to French:
Q: However, the percentage of XDR-TB in the entire group of people with tuberculosis still seems to be low; 6,000 of the total 330,000 people infected at any particular moment in South Africa.
A:","However, the percentage of XDR-TB in the entire group of people with tuberculosis still seems to be low; 6,000 of the total 330,000 people infected at any particular moment in South Africa.","Cependant, le pourcentage de TB-UR dans l’ensemble du groupe de personnes atteintes de tuberculose semble encore faible ; 6 000 personnes sur un total de 330 000 ont été infectées à un moment donné en Afrique du Sud.","The word “TB” is a very common word in the South African language, and it is used to describe a disease that is very common in the country. It is a disease that is very difficult to diagnose and treat.",0.9596970853646041,12.531536712845384,eng_Latn," However, the percentage of XDR-TB in the entire group of people with tuberculosis still seems to be low; 6,000 of the total 330,000 people infected at any particular moment in South Africa.",2.264164155209104,19.79876360359387,21.375,25.0
"Translate the following sentence from English to French:
Q: The satellites, both of which weighed in excess of 1,000 pounds, and traveling at approximately 17,500 miles per hour, collided 491 miles above the Earth.
A:","The satellites, both of which weighed in excess of 1,000 pounds, and traveling at approximately 17,500 miles per hour, collided 491 miles above the Earth.","Les satellites, qui pesaient tous les deux plus de 450 kg et se déplaçaient à environ 28000 km/h, sont entrés en collision à 790 km au-dessus de la Terre.",The collision was caused by the Earth's gravity.,0.5000706773198135,8.92189517451848,eng_Latn," The satellites, both of which weighed in excess of 1,000 pounds, and traveling at approximately 17,500 miles per hour, collided 491 miles above the Earth.",1.1596815614422167,10.7327631899705,14.625,20.875
"Translate the following sentence from English to French:
Q: Scientists say the explosion caused by the collision was massive.
A:",Scientists say the explosion caused by the collision was massive.,Les scientifiques affirment que l'explosion causée par la collision a été massive.,The French word for explosion is “explosion” and it is used in the same sentence as “massive” in the context of the sentence.,2.4858281414101677,22.011862706779226,eng_Latn, Scientists say the explosion caused by the collision was massive.,2.8244460759801417,30.452421236710542,11.125,13.1875
"Translate the following sentence from English to French:
Q: They are still trying to determine just how large the crash was and how the Earth will be affected.
A:",They are still trying to determine just how large the crash was and how the Earth will be affected.,On essaie encore de déterminer quelle a été l'ampleur de l'accident et comment la Terre sera affectée.,The French government is still trying to understand the crash and the French people are still in the midst of a debate about the best way to handle the situation.,1.3794462224541233,15.296014995851825,eng_Latn, They are still trying to determine just how large the crash was and how the Earth will be affected.,6.757878745244754,33.99134815826308,14.625,18.25
"Translate the following sentence from English to French:
Q: The United States Strategic Command of the U.S. Department of Defense office is tracking the debris.
A:",The United States Strategic Command of the U.S. Department of Defense office is tracking the debris.,Le commandement stratégique du bureau du département de la défense des États-Unis suit les débris.,The debris is a term used to describe the debris of the U.S. military aircraft.,1.8721971830722224,11.751414835977672,eng_Latn, The United States Strategic Command of the U.S. Department of Defense office is tracking the debris.,27.82354149317939,29.59651370412163,17.875,20.0
"Translate the following sentence from English to French:
Q: The result of plotting analysis will be posted to a public website.
A:",The result of plotting analysis will be posted to a public website.,Le résultat de l'analyse du tracé sera publié sur un site Web public.,"The French word for plot is <em>plot</em>, and it is used in a very different way in the French language.  Plotting is a way to communicate with the public and to get the most out of the data that is being collected.  Plotting is a way to get the most out of the data that the French government has to offer.  The French government has a lot of data to work with, and it is a way to get the most out of it.  The",0.4183823166799266,10.097594247514287,eng_Latn, The result of plotting analysis will be posted to a public website.,0.5722559691705443,16.8302584292505,10.0,10.125
"Translate the following sentence from English to French:
Q: A doctor who worked at Children's Hospital of Pittsburgh, Pennsylvania will be charged with aggravated murder after her mother was found dead in the trunk of her car Wednesday, authorities in Ohio say.
A:","A doctor who worked at Children's Hospital of Pittsburgh, Pennsylvania will be charged with aggravated murder after her mother was found dead in the trunk of her car Wednesday, authorities in Ohio say.","Un médecin exerçant à l'hôpital pour enfants de Pittsburgh, en Pennsylvanie, a été accusé de meurtre avec circonstances aggravantes après que sa mère ait été retrouvée morte dans le coffre de sa voiture mercredi, selon les autorités de l'Ohio.","The charges against the doctor are not yet in the court of law, but the charges are being investigated.",0.34891564237491374,9.096463486473372,eng_Latn," A doctor who worked at Children's Hospital of Pittsburgh, Pennsylvania will be charged with aggravated murder after her mother was found dead in the trunk of her car Wednesday, authorities in Ohio say.",1.8190381044472614,16.218863105922814,24.0,21.125
"Translate the following sentence from English to French:
Q: Dr. Malar Balasubramanian, 29, was found in Blue Ash, Ohio, a suburb approximately 15 miles north of Cincinnati lying on the ground beside the road in a T-shirt and underwear in an apparently heavily medicated state.
A:","Dr. Malar Balasubramanian, 29, was found in Blue Ash, Ohio, a suburb approximately 15 miles north of Cincinnati lying on the ground beside the road in a T-shirt and underwear in an apparently heavily medicated state.","Le Dr Malar Balasubramanian, 29 ans, a été trouvé allongé sur le sol au bord de la route, à Blue Ash, dans l'Ohio, une banlieue située à environ 15 miles au nord de Cincinnati. Il était en T-shirt et en sous-vêtements, dans un état apparemment très médicamenté.","The police were able to identify the man as Dr. Balto, a physician who had been in the hospital for a few days.",0.5630997775285996,9.054502064682005,eng_Latn," Dr. Malar Balasubramanian, 29, was found in Blue Ash, Ohio, a suburb approximately 15 miles north of Cincinnati lying on the ground beside the road in a T-shirt and underwear in an apparently heavily medicated state.",1.7017366786322239,14.679408266020433,21.25,22.125
"Translate the following sentence from English to French:
Q: She directed officers to her black Oldsmobile Intrigue which was 500 feet away.
A:",She directed officers to her black Oldsmobile Intrigue which was 500 feet away.,Elle a dirigé les officiers vers son Oldsmobile Intrigue noire qui se trouvait à 500 pieds de là.,The Intrase was a black car that was used to drive the police in the 1960s.,1.6590830594843564,10.453120989169202,eng_Latn, She directed officers to her black Oldsmobile Intrigue which was 500 feet away.,2.7247931978069366,18.877420655604194,21.75,22.125
"Translate the following sentence from English to French:
Q: There, they found the body of Saroja Balasubramanian, 53, covered with blood-stained blankets.
A:","There, they found the body of Saroja Balasubramanian, 53, covered with blood-stained blankets.","Là, ils ont trouvé le corps de Saroja Balasubramanian, 53 ans, couvert de couvertures tachées de sang.",S.M.A.R.T.,0.6110636633040414,1.0800802345317082,deu_Latn," Dort fand man die Leiche von Saroja Balasubramanian, 53, unter blutverschmierten Decken.",1.11343058914179,1.4011523495959295,25.0,24.125
"Translate the following sentence from English to French:
Q: Police said that the body appeared to have been there for about a day.
A:",Police said that the body appeared to have been there for about a day.,La police a déclaré qu’il semblerait que le corps se trouvait là depuis un jour environ.,The police officer who was in charge of the investigation was a Frenchman.,2.1688453651652906,14.23247089941234,eng_Latn, Police said that the body appeared to have been there for about a day.,3.4585921141027365,15.819462713025445,21.25,22.375
"Translate the following sentence from English to French:
Q: The first cases of the disease this season were reported in late July.
A:",The first cases of the disease this season were reported in late July.,Les premiers cas de cette maladie saisonnière ont été déclarés fin juillet.,The second case of the disease was reported in late 2019.,0.0,11.551256293858179,eng_Latn, The first cases of the disease this season were reported in late July.,18.56368809444269,47.098661433126914,19.0,21.875
"Translate the following sentence from English to French:
Q: The disease is carried by pigs, which then migrates to humans through mosquitos.
A:","The disease is carried by pigs, which then migrates to humans through mosquitos.","Les porcs sont porteurs de la maladie, qui est ensuite transmise à l'homme par les moustiques.","The word “pig” is a common and familiar word in French, and it is used to describe the disease.",1.7946164267667561,13.329149406102934,eng_Latn," The disease is carried by pigs, which then migrates to humans through mosquitos.",2.46233736722218,23.7409095825507,18.125,23.375
"Translate the following sentence from English to French:
Q: The outbreak has prompted the Indian government to undertake such measures as deployment of pig catchers in seriously affected areas, distributing thousands of mosquito curtains and spraying pesticides.
A:","The outbreak has prompted the Indian government to undertake such measures as deployment of pig catchers in seriously affected areas, distributing thousands of mosquito curtains and spraying pesticides.","L’épidémie a incité le gouvernement indien à prendre des mesures telles que le déploiement de collecteurs de porcs dans les zones gravement touchées, la distribution de milliers de moustiquaires et la pulvérisation de pesticides.",The French government has been in the business of spraying pesticides since 1999.,0.7196485030439849,9.79038241611015,eng_Latn," The outbreak has prompted the Indian government to undertake such measures as deployment of pig catchers in seriously affected areas, distributing thousands of mosquito curtains and spraying pesticides.",6.845012573449608,21.04973207642805,24.875,23.875
"Translate the following sentence from English to French:
Q: Several million vials of encephalitis vaccine have also been promised by the government, which will help prepare health agencies for next year.
A:","Several million vials of encephalitis vaccine have also been promised by the government, which will help prepare health agencies for next year.","Plusieurs millions de flacons de vaccin contre l'encéphalite ont également été promis par le gouvernement, ce qui aidera à préparer les agences sanitaires pour l'année prochaine.","The vaccine is a product of the French government, and it is being distributed by the pharmaceutical company Janssen.",1.0098422493702595,14.729529066293146,eng_Latn," Several million vials of encephalitis vaccine have also been promised by the government, which will help prepare health agencies for next year.",4.454698336653164,26.177861108264405,16.5,23.5
"Translate the following sentence from English to French:
Q: Plans for vaccines to be delivered to the historically most affected areas this year were delayed due to lack of funds and low prioritisation relative to other diseases.
A:",Plans for vaccines to be delivered to the historically most affected areas this year were delayed due to lack of funds and low prioritisation relative to other diseases.,Les plans de livraison de vaccins dans les zones historiquement les plus touchées cette année ont été retardés en raison du manque de fonds et de la faible priorité accordée à ces maladies par rapport à d’autres.,The French government has been working on a vaccine strategy for the past 10 years. The French government has been working on the vaccine for the last 10 years.,0.7978997488220525,12.57455824541209,eng_Latn, Plans for vaccines to be delivered to the historically most affected areas this year were delayed due to lack of funds and low prioritisation relative to other diseases.,1.4339637234586369,16.5434372164216,23.0,21.125
"Translate the following sentence from English to French:
Q: In 1956 Słania moved to Sweden, where three years later he began work for the Swedish Post Office and became their chief engraver.
A:","In 1956 Słania moved to Sweden, where three years later he began work for the Swedish Post Office and became their chief engraver.","En 1956, Słania s'est installé en Suède, où trois ans plus tard, il a commencé à travailler pour la poste suédoise pour en devenir le graveur en chef.",S.O.L.S.,0.10615010965531069,0.8557743837084674,deu_Latn," 1956 ging Słania nach Schweden, wo er drei Jahre später anfing, im Büro der Schwedischen Post zu arbeiten und er wurde dort der leitende Graveur.",0.19831451324452132,0.9293656221503771,25.0,25.0
"Translate the following sentence from English to French:
Q: He produced over 1,000 stamps for Sweden and 28 other countries.
A:","He produced over 1,000 stamps for Sweden and 28 other countries.",Il a produit plus de 1000 timbres pour la Suède et 28 autres pays.,"The Swedish government has a history of producing stamps, and the French government has a history of producing stamps.",1.7179060012299232,11.659284425126987,eng_Latn," He produced over 1,000 stamps for Sweden and 28 other countries.",3.435812002459847,22.83498134485441,19.75,23.625
"Translate the following sentence from English to French:
Q: His work is of such recognized quality and detail that he is one of the very few ""household names"" among philatelists. Some specialize in collecting his work alone.
A:","His work is of such recognized quality and detail that he is one of the very few ""household names"" among philatelists. Some specialize in collecting his work alone.",Son travail est d'une telle qualité et d'un tel niveau de détail qu'il est l'un des rares philatélistes bien connus du « grand public ». Certains collectionneurs consacrent leur attention uniquement à ses œuvres.,"The French word for ""household"" is ""household"" and ""household"" is a word that is used in a very specific way. It is used in the context of a household.",0.7534075812275095,9.443440272207111,eng_Latn," His work is of such recognized quality and detail that he is one of the very few ""household names"" among philatelists. Some specialize in collecting his work alone.",7.249733756281735,23.04033318297749,24.5,25.0
"Translate the following sentence from English to French:
Q: His 1,000th stamp was the magnificent ""Great Deeds by Swedish Kings"" by David Klöcker Ehrenstrahl in 2000, which is listed in the Guinness Book of World Records.
A:","His 1,000th stamp was the magnificent ""Great Deeds by Swedish Kings"" by David Klöcker Ehrenstrahl in 2000, which is listed in the Guinness Book of World Records.","Son millième timbre a été le magnifique « Great Deeds by Swedish Kings » de David Klöcker Ehrenstrahl en 2000, qui figure dans le Livre Guinness des records.","The stamp is a work of art, and it is a symbol of Swedish culture.",1.4234017520124695,10.204620681302396,eng_Latn," His 1,000th stamp was the magnificent ""Great Deeds by Swedish Kings"" by David Klöcker Ehrenstrahl in 2000, which is listed in the Guinness Book of World Records.",1.5752529834219613,12.365428188104136,17.125,20.5
"Translate the following sentence from English to French:
Q: He was also engaged in engraving banknotes for many countries, recent examples of his work including the Prime Ministerial portraits on the front of the new Canadian $5 and $100 bills.
A:","He was also engaged in engraving banknotes for many countries, recent examples of his work including the Prime Ministerial portraits on the front of the new Canadian $5 and $100 bills.","Il a également gravé des billets de banque pour de nombreux pays. Parmi les exemples récents de son travail, on peut citer les portraits du Premier ministre au recto des nouveaux billets canadiens de 5 et 100 dollars.","The French government has a history of printing banknotes, and the French banknote printing company, which is based in Paris, has been around for a long time.",0.9297354361880179,11.694306965529073,eng_Latn," He was also engaged in engraving banknotes for many countries, recent examples of his work including the Prime Ministerial portraits on the front of the new Canadian $5 and $100 bills.",6.805326780133559,22.598780736834513,20.875,25.0
"Translate the following sentence from English to French:
Q: After the accident occurred, Gibson was transported to a hospital but died shortly afterwards.
A:","After the accident occurred, Gibson was transported to a hospital but died shortly afterwards.","Suite à l’accident, Gibson a été transporté à l’hôpital, mais a succombé immédiatement après.",The sentence below is a translation of the accident into French.,1.0615710980041333,15.823811452869027,eng_Latn," After the accident occurred, Gibson was transported to a hospital but died shortly afterwards.",4.135316329164881,21.519645945937402,24.25,20.5
"Translate the following sentence from English to French:
Q: The truck driver, who is aged 64, was not injured in the crash.
A:","The truck driver, who is aged 64, was not injured in the crash.","Le chauffeur du camion, âgé de 64 ans, n’a pas été blessé dans l’accident.",The driver of the car that caused the accident was not injured.,1.205150439959687,14.764932554027348,eng_Latn," The truck driver, who is aged 64, was not injured in the crash.",15.88783942527856,37.0059692394687,18.75,21.75
"Translate the following sentence from English to French:
Q: The vehicle itself was taken away from the scene of the accident at approximately 1200 GMT on the same day.
A:",The vehicle itself was taken away from the scene of the accident at approximately 1200 GMT on the same day.,Le véhicule lui-même a été enlevé du lieu de l'accident vers 12 h 00 GMT le même jour.,The car was taken to a police station to be examined by a lawyer.,1.373792011219366,8.257424921670808,eng_Latn, The vehicle itself was taken away from the scene of the accident at approximately 1200 GMT on the same day.,3.9977111635904987,17.918262241352654,14.25,19.0
"Translate the following sentence from English to French:
Q: A person working in a garage near where the accident occurred said: ""There were children waiting to cross the road and they were all screaming and crying.""
A:","A person working in a garage near where the accident occurred said: ""There were children waiting to cross the road and they were all screaming and crying.""","Un employé d'un garage proche du lieu de l’accident a déclaré : « il y avait des enfants qui cherchaient à traverser la route, et qui criaient et pleuraient. »","""I'm sorry, I'm not a lawyer, but I'm a lawyer for you.""",0.7853456328699764,4.86487600511727,eng_Latn," A person working in a garage near where the accident occurred said: ""There were children waiting to cross the road and they were all screaming and crying.""",2.427652342441405,5.6355263994201055,25.0,25.0
"Translate the following sentence from English to French:
Q: They all ran back from where the accident had happened.
A:",They all ran back from where the accident had happened.,Ils sont tous revenus en courant de l’endroit où l’accident s’était produit.,"The sentence is correct, but the word ""accident"" is used in the sentence.",3.80640298278295,17.155514522161745,eng_Latn, They all ran back from where the accident had happened.,2.55404966647159,19.87667656808105,18.375,20.625
"Translate the following sentence from English to French:
Q: Other subjects on the agenda in Bali include saving the world's remaining forests, and sharing technologies to help developing nations grow in less-polluting ways.
A:","Other subjects on the agenda in Bali include saving the world's remaining forests, and sharing technologies to help developing nations grow in less-polluting ways.",Parmi les autres sujets à l’ordre du jour à Bali figurent la sauvegarde des dernières forêts du monde et le partage des technologies pour aider les pays en développement à poursuivre leur croissance de manière moins polluante.,"The word ""forest"" is a common word in the Indonesian language, and it is used to describe the Bali forest.",0.7092769014223811,10.268965458841617,eng_Latn," Other subjects on the agenda in Bali include saving the world's remaining forests, and sharing technologies to help developing nations grow in less-polluting ways.",2.7813173964798685,18.88594159288624,20.375,25.0
"Translate the following sentence from English to French:
Q: The U.N. also hopes to finalize a fund to help countries affected by global warming to cope with the impacts.
A:",The U.N. also hopes to finalize a fund to help countries affected by global warming to cope with the impacts.,L'ONU espère également finaliser un fonds pour aider les pays touchés par le réchauffement climatique à faire face aux impacts.,"The U.S. government is the largest contributor to the fund, with a total of $100 million.",1.0963318490232918,9.659038311480654,eng_Latn, The U.N. also hopes to finalize a fund to help countries affected by global warming to cope with the impacts.,6.319882429788995,20.454166891536573,19.375,23.75
"Translate the following sentence from English to French:
Q: The money could go toward flood-proof houses, better water management, and crop diversification.
A:","The money could go toward flood-proof houses, better water management, and crop diversification.","L’argent pourrait être reversé dans la construction de maisons résistantes aux inondations, dans une meilleure gestion de l’eau et dans la diversification des cultures.",The French government has a policy of not allowing the money to go to the banks.,0.7070048859517997,7.419533756992623,eng_Latn," The money could go toward flood-proof houses, better water management, and crop diversification.",2.432074937831609,18.40685984471388,18.0,20.875
"Translate the following sentence from English to French:
Q: Fluke wrote that the efforts by some to drown out women from speaking out about women’s health were unsuccessful.
A:",Fluke wrote that the efforts by some to drown out women from speaking out about women’s health were unsuccessful.,Fluke a écrit que les efforts de certains pour empêcher les femmes de parler de leur santé ont échoué.,The French word for “disaster” is “disgusting” and “disgusting” is a word that is used in the same sentence as “disaster”.,1.092534162077208,11.97079571233121,eng_Latn, Fluke wrote that the efforts by some to drown out women from speaking out about women’s health were unsuccessful.,1.2090878038257866,13.428006507866291,25.0,25.0
"Translate the following sentence from English to French:
Q: She came to this conclusion due to the multitude of positive comments and encouragement sent to her by both female and male individuals urging that contraception medication be considered a medical necessity.
A:",She came to this conclusion due to the multitude of positive comments and encouragement sent to her by both female and male individuals urging that contraception medication be considered a medical necessity.,Elle est arrivée à cette conclusion grâce aux multiples commentaires positifs et encouragements qu’elle a reçus aussi bien des femmes que des hommes sur l’importance de considérer la contraception comme une nécessité.,The word “necessity” is a French word that means “to be able to do something” or “to be able to do it well.”,0.8417671875624666,8.570556625236335,eng_Latn, She came to this conclusion due to the multitude of positive comments and encouragement sent to her by both female and male individuals urging that contraception medication be considered a medical necessity.,1.4889658178065592,13.418256445710858,21.625,20.0
"Translate the following sentence from English to French:
Q: When the fighting ceased after the wounded were transported to the hospital, about 40 of the other remaining inmates stayed in the yard and refused to return to their cells.
A:","When the fighting ceased after the wounded were transported to the hospital, about 40 of the other remaining inmates stayed in the yard and refused to return to their cells.","Une fois la bagarre arrêtée après que les blessés ont été conduits à l'infirmerie, environ 40 des détenus restants sont restés dans la cour, refusant de retourner dans leur cellule.","The sentence is correct, but the question is: “How many of the inmates were in the yard when the fight started?”",0.6237242271720084,10.074029282618488,eng_Latn," When the fighting ceased after the wounded were transported to the hospital, about 40 of the other remaining inmates stayed in the yard and refused to return to their cells.",6.696632492925454,26.143417039481527,19.75,25.0
"Translate the following sentence from English to French:
Q: Negotiators tried to rectify the situation, but the prisoners' demands are not clear.
A:","Negotiators tried to rectify the situation, but the prisoners' demands are not clear.","Les négociateurs ont essayé de rectifier la situation, mais les demandes des prisonniers ne sont pas claires.",The prisoner's dilemma is a situation in which a person has to choose between two options:,1.8721971830722224,19.6760850665791,eng_Latn," Negotiators tried to rectify the situation, but the prisoners' demands are not clear.",2.5683319547529764,23.963967403682375,10.125,21.5
"Translate the following sentence from English to French:
Q: Between 10:00-11:00 pm MDT, a fire was started by the inmates in the yard.
A:","Between 10:00-11:00 pm MDT, a fire was started by the inmates in the yard.","Entre 22 h 00 et 23 h 00 MDT, les détenus ont allumé un feu dans la cour.",The fire was extinguished by the fire brigade at 11:00 pm.,1.515063435970505,7.3627711797177655,eng_Latn," Between 10:00-11:00 pm MDT, a fire was started by the inmates in the yard.",5.7850200949809425,29.121895407688903,4.625,13.375
"Translate the following sentence from English to French:
Q: Soon, officers equipped with riot gear entered the yard and cornered the inmates with tear gas.
A:","Soon, officers equipped with riot gear entered the yard and cornered the inmates with tear gas.","Bientôt, des officiers équipés de matériel antiémeute pénétrèrent dans la cour et coincèrent les détenus avec des gaz lacrymogènes.","The riot police were in the yard for a long time, and the riot was not a riot.",1.0200630632528442,8.682214134915574,eng_Latn," Soon, officers equipped with riot gear entered the yard and cornered the inmates with tear gas.",5.229148076687639,23.32014569453521,19.0,22.5
"Translate the following sentence from English to French:
Q: Fire rescue crews eventually doused the fire by 11:35 pm.
A:",Fire rescue crews eventually doused the fire by 11:35 pm.,L’équipe des sapeurs pompiers a finalement éteint le feu à 23 h 35.,The fire was extinguished at 11 pm.,0.0,7.780036113820407,eng_Latn, Fire rescue crews eventually doused the fire by 11:35 pm.,5.76635340136122,18.267204401829034,5.0,10.0
"Translate the following sentence from English to French:
Q: After the dam was built in 1963, the seasonal floods that would spread sediment throughout the river were halted.
A:","After the dam was built in 1963, the seasonal floods that would spread sediment throughout the river were halted.","Après la construction du barrage en 1963, les inondations saisonnières qui devaient répandre des sédiments dans le fleuve ont été stoppées.",The dam was built to protect the river from flooding.,0.5884852107105167,6.634599412397563,eng_Latn," After the dam was built in 1963, the seasonal floods that would spread sediment throughout the river were halted.",6.343058732633692,26.826472683730827,10.25,16.875
"Translate the following sentence from English to French:
Q: This sediment was necessary for creating sandbars and beaches, which served as wildlife habitats.
A:","This sediment was necessary for creating sandbars and beaches, which served as wildlife habitats.","Ce sédiment était nécessaire à la création de bancs de sable et de plages, qui servaient d’habitats à la faune.","The word beach is derived from the French word for beach, which means a place where people can live.",1.3037656352625877,11.183521947362268,eng_Latn," This sediment was necessary for creating sandbars and beaches, which served as wildlife habitats.",4.343737891358309,20.53930256923462,20.375,25.0
"Translate the following sentence from English to French:
Q: As a result, two fish species have become extinct, and two others have become endangered, including the humpback chub.
A:","As a result, two fish species have become extinct, and two others have become endangered, including the humpback chub.","En conséquence, deux espèces de poissons ont disparu et deux autres sont en voie de disparition, dont le chevesne à bosse.",The hump-fish is a species of fish that is endangered in the United States.,1.0507564427741602,9.504191023111384,eng_Latn," As a result, two fish species have become extinct, and two others have become endangered, including the humpback chub.",6.463969789769238,23.026617389481736,17.375,22.25
"Translate the following sentence from English to French:
Q: Although the water level will only rise a few feet after the flood, officials are hoping it will be enough to restore eroded sandbars downstream.
A:","Although the water level will only rise a few feet after the flood, officials are hoping it will be enough to restore eroded sandbars downstream.","Bien que le niveau de l’eau ne grimpera que de quelques mètres après l’inondation, les autorités espèrent que cela suffira à restaurer les bancs de sable érodés en aval.",The water level of the river is a function of the amount of sand deposited in the riverbed.,0.5265483151077043,9.875956634112478,eng_Latn," Although the water level will only rise a few feet after the flood, officials are hoping it will be enough to restore eroded sandbars downstream.",2.5506655090988777,20.558471783222025,19.125,22.25
"Translate the following sentence from English to French:
Q: No tsunami warning has been issued, and according to the Jakarta geophysics agency, no tsunami warning will be issued because the quake did not meet the magnitude 6.5 requirement.
A:","No tsunami warning has been issued, and according to the Jakarta geophysics agency, no tsunami warning will be issued because the quake did not meet the magnitude 6.5 requirement.","Aucune alerte au tsunami n’a été émise et, selon l’agence de géophysique de Jakarta, aucune alerte au tsunami ne sera émise parce que le séisme n’a pas atteint la magnitude 6,5 requise.","The earthquake was felt in Jakarta, but the tsunami was not.",0.46423820128524196,11.346607710973531,eng_Latn," No tsunami warning has been issued, and according to the Jakarta geophysics agency, no tsunami warning will be issued because the quake did not meet the magnitude 6.5 requirement.",0.9861166759769655,14.838473647229586,18.75,23.5
"Translate the following sentence from English to French:
Q: Despite there being no tsunami threat, residents started to panic and began to leave their businesses and homes.
A:","Despite there being no tsunami threat, residents started to panic and began to leave their businesses and homes.","Malgré l’absence de risque de tsunami, les résidents se sont mis à paniquer et ont quitté leurs maisons et commerces.",The French word for “tsunami” is “tomboy” and the word “tame” is used to describe the situation.,1.124414048890558,13.668746974863355,eng_Latn," Despite there being no tsunami threat, residents started to panic and began to leave their businesses and homes.",1.5784309053930103,17.68356416859154,25.0,24.25
"Translate the following sentence from English to French:
Q: Although Winfrey was tearful in her farewell, she made it clear to her fans she will be back.
A:","Although Winfrey was tearful in her farewell, she made it clear to her fans she will be back.","Malgré les larmes versées lors de ses adieux, Oprah Winfrey a clairement dit à ses fans qu'elle serait de retour.","The French word for tearful is <em>tête</em>, and it is used in the sentence to mean “tear” or “tear” in the same way that a tear is used in a sentence.",0.9798555761147508,13.768195789580624,eng_Latn," Although Winfrey was tearful in her farewell, she made it clear to her fans she will be back.",3.541597847302271,18.728612273618474,22.875,24.125
"Translate the following sentence from English to French:
Q: ""This is not going to be goodbye. This is the closing of one chapter and the opening of a new one.""
A:","""This is not going to be goodbye. This is the closing of one chapter and the opening of a new one.""","« Ce n'est pas un au revoir. C'est une page qui se tourne, et une autre qui s'ouvre. »","""Goodbye"" is a common French expression for ""closing down"" and ""death"" is a common word in French. It is used in the context of a funeral service, a funeral home, a funeral procession, and a funeral ceremony.",0.8864914124518566,12.004608489984193,eng_Latn," ""This is not going to be goodbye. This is the closing of one chapter and the opening of a new one.""",2.1084437901531192,23.360181877689005,19.375,23.625
"Translate the following sentence from English to French:
Q: Final results from Namibian presidential and parliamentary elections have indicated that the incumbent president, Hifikepunye Pohamba, has been reelected by a large margin.
A:","Final results from Namibian presidential and parliamentary elections have indicated that the incumbent president, Hifikepunye Pohamba, has been reelected by a large margin.","Les résultats définitifs des élections présidentielles et parlementaires namibiennes indiquent que le président sortant, Hifikepunye Pohamba, a été réélu par une large majorité.",The results of the Namibian elections are a result of the people’s vote.,0.6667114312730535,11.258297444789294,eng_Latn," Final results from Namibian presidential and parliamentary elections have indicated that the incumbent president, Hifikepunye Pohamba, has been reelected by a large margin.",2.127991873402413,16.990682680436777,15.625,18.25
"Translate the following sentence from English to French:
Q: The ruling party, South West Africa People's Organisation (SWAPO), also retained a majority in the parliamentary elections.
A:","The ruling party, South West Africa People's Organisation (SWAPO), also retained a majority in the parliamentary elections.","Le parti au pouvoir, l'Organisation du peuple du Sud-Ouest africain (SWAPO), a lui aussi réussi à conserver la majorité aux élections législatives.","The word ""majority"" is used in the context of the election to mean the majority of the people in a country.",1.0026480694935538,13.084767241000266,eng_Latn," The ruling party, South West Africa People's Organisation (SWAPO), also retained a majority in the parliamentary elections.",3.2601506688109567,23.629135854767732,11.125,18.75
"Translate the following sentence from English to French:
Q: Coalition and Afghan troops moved into the area to secure the site and other coalition aircraft have been sent to assist.
A:",Coalition and Afghan troops moved into the area to secure the site and other coalition aircraft have been sent to assist.,Les troupes de coalition et Afghanes se sont déplacées dans la zone pour sécuriser le site et un avion d’une autre coalition a été envoyé pour seconder.,The coalition forces are the ones who have to do the heavy lifting.,1.2078011440755638,11.841753389482019,eng_Latn, Coalition and Afghan troops moved into the area to secure the site and other coalition aircraft have been sent to assist.,3.580942146586813,20.385155777372155,19.25,22.75
"Translate the following sentence from English to French:
Q: The crash occurred high up in mountainous terrain, and is believed to have been the result of hostile fire.
A:","The crash occurred high up in mountainous terrain, and is believed to have been the result of hostile fire.","L’accident a eu lieu en terrain montagneux, et il semblerait que cela ait été causé par un incendie malveillant.","The French word for mountain is ""mountains"" and the word ""fire"" is used to describe the crash.",1.1752777635168774,10.555912175053042,eng_Latn," The crash occurred high up in mountainous terrain, and is believed to have been the result of hostile fire.",2.2583822041381714,25.220535950424484,16.375,18.0
"Translate the following sentence from English to French:
Q: Efforts to search for the crash site are being met by bad weather and harsh terrain.
A:",Efforts to search for the crash site are being met by bad weather and harsh terrain.,Les efforts visant à trouver le lieu de l’accident sont restreints par des intempéries et le terrain accidenté.,The French word for “crash” is “crash” and the word for “terrain” is “terrain”.,1.199348129252962,11.678536734945313,eng_Latn, Efforts to search for the crash site are being met by bad weather and harsh terrain.,1.6961343903963388,21.18504240879473,18.875,21.375
"Translate the following sentence from English to French:
Q: The medical charity Mangola, Medecines Sans Frontieres and the World Health Organisation say it is the worst outbreak recorded in the country.
A:","The medical charity Mangola, Medecines Sans Frontieres and the World Health Organisation say it is the worst outbreak recorded in the country.","Selon l'ONG Mangola, Médecins Sans Frontières et l'Organisation mondiale de la santé, il s'agit de la pire épidémie enregistrée dans le pays.",The French government has been very active in the fight against the disease.,0.44335007037988755,8.845009897830577,eng_Latn," The medical charity Mangola, Medecines Sans Frontieres and the World Health Organisation say it is the worst outbreak recorded in the country.",2.27757204587037,14.325447755497436,24.25,23.75
"Translate the following sentence from English to French:
Q: Spokesman for Medecines Sans Frontiere Richard Veerman said: ""Angola is heading for its worst ever outbreak and the situation remains very bad in Angola,"" he said.
A:","Spokesman for Medecines Sans Frontiere Richard Veerman said: ""Angola is heading for its worst ever outbreak and the situation remains very bad in Angola,"" he said.","Le porte-parole de Médecins Sans Frontières, Richard Veerman, a déclaré : « L'Angola se dirige vers la pire épidémie jamais connue et la situation reste très mauvaise en Angola », a-t-il déclaré.","The word ""worst"" is a bit of a misnomer. Angolan President Joao Lourenco said in 2019 that Angola was in the midst of a ""worst"" Ebola outbreak.",0.8503183097218409,12.854570271832067,eng_Latn," Spokesman for Medecines Sans Frontiere Richard Veerman said: ""Angola is heading for its worst ever outbreak and the situation remains very bad in Angola,"" he said.",2.548807901150031,21.72605018203991,17.5,22.25
"Translate the following sentence from English to French:
Q: The games kicked off at 10:00am with great weather and apart from mid morning drizzle which quickly cleared up, it was a perfect day for 7's rugby.
A:","The games kicked off at 10:00am with great weather and apart from mid morning drizzle which quickly cleared up, it was a perfect day for 7's rugby.","Les matchs ont commencé à 10 heures du matin avec un temps magnifique et, à part la bruine du milieu de la matinée qui s’est rapidement dissipée, c’était une journée parfaite pour le rugby à 7.",The French version of the game is called 7-man rugby and is played in the same manner as the English game.,1.0650108938061937,10.744700890745865,eng_Latn," The games kicked off at 10:00am with great weather and apart from mid morning drizzle which quickly cleared up, it was a perfect day for 7's rugby.",2.3998135440025763,15.383798242841367,13.1875,18.875
"Translate the following sentence from English to French:
Q: Tournament top seeds South Africa started on the right note when they had a comfortable 26 - 00 win against 5th seeded Zambia.
A:",Tournament top seeds South Africa started on the right note when they had a comfortable 26 - 00 win against 5th seeded Zambia.,"L'Afrique du Sud, à la tête du classement, a commencé sur une bonne note en s'imposant 26 à 0 face à la Zambie, 5e du classement.",The same is true for the other teams in the tournament.,0.33190585854295596,8.109580670574305,eng_Latn, Tournament top seeds South Africa started on the right note when they had a comfortable 26 - 00 win against 5th seeded Zambia.,1.1873799573689774,15.30809524343573,18.875,18.375
"Translate the following sentence from English to French:
Q: Looking decidedly rusty in the game against their southern sisters, South Africa however steadily improved as the tournament progressed.
A:","Looking decidedly rusty in the game against their southern sisters, South Africa however steadily improved as the tournament progressed.","L'Afrique du Sud, qui semblait décidément rouillée lors de son match contre ses consœurs du sud, s'est cependant graduellement améliorée au fil du tournoi.",The French team was the first to win the tournament in 1999.,0.0,7.380691180688065,eng_Latn," Looking decidedly rusty in the game against their southern sisters, South Africa however steadily improved as the tournament progressed.",3.27176693549634,19.05617663457039,25.0,24.625
"Translate the following sentence from English to French:
Q: Their disciplined defence, ball handling skills and excellent team work made them stand out and it was clear that this was the team to beat.
A:","Their disciplined defence, ball handling skills and excellent team work made them stand out and it was clear that this was the team to beat.","Leur défense bien disciplinée, leur adresse dans le contrôle du ballon et leur formidable travail d’équipe leur ont permis de se distinguer et il est évident que c’était l’équipe à battre.",The French word for “team” is “team” and it is a very important word in French.,0.5767091767443113,6.90258486321668,eng_Latn," Their disciplined defence, ball handling skills and excellent team work made them stand out and it was clear that this was the team to beat.",2.8408300812839795,13.465350772445344,17.5,22.75
"Translate the following sentence from English to French:
Q: Officials for the city of Amsterdam and the Anne Frank Museum state that the tree is infected with a fungus and poses a public health hazard as they argue that it was in imminent danger of falling over.
A:",Officials for the city of Amsterdam and the Anne Frank Museum state that the tree is infected with a fungus and poses a public health hazard as they argue that it was in imminent danger of falling over.,"Les responsables de la ville d’Amsterdam et du Musée Anne Frank affirment que l’arbre est infecté par un champignon et qu’il constitue un danger pour la santé publique, car ils soutiennent qu’il existe un danger immédiat de chute.",The tree is a symbol of the Dutch government’s commitment to the protection of the environment.,0.2782287317815672,8.000480949945347,eng_Latn, Officials for the city of Amsterdam and the Anne Frank Museum state that the tree is infected with a fungus and poses a public health hazard as they argue that it was in imminent danger of falling over.,1.2483909780223903,15.013085837421247,21.375,20.875
"Translate the following sentence from English to French:
Q: It had been scheduled to be cut down on Tuesday, but was saved after an emergency court ruling.
A:","It had been scheduled to be cut down on Tuesday, but was saved after an emergency court ruling.","Il devait être abattu mardi, mais il a été sauvé suite à une décision d'urgence du tribunal.",The sentence is: “The court has to decide whether to cut the tree or not.”,1.4910943694160987,8.63580034227093,eng_Latn," It had been scheduled to be cut down on Tuesday, but was saved after an emergency court ruling.",2.4499899359187736,14.82193880916289,17.625,21.25
"Translate the following sentence from English to French:
Q: All of the cave entrances, which were named ""The Seven Sisters"", are at least 100 to 250 meters (328 to 820 feet) in diameter.
A:","All of the cave entrances, which were named ""The Seven Sisters"", are at least 100 to 250 meters (328 to 820 feet) in diameter.","Toutes les entrées des grottes, qui ont été baptisées « Les sept sœurs », ont un diamètre d’au moins 100 à 250 mètres.","The answer is ""The answer""",0.0,2.6208522214309893,eng_Latn," All of the cave entrances, which were named ""The Seven Sisters"", are at least 100 to 250 meters (328 to 820 feet) in diameter.",0.2405676650975786,6.861085217487112,25.0,25.0
"Translate the following sentence from English to French:
Q: Infrared images show that the temperature variations from night and day show that they are likely caves.
A:",Infrared images show that the temperature variations from night and day show that they are likely caves.,"Les images infrarouges révèlent, au vu des variations de température le jour et la nuit, qu’il s’agit sans doute de grottes.",The temperature of the earth is a factor of 1000 higher than the average temperature of the Earth.,0.7447521610421758,13.087898449985838,eng_Latn, Infrared images show that the temperature variations from night and day show that they are likely caves.,2.275169487512555,22.136496464658382,25.0,25.0
"Translate the following sentence from English to French:
Q: ""They are cooler than the surrounding surface in the day and warmer at night.
A:","""They are cooler than the surrounding surface in the day and warmer at night.",« Ils sont plus frais que la surface environnante le jour et plus chauds la nuit ».,"""The sun is the source of heat in the Earth's atmosphere, and the sun is the source of the temperature in the world.",1.286713095960916,12.421851781526835,eng_Latn," ""They are cooler than the surrounding surface in the day and warmer at night.",3.3868193354396166,25.35257643461782,8.25,19.0
"Translate the following sentence from English to French:
Q: Their thermal behavior is not as steady as large caves on Earth that often maintain a fairly constant temperature, but it is consistent with these being deep holes in the ground,"" said Glen Cushing of the United States Geological Survey (USGS) Astrogeology Team and of Northern Arizona University located in Flagstaff, Arizona.
A:","Their thermal behavior is not as steady as large caves on Earth that often maintain a fairly constant temperature, but it is consistent with these being deep holes in the ground,"" said Glen Cushing of the United States Geological Survey (USGS) Astrogeology Team and of Northern Arizona University located in Flagstaff, Arizona.","« Leur comportement thermique n’est pas aussi stable que celui des grandes grottes de la planète qui maintiennent une température constante, mais ils se ressemblent en ce qu’ils sont des trous profonds dans la terre », selon Glen Cushing, membre de l’équipage de l'USGS (Centre américain d’études géologiques) et du personnel de l’Université d’Arizona du Nord situé à Flagstaff, en Arizona.","The answer to this question is that the temperature of the earth is not constant, but it is a function of the Earth's rotation.",0.09032956789213084,8.74340829285815,eng_Latn," Their thermal behavior is not as steady as large caves on Earth that often maintain a fairly constant temperature, but it is consistent with these being deep holes in the ground,"" said Glen Cushing of the United States Geological Survey (USGS) Astrogeology Team and of Northern Arizona University located in Flagstaff, Arizona.",2.9383452508798973,19.21254073954007,25.0,25.0
"Translate the following sentence from English to French:
Q: In France, voting has traditionally been a low-tech experience: voters isolate themselves in a booth, put a pre-printed sheet of paper indicating their candidate of choice into an envelope.
A:","In France, voting has traditionally been a low-tech experience: voters isolate themselves in a booth, put a pre-printed sheet of paper indicating their candidate of choice into an envelope.","En France, le vote est traditionnellement une expérience de faible technicité : les électeurs s’isolent dans une cabine, mettent dans une enveloppe une feuille de papier pré-imprimée indiquant le candidat de leur choix.",The voting process is now a lot more efficient and the ballot box is now a lot smaller.,0.3682699071691592,7.588439831246034,eng_Latn," In France, voting has traditionally been a low-tech experience: voters isolate themselves in a booth, put a pre-printed sheet of paper indicating their candidate of choice into an envelope.",1.3942708721832313,11.778891272946248,16.75,20.75
"Translate the following sentence from English to French:
Q: After officials verify the voter's identity, the voter drops the envelope into the ballot box and signs the voting roll.
A:","After officials verify the voter's identity, the voter drops the envelope into the ballot box and signs the voting roll.","Après que les agents ont vérifié son identité, l’électeur jette l’enveloppe dans l’urne et signe sa carte d’électeur.",The voter is the person who has the right to vote.,0.5686771695698953,6.2442502083462275,eng_Latn," After officials verify the voter's identity, the voter drops the envelope into the ballot box and signs the voting roll.",1.8013686262084898,14.206941549197527,12.5625,21.625
"Translate the following sentence from English to French:
Q: French electoral law rather strictly codifies the proceedings.
A:",French electoral law rather strictly codifies the proceedings.,Le Code électoral français réglemente les opérations de façon assez stricte.,The French Electoral Code of 1994 is a law that is used to protect the rights of voters in France. It is a set of rules and procedures for voting in the country.,1.2753998269755913,19.578132065357597,eng_Latn, French electoral law rather strictly codifies the proceedings.,1.3705063051209185,27.754717561864258,4.4375,7.75
"Translate the following sentence from English to French:
Q: Since 1988, ballot boxes must be transparent so that voters and observers can witness that no envelopes are present at the start of the vote and that no envelopes are added except those of the duly counted and authorized voters.
A:","Since 1988, ballot boxes must be transparent so that voters and observers can witness that no envelopes are present at the start of the vote and that no envelopes are added except those of the duly counted and authorized voters.","Depuis 1988, les urnes doivent être transparentes afin que les électeurs et les observateurs puissent constater qu'aucune enveloppe n'est présente au début du vote et qu'aucune enveloppe n'est ajoutée, sauf celles des électeurs dûment comptés et autorisés.",The ballot box is a transparent device that is used to count votes and that is used to hold the results of elections.,0.2929299124549692,11.682776403728575,eng_Latn," Since 1988, ballot boxes must be transparent so that voters and observers can witness that no envelopes are present at the start of the vote and that no envelopes are added except those of the duly counted and authorized voters.",1.9721898618640639,20.787742600182177,5.9375,12.0
"Translate the following sentence from English to French:
Q: Candidates can send representatives to witness every part of the process. In the evening, votes are counted by volunteers under heavy supervision, following specific procedures.
A:","Candidates can send representatives to witness every part of the process. In the evening, votes are counted by volunteers under heavy supervision, following specific procedures.","Les candidats peuvent envoyer des représentants pour assister à chaque étape du processus. Le soir, les votes sont comptés par des bénévoles sous haute surveillance, selon des procédures spécifiques.","The French version of the process is called the ""vote-counting"" process.",0.5255204261961617,10.042282008955462,eng_Latn," Candidates can send representatives to witness every part of the process. In the evening, votes are counted by volunteers under heavy supervision, following specific procedures.",3.3009092262698796,19.12152693195446,20.875,23.5
"Translate the following sentence from English to French:
Q: ASUS Eee PC, earlier launched world-wide for cost-saving and functionality factors, became a hot topic in 2007 Taipei IT Month.
A:","ASUS Eee PC, earlier launched world-wide for cost-saving and functionality factors, became a hot topic in 2007 Taipei IT Month.","L'ASUS Eee PC, lancé précédemment à l'échelle mondiale pour des raisons d'économies et de fonctionnalités, est devenu un sujet brûlant lors du Taipei IT Month de 2007.",The company is now in its second year of operation and has been in the news for its success.,0.0,10.177583889550336,eng_Latn," ASUS Eee PC, earlier launched world-wide for cost-saving and functionality factors, became a hot topic in 2007 Taipei IT Month.",1.3445829851454811,14.658845033273266,16.0,22.125
"Translate the following sentence from English to French:
Q: But the consumer market on laptop computer will be radically varied and changed after ASUS was awarded in the 2007 Taiwan Sustainable Award by Executive Yuan of the Republic of China.
A:",But the consumer market on laptop computer will be radically varied and changed after ASUS was awarded in the 2007 Taiwan Sustainable Award by Executive Yuan of the Republic of China.,Mais le marché des ordinateurs portables sera profondément bouleversé et diversifié après qu'ASUS se soit vu récompenser du prix Taiwan Sustainable Award 2007 décerné par le Yuan exécutif de la République de Chine.,"The consumer market for laptops is changing, and the same applies to the market for laptops in Taiwan.",0.608273677492761,10.217554621650597,eng_Latn, But the consumer market on laptop computer will be radically varied and changed after ASUS was awarded in the 2007 Taiwan Sustainable Award by Executive Yuan of the Republic of China.,2.636108047167317,21.680028133391353,13.8125,15.9375
"Translate the following sentence from English to French:
Q: The station's web site describes the show as ""old school radio theater with a new and outrageous geeky spin!""
A:","The station's web site describes the show as ""old school radio theater with a new and outrageous geeky spin!""",Le site web de la station décrit l’émission comme un « théâtre radiophonique de la vieille école avec une nouvelle et scandaleuse tournure geek ! ».,The show is a parody of the old school format.,0.21649161045384335,5.025686926851145,eng_Latn," The station's web site describes the show as ""old school radio theater with a new and outrageous geeky spin!""",1.3348549866156167,18.483840471296098,8.625,19.875
"Translate the following sentence from English to French:
Q: In its early days, the show was featured solely at the long-running internet radio site TogiNet Radio, a site focused on talk radio.
A:","In its early days, the show was featured solely at the long-running internet radio site TogiNet Radio, a site focused on talk radio.","Initialement, l'émission était uniquement diffusée sur le vénérable site de radio Internet TogiNet Radio, un site consacré à la radio parlée.",The show was also broadcast on the radio station in 2019.,0.387953361172442,8.868444224016233,eng_Latn," In its early days, the show was featured solely at the long-running internet radio site TogiNet Radio, a site focused on talk radio.",1.2527607472920574,17.458523857769976,16.25,19.875
"Translate the following sentence from English to French:
Q: In late 2015, TogiNet established AstroNet Radio as a subsidiary station.
A:","In late 2015, TogiNet established AstroNet Radio as a subsidiary station.","Fin 2015, TogiNet a créé AstroNet Radio en tant que station subsidiaire.",T,1.5229979744712636e-06,1.0204081632653061,gle_Latn," Go déanach in 2015, bhunaigh TogiNet AstroNet Radio mar stáisiún fochuideachta.",2.789468092868926e-08,0.9025270758122743,25.0,24.625
"Translate the following sentence from English to French:
Q: The show originally featured amateur voice actors, local to East Texas.
A:","The show originally featured amateur voice actors, local to East Texas.","À l'origine, l'émission mettait en scène des comédiens de doublage amateurs, originaires de l'est du Texas.",The show is now a reality show.,0.21412659938840042,4.419857970888724,eng_Latn," The show originally featured amateur voice actors, local to East Texas.",3.501969780574537,15.011160745274395,22.0,23.125
"Translate the following sentence from English to French:
Q: Widespread looting reportedly continued overnight, as law enforcement officers were not present on Bishkek's streets.
A:","Widespread looting reportedly continued overnight, as law enforcement officers were not present on Bishkek's streets.","Le pillage généralisé se serait poursuivi pendant la nuit, les forces de l'ordre n'étant pas présentes dans les rues de Bichkek.","The police were there to protect the citizens of Bisham, but they were not there to protect the police.",1.0200630632528442,9.59159794478492,eng_Latn," Widespread looting reportedly continued overnight, as law enforcement officers were not present on Bishkek's streets.",3.801861410960131,18.573763042046735,19.0,21.25
"Translate the following sentence from English to French:
Q: Bishkek was described as sinking into a state of ""anarchy"" by one observer, as gangs of people roamed the streets and plundered stores of consumer goods.
A:","Bishkek was described as sinking into a state of ""anarchy"" by one observer, as gangs of people roamed the streets and plundered stores of consumer goods.","Un observateur a décrit Bichkek comme étant en train de sombrer dans un état d’« anarchie », tandis que la population se déplaçait en bandes dans les rues et pillait les magasins de biens de consommation.","The word ""anarchy"" is a very common word in French, and it is used to describe Bishall's situation.",0.6947310898712576,12.446490629506384,eng_Latn," Bishkek was described as sinking into a state of ""anarchy"" by one observer, as gangs of people roamed the streets and plundered stores of consumer goods.",10.341418494206437,20.218997572388165,16.125,19.25
"Translate the following sentence from English to French:
Q: Several Bishkek residents blamed protesters from the south for the lawlessness.
A:",Several Bishkek residents blamed protesters from the south for the lawlessness.,Plusieurs habitants de Bichkek ont reproché les manifestants du sud d'être responsables de l'anarchie.,The French police have been accused of being the worst offenders in the Bishamoun area.,1.4400778827658958,12.673798037863998,eng_Latn, Several Bishkek residents blamed protesters from the south for the lawlessness.,4.343737891358309,16.82749731223404,23.625,25.0
"Translate the following sentence from English to French:
Q: South Africa have defeated the All Blacks (New Zealand) in a rugby union Tri Nations match at the Royal Bafokeng Stadium in Rustenburg, South Africa.
A:","South Africa have defeated the All Blacks (New Zealand) in a rugby union Tri Nations match at the Royal Bafokeng Stadium in Rustenburg, South Africa.","L'Afrique du Sud a battu les All Blacks (Nouvelle-Zélande) lors d'un match de rugby du Tri-nations au Royal Bafokeng Stadium de Rustenburg, en Afrique du Sud.",The All-Star team of South Africa and New Zealand are the same team as the All-American team.,0.6537090862703919,10.249582808613052,eng_Latn," South Africa have defeated the All Blacks (New Zealand) in a rugby union Tri Nations match at the Royal Bafokeng Stadium in Rustenburg, South Africa.",2.973609279599726,23.76985660204059,21.5,21.75
"Translate the following sentence from English to French:
Q: The final score was a one-point victory, 21 to 20, ending the All Blacks' 15 game winning streak.
A:","The final score was a one-point victory, 21 to 20, ending the All Blacks' 15 game winning streak.","Le match s'est joué à un point, 21 à 20, mettant fin à la série de 15 victoires des All Blacks.",The French player who scored the winning goal in the All-Star game was the player who won the game.,1.4571143042909085,10.428623993899748,eng_Latn," The final score was a one-point victory, 21 to 20, ending the All Blacks' 15 game winning streak.",4.8096509104912,24.84727197338516,23.625,23.875
"Translate the following sentence from English to French:
Q: For the Springboks, it ended a five-match losing streak.
A:","For the Springboks, it ended a five-match losing streak.","Pour les Springboks, ce fut la fin d'une série de cinq défaites.","For the first time in the history of rugby, the Springboks have won the World Cup.",7.681104116622756,20.20599149400617,eng_Latn," For the Springboks, it ended a five-match losing streak.",14.051676978912429,34.19770800392406,12.0625,16.625
"Translate the following sentence from English to French:
Q: It was the final match for the All Blacks, who had already won the trophy two weeks ago.
A:","It was the final match for the All Blacks, who had already won the trophy two weeks ago.","C’était le dernier match des All Blacks, qui avaient déjà remporté le trophée il y a deux semaines.",The French team won the game.,0.3771757895419989,4.813810526077629,eng_Latn," It was the final match for the All Blacks, who had already won the trophy two weeks ago.",1.705324230066929,11.17056537742851,22.0,23.75
"Translate the following sentence from English to French:
Q: The final match of the series will take place at Ellis Park in Johannesburg next week, when the Springboks play Australia.
A:","The final match of the series will take place at Ellis Park in Johannesburg next week, when the Springboks play Australia.","Le dernier match du championnat aura lieu à l’Ellis Park de Johannesburg la semaine prochaine, lorsque les Springboks affronteront l’Australie.","The Springboks will play the same game twice in a row, once in Johannesburg and once in Sydney.",3.8665314365491734,20.216992636879677,eng_Latn," The final match of the series will take place at Ellis Park in Johannesburg next week, when the Springboks play Australia.",8.590978223944187,31.27674012358571,15.0,18.625
"Translate the following sentence from English to French:
Q: A moderate earthquake shook western Montana at 10:08 p.m. on Monday.
A:",A moderate earthquake shook western Montana at 10:08 p.m. on Monday.,Un tremblement de terre modéré a secoué l’ouest du Montana lundi à 22 h 08.,"The earthquake was felt in the area of the town of Montrose, Montana, and the area around the city of Bozeman, which is 100 miles away.",1.0253311603116817,15.986597503008381,eng_Latn, A moderate earthquake shook western Montana at 10:08 p.m. on Monday.,4.33662281769497,24.898173607888722,11.4375,20.5
"Translate the following sentence from English to French:
Q: No immediate reports of damage have been received by the United States Geological Survey (USGS) and its National Earthquake Information Center.
A:",No immediate reports of damage have been received by the United States Geological Survey (USGS) and its National Earthquake Information Center.,L’USGS (United States Geological Survey) et son centre national d’information sur les tremblements de terre n’ont pas reçu de rapports immédiats sur les dommages.,The USGS is a government agency that is responsible for the collection of seismic data.,0.7175280009891727,12.086290554827423,eng_Latn, No immediate reports of damage have been received by the United States Geological Survey (USGS) and its National Earthquake Information Center.,1.6913956476085643,14.972941061724196,15.875,15.3125
"Translate the following sentence from English to French:
Q: The earthquake was centered about 20 km (15 miles) north-northeast of Dillon, and about 65 km (40 miles) south of Butte.
A:","The earthquake was centered about 20 km (15 miles) north-northeast of Dillon, and about 65 km (40 miles) south of Butte.","L'épicentre du séisme se situait a environ 20 km (15 miles) entre le nord et le nord-est de Dillon, et à environ 65 km (40 miles) au sud de Butte.","The earthquake was felt in the area of 100,000 people.",0.28457738390704146,4.919742512112971,eng_Latn," The earthquake was centered about 20 km (15 miles) north-northeast of Dillon, and about 65 km (40 miles) south of Butte.",5.790793884761925,20.346227545445142,13.375,18.375
"Translate the following sentence from English to French:
Q: The strain of bird flu lethal to humans, H5N1, has been confirmed to have infected a dead wild duck, found on Monday, in marshland near Lyon in the east of France.
A:","The strain of bird flu lethal to humans, H5N1, has been confirmed to have infected a dead wild duck, found on Monday, in marshland near Lyon in the east of France.","La souche de la grippe aviaire mortelle pour l'homme, H5N1, a été confirmée comme ayant infecté un canard sauvage mort, trouvé lundi, dans un marais près de Lyon dans l'est de la France.","The bird that was killed was a wild bird, and the duck was a dead one.",0.44506969204772273,6.991720599047668,eng_Latn," The strain of bird flu lethal to humans, H5N1, has been confirmed to have infected a dead wild duck, found on Monday, in marshland near Lyon in the east of France.",1.9315063571729643,15.027065774291565,23.75,23.75
"Translate the following sentence from English to French:
Q: France is the seventh country in the European Union to suffer this virus; following Austria, Germany, Slovenia, Bulgaria, Greece and Italy.
A:","France is the seventh country in the European Union to suffer this virus; following Austria, Germany, Slovenia, Bulgaria, Greece and Italy.","La France est le septième pays de l’UE à subir l'impact du virus, faisant suite à l’Autriche, l’Allemagne, la Slovénie, la Bulgarie, la Grèce et l’Italie.",The French government has been in a position to protect its citizens from the virus for a long time.,0.45969002360227756,10.599124144219443,eng_Latn," France is the seventh country in the European Union to suffer this virus; following Austria, Germany, Slovenia, Bulgaria, Greece and Italy.",1.8255289936882497,16.63651508437722,17.75,21.0
"Translate the following sentence from English to French:
Q: Suspected cases of H5N1 in Croatia and Denmark remain unconfirmed.
A:",Suspected cases of H5N1 in Croatia and Denmark remain unconfirmed.,Les cas suspects de H5N1 en Croatie et au Danemark ne sont pas encore confirmés.,Suspending the case is a very serious matter for the country. The case is being investigated by the authorities in Denmark and Croatia. The Danish authorities are investigating the case of a case that has been in the news for a long time. The Danish government is also considering suspending the case.,0.6728248038139729,15.60311645250461,eng_Latn, Suspected cases of H5N1 in Croatia and Denmark remain unconfirmed.,0.9515179626547374,20.71545417217755,22.125,24.75
"Translate the following sentence from English to French:
Q: Chambers had sued God for ""widespread death, destruction and terrorization of millions upon millions of the Earth's inhabitants.""
A:","Chambers had sued God for ""widespread death, destruction and terrorization of millions upon millions of the Earth's inhabitants.""","Chambers avait poursuivi Dieu en justice pour « mise à mort généralisée, destruction et terreur infligées à des millions et des millions d'habitants de la Terre. »","The sentence is in the form of a question, and the answer is in the form of a question.",0.7575625282839856,10.275513761345243,eng_Latn," Chambers had sued God for ""widespread death, destruction and terrorization of millions upon millions of the Earth's inhabitants.""",1.6681780100543995,16.05418312198826,25.0,24.5
"Translate the following sentence from English to French:
Q: Chambers, an agnostic, argues that his lawsuit is ""frivolous"" and ""anybody can sue anybody.""
A:","Chambers, an agnostic, argues that his lawsuit is ""frivolous"" and ""anybody can sue anybody.""","Chambers, un ange, affirme que son procès est « frivole » et que « n'importe qui peut poursuivre n'importe qui ».",Chambers is correct. The jury is not allowed to decide the case.,1.4343646352101849,11.409515136413507,eng_Latn," Chambers, an agnostic, argues that his lawsuit is ""frivolous"" and ""anybody can sue anybody.""",2.4579045377528166,14.096983584065184,18.75,23.0
"Translate the following sentence from English to French:
Q: The story presented in the French opera, by Camille Saint-Saens, is of an artist ""whose life is dictated by a love for drugs and Japan.""
A:","The story presented in the French opera, by Camille Saint-Saens, is of an artist ""whose life is dictated by a love for drugs and Japan.""","L'histoire présentée dans l'opéra français, par Camille Saint-Saens, est celle d'un artiste « dont la vie est dictée par son amour pour la drogue et pour le Japon ».","The story of the artist is a story of the artist's life, and the film is a film about the artist.",0.7292314600925897,10.378720229615414,eng_Latn," The story presented in the French opera, by Camille Saint-Saens, is of an artist ""whose life is dictated by a love for drugs and Japan.""",3.0363917371432296,20.689428572695125,19.875,19.875
"Translate the following sentence from English to French:
Q: As a result, the performers smoke cannabis joints on stage, and the theatre itself is encouraging the audience to join in.
A:","As a result, the performers smoke cannabis joints on stage, and the theatre itself is encouraging the audience to join in.","En conséquence, les artistes fument des joints de cannabis sur scène, et le théâtre lui-même encourage le public à se joindre à eux.","The French word for cannabis is cannabis sativa, and the word for smoking is tobacco.",1.1902500351772523,13.777954116671081,eng_Latn," As a result, the performers smoke cannabis joints on stage, and the theatre itself is encouraging the audience to join in.",5.681248214288246,21.907478413039595,22.75,24.25
"Translate the following sentence from English to French:
Q: Former House Speaker Newt Gingrich, Texas governor Rick Perry, and Congresswoman Michele Bachmann finished in fourth, fifth, and sixth place, respectively.
A:","Former House Speaker Newt Gingrich, Texas governor Rick Perry, and Congresswoman Michele Bachmann finished in fourth, fifth, and sixth place, respectively.","Newt Gingrich, l’ancien président de la Chambre des représentants, Rick Perry, le gouverneur du Texas, et la sénatrice Michele Bachmann ont terminé respectivement à la quatrième, cinquième et sixième place.","Gingy, Perry, and Bach are all in the same position as the first two years of their careers.",1.0758869020313713,11.219094774338618,eng_Latn," Former House Speaker Newt Gingrich, Texas governor Rick Perry, and Congresswoman Michele Bachmann finished in fourth, fifth, and sixth place, respectively.",4.1216527092082025,17.776619220813046,17.75,20.875
"Translate the following sentence from English to French:
Q: After the results came in, Gingrich lauded Santorum, but had tough words for Romney, on whose behalf negative campaign advertisements were aired in Iowa against Gingrich.
A:","After the results came in, Gingrich lauded Santorum, but had tough words for Romney, on whose behalf negative campaign advertisements were aired in Iowa against Gingrich.","Après publication des résultats, Newt Gingrich a félicité Rick Santorum, mais a eu des mots durs à l'encontre de Mitt Romney, au nom de qui des campagnes publicitaires négatives avaient été diffusées en Iowa contre Newt Gingrich.","Gingy, the candidate, is a man of many talents, and he is a man of many faces.",0.5813063975928775,8.814510252321563,eng_Latn," After the results came in, Gingrich lauded Santorum, but had tough words for Romney, on whose behalf negative campaign advertisements were aired in Iowa against Gingrich.",1.3936724481995717,10.952000535686013,23.125,24.125
"Translate the following sentence from English to French:
Q: Perry stated that he would ""return to Texas to assess the results of tonight's caucus, determine whether there is a path forward for myself in this race"", but later said that he would remain in the race and compete in the January 21 South Carolina primary.
A:","Perry stated that he would ""return to Texas to assess the results of tonight's caucus, determine whether there is a path forward for myself in this race"", but later said that he would remain in the race and compete in the January 21 South Carolina primary.","Perry a déclaré qu'il « retournerait au Texas pour évaluer les résultats du caucus de ce soir, et déterminer s'il y a une voie à suivre pour moi dans cette course », mais il a affirmé plus tard qu'il resterait dans la course et participerait aux primaires du 21 janvier en Caroline du Sud.","Perry's statement is correct, but the question is how to translate it. The answer is ""I'm sorry, I'm not a politician"".",0.5168286554872457,9.939519709421058,eng_Latn," Perry stated that he would ""return to Texas to assess the results of tonight's caucus, determine whether there is a path forward for myself in this race"", but later said that he would remain in the race and compete in the January 21 South Carolina primary.",1.745562750689507,13.547638972056362,24.25,25.0
"Translate the following sentence from English to French:
Q: Bachmann, who won the Ames Straw Poll in August, decided to end her campaign.
A:","Bachmann, who won the Ames Straw Poll in August, decided to end her campaign.","Bachmann, qui avait gagné le « vote de paille » d’Âmes en août, décida de mettre un terme à sa campagne.",The Ames Poll is a poll conducted by the American Legion to determine the winner of the 2019 presidential election.,1.0508326333035425,12.897556177671014,eng_Latn," Bachmann, who won the Ames Straw Poll in August, decided to end her campaign.",3.9645132534206877,22.06105265440546,25.0,25.0
"Translate the following sentence from English to French:
Q: The photographer was transported to Ronald Reagan UCLA Medical Center, where he subsequently died.
A:","The photographer was transported to Ronald Reagan UCLA Medical Center, where he subsequently died.","Le photographe a été transporté au Ronald Reagan UCLA Medical Center, où il est mort à la suite de ses blessures.","The sentence is correct, but the photographer is correct.",1.0615710980041333,16.322727601366964,eng_Latn," The photographer was transported to Ronald Reagan UCLA Medical Center, where he subsequently died.",4.022953685398025,22.201813143872183,25.0,25.0
"Translate the following sentence from English to French:
Q: He was reportedly aged in his 20s. In a statement, Bieber said ""[w]hile I was not present nor directly involved with this tragic accident, my thoughts and prayers are with the family of the victim.""
A:","He was reportedly aged in his 20s. In a statement, Bieber said ""[w]hile I was not present nor directly involved with this tragic accident, my thoughts and prayers are with the family of the victim.""","Selon certaines sources, il aurait une vingtaine d'années. Dans une déclaration, Bieber a déclaré : « Bien que je n'aie pas été présent ni directement impliqué dans ce tragique accident, mes pensées et prières vont à la famille de la victime. »",The sentence is correct. Bieber's statement is correct.,0.15366325330581104,8.313643545776472,eng_Latn," He was reportedly aged in his 20s. In a statement, Bieber said ""[w]hile I was not present nor directly involved with this tragic accident, my thoughts and prayers are with the family of the victim.""",0.5098874853234554,11.223331298883583,20.625,24.125
"Translate the following sentence from English to French:
Q: Entertainment news website TMZ understands the photographer stopped his vehicle on the other side of Sepulveda Boulevard and attempted to take pictures of the police stop before crossing the road and continuing, prompting the California Highway Patrol police officer conducting the traffic stop to order him back across, twice.
A:","Entertainment news website TMZ understands the photographer stopped his vehicle on the other side of Sepulveda Boulevard and attempted to take pictures of the police stop before crossing the road and continuing, prompting the California Highway Patrol police officer conducting the traffic stop to order him back across, twice.","Le site d’information TMZ affirme que le photographe a arrêté son véhicule de l’autre côté du boulevard Sepulveda et a tenté de prendre des photos de l’arrêt de police avant de traverser la route et de continuer, incitant l’agent de police de la California Highway Patrol à  lui ordonner de repasser, à deux reprises.","The first time, the photographer was given a warning for the second time, and the second time was for the second time.",0.21122362637637765,10.605485891189028,eng_Latn," Entertainment news website TMZ understands the photographer stopped his vehicle on the other side of Sepulveda Boulevard and attempted to take pictures of the police stop before crossing the road and continuing, prompting the California Highway Patrol police officer conducting the traffic stop to order him back across, twice.",1.560060836852428,13.94000526095536,21.5,22.125
"Translate the following sentence from English to French:
Q: According to police, the driver of the vehicle that hit the photographer is unlikely to face criminal charges.
A:","According to police, the driver of the vehicle that hit the photographer is unlikely to face criminal charges.","Selon la police, il est peu probable que le conducteur du véhicule ayant heurté le photographe fasse l'objet de poursuites pénales.",,0.0,0.0,eng_Latn," According to police, the driver of the vehicle that hit the photographer is unlikely to face criminal charges.",0.0,0.0,23.75,20.75
"Translate the following sentence from English to French:
Q: With only eighteen medals available a day, a number of countries have failed to make the medal podium.
A:","With only eighteen medals available a day, a number of countries have failed to make the medal podium.","Avec seulement dix-huit médailles disponibles par jour, un certain nombre de pays n'ont pas réussi à monter sur le podium des médaillés.",The number of medals that can be won in a year is 18.,0.0,6.709978923090845,eng_Latn," With only eighteen medals available a day, a number of countries have failed to make the medal podium.",4.1577256545616725,18.593186742344216,20.625,22.75
"Translate the following sentence from English to French:
Q: They include the Netherlands, with Anna Jochemsen finishing ninth in the women's standing class in the Super-G yesterday, and Finland with Katja Saarinen finishing tenth in the same event.
A:","They include the Netherlands, with Anna Jochemsen finishing ninth in the women's standing class in the Super-G yesterday, and Finland with Katja Saarinen finishing tenth in the same event.","Ils incluent les Pays-Bas, avec Anna Jochemsen qui a terminé neuvième dans la catégorie féminine au Super-G hier, et la Finlande, avec Katja Saarinen qui a terminé dixième dans la même épreuve.","The Netherlands is a country with a lot of people, and a lot of people with a lot of talent.",0.4755540817429215,7.948140738298937,eng_Latn," They include the Netherlands, with Anna Jochemsen finishing ninth in the women's standing class in the Super-G yesterday, and Finland with Katja Saarinen finishing tenth in the same event.",1.5981729754844973,15.62683034474337,17.625,24.375
"Translate the following sentence from English to French:
Q: Australia's Mitchell Gourley finished eleventh in the men's standing Super-G. Czech competitor Oldrich Jelinek finished sixteenth in the men's sitting Super-G.
A:",Australia's Mitchell Gourley finished eleventh in the men's standing Super-G. Czech competitor Oldrich Jelinek finished sixteenth in the men's sitting Super-G.,L’Australien Mitchell Gourley est arrivé 11e du Super-G debout homme. Le Tchèque Oldrich Jelinek s'est classé 16e au Super-G assis homme.,The following is a translation of the sentence into French:,0.0,6.0481463085512095,eng_Latn, Australia's Mitchell Gourley finished eleventh in the men's standing Super-G. Czech competitor Oldrich Jelinek finished sixteenth in the men's sitting Super-G.,0.1865908166164737,7.752625068403589,23.875,23.5
"Translate the following sentence from English to French:
Q: Arly Velasquez of Mexico finished fifteenth in the men's sitting Super-G. New Zealand's Adam Hall finished ninth in the men's standing Super-G.
A:",Arly Velasquez of Mexico finished fifteenth in the men's sitting Super-G. New Zealand's Adam Hall finished ninth in the men's standing Super-G.,Le Mexicain Arly Velasquez a terminé quinzième au Super-G masculin assis. Le Néo-Zélandais Adam Hall a terminé à la neuvième place du Super-G masculin debout.,"The French word for standing is ""standing"" and the word for sitting is ""sitting"".",0.0,6.311134613516973,eng_Latn, Arly Velasquez of Mexico finished fifteenth in the men's sitting Super-G. New Zealand's Adam Hall finished ninth in the men's standing Super-G.,0.8994022236720418,15.190430683759445,21.75,23.0
"Translate the following sentence from English to French:
Q: Poland's men's visually impaired skier Maciej Krezel and guide Anna Ogarzynska finished thirteenth in the Super-G. South Korea's Jong Seork Park finished twenty-fourth in the men's sitting Super-G.
A:",Poland's men's visually impaired skier Maciej Krezel and guide Anna Ogarzynska finished thirteenth in the Super-G. South Korea's Jong Seork Park finished twenty-fourth in the men's sitting Super-G.,Le skieur polonais malvoyant Maciej Krezel et sa guide Anna Ogarzynska ont terminé à la treizième place du Super-G. Le sud coréen Jong Seork Park a terminé à la vingt-quatrième place du Super-G assis masculin.,The men's Super-A and Super-B teams are the same as the men's slalom.,0.9265176710562512,8.27724090907543,eng_Latn, Poland's men's visually impaired skier Maciej Krezel and guide Anna Ogarzynska finished thirteenth in the Super-G. South Korea's Jong Seork Park finished twenty-fourth in the men's sitting Super-G.,4.286427177326017,14.947615621278649,23.0,25.0
"Translate the following sentence from English to French:
Q: UN peacekeepers, whom arrived in Haiti after the 2010 earthquake, are being blamed for the spread of the disease which started near the troop's encampment.
A:","UN peacekeepers, whom arrived in Haiti after the 2010 earthquake, are being blamed for the spread of the disease which started near the troop's encampment.","Les soldats de la paix de l'ONU, qui sont arrivés en Haïti après le tremblement de terre de 2010, sont accusés de la propagation de la maladie qui a commencé près du campement de la troupe.",The French government has been accused of not being able to protect the troops from the disease.,0.44910899348300376,10.369190576482794,eng_Latn," UN peacekeepers, whom arrived in Haiti after the 2010 earthquake, are being blamed for the spread of the disease which started near the troop's encampment.",2.291335978780497,20.85260808329659,19.0,21.625
"Translate the following sentence from English to French:
Q: According to the lawsuit, waste from the UN camp was not properly sanitized, causing bacteria to enter the tributary of the Artibonite River, one of Haiti's largest.
A:","According to the lawsuit, waste from the UN camp was not properly sanitized, causing bacteria to enter the tributary of the Artibonite River, one of Haiti's largest.","Selon le procès, les déchets du camp de l'ONU n'ont pas été bien assainis, provoquant l'entrée de bactéries dans l'affluent du fleuve Artibonite, l'un des plus grands fleuves d'Haïti.","The sentence is correct, but the question is: How can I get the word ""waste"" out of the sentence?",0.3568580604715721,8.473048991687147,eng_Latn," According to the lawsuit, waste from the UN camp was not properly sanitized, causing bacteria to enter the tributary of the Artibonite River, one of Haiti's largest.",2.078824724144046,15.250254970423194,23.0,25.0
"Translate the following sentence from English to French:
Q: Prior to the arrival of troops, Haiti had not encountered problems related to the disease since the 1800s.
A:","Prior to the arrival of troops, Haiti had not encountered problems related to the disease since the 1800s.","Avant l'arrivée des troupes, Haïti n'avait pas rencontré de problèmes liés à la maladie depuis les années 1800.",The French colonialists were the first to arrive in Haiti in 1880 and the disease was first discovered in 1960.,0.0,14.181744709606503,eng_Latn," Prior to the arrival of troops, Haiti had not encountered problems related to the disease since the 1800s.",3.7900211758054216,25.701741085249996,16.75,24.5
"Translate the following sentence from English to French:
Q: The Haitian Institute for Justice and Democracy has referenced independent studies that suggest the Nepalese UN peacekeeping battalion unknowingly brought the disease to Haiti.
A:",The Haitian Institute for Justice and Democracy has referenced independent studies that suggest the Nepalese UN peacekeeping battalion unknowingly brought the disease to Haiti.,L'Institut haïtien pour la justice et la démocratie a fait référence à des études indépendantes qui suggèrent que le bataillon népalais de maintien de la paix de l'ONU a involontairement apporté la maladie à Haïti.,The UN peacekeeping force is a military force that is not directly involved in the health care of the people of Haiti.,0.5214188714611314,10.72589883969595,eng_Latn, The Haitian Institute for Justice and Democracy has referenced independent studies that suggest the Nepalese UN peacekeeping battalion unknowingly brought the disease to Haiti.,10.562534377066685,23.874839381436463,17.375,18.375
"Translate the following sentence from English to French:
Q: Danielle Lantagne, a UN expert on the disease, stated the outbreak was likely caused by the peacekeepers.
A:","Danielle Lantagne, a UN expert on the disease, stated the outbreak was likely caused by the peacekeepers.","Danielle Lantagne, experte de l'ONU sur la maladie, a déclaré que l'épidémie avait probablement été causée par les Casques bleus.",The French government has been in charge of the UN peacekeeping mission since 1999.,0.0,8.329143748126091,eng_Latn," Danielle Lantagne, a UN expert on the disease, stated the outbreak was likely caused by the peacekeepers.",3.020494916141626,15.645018155780354,23.25,23.625
"Translate the following sentence from English to French:
Q: Hamilton confirmed Howard University Hospital admitted the patient in stable condition.
A:",Hamilton confirmed Howard University Hospital admitted the patient in stable condition.,Hamilton a confirmé que l’hôpital universitaire d’Howard a admis le patient dans un état stable.,"Hamilton, the president of the University of Washington, confirmed the patient’s condition in a press conference.",2.244687561523562,25.887503487441755,eng_Latn, Hamilton confirmed Howard University Hospital admitted the patient in stable condition.,5.136663909505953,43.17392155326175,6.5625,9.125
"Translate the following sentence from English to French:
Q: The patient had been to Nigeria, where some cases of the Ebola virus have occurred.
A:","The patient had been to Nigeria, where some cases of the Ebola virus have occurred.","Le patient s'était rendu au Nigeria, où certains cas de virus Ebola se sont produits.",The Ebola virus is a virus that is transmitted by humans.,2.56249125689746,14.76030400369691,eng_Latn," The patient had been to Nigeria, where some cases of the Ebola virus have occurred.",5.001230153993728,22.97405955025759,17.625,22.375
"Translate the following sentence from English to French:
Q: The hospital has followed protocol for infection control, including separating the patient from others to prevent possible infection of others.
A:","The hospital has followed protocol for infection control, including separating the patient from others to prevent possible infection of others.","L'hôpital a respecté le protocole pour la prévention des infections, notamment l'isolement du patient afin d'éviter une possible infection d'autres patients.",The hospital has no protocol for the handling of patients.,0.5879316549316473,13.845655337080673,eng_Latn," The hospital has followed protocol for infection control, including separating the patient from others to prevent possible infection of others.",5.525550909202232,27.499156231360466,21.875,24.125
"Translate the following sentence from English to French:
Q: Before The Simpsons Simon had worked on several shows in various positions.
A:",Before The Simpsons Simon had worked on several shows in various positions.,"Avant les Simpsons, Simon avait travaillé sur plusieurs séries, occupant divers postes.",Simon is a member of the Simpsons family.,3.671473391532488,14.637919526270963,eng_Latn, Before The Simpsons Simon had worked on several shows in various positions.,6.68986069184485,19.502724661778334,23.875,24.0
"Translate the following sentence from English to French:
Q: During the 1980s he worked on shows such as Taxi, Cheers, and The Tracy Ullman Show.
A:","During the 1980s he worked on shows such as Taxi, Cheers, and The Tracy Ullman Show.","Pendant les années 1980, il a travaillé sur des spectacles tels que Taxi, Cheers et The Tracy Ullman Show.","He was a successful actor, but he was also a good friend of the late actor, and he was a good listener.",1.9011755113058344,14.078141195601255,eng_Latn," During the 1980s he worked on shows such as Taxi, Cheers, and The Tracy Ullman Show.",3.802351022611669,17.014671114569577,18.25,22.625
"Translate the following sentence from English to French:
Q: In 1989 he helped create The Simpsons with Brooks and Groening, and was responsible for hiring the show's first writing team.
A:","In 1989 he helped create The Simpsons with Brooks and Groening, and was responsible for hiring the show's first writing team.","En 1989, il a participé à la création des Simpsons avec Brooks et Groening et a été responsable de l'embauche de la première équipe de scénaristes de la série.","Brooks and I have been friends for years, and I have been a writer for 15 years.",0.9298962181287233,10.519212309687633,eng_Latn," In 1989 he helped create The Simpsons with Brooks and Groening, and was responsible for hiring the show's first writing team.",3.945986757438559,18.437881878861255,24.75,25.0
"Translate the following sentence from English to French:
Q: Despite leaving the show in 1993 he kept the title of executive producer, and continued to receive tens of millions of dollars every season in royalties.
A:","Despite leaving the show in 1993 he kept the title of executive producer, and continued to receive tens of millions of dollars every season in royalties.","Malgré son départ de l'émission en 1993, il a conservé le titre de producteur exécutif et a continué à recevoir des dizaines de millions de dollars chaque saison en redevances.","The same year he was hired, he was also the first to produce a show with a script and a director.",0.7941292239919671,11.395374656730667,eng_Latn," Despite leaving the show in 1993 he kept the title of executive producer, and continued to receive tens of millions of dollars every season in royalties.",1.911679263621146,16.199360276415366,25.0,25.0
"Translate the following sentence from English to French:
Q: Earlier the Chinese news agency Xinhua reported a plane to be hijacked.
A:",Earlier the Chinese news agency Xinhua reported a plane to be hijacked.,L’agence de presse chinoise Xinhua a annoncé précédemment la nouvelle du détournement d'un avion.,The French government has been in charge of the investigation and the investigation has been in the hands of the French authorities.,1.3838071797903653,13.254029674531475,eng_Latn, Earlier the Chinese news agency Xinhua reported a plane to be hijacked.,1.9582248325011242,14.010502098583032,17.875,19.375
"Translate the following sentence from English to French:
Q: Later reports then stated the plane received a bomb threat and was diverted back to Afghanistan, landing in Kandahar.
A:","Later reports then stated the plane received a bomb threat and was diverted back to Afghanistan, landing in Kandahar.",Des rapports ultérieurs ont ensuite révélé que l’appareil avait fait l'objet d'une menace d’attaque à la bombe et été redirigé vers l’Afghanistan pour atterrir à Kandahar.,"The bomb was dropped on the plane by the Taliban, and the Taliban was the target of the investigation.",0.4033179479571426,9.7760269616144,eng_Latn," Later reports then stated the plane received a bomb threat and was diverted back to Afghanistan, landing in Kandahar.",4.460795258102732,22.684080299135026,16.875,23.125
"Translate the following sentence from English to French:
Q: The early reports say the plane was diverted back to Afghanistan after being denied an emergency landing in Ürümqi.
A:",The early reports say the plane was diverted back to Afghanistan after being denied an emergency landing in Ürümqi.,Les premiers rapports indiquent que l’avion a été détourné vers l’Afghanistan après s’être vu refuser un atterrissage d’urgence à Ürümqi.,The first flight of the plane was to be the first to land in the city of Ün-,0.5217902073457873,6.843557545794929,eng_Latn, The early reports say the plane was diverted back to Afghanistan after being denied an emergency landing in Ürümqi.,6.746956286966595,20.98699357387828,20.875,22.0
"Translate the following sentence from English to French:
Q: Air accidents are common in Iran, which has an aging fleet that is poorly maintained both for civil and military operations.
A:","Air accidents are common in Iran, which has an aging fleet that is poorly maintained both for civil and military operations.","Les accidents aériens sont fréquents en Iran, qui dispose d'une flotte vieillissante et mal entretenue autant pour les vols civils que militaires.",,0.0,0.0,eng_Latn," Air accidents are common in Iran, which has an aging fleet that is poorly maintained both for civil and military operations.",0.0,0.0,23.75,21.125
"Translate the following sentence from English to French:
Q: International sanctions have meant that new aircraft cannot be purchased.
A:",International sanctions have meant that new aircraft cannot be purchased.,"En raison des sanctions internationales, il n'est pas possible d'acheter de nouveaux avions.",The French government has been trying to get rid of the new aircraft for years.,1.6808304933415033,10.44473163290526,eng_Latn, International sanctions have meant that new aircraft cannot be purchased.,5.412989186545265,24.612837810345724,18.25,21.125
"Translate the following sentence from English to French:
Q: Earlier this week, a police helicopter crash killed three people and wounded three more.
A:","Earlier this week, a police helicopter crash killed three people and wounded three more.","Au début de cette semaine, l'accident d'un hélicoptère de la police a tué trois personnes et en a blessé trois autres.",The helicopter accident was the result of a misunderstanding between the police and the driver of the helicopter. The driver was a Frenchman who had been in the country for a long time. He was a good friend of the pilot and had been in the helicopter for a long time.,0.8548570083745205,19.10604118140722,eng_Latn," Earlier this week, a police helicopter crash killed three people and wounded three more.",1.5910681716616262,22.842252904589884,25.0,25.0
"Translate the following sentence from English to French:
Q: Last month Iran saw its worst air disaster in years when an airliner heading to Armenia crashed, killing the 168 on board.
A:","Last month Iran saw its worst air disaster in years when an airliner heading to Armenia crashed, killing the 168 on board.","Le mois dernier, l'Iran a connu sa pire catastrophe aérienne depuis des années lorsqu'un avion de ligne se dirigeant vers l'Arménie s'est écrasé, tuant les 168 personnes à bord.",The French government has been in touch with the Iranian government to try to help the country.,0.39602310120222606,8.691178102743853,eng_Latn," Last month Iran saw its worst air disaster in years when an airliner heading to Armenia crashed, killing the 168 on board.",1.782800770119698,14.15668670206505,24.5,23.375
"Translate the following sentence from English to French:
Q: The same month saw another airliner overrun a runway at Mashhad and strike a wall, killing seventeen.
A:","The same month saw another airliner overrun a runway at Mashhad and strike a wall, killing seventeen.","Le même mois, un autre avion de ligne a fait une sortie de piste à Mashhad et a heurté un mur, tuant ainsi dix-sept personnes.","The same aircraft, same runway, same crew, same conditions, and the same fate all lead to the same result.",1.3287463532709287,13.385432078612327,eng_Latn," The same month saw another airliner overrun a runway at Mashhad and strike a wall, killing seventeen.",4.899864500847875,23.18522341873655,13.25,17.5
"Translate the following sentence from English to French:
Q: Aerosmith have cancelled their remaining concerts on their tour.
A:",Aerosmith have cancelled their remaining concerts on their tour.,Le groupe Aerosmith a annulé les derniers concerts de sa tournée.,The tour is cancelled because the band has not been able to reach the level of success they have been able to achieve.,1.7911710595643588,13.006643734184822,eng_Latn, Aerosmith have cancelled their remaining concerts on their tour.,3.78786561257948,23.487338439653893,10.75,18.375
"Translate the following sentence from English to French:
Q: The rock band was due to tour the United States and Canada until September 16.
A:",The rock band was due to tour the United States and Canada until September 16.,Le groupe de rock devait faire une tournée aux États-Unis et au Canada jusqu'au 16 septembre.,The tour was cancelled due to the rock band's inability to perform in the United States.,2.4488966978584736,15.227201498261023,eng_Latn, The rock band was due to tour the United States and Canada until September 16.,10.862721615727713,45.74440397447737,10.4375,14.3125
"Translate the following sentence from English to French:
Q: They have cancelled the tour after lead singer Steven Tyler was injured after he fell off stage while performing on August 5.
A:",They have cancelled the tour after lead singer Steven Tyler was injured after he fell off stage while performing on August 5.,Ils ont annulé la tournée après que le chanteur Steven Tyler se soit blessé en tombant de scène lors d'un concert le 5 août dernier.,The tour is cancelled.,0.07683283962741759,5.036673178159399,eng_Latn, They have cancelled the tour after lead singer Steven Tyler was injured after he fell off stage while performing on August 5.,0.6408906249905751,11.625110376008543,23.375,23.25
"Translate the following sentence from English to French:
Q: Murray lost the first set in a tie break after both men held each and every serve in the set.
A:",Murray lost the first set in a tie break after both men held each and every serve in the set.,Murray a perdu le premier set au tie break après que les deux hommes ont gardé leur service pendant tout le set.,Murray is a player who plays with a lot of heart and a lot of energy. He is a man of great promise and potential. He is a man who has a lot of experience.,1.2413584734794654,16.004940147530377,eng_Latn, Murray lost the first set in a tie break after both men held each and every serve in the set.,1.3339264902154053,18.092209001616887,19.375,24.0
"Translate the following sentence from English to French:
Q: Del Potro had the early advantage in the second set, but this too required a tie break after reaching 6-6.
A:","Del Potro had the early advantage in the second set, but this too required a tie break after reaching 6-6.","Malgré le net avantage de Del Potro pendant le deuxième set, il a fallu passer par un tie-break une fois que le score a atteint 6-6.","Del-Irene, Del-Mona, Del-Ramon, Del-Sasha, Del-Toni, and Del-Quinn are the names of the players who have won the most Grand Slam titles in the last 10 years.",0.9216168770877762,13.966285706716356,eng_Latn," Del Potro had the early advantage in the second set, but this too required a tie break after reaching 6-6.",1.7611044047748272,16.890909767823278,23.5,25.0
"Translate the following sentence from English to French:
Q: Potro received treatment to his shoulder at this point but managed to return to the game.
A:",Potro received treatment to his shoulder at this point but managed to return to the game.,"Potro a reçu à ce moment des soins pour son épaule, mais a réussi à reprendre le match.","The sentence is correct, but the player is not correct.",1.2540980706244005,10.60120465849794,eng_Latn, Potro received treatment to his shoulder at this point but managed to return to the game.,2.487097221046712,13.942743484976985,22.625,25.0
"Translate the following sentence from English to French:
Q: The program started at 8:30 p.m. local time (15.00 UTC).
A:",The program started at 8:30 p.m. local time (15.00 UTC).,"Le programme a démarré à 20 h 30, heure locale (15 h 00 UTC).",The time is 15 minutes behind the clock.,0.0,8.622965075908496,eng_Latn, The program started at 8:30 p.m. local time (15.00 UTC).,2.742341580995955,12.539566531216492,13.9375,15.5
"Translate the following sentence from English to French:
Q: Famous singers across the country presented bhajans, or devotional songs, to Shri Shyam's feet.
A:","Famous singers across the country presented bhajans, or devotional songs, to Shri Shyam's feet.","Des chanteurs célèbres dans tout le pays ont présenté des bhajans, ou chants de dévotion, aux pieds de Shri Shyam.","The word bhajain is derived from the word bhajan, which means ""to sing"" in the local language.",1.3829735206532279,13.331155460660002,eng_Latn," Famous singers across the country presented bhajans, or devotional songs, to Shri Shyam's feet.",2.079114978646295,18.69756031079173,11.3125,16.375
"Translate the following sentence from English to French:
Q: Singer Sanju Sharma started the evening, followed by Jai Shankar Choudhary. esented the chhappan bhog bhajan as well. Singer, Raju Khandelwal was accompanying him.
A:","Singer Sanju Sharma started the evening, followed by Jai Shankar Choudhary. esented the chhappan bhog bhajan as well. Singer, Raju Khandelwal was accompanying him.","La chanteuse Sanju Sharma a commencé la soirée, suivie par Jai Shankar Choudhary. Lakkha Singh a également présenté le bhajan de Chhappan Bhog. Le chanteur Raju Khandelwal l’accompagnait.","Singer, the first person to sing the song in the morning, the first to sing the song in the evening, the first to sing the song in the middle of the night, the one who sings the most, the one who sings the most, the one who sings the most, the one who sings the most, the one with the most vocal power, the one with the most energy, the one who is the most vocal, the one who is the most obedient, the one who is the",0.33834796941275397,8.035670363036392,eng_Latn," Singer Sanju Sharma started the evening, followed by Jai Shankar Choudhary. esented the chhappan bhog bhajan as well. Singer, Raju Khandelwal was accompanying him.",2.276124756700466,15.292937756224143,22.25,23.0
"Translate the following sentence from English to French:
Q: Then, Lakkha Singh took the lead in singing the bhajans.
A:","Then, Lakkha Singh took the lead in singing the bhajans.","Ensuite, Lakkha Singh a pris l'initiative de chanter les bhajans.","The word bhajana is a Sanskrit word meaning ""song"" or ""performance"" in French.",2.1671320168371846,16.810812291247974,eng_Latn," Then, Lakkha Singh took the lead in singing the bhajans.",2.1671320168371846,17.962396311307984,11.1875,14.75
"Translate the following sentence from English to French:
Q: 108 plates of Chhappan Bhog (in Hinduism, 56 different edible items, like, sweets, fruits, nuts, dishes etc. which are offered to deity) were served to Baba Shyam.
A:","108 plates of Chhappan Bhog (in Hinduism, 56 different edible items, like, sweets, fruits, nuts, dishes etc. which are offered to deity) were served to Baba Shyam.","108 assiettes de Chhappan Bhog (dans l'hindouisme, 56 aliments comestibles différents, comme des sucreries, des fruits, des noix, des plats etc. qui sont offerts à la divinité) ont été servis à Baba Shyam.",The word “Bh” in the name of the dish is a translation of the word “Bh” in French. The French word is “Chime” and the word “Bh” is a translation of the word “Chime” in French.,0.7177484664408096,10.995785830980456,eng_Latn," 108 plates of Chhappan Bhog (in Hinduism, 56 different edible items, like, sweets, fruits, nuts, dishes etc. which are offered to deity) were served to Baba Shyam.",0.9347836091389596,13.000017545665454,22.5,20.75
"Translate the following sentence from English to French:
Q: Lakkha Singh presented the chhappan bhog bhajan as well. Singer, Raju Khandelwal was accompanying him.
A:","Lakkha Singh presented the chhappan bhog bhajan as well. Singer, Raju Khandelwal was accompanying him.","Quant à Lakkha Singh, il a lui aussi présenté le chhappan bhog bhajan, tout en étant accompagné du chanteur Raju Khandelwal.","Raju, the chanter, is a member of the Choral Society of India. He is a member of the National Choral Federation of India.",2.7747098362934133,13.903875813378368,eng_Latn," Lakkha Singh presented the chhappan bhog bhajan as well. Singer, Raju Khandelwal was accompanying him.",3.156861810786021,16.01995633106302,13.375,19.375
"Translate the following sentence from English to French:
Q: At Thursday's keynote presentation of the Tokyo Game Show, Nintendo president Satoru Iwata unveiled the controller design for the company's new Nintendo Revolution console.
A:","At Thursday's keynote presentation of the Tokyo Game Show, Nintendo president Satoru Iwata unveiled the controller design for the company's new Nintendo Revolution console.","Jeudi, lors de la présentation principale du Tokyo Game Show, le président de Nintendo, Satoru Iwata, a dévoilé le design de la manette de la nouvelle console Nintendo Revolution de la société.",Iw.,2.8827490616840035e-05,1.2856008305557407,gle_Latn," Sa chur i láthair príomhthéama a bhí ann Déardaoin mar chuid den Seó Cluichíochta Thóiceo, thaispeáin Satoru Iwata, uachtarán ar Nintendo, dearadh an rialaitheora cluichíochta do chonsól nua na cuideachta ar a dtugtar Nintendo Revolution.",1.942381038929018e-07,1.1254563089715348,25.0,25.0
"Translate the following sentence from English to French:
Q: Resembling a television remote, the controller uses two sensors placed near the user's television to triangulate its position in three-dimensional space.
A:","Resembling a television remote, the controller uses two sensors placed near the user's television to triangulate its position in three-dimensional space.","Identique à une télécommande de télévision, la commande utilise deux capteurs placés près du téléviseur de l'utilisateur pour trianguler sa position dans l'espace tridimensionnel.",The sensor is a device that is used to measure the distance between the user and the remote.,0.4637600490346767,9.933388300074933,eng_Latn," Resembling a television remote, the controller uses two sensors placed near the user's television to triangulate its position in three-dimensional space.",2.385786582223872,19.420877893937337,6.125,18.5
"Translate the following sentence from English to French:
Q: This will allow players to control actions and movements in video games by moving the device through the air.
A:",This will allow players to control actions and movements in video games by moving the device through the air.,Cela permettra aux joueurs de contrôler les actions et les mouvements dans les jeux vidéo en déplaçant l’appareil dans l’air.,"This is a translation of the word ""action"" to ""movement"" in French.",0.9333827518212536,12.221449695375963,eng_Latn, This will allow players to control actions and movements in video games by moving the device through the air.,2.718516209546605,19.600550325747562,19.25,16.25
"Translate the following sentence from English to French:
Q: Giancarlo Fisichella lost control of his car and ended the race very soon after the start.
A:",Giancarlo Fisichella lost control of his car and ended the race very soon after the start.,Giancarlo Fisichella a perdu le contrôle de sa voiture et a terminé la course peu après le démarrage.,The car was in the wrong place at the wrong time.,0.9702480843908757,8.419156980364543,eng_Latn, Giancarlo Fisichella lost control of his car and ended the race very soon after the start.,2.081391736117493,12.431612373678417,18.625,20.125
"Translate the following sentence from English to French:
Q: His teammate Fernando Alonso was in the lead for most of the race, but ended it right after his pit-stop, probably because a badly tucked right front wheel.
A:","His teammate Fernando Alonso was in the lead for most of the race, but ended it right after his pit-stop, probably because a badly tucked right front wheel.","Son coéquipier Fernando Alonso a dominé pendant toute la course, mais son arrêt au stand a mis fin à cette domination, sans doute en raison d'une roue avant droite mal fixée.","Fernando is a French driver, and he is in the same class as the driver of the car he is driving.",0.934523675028094,12.770410773973651,eng_Latn," His teammate Fernando Alonso was in the lead for most of the race, but ended it right after his pit-stop, probably because a badly tucked right front wheel.",3.0133833492870172,19.534334130013075,25.0,25.0
"Translate the following sentence from English to French:
Q: Michael Schumacher ended his race not long after Alonso, because of the suspension damage in the numerous battles during the race.
A:","Michael Schumacher ended his race not long after Alonso, because of the suspension damage in the numerous battles during the race.","Michael Schumacher a terminé sa course peu de temps après Alonso, en raison des dommages subis au niveau des suspensions tout au long de la course.","The French word for Schumacher is ""S"" and the word for Alonso is ""A""",3.617577806302959,12.17929599892858,eng_Latn," Michael Schumacher ended his race not long after Alonso, because of the suspension damage in the numerous battles during the race.",5.70641268789048,15.978358983640032,22.625,23.625
"Translate the following sentence from English to French:
Q: ""She’s very cute and sings quite well, too,"" he said according to a transcript of the news conference.
A:","""She’s very cute and sings quite well, too,"" he said according to a transcript of the news conference.","« Elle est très jolie, et elle chante très bien aussi », a-t-il déclaré selon une transcription de la conférence de presse.","""I’m not sure if I’m going to be able to hear the news from the microphone, but I’m sure I’m going to hear it from the radio.""",1.0648525923253458,9.357909138079007,eng_Latn," ""She’s very cute and sings quite well, too,"" he said according to a transcript of the news conference.",2.5326605584447868,19.798462634999566,25.0,25.0
"Translate the following sentence from English to French:
Q: ""I was moved every time we did a rehearsal on this, from the bottom of my heart.""
A:","""I was moved every time we did a rehearsal on this, from the bottom of my heart.""","« J’ai été ému à chaque fois que nous avons fait une répétition sur ce sujet, du fond du cœur. »","""I'm sorry, I'm not going to say it again, but I'm going to say it again.""",1.4768468885537827,7.462843712899294,eng_Latn," ""I was moved every time we did a rehearsal on this, from the bottom of my heart.""",4.150547731411289,10.32068836932951,21.75,25.0
"Translate the following sentence from English to French:
Q: Around 3 minutes into the launch, an on-board camera showed numerous pieces of insulation foam break away from the fuel tank.
A:","Around 3 minutes into the launch, an on-board camera showed numerous pieces of insulation foam break away from the fuel tank.","Environ trois minutes après le lancement, une caméra embarquée montrait de nombreux morceaux de mousse isolante en train de se détacher du réservoir de carburant.",The fuel tank was broken into pieces by the fire department.,0.32839543034236,7.400852369580018,eng_Latn," Around 3 minutes into the launch, an on-board camera showed numerous pieces of insulation foam break away from the fuel tank.",2.3496430812751847,20.02741922228947,24.0,23.125
"Translate the following sentence from English to French:
Q: However, they are not thought to have caused any damage to the shuttle.
A:","However, they are not thought to have caused any damage to the shuttle.",On ne pense cependant pas qu'ils aient causé le moindre dégât à la navette.,"However, the shuttle is damaged, the damage is caused by the crew members.",1.7197366808945818,11.974943923205768,eng_Latn," However, they are not thought to have caused any damage to the shuttle.",11.306082351602983,40.65337550271417,17.5,21.375
"Translate the following sentence from English to French:
Q: NASA's shuttle program chief N. Wayne Hale Jr. said the foam had fallen ""after the time we are concerned about.""
A:","NASA's shuttle program chief N. Wayne Hale Jr. said the foam had fallen ""after the time we are concerned about.""","Le chef du programme de la navette de la NASA, N. Wayne Hale Jr., a dit que la mousse était tombée « après le temps qui nous préoccupe ».","The foam was a major concern for the French government, which had a lot of money invested in the project.",1.063066425702151,10.948965371842679,eng_Latn," NASA's shuttle program chief N. Wayne Hale Jr. said the foam had fallen ""after the time we are concerned about.""",3.3623431607672085,20.719754712624926,24.875,24.75
"Translate the following sentence from English to French:
Q: Five minutes into the display a wind starts rolling in, about a minute later, the wind is reaching 70km/h... then the rain comes, but so hard and so large that it slaps your skin like a needle, then hail fell from the sky, people panicking and screaming and running over each other.
A:","Five minutes into the display a wind starts rolling in, about a minute later, the wind is reaching 70km/h... then the rain comes, but so hard and so large that it slaps your skin like a needle, then hail fell from the sky, people panicking and screaming and running over each other.","Cinq minutes après le début de l'exposition, un vent se met à souffler pour atteindre, environ une minute plus tard, la vitesse de 70km/h... puis la pluie arrive, mais si forte et si grosse qu'elle frappe votre peau comme une aiguille, puis la grêle tombe du ciel, les gens paniquent, crient et se roulent dessus.","The wind is a natural phenomenon, but it is also a powerful force that can be harnessed to create a storm. The French word for wind is wind, and the word for storm is storm. The French word for rain is rain, and the word for hail is hail.",0.5802940418779023,11.9867461204179,eng_Latn," Five minutes into the display a wind starts rolling in, about a minute later, the wind is reaching 70km/h... then the rain comes, but so hard and so large that it slaps your skin like a needle, then hail fell from the sky, people panicking and screaming and running over each other.",2.4398795660925443,21.23519556405913,15.0,22.625
"Translate the following sentence from English to French:
Q: I lost my sister and her friend, and on my way there were two disabled people in wheelchairs, people just jumping over and pushing them,"" Armand Versace said.
A:","I lost my sister and her friend, and on my way there were two disabled people in wheelchairs, people just jumping over and pushing them,"" Armand Versace said.","J'ai perdu ma sœur et son amie, et sur mon chemin, il y avait deux personnes handicapées en fauteuil roulant, des gens qui ne faisaient que sauter et les pousser », a déclaré Armand Versace.","""I'm sorry, I'm not going to say it again, but I'm sorry to you, too. I'm going to say it again, """,1.0007335576478298,7.483045253449438,eng_Latn," I lost my sister and her friend, and on my way there were two disabled people in wheelchairs, people just jumping over and pushing them,"" Armand Versace said.",1.3719924284123102,9.344111209949352,25.0,25.0
"Translate the following sentence from English to French:
Q: NHK also reported that the Kashiwazaki Kariwa nuclear power plant in Niigata prefecture was operating normally.
A:",NHK also reported that the Kashiwazaki Kariwa nuclear power plant in Niigata prefecture was operating normally.,"La NHK a également fait savoir que la centrale nucléaire de Kashiwazaki Kariwa, dans la préfecture de Niigata, fonctionnait normalement.",The nuclear power plant is a nuclear power plant that is operated by the government of Japan.,0.9335269826438443,12.081887361167203,eng_Latn, NHK also reported that the Kashiwazaki Kariwa nuclear power plant in Niigata prefecture was operating normally.,5.88204341370056,31.915801829593633,14.0625,18.25
"Translate the following sentence from English to French:
Q: Hokuriku Electric Power Co. reported no effects from the earthquake and that the Number 1 and 2 reactors at its Shika nuclear power plant were shut down.
A:",Hokuriku Electric Power Co. reported no effects from the earthquake and that the Number 1 and 2 reactors at its Shika nuclear power plant were shut down.,Hokuriku Electric Power Co. n'a signalé aucun effet du tremblement de terre et que les réacteurs numéro 1 et 2 de sa centrale nucléaire de Shika ont été arrêtés.,"The company said it was in the process of building a new plant in the same area, but it was not able to find a suitable site for the new plant.",0.7807158989333968,11.084888589692506,eng_Latn, Hokuriku Electric Power Co. reported no effects from the earthquake and that the Number 1 and 2 reactors at its Shika nuclear power plant were shut down.,1.4949009227203987,15.231335911687562,24.75,25.0
"Translate the following sentence from English to French:
Q: It is reported that some 9400 homes in the region are without water and approximately 100 without electricity.
A:",It is reported that some 9400 homes in the region are without water and approximately 100 without electricity.,"On signale qu'environ 9 400 habitations de la région sont privées d'eau, et qu'environ 100 sont privées d'électricité.","The word “water” is a common word in the region, and it is used to describe the water supply in the region.",1.1825665420463247,12.222071038148364,eng_Latn, It is reported that some 9400 homes in the region are without water and approximately 100 without electricity.,6.3848752955077925,25.653539520634798,20.25,23.5
"Translate the following sentence from English to French:
Q: Some roads have been damaged, railway service interrupted in the affected areas, and the Noto Airport in Ishikawa prefecture remains closed.
A:","Some roads have been damaged, railway service interrupted in the affected areas, and the Noto Airport in Ishikawa prefecture remains closed.","Certaines routes ont été endommagées, le service ferroviaire a été suspendu dans les zones affectées, et l’aéroport de Noto de la préfecture d’Ishikawa est toujours fermé.",The French government has been working to repair the damage and the airport has been working to provide a service for the public.,0.758991960544414,14.712386778114547,eng_Latn," Some roads have been damaged, railway service interrupted in the affected areas, and the Noto Airport in Ishikawa prefecture remains closed.",2.996314659721098,23.876607051693814,24.125,24.375
"Translate the following sentence from English to French:
Q: One bomb exploded outside the governor general's office.
A:",One bomb exploded outside the governor general's office.,Une bombe a explosé devant le bureau du gouverneur général.,The bomb was a bomb.,3.005799339448764,8.766001129430318,eng_Latn, One bomb exploded outside the governor general's office.,2.544354209531657,9.420767711596472,22.75,23.25
"Translate the following sentence from English to French:
Q: Three more bombs exploded near government buildings in a period of two hours.
A:",Three more bombs exploded near government buildings in a period of two hours.,Trois autres bombes ont explosé près des bâtiments du gouvernement en l'espace de deux heures.,The bomb that killed the president of the United States in 1993 was the most recent in a series of bombings.,1.8749089613133425,15.216217548510352,eng_Latn, Three more bombs exploded near government buildings in a period of two hours.,4.141141330484801,20.940307002032906,25.0,25.0
"Translate the following sentence from English to French:
Q: Some reports put the official death toll at eight, and official reports confirm that up to 30 were injured; but final numbers are not yet known.
A:","Some reports put the official death toll at eight, and official reports confirm that up to 30 were injured; but final numbers are not yet known.","Certains rapports portent le nombre officiel de morts à huit, et des rapports officiels confirment que jusqu'à 30 personnes ont été blessées ; mais les chiffres définitifs ne sont pas encore connus.",The French government has a different view of the situation. It is not a surprise to me that the French government is more concerned with the number of deaths than with the truth.,0.7346818800702734,13.445053753522322,eng_Latn," Some reports put the official death toll at eight, and official reports confirm that up to 30 were injured; but final numbers are not yet known.",1.6047299884724648,19.119031965267055,21.625,25.0
"Translate the following sentence from English to French:
Q: Both cyanuric acid and melamine were found in urine samples from pets that died after consuming contaminated pet food.
A:",Both cyanuric acid and melamine were found in urine samples from pets that died after consuming contaminated pet food.,De l'acide cyanurique et de la mélamine ont été découverts dans les échantillons d'urine prélevés sur les animaux domestiques qui sont morts après avoir ingéré de la nourriture pour animaux contaminée.,The urine of the animals was found to be contaminated with cyanine and melamine.,1.3500171481411827,12.186718188856146,eng_Latn, Both cyanuric acid and melamine were found in urine samples from pets that died after consuming contaminated pet food.,11.591658217321477,30.142015326778537,10.375,15.1875
"Translate the following sentence from English to French:
Q: The two compounds react with one another to form crystals that may block kidney function, researchers at the university said.
A:","The two compounds react with one another to form crystals that may block kidney function, researchers at the university said.","Les deux composés réagissent l'un avec l'autre pour former des cristaux qui peuvent bloquer la fonction rénale, ont déclaré des chercheurs de l'université.",The word block is a compound that is used in the same sentence as the word block.,0.6359734113727608,10.319860600375854,eng_Latn," The two compounds react with one another to form crystals that may block kidney function, researchers at the university said.",2.192001446497306,19.500483987862882,25.0,25.0
"Translate the following sentence from English to French:
Q: The researchers observed crystals formed in cat urine by the addition of melamine and cyanuric acid.
A:",The researchers observed crystals formed in cat urine by the addition of melamine and cyanuric acid.,"Les enquêteurs ont découvert que des cristaux s'étaient formés dans l'urine des chats en raison de la présence de ces substances supplémentaires, la mélamine et l'acide cyanurique.","The study was conducted by the University of California, Berkeley.",0.1561533584028916,6.842052633358674,eng_Latn, The researchers observed crystals formed in cat urine by the addition of melamine and cyanuric acid.,2.652094522828992,17.58194172102689,20.375,22.625
"Translate the following sentence from English to French:
Q: The composition of these crystals matches those found in the urine of affected pets when compared by infrared spectroscopy (FTIR).
A:",The composition of these crystals matches those found in the urine of affected pets when compared by infrared spectroscopy (FTIR).,La composition de ces cristaux correspond à ce qui est trouvé dans l’urine des animaux domestiques affectés lorsqu’on compare par spectroscopie infrarouge (IRTF).,"The answer is yes, the composition of the crystals is the same as the composition of the urine.",1.6227078912837747,15.72821261077879,eng_Latn, The composition of these crystals matches those found in the urine of affected pets when compared by infrared spectroscopy (FTIR).,9.375346839597233,33.535468438626175,5.21875,11.1875
"Translate the following sentence from English to French:
Q: I don't know if you realize it or not, but most of the goods from Central America came into this country duty-free.
A:","I don't know if you realize it or not, but most of the goods from Central America came into this country duty-free.","Je ne sais pas si vous vous en rendez compte, mais la plupart des marchandises en provenance d'Amérique centrale sont entrées dans notre pays exonérées de taxes.",The French government has a duty on the goods imported into the country from Central America.,0.6326557691295297,11.958739852134368,eng_Latn," I don't know if you realize it or not, but most of the goods from Central America came into this country duty-free.",6.680755269609318,36.37694751555778,18.5,20.125
"Translate the following sentence from English to French:
Q: Yet eighty percent of our goods were taxed through tariffs in Central American countries. we treat you.
A:",Yet eighty percent of our goods were taxed through tariffs in Central American countries. we treat you.,"Pourtant, 80 % de nos marchandises étaient taxées par des droits de douane dans les pays d’Amérique centrale. Nous vous soignons.",The tariff is a tax on imports from Central America.,0.5028976580364013,9.00335309953338,eng_Latn, Yet eighty percent of our goods were taxed through tariffs in Central American countries. we treat you.,1.8145107390449609,20.568894152059265,16.375,21.625
"Translate the following sentence from English to French:
Q: That didn't seem to make sense to me; it certainly wasn't fair.
A:",That didn't seem to make sense to me; it certainly wasn't fair.,Cela ne me semblait pas logique ; ce n'était certainement pas juste.,"I'm not sure if I'm right or not, but I'm sure it's true.",1.9582248325011242,8.292984725088322,eng_Latn, That didn't seem to make sense to me; it certainly wasn't fair.,2.328734903585348,8.805746585737525,24.75,24.75
"Translate the following sentence from English to French:
Q: All I say to people is you treat us the way we treat you.
A:",All I say to people is you treat us the way we treat you.,"Tout ce que je dis aux gens, c’est que vous nous traitez comme nous vous traitons.","I am a French person, I am a person who is not afraid to speak my mind. I am a person who is not afraid to say no.",1.4262733286728255,11.134393682516734,eng_Latn, All I say to people is you treat us the way we treat you.,1.7934437633383677,12.982436378733828,7.0625,9.5625
"Translate the following sentence from English to French:
Q: California Governor Arnold Schwarzenegger signed into law a bill that bans the sale or rental of violent video games to minors.
A:",California Governor Arnold Schwarzenegger signed into law a bill that bans the sale or rental of violent video games to minors.,"Le gouverneur de Californie, Arnold Schwarzenegger, a promulgué une loi qui interdit la vente ou la location de jeux vidéo violents aux mineurs.","The law was signed by the Governor of California, which is a state that has a history of violent crime.",1.179049953454677,15.741177782006103,eng_Latn, California Governor Arnold Schwarzenegger signed into law a bill that bans the sale or rental of violent video games to minors.,4.825822875614072,30.986039273424026,15.125,16.375
"Translate the following sentence from English to French:
Q: The bill requires violent video games sold in the state of California to be labeled with a decal reading ""18"" and makes their sale to a minor punishable by a fine of $1000 per offense.
A:","The bill requires violent video games sold in the state of California to be labeled with a decal reading ""18"" and makes their sale to a minor punishable by a fine of $1000 per offense.",Le projet de loi exige que les jeux vidéo violents vendus dans l'État de Californie soient étiquetés avec un autocollant portant la mention « 18 » et rend leur vente à un mineur passible d'une amende de 1000 dollars par infraction.,"The law is in effect in California, but the decal is not.",0.1145063724814248,6.951935321825937,eng_Latn," The bill requires violent video games sold in the state of California to be labeled with a decal reading ""18"" and makes their sale to a minor punishable by a fine of $1000 per offense.",1.0399921031577195,12.917573494981443,21.5,24.0
"Translate the following sentence from English to French:
Q: The Director of Public Prosecutions, Kier Starmer QC, gave a statement this morning announcing the prosecution of both Huhne and Pryce.
A:","The Director of Public Prosecutions, Kier Starmer QC, gave a statement this morning announcing the prosecution of both Huhne and Pryce.","Le directeur des poursuites publiques, Kier Starmer QC, a fait une déclaration ce matin annonçant la poursuite de Huhne et Pryce.",The statement was made by the prosecutor in the presence of the accused.,0.8922985949700029,9.664102730248446,eng_Latn," The Director of Public Prosecutions, Kier Starmer QC, gave a statement this morning announcing the prosecution of both Huhne and Pryce.",2.214490309902151,20.523447845718433,15.8125,18.5
"Translate the following sentence from English to French:
Q: Huhne has resigned and he will be replaced in the Cabinet by Ed Davey MP. Norman Lamb MP is expected to take the Business Minister job Davey is vacating.
A:",Huhne has resigned and he will be replaced in the Cabinet by Ed Davey MP. Norman Lamb MP is expected to take the Business Minister job Davey is vacating.,Huhne a démissionné et il sera remplacé au sein du cabinet par le député Ed Davey. Le député Norman Lamb devrait prendre le poste de ministre des Affaires auquel Davey se désiste.,,0.0,0.0,eng_Latn, Huhne has resigned and he will be replaced in the Cabinet by Ed Davey MP. Norman Lamb MP is expected to take the Business Minister job Davey is vacating.,0.0,0.0,22.125,21.75
"Translate the following sentence from English to French:
Q: Huhne and Pryce are scheduled to appear at the Westminster Magistrates Court on February 16.
A:",Huhne and Pryce are scheduled to appear at the Westminster Magistrates Court on February 16.,Huhne et Pryce doivent comparaître devant la Magistrates Court de Westminster le 16 février.,The jury will be seated in the courtroom for the first time on February 17.,0.0,11.829025257572,eng_Latn, Huhne and Pryce are scheduled to appear at the Westminster Magistrates Court on February 16.,4.242975895697108,22.572414129933954,17.0,19.375
"Translate the following sentence from English to French:
Q: The fatalities were Nicholas Alden, 25, and Zachary Cuddeback, 21. Cuddeback had been the driver.
A:","The fatalities were Nicholas Alden, 25, and Zachary Cuddeback, 21. Cuddeback had been the driver.","Les victimes sont Nicholas Alden, 25 ans, et Zachary Cuddeback, 21 ans. Cuddeback était le conducteur.",Nicholas was killed in a car accident in 2009. Zachary was killed in a car accident in 2018.,2.647177246875236,18.738933373123352,eng_Latn," The fatalities were Nicholas Alden, 25, and Zachary Cuddeback, 21. Cuddeback had been the driver.",3.0999581743779325,19.49474230139316,20.25,25.0
"Translate the following sentence from English to French:
Q: Edgar Veguilla received arm and jaw wounds while Kristoffer Schneider was left requiring reconstructive surgery for his face.
A:",Edgar Veguilla received arm and jaw wounds while Kristoffer Schneider was left requiring reconstructive surgery for his face.,Edgar Veguilla a été blessé au bras et à la mâchoire tandis que Kristoffer Schneider a dû subir une chirurgie reconstructive pour son visage.,"The sentence is correct, but the question is:",0.0,6.271933450047118,eng_Latn, Edgar Veguilla received arm and jaw wounds while Kristoffer Schneider was left requiring reconstructive surgery for his face.,0.0,6.812091692475997,25.0,25.0
"Translate the following sentence from English to French:
Q: Uka's weapon failed whilst pointed at a fifth man's head. Schneider has ongoing pain, blindness in one eye, a missing section of skull and a face rebuilt from titanium.
A:","Uka's weapon failed whilst pointed at a fifth man's head. Schneider has ongoing pain, blindness in one eye, a missing section of skull and a face rebuilt from titanium.","L'arme d'Uka s'est enrayée alors qu'elle était pointée sur la tête d'un cinquième homme. Schneider souffre d'une douleur lancinante, ne voit plus d'un œil, a perdu une partie de son crâne, et son visage a été reconstruit à partir de titane.","The French word for ""head"" is ""head"" and the word for ""weapon"" is ""weapon"".",0.0,4.6671932462136745,eng_Latn," Uka's weapon failed whilst pointed at a fifth man's head. Schneider has ongoing pain, blindness in one eye, a missing section of skull and a face rebuilt from titanium.",0.6034077234079034,8.719541118249474,24.375,24.75
"Translate the following sentence from English to French:
Q: Schneider testified via videolink from a USAF base in his homeland.
A:",Schneider testified via videolink from a USAF base in his homeland.,Schneider a témoigné par liaison vidéo depuis une base de l’USAF dans son pays.,"The French word for the word ""videotape"" is ""videocamera"" and it is used to describe a device that can be used to record the testimony of a witness.",1.1524538390587937,14.437337004693454,eng_Latn, Schneider testified via videolink from a USAF base in his homeland.,1.2753998269755913,16.96735156718356,25.0,24.875
"Translate the following sentence from English to French:
Q: Beyond Wednesday's event, Carpanedo competed in two individual races at the Championships.
A:","Beyond Wednesday's event, Carpanedo competed in two individual races at the Championships.","À part l'événement de mercredi, Carpanedo a participé à deux courses individuelles lors des Championnats.","Car-ing is a sport that is played in the same way as football, but with a different set of rules. Car-ing is a sport that is not played in the same way as football.",1.2663302792223932,14.89219213097466,eng_Latn," Beyond Wednesday's event, Carpanedo competed in two individual races at the Championships.",1.3389812472744242,17.41779328526728,23.5,25.0
"Translate the following sentence from English to French:
Q: Her first was the Slalom, where she earned a Did Not Finish in her first run. 36 of the 116 competitors had the same result in that race.
A:","Her first was the Slalom, where she earned a Did Not Finish in her first run. 36 of the 116 competitors had the same result in that race.","Elle a d'abord participé au slalom, où elle a obtenu un « did not finish » (DNF) lors de sa première course. 36 des 116 concurrents ont obtenu le même résultat dans cette course.","The first race of the season was a great success for her, but she was not the only one to win the Slit.",0.7810270002149905,10.420330228861072,eng_Latn," Her first was the Slalom, where she earned a Did Not Finish in her first run. 36 of the 116 competitors had the same result in that race.",3.593500904766244,23.509332471776354,19.5,22.75
"Translate the following sentence from English to French:
Q: Her other race, the Giant Slalom, saw her finish in tenth in the women's sitting group with a combined run time of 4:41.30, 2:11.60 minutes slower than first place finisher Austrian Claudia Loesch and 1:09.02 minutes slower than the ninth place finisher Gyöngyi Dani of Hungary.
A:","Her other race, the Giant Slalom, saw her finish in tenth in the women's sitting group with a combined run time of 4:41.30, 2:11.60 minutes slower than first place finisher Austrian Claudia Loesch and 1:09.02 minutes slower than the ninth place finisher Gyöngyi Dani of Hungary.","Son autre course, le slalom géant, lui a permis de terminer à la dixième place du groupe des femmes assises avec un temps combiné de 4:41.30, soit 2:11.60 minutes de moins que l'Autrichienne Claudia Loesch, arrivée première, et 1:09.02 minutes de moins que la Hongroise Gyöngyi Dani, arrivée neuvième.","The Giant is a race that is not only a challenge to the human body, but also to the human spirit. It is a race that is not only a challenge to the race, but also to the spectators.",0.5316806021692979,9.18768923718536,eng_Latn," Her other race, the Giant Slalom, saw her finish in tenth in the women's sitting group with a combined run time of 4:41.30, 2:11.60 minutes slower than first place finisher Austrian Claudia Loesch and 1:09.02 minutes slower than the ninth place finisher Gyöngyi Dani of Hungary.",1.641468386918138,15.27648381219246,22.5,24.125
"Translate the following sentence from English to French:
Q: Four skiers in the women's sitting group failed to finish their runs, and 45 of the 117 total skiers in the Giant Slalom failed to rank in the race.
A:","Four skiers in the women's sitting group failed to finish their runs, and 45 of the 117 total skiers in the Giant Slalom failed to rank in the race.","Dans la catégorie des femmes en ski assis, quatre skieuses ne sont pas parvenues à terminer leur parcours ; en ce qui concerne le slalom géant, 45 skieuses sur un total de 117 dans cette course n'ont pas réussi à se classer.","The French word for ""run"" is ""run"" and the word for ""slalom"" is ""slalom"".",0.7518733755876756,6.103679139226623,eng_Latn," Four skiers in the women's sitting group failed to finish their runs, and 45 of the 117 total skiers in the Giant Slalom failed to rank in the race.",2.289882977762112,10.989927571119622,23.375,23.25
"Translate the following sentence from English to French:
Q: The Madhya Pradesh Police recovered the stolen laptop and mobile phone.
A:",The Madhya Pradesh Police recovered the stolen laptop and mobile phone.,La police du Madhya Pradesh a retrouvé l'ordinateur portable et le téléphone mobile volés.,The police have been investigating the theft of laptops and mobile phones for years.,2.063004465487746,19.548510390578286,eng_Latn, The Madhya Pradesh Police recovered the stolen laptop and mobile phone.,4.814971807094068,35.56245910672373,13.75,17.75
"Translate the following sentence from English to French:
Q: Deputy Inspector General D K Arya said, ""We have arrested five persons who raped the Swiss woman and recovered her mobile and laptop"".
A:","Deputy Inspector General D K Arya said, ""We have arrested five persons who raped the Swiss woman and recovered her mobile and laptop"".","L'inspecteur général adjoint D.K. Arya a déclaré : « Nous avons arrêté cinq personnes pour avoir violé la ressortissante suisse, et nous avons récupéré son téléphone et son ordinateur portables. »","""The Swiss government has a duty to protect its citizens from the use of force by the police. The Swiss government has a duty to protect the Swiss people from the use of their own resources. The Swiss police have a duty to protect the Swiss people from the use of their own resources"".",0.8237054296530683,13.624402733542643,eng_Latn," Deputy Inspector General D K Arya said, ""We have arrested five persons who raped the Swiss woman and recovered her mobile and laptop"".",1.5740068313232503,18.701521869134105,22.375,22.5
"Translate the following sentence from English to French:
Q: The accused are named as Baba Kanjar, Bhutha Kanjar, Rampro Kanjar, Gaza Kanjar and Vishnu Kanjar.
A:","The accused are named as Baba Kanjar, Bhutha Kanjar, Rampro Kanjar, Gaza Kanjar and Vishnu Kanjar.","Les accusés s'appellent Baba Kanjar, Bhutha Kanjar, Rampro Kanjar, Gaza Kanjar et Vishnu Kanjar.",The accused are all in the same sentence.,0.42069762863331295,9.226025804465127,eng_Latn," The accused are named as Baba Kanjar, Bhutha Kanjar, Rampro Kanjar, Gaza Kanjar and Vishnu Kanjar.",3.401373059525818,18.491133037402513,16.625,17.625
"Translate the following sentence from English to French:
Q: Police superintendent Chandra Shekhar Solanki said the accused appeared in court with covered faces.
A:",Police superintendent Chandra Shekhar Solanki said the accused appeared in court with covered faces.,"Chandra Shekhar Solanki, commissaire de police, a déclaré que les personnes accusées avaient le visage dissimulé lorsqu'elles ont comparu devant le tribunal.",The police officer who is the accused’s lawyer is the judge.,0.720960202494621,9.611513836579809,eng_Latn, Police superintendent Chandra Shekhar Solanki said the accused appeared in court with covered faces.,6.166735209712922,17.24611431519315,19.625,20.75
"Translate the following sentence from English to French:
Q: Although three people were inside the house when the car impacted it, none of them were hurt.
A:","Although three people were inside the house when the car impacted it, none of them were hurt.","Bien que trois personnes aient été présentes dans la maison quand la voiture l'a percutée, aucune n'a été blessée.","The car was hit by a car in the middle of the night, and the driver was injured.",1.406913671238289,9.493636555307825,eng_Latn," Although three people were inside the house when the car impacted it, none of them were hurt.",2.8423265381137037,21.857351511931668,20.25,24.0
"Translate the following sentence from English to French:
Q: However, the driver sustained serious injuries to the head.
A:","However, the driver sustained serious injuries to the head.","Cependant, le conducteur a été grièvement blessé à la tête.","However, the French police have been able to identify the driver of the car that was hit by the accident.",2.0540268312306345,12.772162109093443,eng_Latn," However, the driver sustained serious injuries to the head.",8.794090522118719,35.953963980284826,15.875,22.25
"Translate the following sentence from English to French:
Q: The road where the crash happened was temporarily closed while emergency services freed the driver from the red Audi TT.
A:",The road where the crash happened was temporarily closed while emergency services freed the driver from the red Audi TT.,La voie où l'accident a eu lieu a été temporairement barrée pour permettre aux services de secours d'extraire le conducteur de l'Audi TT rouge.,The French word for the phrase “emergency” is “emergency” and the word “crash” is “crash”.,0.93206319147313,8.426911225453027,eng_Latn, The road where the crash happened was temporarily closed while emergency services freed the driver from the red Audi TT.,1.6404472625060698,18.691925668851983,19.0,20.5
"Translate the following sentence from English to French:
Q: He was initially hospitalised in the James Paget Hospital in Great Yarmouth.
A:",He was initially hospitalised in the James Paget Hospital in Great Yarmouth.,Il a d'abord été hospitalisé à l'hôpital James Paget de Great Yarmouth.,"He was then transferred to the hospital of the same name in the town of Sarnia, Ontario, Canada.",1.6466642419110007,15.80177055678729,eng_Latn, He was initially hospitalised in the James Paget Hospital in Great Yarmouth.,4.924674734444361,25.885934563170167,16.375,19.875
"Translate the following sentence from English to French:
Q: He was subsequently relocated to Addenbrooke's Hospital in Cambridge.
A:",He was subsequently relocated to Addenbrooke's Hospital in Cambridge.,Il a ensuite été transféré au centre hospitalier Addenbrooke's Hospital de Cambridge.,"The sentence is correct, but the question is:",0.0,7.133644777703389,eng_Latn, He was subsequently relocated to Addenbrooke's Hospital in Cambridge.,0.0,9.603107258320529,25.0,25.0
"Translate the following sentence from English to French:
Q: Adekoya has since been in Edinburgh Sheriff Court charged with murdering her son.
A:",Adekoya has since been in Edinburgh Sheriff Court charged with murdering her son.,Adekoya a depuis été inculpée pour le meurtre de son fils par le tribunal Sheriff Court d'Édimbourg.,"The sentence is a bit harsh, but Ade is a very good person. She has been in prison for 10 years.",1.5263352933837964,12.452216270085486,eng_Latn, Adekoya has since been in Edinburgh Sheriff Court charged with murdering her son.,3.5823421191287177,22.97544925190184,25.0,25.0
"Translate the following sentence from English to French:
Q: She is in custody pending indictment and trial, but any eyewitness evidence may be tainted because her image has been widely published.
A:","She is in custody pending indictment and trial, but any eyewitness evidence may be tainted because her image has been widely published.","Elle se trouve en garde en vue en attendant sa mise en examen et son procès, mais les témoignages oculaires pourraient être compromis car son portrait a été très diffusé.",The jury will be able to decide the case on the basis of the testimony of the eyewitnesses.,0.8346378606095306,8.674804600986272,eng_Latn," She is in custody pending indictment and trial, but any eyewitness evidence may be tainted because her image has been widely published.",2.6075312705251754,16.818481379993123,20.125,21.625
"Translate the following sentence from English to French:
Q: This is common practice elsewhere in the UK but Scottish justice works differently and courts have viewed publication of photos as potentially prejudicial.
A:",This is common practice elsewhere in the UK but Scottish justice works differently and courts have viewed publication of photos as potentially prejudicial.,"Il s'agit d'une pratique courante ailleurs au Royaume-Uni, mais la justice écossaise fonctionne différemment et les tribunaux ont considéré que la publication de photos était potentiellement préjudiciable.",The answer is:,0.0,1.2049206131388055,eng_Latn, This is common practice elsewhere in the UK but Scottish justice works differently and courts have viewed publication of photos as potentially prejudicial.,0.01870313649017528,2.589351711632346,25.0,25.0
"Translate the following sentence from English to French:
Q: Professor Pamela Ferguson of the University of Dundee notes ""journalists do seem to be walking a dangerous line if publishing photos etc of suspects.""
A:","Professor Pamela Ferguson of the University of Dundee notes ""journalists do seem to be walking a dangerous line if publishing photos etc of suspects.""","La professeur Pamela Ferguson, de l’université de Dundee, note que « les journalistes semblent suivre une ligne dangereuse s’ils publient des photos, etc. de suspects ».","""Journalists"" is a word that is used to describe the police and the suspects they are investigating.",1.2287752870130721,15.212064670697329,eng_Latn," Professor Pamela Ferguson of the University of Dundee notes ""journalists do seem to be walking a dangerous line if publishing photos etc of suspects.""",3.7777383592198097,19.308362029468558,22.25,23.875
"Translate the following sentence from English to French:
Q: Crown Office, which is in overall charge of prosecutions, has indicated to journalists that no further comment will be made at least until indictment.
A:","Crown Office, which is in overall charge of prosecutions, has indicated to journalists that no further comment will be made at least until indictment.","Le bureau du Procureur de la Couronne, qui est en charge de l’ensemble des poursuites, a précisé aux journalistes qu’aucun autre commentaire ne sera fait au moins jusqu’à la mise en accusation.",The Crown Prosecution Service (CPS) has been in charge of the investigation since 1999.,0.35645549310216995,9.859689429687627,eng_Latn," Crown Office, which is in overall charge of prosecutions, has indicated to journalists that no further comment will be made at least until indictment.",2.4367714150783466,20.398622124447293,21.125,22.75
"Translate the following sentence from English to French:
Q: The document, according to the leak, will refer to the borders dispute, which Palestine wants based on the borders before the 1967 Mideast War.
A:","The document, according to the leak, will refer to the borders dispute, which Palestine wants based on the borders before the 1967 Mideast War.","D'après la fuite, le document portera sur le différend à la frontière que la Palestine revendique sur la base des frontières existantes avant la guerre du Moyen-Orient de 1967.",The document is a statement of the Palestinian leadership’s position on the issue of the borders.,0.6074077044292465,15.384289726789957,eng_Latn," The document, according to the leak, will refer to the borders dispute, which Palestine wants based on the borders before the 1967 Mideast War.",5.697053687819603,28.741138243621737,7.375,13.875
"Translate the following sentence from English to French:
Q: Other topics covered reportedly include the future state of Jerusalem which is sacred to both nations and the Jordan Valley issue.
A:",Other topics covered reportedly include the future state of Jerusalem which is sacred to both nations and the Jordan Valley issue.,"Parmi les autres sujets abordés figurent le futur État de Jérusalem, qui est sacré pour les deux nations, et la question de la vallée du Jourdain.",The answer to this question is that the future of Israel and the future of Jordan are not the same thing.,1.0387146055415566,15.976601258514652,eng_Latn, Other topics covered reportedly include the future state of Jerusalem which is sacred to both nations and the Jordan Valley issue.,5.220562045906623,27.784920441274004,21.75,24.125
"Translate the following sentence from English to French:
Q: Israel demands an ongoing military presence in the valley for ten years once an agreement is signed while the PA agrees to leave such presence only for five years.
A:",Israel demands an ongoing military presence in the valley for ten years once an agreement is signed while the PA agrees to leave such presence only for five years.,"Israël exige une présence militaire permanente dans la vallée pour une durée de dix années à compter de la signature d'un accord, tandis que l'Autorité palestinienne ne consent qu'à une durée de cinq ans.","The French government has a different view of the situation. It is not a case of the French government wanting to leave the valley, but rather of the PA wanting to build a fence around the valley.",0.9045109023225004,13.004146244509704,eng_Latn, Israel demands an ongoing military presence in the valley for ten years once an agreement is signed while the PA agrees to leave such presence only for five years.,4.863083928997273,25.5641052637286,20.625,24.75
"Translate the following sentence from English to French:
Q: Shooters in the supplementary pest control trial were to be closely supervised by rangers, as the trial was monitored and its effectiveness evaluated.
A:","Shooters in the supplementary pest control trial were to be closely supervised by rangers, as the trial was monitored and its effectiveness evaluated.","Les tireurs de l’essai supplémentaire de lutte contre les parasites devaient être étroitement surveillés par des rangers, car l’essai était contrôlé et son efficacité évaluée.",The sentence is correct.,0.004376860814602422,3.5642835434990783,eng_Latn," Shooters in the supplementary pest control trial were to be closely supervised by rangers, as the trial was monitored and its effectiveness evaluated.",0.02647846492914794,4.838867982593482,24.625,23.125
"Translate the following sentence from English to French:
Q: In a partnership of NPWS and the Sporting Shooters Association of Australia (NSW) Inc, qualified volunteers were recruited, under the Sporting Shooters Association's hunting program.
A:","In a partnership of NPWS and the Sporting Shooters Association of Australia (NSW) Inc, qualified volunteers were recruited, under the Sporting Shooters Association's hunting program.","Dans le cadre d’un partenariat entre NPWS et le Sporting Shooters Association of Australia (NSW) inc., des bénévoles qualifiés ont été recrutés, dans le cadre du programme de chasse de la Sporting Shooters Association.",The partnership was formed in 1999 and has been running for 10 years.,0.15980651618661243,6.355071932015828,eng_Latn," In a partnership of NPWS and the Sporting Shooters Association of Australia (NSW) Inc, qualified volunteers were recruited, under the Sporting Shooters Association's hunting program.",0.740306620203885,10.880484476945282,16.0,23.375
"Translate the following sentence from English to French:
Q: According to Mick O'Flynn, the Acting Director Park Conservation and Heritage with the NPWS, the four shooters selected for the first shooting operation received comprehensive safety and training instruction.
A:","According to Mick O'Flynn, the Acting Director Park Conservation and Heritage with the NPWS, the four shooters selected for the first shooting operation received comprehensive safety and training instruction.","Selon Mick O'Flynn, responsable par intérim de la conservation du parc et du patrimoine au NPWS, les quatre tireurs désignés pour la première campagne d'abattage ont été dûment entraînés et formés aux consignes de sécurité.","The shooting of the first shot was a success, but the next one will be a success.",0.2932645581717844,6.149926930089909,eng_Latn," According to Mick O'Flynn, the Acting Director Park Conservation and Heritage with the NPWS, the four shooters selected for the first shooting operation received comprehensive safety and training instruction.",1.5067252276027927,14.775606778264228,22.875,23.625
"Translate the following sentence from English to French:
Q: Martelly swore in a new Provisional Electoral Council (CEP) of nine members yesterday.
A:",Martelly swore in a new Provisional Electoral Council (CEP) of nine members yesterday.,Martelly a intronisé hier un nouveau Conseil électoral provisoire (CEP) composé de neuf membres.,"Marti, the president of the United States, is the first person to be sworn in as president of the United States.",1.447130794992574,12.573380391109144,eng_Latn, Martelly swore in a new Provisional Electoral Council (CEP) of nine members yesterday.,2.1300733682208985,15.068853765123425,20.875,23.625
"Translate the following sentence from English to French:
Q: It is Martelly's fifth CEP in four years.
A:",It is Martelly's fifth CEP in four years.,C’est le cinquième PEC de Martelly en quatre ans.,Mart,3.0590232050182594e-05,6.157695298671352,eng_Latn, It is Martelly's fifth CEP in four years.,0.00022603294069810552,7.441780493530799,25.0,25.0
"Translate the following sentence from English to French:
Q: Last month a presidential commission recommended the prior CEP's resignation as part of a package of measures to move the country towards new elections.
A:",Last month a presidential commission recommended the prior CEP's resignation as part of a package of measures to move the country towards new elections.,"Le mois dernier, une commission présidentielle a recommandé la dissolution du précédent CEP dans le cadre d’un ensemble de mesures visant à engager le pays sur la voie de nouvelles élections.",The French government has been in charge of the CEP since 1999.,0.6146638135682791,6.086261130775747,eng_Latn, Last month a presidential commission recommended the prior CEP's resignation as part of a package of measures to move the country towards new elections.,1.7036292629582575,9.853337235246965,24.5,24.625
"Translate the following sentence from English to French:
Q: The commission was Martelly's response to widespread anti-regime protests that started in October.
A:",The commission was Martelly's response to widespread anti-regime protests that started in October.,Cette commission a été la réponse de Martelly aux vastes protestations contre le régime qui ont commencé en octobre.,"Martus, the president of the Republic of Congo, was the first to call for a ceasefire in 1998.",1.9582248325011242,12.754731255730242,eng_Latn, The commission was Martelly's response to widespread anti-regime protests that started in October.,2.229655076776188,17.395139341944425,25.0,25.0
"Translate the following sentence from English to French:
Q: The sometimes-violent protests were triggered by failure to hold elections, some due since 2011.
A:","The sometimes-violent protests were triggered by failure to hold elections, some due since 2011.","Ces protestations parfois violentes ont été déclenchées par l’absence d’élections, dont certaines devaient avoir lieu en 2011.","The French government has been in power for 100 years, and the French people have been in a state of crisis for 10 years.",1.191855838589709,13.61849115391903,eng_Latn," The sometimes-violent protests were triggered by failure to hold elections, some due since 2011.",1.7179060012299232,14.512012890308226,20.875,24.5
"Translate the following sentence from English to French:
Q: Around 60 cases of malfunctioning iPods overheating have been reported, causing a total of six fires and leaving four people with minor burns.
A:","Around 60 cases of malfunctioning iPods overheating have been reported, causing a total of six fires and leaving four people with minor burns.","Environ 60 cas de surchauffe d’iPods défectueux ont été signalés, provoquant au total six incendies et laissant quatre personnes avec des brûlures mineures.",The company responsible for the iPods is the manufacturer of the device.,0.5522038499237458,9.807736029272176,eng_Latn," Around 60 cases of malfunctioning iPods overheating have been reported, causing a total of six fires and leaving four people with minor burns.",1.7611655597012894,12.454434676275731,22.375,21.625
"Translate the following sentence from English to French:
Q: Japan's Ministry of Economy, Trade and Industry (METI) said that it had been aware of 27 accidents related to the devices.
A:","Japan's Ministry of Economy, Trade and Industry (METI) said that it had been aware of 27 accidents related to the devices.","Le ministère japonais de l'économie, du commerce et de l'industrie (METI) a déclaré qu'il avait eu connaissance de 27 accidents liés à ces appareils.","The word ""accident"" is used in the sentence to mean ""device"" or ""device"" in the context of the accident.",0.850694568002925,12.638114328434757,eng_Latn," Japan's Ministry of Economy, Trade and Industry (METI) said that it had been aware of 27 accidents related to the devices.",1.758008810234855,18.46583081406166,22.5,20.5
"Translate the following sentence from English to French:
Q: Last week, METI announced that Apple had informed it of 34 additional overheating incidents, which the company called ""non-serious.""
A:","Last week, METI announced that Apple had informed it of 34 additional overheating incidents, which the company called ""non-serious.""","La semaine dernière, le METI a annoncé qu’Apple l’avait informé de 34 incidents de surchauffe supplémentaires, que la société a qualifiés de « non graves ».",The company has been in business for 100 years and has been in the news for a long time.,0.6857769304691761,9.577078605076084,eng_Latn," Last week, METI announced that Apple had informed it of 34 additional overheating incidents, which the company called ""non-serious.""",1.382873248277475,14.967365514322575,25.0,25.0
"Translate the following sentence from English to French:
Q: The ministry responded by calling Apple's postponement of the report ""truly regrettable.""
A:","The ministry responded by calling Apple's postponement of the report ""truly regrettable.""",Le ministère a réagi en qualifiant de « vraiment regrettable » l'ajournement du rapport par Apple.,"The French government is now calling the report ""unfortunate"" and ""truly"" for the same reason.",1.3838071797903653,13.232761632876814,eng_Latn," The ministry responded by calling Apple's postponement of the report ""truly regrettable.""",11.408424519986967,29.557139056412353,17.75,17.625
"Translate the following sentence from English to French:
Q: The eathquake struck Mariana at 07:19 a.m. local time (09:19 p.m. GMT Friday).
A:",The eathquake struck Mariana at 07:19 a.m. local time (09:19 p.m. GMT Friday).,Le tremblement de terre a frappé les Mariannes à 7 h 19 heure locale (21 h 19 GMT vendredi).,"Mariana is a small island in the Pacific Ocean, 1,000 miles from the equator. It is a volcanic island, and the ground is covered with a layer of ash.",1.184949136625139,13.45710473524126,eng_Latn, The eathquake struck Mariana at 07:19 a.m. local time (09:19 p.m. GMT Friday).,2.5058623314122577,14.988917244568508,22.75,25.0
"Translate the following sentence from English to French:
Q: The Northern Marianas emergency management office said that there were no damages reported in the nation.
A:",The Northern Marianas emergency management office said that there were no damages reported in the nation.,Le Bureau de gestion des urgences des îles Mariannes du Nord a déclaré qu'aucun dégât n'avait été signalé dans ce pays.,The French Embassy in the US said that the same thing happened to the island of La Réunion.,0.9140698783019278,9.119236692271182,eng_Latn, The Northern Marianas emergency management office said that there were no damages reported in the nation.,5.406502668979586,25.625997735011865,25.0,24.75
"Translate the following sentence from English to French:
Q: Also the Pacific Tsunami Warning Center said that there was no Tsunami indication.
A:",Also the Pacific Tsunami Warning Center said that there was no Tsunami indication.,"De plus, le Centre d'alerte des tsunamis dans le Pacifique a déclaré qu'il n'y avait aucun signe de tsunami.",The Pacific earthquake and magnitude 7.1 earthquake that hit the U.S. on 1999-01-10 was the largest earthquake in the world. It was the second largest earthquake in the Pacific Ocean. The Pacific earthquake was also the largest earthquake in the world.,0.5749785925016119,13.228984896948475,eng_Latn, Also the Pacific Tsunami Warning Center said that there was no Tsunami indication.,1.4459946071271377,22.009816256400978,25.0,25.0
"Translate the following sentence from English to French:
Q: A former Filipino policeman has kept Hong Kong tourists hostage by hijacking their bus in Manila, the capital of the Philippines.
A:","A former Filipino policeman has kept Hong Kong tourists hostage by hijacking their bus in Manila, the capital of the Philippines.","Un ancien policier philippin a pris en otage des touristes de Hong Kong en détournant leur bus à Manille, la capitale des Philippines.",The police officer who kidnapped the tourists was arrested and charged with a crime.,1.1700545959715083,13.962929365704849,eng_Latn," A former Filipino policeman has kept Hong Kong tourists hostage by hijacking their bus in Manila, the capital of the Philippines.",3.094986967889915,16.574650789962718,12.75,18.75
"Translate the following sentence from English to French:
Q: Rolando Mendoza fired his M16 rifle at the tourists.
A:",Rolando Mendoza fired his M16 rifle at the tourists.,Rolando Mendoza tira avec son fusil M16 sur les touristes.,Rol,3.0590232050182594e-05,3.8405033672721736,pol_Latn, Rolando Mendoza skierował ogień z karabinu M16 w stronę turystów.,2.789468092868926e-08,3.3588181607823313,25.0,25.0
"Translate the following sentence from English to French:
Q: Several hostages have been rescued and least six have been confirmed dead so far.
A:",Several hostages have been rescued and least six have been confirmed dead so far.,"Plusieurs otages ont été sauvés, et la mort d’au moins six d’entre eux a été confirmée jusqu’à présent.",The French government has been in charge of the rescue and repatriation of hostages since 1997.,1.1830686627157205,11.466230494942598,eng_Latn, Several hostages have been rescued and least six have been confirmed dead so far.,8.039313477786735,24.365962541240915,25.0,25.0
"Translate the following sentence from English to French:
Q: Six hostages, including the children and elderly, were released early, as were the Filipino photographers.
A:","Six hostages, including the children and elderly, were released early, as were the Filipino photographers.","Six otages, dont des enfants et des personnes âgées, ont été libérés prématurément, tout comme les photographes philippins.",The French government has a policy of not releasing hostages until the hostages are in the hands of the French authorities.,1.3215406607928946,14.02798223399049,eng_Latn," Six hostages, including the children and elderly, were released early, as were the Filipino photographers.",6.143498010483918,21.86564333302392,23.75,23.875
"Translate the following sentence from English to French:
Q: The photographers later took the place of an aged lady as she needed the lavatory. Mendoza was gunned down.
A:",The photographers later took the place of an aged lady as she needed the lavatory. Mendoza was gunned down.,Les photographes ont ensuite pris la place d'une dame âgée qui avait besoin d'aller aux toilettes. Mendoza a été abattue.,The French word for the word “lavish” is “lavish” and the word “lady” is a noun.,1.376612309173904,8.077417472188786,eng_Latn, The photographers later took the place of an aged lady as she needed the lavatory. Mendoza was gunned down.,1.8884748972625875,14.576927560636314,25.0,25.0
"Translate the following sentence from English to French:
Q: Liggins followed in his father’s footsteps and entered a career in medicine.
A:",Liggins followed in his father’s footsteps and entered a career in medicine.,Liggins a suivi les traces de son père et s'est lancé dans une carrière de médecin.,L.A. is a French word that means “the place where the doctor lives”.,1.9597112120971663,11.84691010028368,eng_Latn, Liggins followed in his father’s footsteps and entered a career in medicine.,2.276859592073037,14.018462068048333,22.25,23.875
"Translate the following sentence from English to French:
Q: He trained as an obstetrician and began to work at the Auckland's National Women's Hospital in 1959.
A:",He trained as an obstetrician and began to work at the Auckland's National Women's Hospital in 1959.,"Il a suivi une formation d'obstétricien, et a commencé à travailler au National Women's Hospital d'Auckland en 1959.","He was a nurse and a doctor, but he was also a man of action.",1.3209427368910835,10.862547514958552,eng_Latn, He trained as an obstetrician and began to work at the Auckland's National Women's Hospital in 1959.,1.6017504241305096,13.504497490069308,20.25,24.375
"Translate the following sentence from English to French:
Q: While he was working at the hospital Liggins began to investigate premature labor during his spare time.
A:",While he was working at the hospital Liggins began to investigate premature labor during his spare time.,"Lorsqu'il travaillait à l'hôpital, Liggins a commencé à enquêter sur les accouchements prématurés pendant son temps libre.",L.A.,0.006880499400158894,1.4634146341463412,eng_Latn, While he was working at the hospital Liggins began to investigate premature labor during his spare time.,0.22785084733777314,1.5995872033023737,25.0,25.0
"Translate the following sentence from English to French:
Q: His research showed that if a hormone was administered it would speed up the baby's foetal lung maturation.
A:",His research showed that if a hormone was administered it would speed up the baby's foetal lung maturation.,"Ses recherches ont démontré que si une hormone était administrée, elle accélérerait la maturation pulmonaire du bébé.",The hormone is a hormone that is produced by the mother and is used to stimulate the baby's development.,1.5756171878170464,16.229199620946527,eng_Latn, His research showed that if a hormone was administered it would speed up the baby's foetal lung maturation.,12.076200198832085,27.87180273186309,11.8125,16.625
"Translate the following sentence from English to French:
Q: Xinhua reported that government investigators recovered two 'black box' flight recorders on Wednesday.
A:",Xinhua reported that government investigators recovered two 'black box' flight recorders on Wednesday.,L'agence Xinhua a rapporté que les enquêteurs du gouvernement ont récupéré deux enregistreurs de vol (ou « boîtes noires ») mercredi.,The recorders were found in the cockpit of a plane that was flying in the same direction as the original report.,0.9074376950087819,12.589824364193234,eng_Latn, Xinhua reported that government investigators recovered two 'black box' flight recorders on Wednesday.,3.5823421191287177,23.469794369089335,16.625,19.25
"Translate the following sentence from English to French:
Q: Fellow wrestlers also paid tribute to Luna.
A:",Fellow wrestlers also paid tribute to Luna.,Les autres lutteurs ont également rendu hommage à Luna.,Luna is a very popular wrestler in the United States.,3.673526562988939,15.235408880544146,eng_Latn, Fellow wrestlers also paid tribute to Luna.,7.347053125977879,25.137236796857326,14.75,23.75
"Translate the following sentence from English to French:
Q: Tommy Dreamer said ""Luna was the first Queen of Extreme. My first manager. Luna passed away on the night of two moons. Pretty unique just like her. Strong woman.""
A:","Tommy Dreamer said ""Luna was the first Queen of Extreme. My first manager. Luna passed away on the night of two moons. Pretty unique just like her. Strong woman.""","Tommy Dreamer a déclaré : « Luna a été la première reine de l'extrême. Mon premier manager. Luna est décédée la nuit de deux lunes. Un moment unique, tout comme elle. Une femme forte. »","""Luna"" is a French word for ""strong"" and ""strong woman"".",0.2751538060518086,5.9056913320408055,eng_Latn," Tommy Dreamer said ""Luna was the first Queen of Extreme. My first manager. Luna passed away on the night of two moons. Pretty unique just like her. Strong woman.""",2.2226807880434376,11.629408544801258,16.625,23.0
"Translate the following sentence from English to French:
Q: Dustin ""Goldust"" Runnels commented that ""Luna was as freaky as me...maybe even more...love her and will miss her...hopefully she's in a better place.""
A:","Dustin ""Goldust"" Runnels commented that ""Luna was as freaky as me...maybe even more...love her and will miss her...hopefully she's in a better place.""",Dustin « Goldust » Runnels a commenté que « Luna était aussi bizarre que moi… voire même encore plus… je l'aime et elle va me manquer… j'espère qu'elle repose dans un meilleur endroit. »,"Dustin, a French teacher, is a fan of Luna and is very close to the Luna family. He is also a fan of the Luna brand of perfume.",1.3917346129221175,12.050487017099979,eng_Latn," Dustin ""Goldust"" Runnels commented that ""Luna was as freaky as me...maybe even more...love her and will miss her...hopefully she's in a better place.""",1.923372785174925,16.25957595262157,14.0625,22.125
"Translate the following sentence from English to French:
Q: Out of 1,400 people polled prior to the 2010 federal election, those who oppose Australia becoming a republic grew by 8 per cent since 2008.
A:","Out of 1,400 people polled prior to the 2010 federal election, those who oppose Australia becoming a republic grew by 8 per cent since 2008.",Un sondage effectué auprès de 1 400 personnes avant les élections fédérales de 2010 a révélé que le nombre d'opposants à la transformation de l'Australie en république avait augmenté de 8 % depuis 2008.,The number of people who support the idea of a republic is 10 times higher than the number of people who support the idea of a state.,0.566687724869507,11.233571709328425,eng_Latn," Out of 1,400 people polled prior to the 2010 federal election, those who oppose Australia becoming a republic grew by 8 per cent since 2008.",3.2725439921118267,22.244632418716613,20.375,21.625
"Translate the following sentence from English to French:
Q: Caretaker Prime Minister Julia Gillard claimed during the campaign of the 2010 federal election that she believed Australia should become a republic at the end of Queen Elizabeth II's reign.
A:",Caretaker Prime Minister Julia Gillard claimed during the campaign of the 2010 federal election that she believed Australia should become a republic at the end of Queen Elizabeth II's reign.,La première ministre intérimaire Julia Gillard a déclaré pendant la campagne des élections fédérales de 2010 qu'elle pensait que l'Australie devrait devenir une république à la fin du règne de la reine Elizabeth II.,"The Prime Minister of Australia, who is a member of the House of Representatives, is the leader of the House of Representatives.",0.6300585562512262,11.367441243209493,eng_Latn, Caretaker Prime Minister Julia Gillard claimed during the campaign of the 2010 federal election that she believed Australia should become a republic at the end of Queen Elizabeth II's reign.,3.2841888523377825,22.71467352119822,25.0,24.625
"Translate the following sentence from English to French:
Q: 34 per cent of those in the poll share this view, wanting Queen Elizabeth II to be Australia's last monarch.
A:","34 per cent of those in the poll share this view, wanting Queen Elizabeth II to be Australia's last monarch.","34 % des personnes interrogées partagent ce point de vue, et souhaitent que la reine Elizabeth II soit la dernière monarque à régner sur l'Australie.","The poll is a poll, and the question is whether the people of Australia want to see a new monarch.",1.0653919002977406,14.02334250066955,eng_Latn," 34 per cent of those in the poll share this view, wanting Queen Elizabeth II to be Australia's last monarch.",7.269473234457918,28.801148451296545,21.0,20.25
"Translate the following sentence from English to French:
Q: At the extremes of the poll, 29 per cent of those surveyed believe Australia should become a republic as soon as possible, while 31 per cent believe Australia should never become a republic.
A:","At the extremes of the poll, 29 per cent of those surveyed believe Australia should become a republic as soon as possible, while 31 per cent believe Australia should never become a republic.","Aux extrêmes du sondage, 29 % des personnes interrogées pensent que l'Australie devrait devenir une république le plus rapidement possible, tandis que 31 % pensent que l'Australie ne devrait jamais devenir une république.",The poll results are in.,0.003216665786109604,2.192640744275481,eng_Latn," At the extremes of the poll, 29 per cent of those surveyed believe Australia should become a republic as soon as possible, while 31 per cent believe Australia should never become a republic.",0.046601472906812554,4.895877972922448,23.75,24.5
"Translate the following sentence from English to French:
Q: The Olympic gold medalist was due to swim in the 100m and 200m freestyle and in three relays at the Commonwealth Games, but due to his complaints his fitness has been in doubt.
A:","The Olympic gold medalist was due to swim in the 100m and 200m freestyle and in three relays at the Commonwealth Games, but due to his complaints his fitness has been in doubt.","Le médaillé d'or olympique devait nager au 100 m et au 200 m nage libre et dans trois relais aux Jeux du Commonwealth, mais en raison de ses plaintes, sa condition physique a été mise en doute.",,0.0,0.0,eng_Latn," The Olympic gold medalist was due to swim in the 100m and 200m freestyle and in three relays at the Commonwealth Games, but due to his complaints his fitness has been in doubt.",0.0,0.0,22.125,21.875
"Translate the following sentence from English to French:
Q: He has been unable to take the drugs needed to overcome his pain as they are banned from the Games.
A:",He has been unable to take the drugs needed to overcome his pain as they are banned from the Games.,"Il n'a pas pu prendre les médicaments nécessaires pour surmonter sa douleur, ceux-ci étant interdits au sein des Jeux.","The sentence is correct, but the problem is that the drug companies are not able to provide the drugs that he needs.",1.2858988602484345,12.812801793975565,eng_Latn, He has been unable to take the drugs needed to overcome his pain as they are banned from the Games.,4.141141330484801,26.818337283624636,12.1875,22.375
"Translate the following sentence from English to French:
Q: Curtis Cooper, a mathematician and computer science professor at the University of Central Missouri, has discovered the largest known prime number to date on January 25.
A:","Curtis Cooper, a mathematician and computer science professor at the University of Central Missouri, has discovered the largest known prime number to date on January 25.","Curtis Cooper, mathématicien et professeur d'informatique à la University of Central Missouri, a découvert le 25 janvier le plus grand nombre premier connu à ce jour.",Curtis has been working on the prime number for a long time and has been able to find the answer to the question of his life.,1.305909631003646,14.998743943591537,eng_Latn," Curtis Cooper, a mathematician and computer science professor at the University of Central Missouri, has discovered the largest known prime number to date on January 25.",3.8036333050872937,23.45901446198309,11.75,18.75
"Translate the following sentence from English to French:
Q: Several people verified the discovery using different hardware and software by the beginning of February and it was announced on Tuesday.
A:",Several people verified the discovery using different hardware and software by the beginning of February and it was announced on Tuesday.,"Plusieurs personnes ont vérifié la découverte à l'aide de différents matériels et logiciels au début du mois de février, et elle a été annoncée mardi.","The French word for discovery is <em>discovery</em>, and it is a verb.",1.080855079616763,8.774981261600777,eng_Latn, Several people verified the discovery using different hardware and software by the beginning of February and it was announced on Tuesday.,4.514532812276756,15.698973266624563,22.875,23.75
"Translate the following sentence from English to French:
Q: Comets may possibly have been a source of water delivery to the earth along with organic matter that can form proteins and support life.
A:",Comets may possibly have been a source of water delivery to the earth along with organic matter that can form proteins and support life.,"Les comètes ont peut-être été une source d'approvisionnement en eau pour la terre, ainsi qu'en matière organique qui peut former des protéines et favoriser la vie.","The word comets comes from the French word for comet, which means comet in English.",0.7876264917109805,8.747373696719576,eng_Latn, Comets may possibly have been a source of water delivery to the earth along with organic matter that can form proteins and support life.,1.621725856092832,11.554478422201067,22.625,23.375
"Translate the following sentence from English to French:
Q: Scientists hope to understand how planets form, especially how the Earth formed, since comets collided with the Earth long ago.
A:","Scientists hope to understand how planets form, especially how the Earth formed, since comets collided with the Earth long ago.","Les scientifiques espèrent comprendre comment les planètes se forment, et plus particulièrement comment la Terre s'est formée, puisque des comètes sont entrées en collision avec elle il y a longtemps.","The French word for comet is comet, and the word for planet is planet.",0.4636807903712045,8.562847427261627,eng_Latn," Scientists hope to understand how planets form, especially how the Earth formed, since comets collided with the Earth long ago.",1.5203507802452136,15.155473600845554,20.75,21.5
"Translate the following sentence from English to French:
Q: Cuomo, 53, began his governorship earlier this year and signed a bill last month legalizing same-sex marriage.
A:","Cuomo, 53, began his governorship earlier this year and signed a bill last month legalizing same-sex marriage.","Cuomo, 53 ans, a commencé son mandat de gouverneur au début de cette année et a signé le mois dernier un projet de loi légalisant le mariage entre personnes du même sexe.",The bill was signed by Cuomo in 2019 and was the result of a long-standing debate in the legislature.,1.966031039447573,11.8782979730976,eng_Latn," Cuomo, 53, began his governorship earlier this year and signed a bill last month legalizing same-sex marriage.",4.260146736441797,20.37629511939298,16.375,21.0
"Translate the following sentence from English to French:
Q: He referred to the rumors as ""political chatter and silliness"".
A:","He referred to the rumors as ""political chatter and silliness"".",Il a qualifié les rumeurs de « bavardages et de bêtises politiques ».,"""The word chatter"" is a French word that means ""talk"" or ""discussion"" in the context of politics.",1.5880117714047368,13.470397205455601,eng_Latn," He referred to the rumors as ""political chatter and silliness"".",3.176023542809473,25.698896517058028,11.8125,13.75
"Translate the following sentence from English to French:
Q: He is speculated to make a run for president in 2016.
A:",He is speculated to make a run for president in 2016.,On pense qu'il se présentera à la présidence en 2016.,"The French word for run is run, and the word for candidate is candidate. Candidate is a person who is running for office. Candidate is a person who is in the process of making a decision. Candidate is a person who is in the process of making a decision. Candidate is a person who is in the position of a leader. Candidate is a person who is in a position of power. Candidate is a person who is trying to make a decision. Candidate is a person who is in a position",0.0,6.04200416711049,eng_Latn, He is speculated to make a run for president in 2016.,1.4206586137818342,13.993174819778792,20.0,19.75
"Translate the following sentence from English to French:
Q: NextGen is a system the FAA claims would allow aircraft to fly shorter routes and save millions of gallons of fuel each year and cut carbon emissions.
A:",NextGen is a system the FAA claims would allow aircraft to fly shorter routes and save millions of gallons of fuel each year and cut carbon emissions.,"D’après la FAA, NextGen est un système qui permettrait aux appareils de voler sur des distances plus courtes et d’économiser des millions de gallons de carburant chaque année, limitant les émissions de carbone.","Next-to-merely, the FAA is a company that is trying to make a profit by flying the routes it has been granted.",1.3906962189837306,10.272285053846444,eng_Latn, NextGen is a system the FAA claims would allow aircraft to fly shorter routes and save millions of gallons of fuel each year and cut carbon emissions.,6.8877428867296215,18.385089783065716,20.25,24.75
"Translate the following sentence from English to French:
Q: It uses satellite-based technology as opposed to older ground-radar-based technology to allow air traffic controllers to pinpoint aircraft with greater precision and give pilots more accurate information.
A:",It uses satellite-based technology as opposed to older ground-radar-based technology to allow air traffic controllers to pinpoint aircraft with greater precision and give pilots more accurate information.,"Il repose sur les technologies satellitaires, et non sur les systèmes radars au sol utilisés auparavant, ce qui permet aux contrôleurs aériens de localiser les avions avec davantage de précision et de fournir aux pilotes des informations plus détaillées.",The French word for satellite is “satellite” and the word “radar” is a bit of a mouthful. It is a term that has been used in the air traffic control industry for decades. It is a term that is used to describe the use of radar in France.,0.7821590010947429,15.77269728212651,eng_Latn, It uses satellite-based technology as opposed to older ground-radar-based technology to allow air traffic controllers to pinpoint aircraft with greater precision and give pilots more accurate information.,2.9115238680368485,25.308230500114153,18.0,22.25
"Translate the following sentence from English to French:
Q: No extra transport is being put on and overground trains will not stop at Wembley, and car parking and park-and-ride facilities are unavailable at the ground.
A:","No extra transport is being put on and overground trains will not stop at Wembley, and car parking and park-and-ride facilities are unavailable at the ground.","Le transport supplémentaire est inexistant et les trains de surface ne s’arrêteront pas à Wembley, et les parkings et parcs relais ne sont pas disponibles au sol.",The train company is not responsible for the safety of the passengers.,0.35783570993969555,11.018629131422268,eng_Latn," No extra transport is being put on and overground trains will not stop at Wembley, and car parking and park-and-ride facilities are unavailable at the ground.",0.6734150436231797,11.568176616723882,21.875,23.75
"Translate the following sentence from English to French:
Q: Fears of lack of transportation raised the possibility that the game would be forced to play behind closed doors without the team's supporters.
A:",Fears of lack of transportation raised the possibility that the game would be forced to play behind closed doors without the team's supporters.,"La peur du manque de transport a engendré la possibilité que le match puisse se jouer à huis clos, sans les supporters des équipes.",The French government has been working on a plan to make the game more accessible to the public.,1.214548597577686,11.2031241470698,eng_Latn, Fears of lack of transportation raised the possibility that the game would be forced to play behind closed doors without the team's supporters.,2.853563914611051,16.602156956659567,21.0,19.375
"Translate the following sentence from English to French:
Q: A study published on Thursday in the journal Science reported on formation of a new bird species on the Ecuadorean Galápagos Islands.
A:",A study published on Thursday in the journal Science reported on formation of a new bird species on the Ecuadorean Galápagos Islands.,Une étude publiée jeudi dans la revue Science a fait état de la genèse d'une nouvelle espèce d'oiseau dans les îles Galápagos équatoriennes.,The study was conducted by the Galapagos National Park and the Galapagos Conservation Foundation.,0.7043431070926197,11.061500309389865,eng_Latn, A study published on Thursday in the journal Science reported on formation of a new bird species on the Ecuadorean Galápagos Islands.,1.9080540806106017,17.484956459852263,16.25,19.875
"Translate the following sentence from English to French:
Q: Researchers from Princeton University in the United States and Uppsala University in Sweden reported the new species evolved in just two generations, though this process had been believed to take much longer, due to breeding between an endemic Darwin finch, Geospiza fortes, and the immigrant cactus finch, Geospiza conirostris.
A:","Researchers from Princeton University in the United States and Uppsala University in Sweden reported the new species evolved in just two generations, though this process had been believed to take much longer, due to breeding between an endemic Darwin finch, Geospiza fortes, and the immigrant cactus finch, Geospiza conirostris.","Des chercheurs de l'université de Princeton aux États-Unis et de l'université d'Uppsala en Suède ont indiqué que la nouvelle espèce avait évolué en seulement deux générations, bien que ce processus ait été estimé beaucoup plus long, suite à la reproduction entre un pinson de Darwin endémique, Geospiza fortis, et le pinson immigrant à bec conique, Geospiza conirostris.",The new species is now in the wild and is being studied by the researchers at Princeton and Uppsala.,0.059893027378672394,8.670324972940366,eng_Latn," Researchers from Princeton University in the United States and Uppsala University in Sweden reported the new species evolved in just two generations, though this process had been believed to take much longer, due to breeding between an endemic Darwin finch, Geospiza fortes, and the immigrant cactus finch, Geospiza conirostris.",1.0416593236457297,17.288758665498687,18.625,22.125
"Translate the following sentence from English to French:
Q: Gold may be worked into all sorts of shapes. It can be rolled into tiny shapes.
A:",Gold may be worked into all sorts of shapes. It can be rolled into tiny shapes.,On peut façonner l'or de beaucoup de manières. Il peut être roulé en minuscules pièces,The word gold is a compound word. It is a combination of metals and is used in a variety of ways.,1.5061893230938672,10.17468564591968,eng_Latn, Gold may be worked into all sorts of shapes. It can be rolled into tiny shapes.,3.5823421191287177,18.830951220441516,6.375,15.875
"Translate the following sentence from English to French:
Q: It can be pulled into thin wire, which can be twisted and plaited. It can be hammered or rolled into sheets.
A:","It can be pulled into thin wire, which can be twisted and plaited. It can be hammered or rolled into sheets.","Il peut être tiré en fil fin, qui peut être tordu et tressé. Il peut être martelé ou laminé en feuilles.","It is a very common material for the construction of buildings, and it is also used in the production of paper.",1.3829408441424733,11.472881920610039,eng_Latn," It can be pulled into thin wire, which can be twisted and plaited. It can be hammered or rolled into sheets.",1.5076355333151612,15.570551570069718,4.96875,18.5
"Translate the following sentence from English to French:
Q: It can be made very thin, and stuck onto other metal. It can be made so thin that it was sometimes used to decorate the hand-painted pictures in books called ""illuminated manuscripts"".
A:","It can be made very thin, and stuck onto other metal. It can be made so thin that it was sometimes used to decorate the hand-painted pictures in books called ""illuminated manuscripts"".","Il peut être fait très fin, et collé sur un autre métal. Il peut être si fin qu'il a parfois été utilisé pour décorer les images peintes à la main dans les livres appelés « manuscrits enluminés ».",It is a very common and useful material for the printing industry.,0.18058794847653445,7.597809754526434,eng_Latn," It can be made very thin, and stuck onto other metal. It can be made so thin that it was sometimes used to decorate the hand-painted pictures in books called ""illuminated manuscripts"".",0.4982016311781328,10.363454245764988,8.3125,24.375
"Translate the following sentence from English to French:
Q: This is called a chemical's pH. You can make an indicator using red cabbage juice.
A:",This is called a chemical's pH. You can make an indicator using red cabbage juice.,C'est ce qu'on appelle le pH d'un produit chimique. Vous pouvez fabriquer un indicateur en utilisant du jus de chou rouge.,The indicator is a chemical that is used to measure the acidity of a solution.,0.8829422521995683,12.464134176445455,eng_Latn, This is called a chemical's pH. You can make an indicator using red cabbage juice.,5.69058918383702,25.039746644338006,7.65625,15.0625
"Translate the following sentence from English to French:
Q: The cabbage juice changes color depending on how acidic or basic (alkaline) the chemical is.
A:",The cabbage juice changes color depending on how acidic or basic (alkaline) the chemical is.,Le jus de chou change de couleur en fonction de l’acidité ou de la basicité (alcalinité) du produit chimique.,"The color of the cabbage is a result of the pH of the soil, and the pH of the soil is a function of the chemical that is used to grow the cabbage.",0.9964194812460634,14.217891436161775,eng_Latn, The cabbage juice changes color depending on how acidic or basic (alkaline) the chemical is.,3.3515422794751224,29.30721792138752,1.046875,3.828125
"Translate the following sentence from English to French:
Q: The pH level is indicated by the amount of Hydrogen (the H in pH) ions in the tested chemical.
A:",The pH level is indicated by the amount of Hydrogen (the H in pH) ions in the tested chemical.,Le niveau de pH est indiqué par la quantité d'ions d'hydrogène (le H dans le pH) présents dans le produit chimique testé.,"The pH scale is a logarithmic scale, so the pH of a solution is a function of the concentration of the solution.",1.2611403509961632,12.493885213899512,eng_Latn, The pH level is indicated by the amount of Hydrogen (the H in pH) ions in the tested chemical.,3.9253456897493937,21.23184111917795,1.015625,5.75
"Translate the following sentence from English to French:
Q: Hydrogen ions are protons that had their electrons stripped off them (since Hydrogen atoms consist of one proton and one electron).
A:",Hydrogen ions are protons that had their electrons stripped off them (since Hydrogen atoms consist of one proton and one electron).,Les ions d'hydrogène sont des protons qui ont été dépouillés de leur électron (puisque les atomes d'hydrogène sont constitués d'un proton et d'un électron).,The answer is: Hydrogen.,0.0,3.8721351083899758,eng_Latn, Hydrogen ions are protons that had their electrons stripped off them (since Hydrogen atoms consist of one proton and one electron).,0.32012632625677695,7.840052793837356,12.8125,13.875
"Translate the following sentence from English to French:
Q: Swirl the two dry powders together and then, with clean wet hands, squeeze them into a ball.
A:","Swirl the two dry powders together and then, with clean wet hands, squeeze them into a ball.","Mélangez les deux poudres sèches ensemble, puis, avec les mains propres et humides, pressez-les en une boule.",The same process is used to make the powder.,0.5138412439641712,8.21349273741125,eng_Latn," Swirl the two dry powders together and then, with clean wet hands, squeeze them into a ball.",1.11343058914179,11.451385788004849,15.9375,16.625
"Translate the following sentence from English to French:
Q: The moisture on your hands will react with the outer layers, which will feel funny and form a sort of shell.
A:","The moisture on your hands will react with the outer layers, which will feel funny and form a sort of shell.","L'humidité sur vos mains va réagir avec les couches extérieures, ce qui induira une sensation étrange et produira une sorte de coquille.","The French word for shell is <em><strong>shell</strong></em>, and it is a noun.",1.1110882254803276,9.44502717359305,eng_Latn," The moisture on your hands will react with the outer layers, which will feel funny and form a sort of shell.",3.652945772536268,17.35031529295363,10.0,14.6875
"Translate the following sentence from English to French:
Q: The cities of Harappa and Mohenjo-daro had a flush toilet in almost every house, attached to a sophisticated sewage system.
A:","The cities of Harappa and Mohenjo-daro had a flush toilet in almost every house, attached to a sophisticated sewage system.","Les villes de Harappa et Mohenjo-daro avaient des toilettes équipées d’une chasse d’eau dans presque toutes les maisons, reliées à un système d’égouts sophistiqué.","The toilet in Har, Mo, and the one in France are all connected to the same sewage system.",0.6972231717453048,12.254599096510157,eng_Latn," The cities of Harappa and Mohenjo-daro had a flush toilet in almost every house, attached to a sophisticated sewage system.",8.672141905478686,28.62275942798535,10.5625,16.25
"Translate the following sentence from English to French:
Q: Remains of sewage systems have been found in the houses of the Minoan cities of Crete and Santorini in Greece.
A:",Remains of sewage systems have been found in the houses of the Minoan cities of Crete and Santorini in Greece.,Des restes de systèmes d'égouts ont été trouvés dans les maisons des villes minoennes de Crète et de Santorin en Grèce.,The answer is: Remains of sewage in the form of water and sludge is a common problem in the Mediterranean region.,1.1532089700516186,12.106778250035273,eng_Latn, Remains of sewage systems have been found in the houses of the Minoan cities of Crete and Santorini in Greece.,20.92241878602314,31.139240015260818,15.4375,23.625
"Translate the following sentence from English to French:
Q: There were also toilets in ancient Egypt, Persia and China. In Roman civilization, toilets were sometimes part of public bath houses where men and women were together in mixed company.
A:","There were also toilets in ancient Egypt, Persia and China. In Roman civilization, toilets were sometimes part of public bath houses where men and women were together in mixed company.","Il y avait également des toilettes dans l'Égypte ancienne, en Perse et en Chine. Dans la civilisation romaine, les toilettes faisaient parfois partie des bains publics où hommes et femmes se côtoyaient.",,0.0,0.0,eng_Latn," There were also toilets in ancient Egypt, Persia and China. In Roman civilization, toilets were sometimes part of public bath houses where men and women were together in mixed company.",0.0,0.0,17.875,21.5
"Translate the following sentence from English to French:
Q: When you call someone who is thousands of miles away, you are using a satellite.
A:","When you call someone who is thousands of miles away, you are using a satellite.","Lorsque vous appelez une personne qui se trouve à des milliers de kilomètres, vous utilisez un satellite.",Satellite phone calls are a form of communication that is used in the United States and is not used in France.,1.4474998798721515,14.931001111969325,eng_Latn," When you call someone who is thousands of miles away, you are using a satellite.",2.352622489487909,23.904611225937778,21.625,24.5
"Translate the following sentence from English to French:
Q: The satellite in space gets the call and then reflects it back down, almost instantly.
A:","The satellite in space gets the call and then reflects it back down, almost instantly.","Le satellite reçoit l'appel dans l'espace puis le renvoie sur Terre, presque instantanément.",The satellite is a satellite.,0.2467310346423676,13.591836965137006,eng_Latn," The satellite in space gets the call and then reflects it back down, almost instantly.",2.058073185415509,19.29872080475731,23.125,23.625
"Translate the following sentence from English to French:
Q: The satellite was sent into space by a rocket. Scientists use telescopes in space because the Earth’s atmosphere distorts some of our light and view.
A:",The satellite was sent into space by a rocket. Scientists use telescopes in space because the Earth’s atmosphere distorts some of our light and view.,Le satellite a été envoyé dans l'espace par une fusée. Les scientifiques utilisent des télescopes dans l'espace parce que l'atmosphère terrestre déforme une partie de notre lumière et de notre vision.,,0.0,0.0,eng_Latn, The satellite was sent into space by a rocket. Scientists use telescopes in space because the Earth’s atmosphere distorts some of our light and view.,0.0,0.0,18.75,22.375
"Translate the following sentence from English to French:
Q: It takes a giant rocket over a 100 feet high to put a satellite or telescope in space.
A:",It takes a giant rocket over a 100 feet high to put a satellite or telescope in space.,Il faut une fusée géante de plus de 30 mètres de haut pour mettre un satellite ou un télescope dans l’espace.,"It is a matter of fact that the French word for rocket is rocket, and the word for satellite is satellite.",1.4664868304886143,14.425239927433356,eng_Latn, It takes a giant rocket over a 100 feet high to put a satellite or telescope in space.,3.9645132534206877,23.856127889965187,12.4375,16.875
"Translate the following sentence from English to French:
Q: The wheel has changed the world in incredible ways. The biggest thing that the wheel has done for us is given us much easier and faster transportation.
A:",The wheel has changed the world in incredible ways. The biggest thing that the wheel has done for us is given us much easier and faster transportation.,La roue a changé le monde de bien des manières. Le plus grand avantage qu'elle nous ait apporté est d'avoir rendu les transports beaucoup plus simples et rapides.,The wheel is a metaphor for the world. It is a metaphor for the world.,1.0142944707488284,7.475872423389786,eng_Latn, The wheel has changed the world in incredible ways. The biggest thing that the wheel has done for us is given us much easier and faster transportation.,3.907688027379628,18.65622688771994,21.125,24.0
"Translate the following sentence from English to French:
Q: It has brought us the train, the car, and many other transportation devices.
A:","It has brought us the train, the car, and many other transportation devices.","Cela nous a apporté le train, la voiture et de nombreux autres moyens de transport.",It is a sentence that is a bit of a challenge to translate. The sentence is a bit of a challenge to understand.,1.7179060012299232,13.584920826243982,eng_Latn," It has brought us the train, the car, and many other transportation devices.",1.7179060012299232,16.933060134352857,12.625,11.5625
"Translate the following sentence from English to French:
Q: Under them are more medium sized cats that eat medium sized prey ranging from rabbits to antelopes and deer.
A:",Under them are more medium sized cats that eat medium sized prey ranging from rabbits to antelopes and deer.,"En dessous se trouvent des félins de taille plus moyenne qui mangent des proies de taille également moyenne, allant des lapins aux antilopes et autres chevreuils.",The word medium is used to describe the size of the prey.,0.3843303778650122,6.199796788935648,eng_Latn, Under them are more medium sized cats that eat medium sized prey ranging from rabbits to antelopes and deer.,2.27757204587037,14.990977560717802,19.5,22.125
"Translate the following sentence from English to French:
Q: Finally, there are many small cats (including loose pet cats) that eat the far more numerous small prey like insects, rodents, lizards, and birds.
A:","Finally, there are many small cats (including loose pet cats) that eat the far more numerous small prey like insects, rodents, lizards, and birds.","En outre, il existe de nombreux petits chats (y compris les chats de compagnie en liberté) qui mangent les petites proies, bien plus nombreuses, comme les insectes, les rongeurs, les lézards et les oiseaux.",The French word for “small” is “small” and “small” is a word that is used in a variety of contexts.,0.6313945643814646,7.713961094526857,eng_Latn," Finally, there are many small cats (including loose pet cats) that eat the far more numerous small prey like insects, rodents, lizards, and birds.",1.2396496017332663,14.704489663700587,25.0,25.0
"Translate the following sentence from English to French:
Q: The secret to their success is the concept of the niche, a special job each cat holds that keeps it from competing with others.
A:","The secret to their success is the concept of the niche, a special job each cat holds that keeps it from competing with others.","Le secret de leur réussite est le concept de niche, une tâche spéciale dévolue à chaque félin, l'empêchant d'entrer en compétition avec les autres.","The word niche is derived from the French word niche, which means a place where a cat lives.",1.5508692160043345,13.650056281279465,eng_Latn," The secret to their success is the concept of the niche, a special job each cat holds that keeps it from competing with others.",3.6142963951903533,19.16780594997207,6.25,18.25
"Translate the following sentence from English to French:
Q: Lions are the most social cats, living in large groups called prides.
A:","Lions are the most social cats, living in large groups called prides.","Les lions sont les chats les plus sociables, vivant en grands groupes appelés meutes.",Lions are the most aggressive and destructive species of cat.,2.04834890794109,13.597553306188312,eng_Latn," Lions are the most social cats, living in large groups called prides.",22.45774725976927,33.54311693695701,5.59375,18.625
"Translate the following sentence from English to French:
Q: Prides are made up of one to three related adult males, along with as many as thirty females and cubs.
A:","Prides are made up of one to three related adult males, along with as many as thirty females and cubs.","Les meutes sont composées d’un à trois mâles adultes apparentés, ainsi que d’une trentaine de femelles et de lionceaux.",The word pride is derived from the Latin word for “lion” and the French word for “male” and “child”,0.0,8.795276687052404,eng_Latn," Prides are made up of one to three related adult males, along with as many as thirty females and cubs.",1.2414943415352928,12.152044840152987,9.25,15.5625
"Translate the following sentence from English to French:
Q: The females are usually closely related to each other, being a large family of sisters and daughters.
A:","The females are usually closely related to each other, being a large family of sisters and daughters.","Les femmes sont généralement très proches les unes des autres, leur famille étant composée d'un grand nombre de sœurs et de filles.",,0.0,0.0,eng_Latn," The females are usually closely related to each other, being a large family of sisters and daughters.",0.0,0.0,5.40625,22.375
"Translate the following sentence from English to French:
Q: Lion prides act much like packs of wolves or dogs, animals surprisingly similar to lions (but not other big cats) in behavior, and also very deadly to their prey.
A:","Lion prides act much like packs of wolves or dogs, animals surprisingly similar to lions (but not other big cats) in behavior, and also very deadly to their prey.","Les troupes de lions agissent comme des meutes de loups ou de chiens, des animaux étonnamment semblables aux lions (mais pas aux autres grands félins) dans leur comportement, et aussi très mortels pour leurs proies.","The lion prides in France are the most powerful in the world, and they are the most aggressive in the world.",0.49801236605116184,9.872630796145007,eng_Latn," Lion prides act much like packs of wolves or dogs, animals surprisingly similar to lions (but not other big cats) in behavior, and also very deadly to their prey.",2.29485550762336,16.69605144496249,13.6875,22.25
"Translate the following sentence from English to French:
Q: A well rounded athlete, the tiger can climb (though not well), swim, leap great distances and pull with five times the force of a strong human.
A:","A well rounded athlete, the tiger can climb (though not well), swim, leap great distances and pull with five times the force of a strong human.","Athlète équilibré, le tigre peut grimper (mais parfois difficilement), nager, sauter de grandes distances et tracter avec cinq fois la force d'un humain puissant.",The tiger is a well-known example of a force-producing animal.,0.6607103810022188,8.754856016958819,eng_Latn," A well rounded athlete, the tiger can climb (though not well), swim, leap great distances and pull with five times the force of a strong human.",2.039549778447957,14.243419335665134,13.8125,23.375
"Translate the following sentence from English to French:
Q: The tiger is in the same group (Genus Panthera) as lions, leopards, and jaguars. These four cats are the only ones who can roar.
A:","The tiger is in the same group (Genus Panthera) as lions, leopards, and jaguars. These four cats are the only ones who can roar.","Le tigre fait partie de la même famille (genre Panthera) que les lions, les léopards et les jaguars. Ces quatre félins sont les seuls capables de rugir.","The word “tiger” is a common word in French, and it is used in a variety of contexts. The word “lion” is used in a different way.",1.0891145017838508,11.415753051302609,eng_Latn," The tiger is in the same group (Genus Panthera) as lions, leopards, and jaguars. These four cats are the only ones who can roar.",2.5151010729743577,18.620246945793742,23.375,25.0
"Translate the following sentence from English to French:
Q: The tiger's roar is not like the full-voiced roar of a lion, but more like a sentence of snarly, shouted words.
A:","The tiger's roar is not like the full-voiced roar of a lion, but more like a sentence of snarly, shouted words.","Le rugissement du tigre ne ressemble pas au rugissement ample du lion, mais plutôt à une phrase dont les mots seraient des cris et des grondements.","The full-length roar of the tiger is a sign of danger, but the word ""roar"" is not a word that can be used to describe the tiger's behavior.",1.1784531110724776,13.225046333785127,eng_Latn," The tiger's roar is not like the full-voiced roar of a lion, but more like a sentence of snarly, shouted words.",11.854610697411125,33.35296231577759,10.125,19.375
"Translate the following sentence from English to French:
Q: Ocelots like to eat small animals. They will catch monkeys, snakes, rodents and birds if they can. Almost all of the animals that the ocelot hunts are far smaller than it is.
A:","Ocelots like to eat small animals. They will catch monkeys, snakes, rodents and birds if they can. Almost all of the animals that the ocelot hunts are far smaller than it is.","Les ocelots sont friands de petits animaux. Ils attrapent des singes, des serpents, des rongeurs et des oiseaux s'ils le peuvent. Presque tous les animaux que l'ocelot chasse sont bien plus petits que lui.",The o...,3.002760903579531e-07,0.9338300020903072,eng_Latn," Ocelots like to eat small animals. They will catch monkeys, snakes, rodents and birds if they can. Almost all of the animals that the ocelot hunts are far smaller than it is.",0.0,1.717498114427628,23.875,23.75
"Translate the following sentence from English to French:
Q: Scientists think that ocelots follow and find animals to eat (prey) by smell, sniffing for where they've been on the ground.
A:","Scientists think that ocelots follow and find animals to eat (prey) by smell, sniffing for where they've been on the ground.","Selon les scientifiques, les ocelots traquent et trouvent les animaux à manger (proies) par l'odorat, en reniflant leur trajet sur le sol.","The French word for smell is ""sensation"" and it is used in a very specific way in the French language. It is used to describe the smell of the animals that are in the field.",0.918708060432945,14.808015518173157,eng_Latn," Scientists think that ocelots follow and find animals to eat (prey) by smell, sniffing for where they've been on the ground.",1.5450766293655125,24.861148704699357,16.125,24.875
"Translate the following sentence from English to French:
Q: They can see very well in the dark with night vision, and move very stealthily, too. Ocelots hunt their prey by blending in with their surroundings then pouncing on their prey.
A:","They can see very well in the dark with night vision, and move very stealthily, too. Ocelots hunt their prey by blending in with their surroundings then pouncing on their prey.","Ils voient très bien dans l'obscurité grâce à leur vision nocturne, et se déplacent aussi très furtivement. Les ocelots traquent leurs proies en se fondant dans leur environnement avant de se jeter sur elles.","The word ""camouflage"" is a French word that means ""to blend in"" and is used in the context of nocturnal animals.",0.7014452422024394,10.26940520301725,eng_Latn," They can see very well in the dark with night vision, and move very stealthily, too. Ocelots hunt their prey by blending in with their surroundings then pouncing on their prey.",2.0096599588786517,15.029920530917096,7.5,22.375
"Translate the following sentence from English to French:
Q: When a small group of living things (a small population) gets separated from the main population that they came from (like if they move over a mountain range or a river, or if they move to a new island so that they can't easily move back) they will often find themselves in a different environment than they were in before.
A:","When a small group of living things (a small population) gets separated from the main population that they came from (like if they move over a mountain range or a river, or if they move to a new island so that they can't easily move back) they will often find themselves in a different environment than they were in before.","Lorsqu’un petit groupe d’êtres vivants (une petite population) est séparé de la population principale dont il est issu (par exemple, s’il se déplace au-dessus d’une chaîne de montagnes ou d’une rivière, ou s’il se déplace vers une nouvelle île de sorte qu’il ne peut pas facilement revenir en arrière), il se retrouve souvent dans un environnement différent de celui dans lequel il était auparavant.","The French word for ""separation"" is ""separation"" and the word for ""environment"" is ""environment"".",0.08237129162902036,6.75046330653328,eng_Latn," When a small group of living things (a small population) gets separated from the main population that they came from (like if they move over a mountain range or a river, or if they move to a new island so that they can't easily move back) they will often find themselves in a different environment than they were in before.",0.30879126939837703,10.756316350316736,11.375,19.25
"Translate the following sentence from English to French:
Q: This new environment has different resources and different competitors, so the new population will need different features or adaptations to be a strong competitor than what they had needed before.
A:","This new environment has different resources and different competitors, so the new population will need different features or adaptations to be a strong competitor than what they had needed before.","Ce nouvel environnement a des ressources et des concurrents différents, de sorte que la nouvelle population aura besoin de caractéristiques ou d'adaptations nouvelles pour être un concurrent puissant par rapport à ce dont elle avait besoin auparavant.",The French word for “competitor” is “competitor” and it is a word that is used in the same sentence as “new” and “environment” in the sentence above.,0.8461762671599505,12.038423046087576,eng_Latn," This new environment has different resources and different competitors, so the new population will need different features or adaptations to be a strong competitor than what they had needed before.",1.2157709822493183,23.256371855278488,13.6875,17.625
"Translate the following sentence from English to French:
Q: The original population hasn't changed at all, they still need the same adaptations as before.
A:","The original population hasn't changed at all, they still need the same adaptations as before.","La population d'origine n'a pas changé du tout, elle a toujours besoin des mêmes adaptations.","The French word for adaptation is ""adaptationism"" and it is a term that has been used in the French language for a long time. It is a term that is used to describe the process of evolution.",1.0952083604308251,20.436710080219072,eng_Latn," The original population hasn't changed at all, they still need the same adaptations as before.",1.176877973200725,24.205333057597493,8.75,16.0
"Translate the following sentence from English to French:
Q: Over time, as the new population begins to adapt to their new environment, they start to look less and less like the other population.
A:","Over time, as the new population begins to adapt to their new environment, they start to look less and less like the other population.","Au fil du temps, à mesure que la nouvelle population s'adapte à son nouvel environnement, elle commence à ressembler de moins en moins à l'autre population.",The French word for “new” is “new” and “environment” is the same word.,0.9153072425533536,9.032027251825223,eng_Latn," Over time, as the new population begins to adapt to their new environment, they start to look less and less like the other population.",1.827272198658944,14.785152647119693,20.5,21.0
"Translate the following sentence from English to French:
Q: Eventually, after thousands or even millions of years, the two populations will look so different that they can't be called the same species.
A:","Eventually, after thousands or even millions of years, the two populations will look so different that they can't be called the same species.","Enfin, après des milliers ou même des millions d'années, les deux populations paraîtront tellement différentes qu'elles ne pourront plus être considérées comme appartenant à la même espèce.","The French word for ""species"" is ""species"" and the word for ""population"" is ""population.""",0.7125301753775903,9.59711273285905,eng_Latn," Eventually, after thousands or even millions of years, the two populations will look so different that they can't be called the same species.",1.4231493918509395,16.434616402105327,17.625,19.25
"Translate the following sentence from English to French:
Q: We call this process speciation, which just means the formation of new species. Speciation is an unavoidable consequence and a very important part of evolution.
A:","We call this process speciation, which just means the formation of new species. Speciation is an unavoidable consequence and a very important part of evolution.","Nous appelons ce processus « spéciation », ce qui signifie simplement la formation de nouvelles espèces. La spéciation est une conséquence inévitable et une partie très importante de l’évolution.",The word speciation is used in the same sense as the word evolution.,0.45210627390062935,11.155836100242968,eng_Latn," We call this process speciation, which just means the formation of new species. Speciation is an unavoidable consequence and a very important part of evolution.",2.565094163547897,19.37168910166795,4.59375,23.25
"Translate the following sentence from English to French:
Q: Plants make oxygen which humans breathe, and they take in carbon-dioxide which humans exhale (that is, breathe out).
A:","Plants make oxygen which humans breathe, and they take in carbon-dioxide which humans exhale (that is, breathe out).","Les plantes produisent de l’oxygène que les humains respirent, et elles absorbent le dioxyde de carbone que les humains exhalent (c’est-à-dire expirent).",Plants and humans are in a symbiotic relationship. Plants take up carbon dioxide and humans take oxygen. Plants and humans are in a symbiotic relationship.,0.0,15.265050726252746,eng_Latn," Plants make oxygen which humans breathe, and they take in carbon-dioxide which humans exhale (that is, breathe out).",3.0759934809350447,30.276958639416286,18.375,16.875
"Translate the following sentence from English to French:
Q: Plants make their food from the sun by photosynthesis. They also provide shade.
A:",Plants make their food from the sun by photosynthesis. They also provide shade.,Les plantes produisent leur nourriture à l'aide du soleil par photosynthèse. Elles fournissent également de l’ombre.,Plants are the most important part of the ecosystem. They are the source of the most energy.,1.6229663619798542,12.374588655097742,eng_Latn, Plants make their food from the sun by photosynthesis. They also provide shade.,5.684653076227407,24.526467907762413,2.265625,9.3125
"Translate the following sentence from English to French:
Q: We make our houses from plants and make clothes from plants. Most foods that we eat are plants. Without plants, animals could not survive.
A:","We make our houses from plants and make clothes from plants. Most foods that we eat are plants. Without plants, animals could not survive.","Nous fabriquons nos maisons et nos vêtements à base de plantes. La plupart des aliments que nous mangeons sont des plantes. Sans les plantes, les animaux ne survivraient pas.",The sentence is correct.,0.011897541218028227,3.048476506629596,eng_Latn," We make our houses from plants and make clothes from plants. Most foods that we eat are plants. Without plants, animals could not survive.",0.10737547010277865,4.31891562642994,19.5,22.5
"Translate the following sentence from English to French:
Q: Mosasaurus was the apex predator of its time, so it feared nothing, except other mosasaurs.
A:","Mosasaurus was the apex predator of its time, so it feared nothing, except other mosasaurs.","Le mosasaure était le superprédateur de l'époque, il ne craignait rien, sauf les autres mosasaures.",The word “mos” is a contraction of the word “mos” and “t” in the name of the species. The French word for “t” is “t” and the word for “mos” is “mos” and the other words are interchangeable.,0.5657759656209536,11.90586908385271,eng_Latn," Mosasaurus was the apex predator of its time, so it feared nothing, except other mosasaurs.",0.8001280438458864,16.03152538054931,19.0,20.125
"Translate the following sentence from English to French:
Q: Its long jaws were studded with more than 70 razor-sharp teeth, along with an extra set in the roof of its mouth, meaning that there was no escape for anything that crossed its path.
A:","Its long jaws were studded with more than 70 razor-sharp teeth, along with an extra set in the roof of its mouth, meaning that there was no escape for anything that crossed its path.","Ses longues mâchoires étaient dotées de plus de 70 dents acérées comme des lames de rasoir, ainsi que d'une série supplémentaire de dents dans le palais, de sorte que tout ce qui croisait son chemin ne pouvait pas s'échapper.",The French word for razor is <em>“</em><em><strong><em><strong><em><strong><em><strong><em><strong><em><strong><em><strong><em><strong><em><strong><em><strong>,0.0,6.527509397148347,por_Latn," Suas longas mandíbulas eram cravejadas com mais de 70 dentes afiados, junto com um conjunto extra no céu da boca, o que mostra que nada que cruzasse seu caminho poderia escapar.",0.0,7.346667361575483,22.25,23.875
"Translate the following sentence from English to French:
Q: We don't know for sure, but it may have had a forked tongue. Its diet included turtles, large fish, other mosasaurs, and it may even have been a cannibal.
A:","We don't know for sure, but it may have had a forked tongue. Its diet included turtles, large fish, other mosasaurs, and it may even have been a cannibal.","Nous n'en sommes pas sûrs, mais il se peut qu'il ait eu la langue fourchue. Son régime alimentaire comprenait des tortues, de gros poissons, d'autres mosasaures, et il se peut même qu'il ait été cannibale.","The word for this word is ""turtles"" and ""forage"" are the two most common words in the sentence.",0.3759366877938378,8.314930282616103,eng_Latn," We don't know for sure, but it may have had a forked tongue. Its diet included turtles, large fish, other mosasaurs, and it may even have been a cannibal.",1.7493948805845243,13.591692499558992,24.0,25.0
"Translate the following sentence from English to French:
Q: It also attacked anything that entered the water; even a giant dinosaur such as T. rex would be no match for it.
A:",It also attacked anything that entered the water; even a giant dinosaur such as T. rex would be no match for it.,Il attaquait également tout ce qui entrait dans l'eau ; même un dinosaure géant tel qu'un T. rex n'était pas de taille contre lui.,The French word for “big” is “big” and “big” is a noun.,0.8734513882715711,5.580378415125831,eng_Latn, It also attacked anything that entered the water; even a giant dinosaur such as T. rex would be no match for it.,1.7305532907791343,8.73330369105887,24.625,24.625
"Translate the following sentence from English to French:
Q: While most of their food would be familiar to us, Romans did have their share of strange or unusual feast items, including wild boar, peacock, snails, and a type of rodent called a dormouse
A:","While most of their food would be familiar to us, Romans did have their share of strange or unusual feast items, including wild boar, peacock, snails, and a type of rodent called a dormouse","Bien que les Romains consommaient de la nourriture que nous connaissons, ils mangeaient certains plats de fête étranges ou inhabituels, notamment des sangliers, des paons, des escargots ainsi que le loir, une sorte de rongeur.","The word dormouse is a French word, and it is a common name for a rodent that is not native to France.",0.5407910110214101,9.01089112492008,eng_Latn," While most of their food would be familiar to us, Romans did have their share of strange or unusual feast items, including wild boar, peacock, snails, and a type of rodent called a dormouse",4.052274753762239,16.450492447072826,17.625,24.25
"Translate the following sentence from English to French:
Q: Another difference was that while the poor people and the woman ate their food while sitting in chairs, the rich men liked to have banquets together where they would lounge on their sides while they ate their meals.
A:","Another difference was that while the poor people and the woman ate their food while sitting in chairs, the rich men liked to have banquets together where they would lounge on their sides while they ate their meals.","Autre différence : alors que les pauvres et la femme mangeaient leur nourriture en étant assis sur des chaises, les hommes riches aimaient organiser des banquets ensemble où ils se reposaient sur le côté pendant qu’ils prenaient leur repas.","The French word for banquets is <em>banquet</em>, and it is a French word that means “to eat together”.",2.2084832629622606,10.642849275161842,eng_Latn," Another difference was that while the poor people and the woman ate their food while sitting in chairs, the rich men liked to have banquets together where they would lounge on their sides while they ate their meals.",3.675637149587505,14.908925158498262,6.8125,17.375
"Translate the following sentence from English to French:
Q: Ancient Roman meals couldn't have included foods that came to Europe from America or from Asia in later centuries.
A:",Ancient Roman meals couldn't have included foods that came to Europe from America or from Asia in later centuries.,Les repas romains de l'Antiquité ne pouvaient pas inclure ces aliments d'origine américaine ou asiatique qui ont été introduits en Europe des siècles plus tard.,The answer is:,0.0,1.2396033269353806,eng_Latn, Ancient Roman meals couldn't have included foods that came to Europe from America or from Asia in later centuries.,0.0,2.221912188536613,25.0,25.0
"Translate the following sentence from English to French:
Q: For instance, they didn't have corn, nor tomatoes, nor potatoes, nor cocoa, and no ancient Roman ever tasted a turkey.
A:","For instance, they didn't have corn, nor tomatoes, nor potatoes, nor cocoa, and no ancient Roman ever tasted a turkey.","Par exemple, ils n'avaient pas de maïs, ni de tomates, ni de pommes de terre, ni de cacao, et aucun ancien Romain n'a jamais goûté de dinde.","The sentence is correct, but the question is:",0.1037427579584084,6.281000650060793,eng_Latn," For instance, they didn't have corn, nor tomatoes, nor potatoes, nor cocoa, and no ancient Roman ever tasted a turkey.",0.3444380863090734,7.784180573932275,20.875,25.0
"Translate the following sentence from English to French:
Q: The Babylonians built each of their gods a primary temple that was considered the home of the god.
A:",The Babylonians built each of their gods a primary temple that was considered the home of the god.,Les Babyloniens construisirent pour chacun de leurs dieux un temple principal qui était considéré comme la demeure du dieu.,"The primary building of the Babylonians was the Temple of Artemis, which was built in 586 BC.",3.1989743569759224,14.231902045057932,eng_Latn, The Babylonians built each of their gods a primary temple that was considered the home of the god.,9.59330328254962,35.90703018988062,16.625,24.5
"Translate the following sentence from English to French:
Q: People would bring sacrifices to the gods and the priests would try to attend to the needs of the gods through ceremonies and festivals.
A:",People would bring sacrifices to the gods and the priests would try to attend to the needs of the gods through ceremonies and festivals.,Les gens apportaient des sacrifices aux dieux et les prêtres essayaient de répondre aux besoins des dieux par le biais de cérémonies et de festivités.,"The French word for sacrifice is <i>sacrifice</i>, and it is used in the same sense as the word for ceremony.",0.9265508668935716,14.06838455443425,eng_Latn, People would bring sacrifices to the gods and the priests would try to attend to the needs of the gods through ceremonies and festivals.,1.6961343903963388,19.412908656895546,10.4375,15.25
"Translate the following sentence from English to French:
Q: Each temple had an open temple courtyard and then an inner sanctuary that only the priests could enter.
A:",Each temple had an open temple courtyard and then an inner sanctuary that only the priests could enter.,"Chaque temple avait une cour ouverte, puis un sanctuaire intérieur auquel seuls les prêtres pouvaient accéder.",The priest is the one who has to do the work of the temple.,1.4042387286444458,10.530883130094956,eng_Latn, Each temple had an open temple courtyard and then an inner sanctuary that only the priests could enter.,2.0289699885655788,16.43436225696114,10.4375,18.0
"Translate the following sentence from English to French:
Q: Sometimes special pyramid shaped towers, called ziggurats, were built to be a part of the temples.
A:","Sometimes special pyramid shaped towers, called ziggurats, were built to be a part of the temples.","Certaines tours pyramidales, les ziggourats, étaient parfois construites en tant qu’éléments d’un temple.",The tower is a symbol of the city of Jerusalem.,0.8986005341325619,6.815327114056219,eng_Latn," Sometimes special pyramid shaped towers, called ziggurats, were built to be a part of the temples.",2.882572276575902,14.412922886287449,22.5,23.875
"Translate the following sentence from English to French:
Q: The top of the tower was special sanctuary for the god.
A:",The top of the tower was special sanctuary for the god.,Le sommet de la tour était un sanctuaire spécial pour le dieu.,The top of the tower is a symbol of the French Revolution.,2.4617934274488045,9.956941555634927,eng_Latn, The top of the tower was special sanctuary for the god.,35.004827764973996,42.085065075265206,21.75,21.5
"Translate the following sentence from English to French:
Q: In the warm climate of the Middle East, the house was not so important.
A:","In the warm climate of the Middle East, the house was not so important.","Dans le climat chaud du Moyen-Orient, la maison n'était pas si importante.","In the past, the house was a place of refuge for the people of the Middle East.",2.055847707468329,11.849535802314511,eng_Latn," In the warm climate of the Middle East, the house was not so important.",28.52636439147137,54.32506802589497,9.5,16.375
"Translate the following sentence from English to French:
Q: Most of the life of the Hebrew family happened in the open air.
A:",Most of the life of the Hebrew family happened in the open air.,La majeure partie de la vie de la famille hébraïque se déroulait en plein air.,"The word open is used in the context of the Hebrew word for open space, which is the same as the word for ""home"".",0.0,10.3052448495335,eng_Latn, Most of the life of the Hebrew family happened in the open air.,10.682827247639555,35.856894441242765,8.375,13.9375
"Translate the following sentence from English to French:
Q: Women did the cooking in the yard; stores were just open counters looking into the street. Stone was used for building houses.
A:",Women did the cooking in the yard; stores were just open counters looking into the street. Stone was used for building houses.,Les femmes cuisinaient dans la cour ; les magasins n'étaient que des comptoirs ouverts donnant sur la rue. Les maisons étaient bâties en pierres.,"The word stone is a French word that means ""stone"" in the dictionary.",0.5984667153665714,7.655501726455322,eng_Latn, Women did the cooking in the yard; stores were just open counters looking into the street. Stone was used for building houses.,2.727406917825448,13.808061856113166,23.625,24.0
"Translate the following sentence from English to French:
Q: There were no large forests in the land of Canaan, so wood was extremely expensive.
A:","There were no large forests in the land of Canaan, so wood was extremely expensive.","Comme il n'y avait pas de grandes forêts en terre de Canaan, le bois était extrêmement cher.","The word ""costume"" is a translation of the word ""costume"" into French.",1.5560309550847944,10.018099779929214,eng_Latn," There were no large forests in the land of Canaan, so wood was extremely expensive.",2.664321121388895,14.462869044656845,25.0,24.875
"Translate the following sentence from English to French:
Q: Greenland was settled sparsely. In the Norse sagas they say that Erik the Red was exiled from Iceland for murder, and when travelling further west, found Greenland and named it Greenland.
A:","Greenland was settled sparsely. In the Norse sagas they say that Erik the Red was exiled from Iceland for murder, and when travelling further west, found Greenland and named it Greenland.","Le Groenland a été peu peuplé. Dans les sagas scandinaves, on raconte qu’Erik le Rouge a été exilé d’Islande pour meurtre qu’il a trouvé le Groenland — et l’a nommé ainsi — en voyageant plus à l’ouest.","Greenland is a land of 100,000 square miles of land, and it is the largest island in the world. Greenland is a place of great natural beauty, but also a place of great crime.",0.7672623473744801,16.94726922915318,eng_Latn," Greenland was settled sparsely. In the Norse sagas they say that Erik the Red was exiled from Iceland for murder, and when travelling further west, found Greenland and named it Greenland.",3.3399413335488473,22.87740591933612,18.875,25.0
"Translate the following sentence from English to French:
Q: But regardless of his discovery, Eskimo tribes were already living there at the time.
A:","But regardless of his discovery, Eskimo tribes were already living there at the time.","Mais indépendamment de sa découverte, des tribus esquimaudes y vivaient déjà à l’époque.","The word ""tribe"" is a bit of a misnomer. Eskies are a different species from the other tribes.",1.6504045595709422,12.004780774957421,eng_Latn," But regardless of his discovery, Eskimo tribes were already living there at the time.",3.4901807086831904,21.82684856208071,16.75,25.0
"Translate the following sentence from English to French:
Q: Though each country was 'Scandinavian', there were many differences between the people, kings, customs and history of Denmark, Sweden, Norway and Iceland.
A:","Though each country was 'Scandinavian', there were many differences between the people, kings, customs and history of Denmark, Sweden, Norway and Iceland.","Bien que chaque pays soit « scandinave », il existe de nombreuses différences entre les peuples, les rois, les coutumes et l'histoire du Danemark, de la Suède, de la Norvège, et de l'Islande.",,0.0,0.0,eng_Latn," Though each country was 'Scandinavian', there were many differences between the people, kings, customs and history of Denmark, Sweden, Norway and Iceland.",0.0,0.0,15.75,16.5
"Translate the following sentence from English to French:
Q: If you have watched the movie National Treasure, you may think a treasure map was written on the back of the Declaration of Independence.
A:","If you have watched the movie National Treasure, you may think a treasure map was written on the back of the Declaration of Independence.","Si vous avez vu le film Benjamin Gates et le Trésor des Templiers, vous pensez peut-être qu'une carte au trésor a été dessinée au dos de la Déclaration d'indépendance.",True,0.0,0.8945418062365487,eng_Latn," If you have watched the movie National Treasure, you may think a treasure map was written on the back of the Declaration of Independence.",0.0,1.0894567152687549,24.375,20.75
"Translate the following sentence from English to French:
Q: However, that is not true. Although there is something written on the back of the document, it is not a treasure map.
A:","However, that is not true. Although there is something written on the back of the document, it is not a treasure map.","Cependant, ce n'est pas vrai. Bien qu'il y ait une inscription au dos du document, ce n'est pas une carte au trésor.",The word treasure is a word that is used in the same sense as the word map.,0.9192680991983538,9.938914600532026,eng_Latn," However, that is not true. Although there is something written on the back of the document, it is not a treasure map.",5.229958345769383,22.138521811267566,10.3125,22.25
"Translate the following sentence from English to French:
Q: Written on the back of the Declaration of Independence were the words ""Original Declaration of Independence dated 4th July 1776"". The text appears on the bottom of the document, upside down.
A:","Written on the back of the Declaration of Independence were the words ""Original Declaration of Independence dated 4th July 1776"". The text appears on the bottom of the document, upside down.","Au dos de la Déclaration d'indépendance, on pouvait lire les mots « Déclaration d'indépendance originale datée du 4 juillet 1776 ». Le texte se trouve au bas du document, à l'envers.","The original text of the Declaration of Independence was written in French, and the French version of the document is now in the public domain. The French version of the document is also used in the United States.",0.9867531482394951,21.38267917171174,eng_Latn," Written on the back of the Declaration of Independence were the words ""Original Declaration of Independence dated 4th July 1776"". The text appears on the bottom of the document, upside down.",17.236672099144293,41.72328390087302,20.75,25.0
"Translate the following sentence from English to French:
Q: While no one knows for certain who wrote it, it is known that early in its life, the large parchment document (it measures 29¾ inches by 24½ inches) was rolled up for storage.
A:","While no one knows for certain who wrote it, it is known that early in its life, the large parchment document (it measures 29¾ inches by 24½ inches) was rolled up for storage.","Bien que personne ne sache vraiment qui l'a rédigé, on sait qu'à un stade précoce de son existence, le grand parchemin (qui mesure environ 29 pouces trois quarts sur 24 pouces) était entreposé roulé.",The French word for “paper” is “paper” and it is a very important word in French. It is the word that is used to describe the document.,0.59632636537897,10.714674172097299,eng_Latn," While no one knows for certain who wrote it, it is known that early in its life, the large parchment document (it measures 29¾ inches by 24½ inches) was rolled up for storage.",2.18124640561015,17.793812228818812,20.5,25.0
"Translate the following sentence from English to French:
Q: So, it is likely that the notation was added simply as a label.
A:","So, it is likely that the notation was added simply as a label.",Il est donc probable que la notation a été ajoutée simplement comme une étiquette.,"Yes, it is true.",0.6662591348749398,4.4484121805521575,eng_Latn," So, it is likely that the notation was added simply as a label.",6.132184825737388,11.78599222024735,6.5625,18.5
"Translate the following sentence from English to French:
Q: The D-Day landings and the following battles had freed the north of France, but the south still wasn't free.
A:","The D-Day landings and the following battles had freed the north of France, but the south still wasn't free.","Le débarquement du jour J et les batailles suivantes ont libéré le nord de la France, mais le sud n'était toujours pas libre.",The French army was defeated in the Battle of the Atlantic in 1945.,0.0,8.476475893453642,eng_Latn," The D-Day landings and the following battles had freed the north of France, but the south still wasn't free.",1.477454763652798,16.09267600532674,19.625,24.375
"Translate the following sentence from English to French:
Q: It was ruled by the ""Vichy"" French. These were French people who had made peace with the Germans in 1940 and worked with the invaders instead of fighting them.
A:","It was ruled by the ""Vichy"" French. These were French people who had made peace with the Germans in 1940 and worked with the invaders instead of fighting them.","Elle était gouvernée par les Français de Vichy, des Français qui ont fait la paix avec les Allemands en 1940 et ont collaboré avec l'occupant au lieu de l'affronter.",The Vichy people were the French government's allies in the war.,0.8920099321591137,9.590001028046698,eng_Latn," It was ruled by the ""Vichy"" French. These were French people who had made peace with the Germans in 1940 and worked with the invaders instead of fighting them.",1.0057822025783396,17.120890617637002,15.3125,22.375
"Translate the following sentence from English to French:
Q: On 15 August 1940, the Allies invaded southern France, the invasion was called ""Operation Dragoon"".
A:","On 15 August 1940, the Allies invaded southern France, the invasion was called ""Operation Dragoon"".","Le 15 août 1940, les Alliés débarquèrent dans le sud de la France, une invasion appelée Opération « Dragoon ».","The French army was in a position to fight the invasion, but the Allies were in a position to protect it.",2.642704164235247,16.986733239989725,eng_Latn," On 15 August 1940, the Allies invaded southern France, the invasion was called ""Operation Dragoon"".",10.132393619864414,27.926570277288405,13.9375,21.75
"Translate the following sentence from English to French:
Q: In just two weeks the Americans and Free French forces had liberated southern France and were turning towards Germany.
A:",In just two weeks the Americans and Free French forces had liberated southern France and were turning towards Germany.,"En à peine deux semaines, les Américains et les Forces de la France Libre avaient libéré le sud de la France et se dirigeaient vers l'Allemagne.",The French army was in the process of withdrawing from the area and the Americans were in the process of building a bridge across the Rhine.,1.0164495971872436,13.502542557201153,eng_Latn, In just two weeks the Americans and Free French forces had liberated southern France and were turning towards Germany.,3.2677968802443296,26.604386403041364,18.375,22.375
"Translate the following sentence from English to French:
Q: A civilization is a singular culture shared by a significant large group of people who live and work co-operatively, a society.
A:","A civilization is a singular culture shared by a significant large group of people who live and work co-operatively, a society.","Une civilisation est une culture singulière partagée par un groupe important de personnes qui vivent et travaillent en coopération, une société.","The French word for civilization is <i>culture</i>, and it is a noun.",1.3643952159913204,12.818672564353548,eng_Latn," A civilization is a singular culture shared by a significant large group of people who live and work co-operatively, a society.",6.694944515136292,23.08991022738118,8.75,16.0
"Translate the following sentence from English to French:
Q: The word civilization comes from the Latin civilis, meaning civil, related to the Latin civis, meaning citizen, and civitas, meaning city or city-state, and that also somehow defines the size of the society.
A:","The word civilization comes from the Latin civilis, meaning civil, related to the Latin civis, meaning citizen, and civitas, meaning city or city-state, and that also somehow defines the size of the society.","Le terme « civilisation » est dérivé du mot latin « civilis », qui signifie civil et qui est apparenté aux mots latins « civis », qui signifie citoyen, et « civitas », qui veut dire grande ville ou ville-État et qui indique aussi, en quelque sorte, la taille de la société à laquelle il se rapporte.","The word civilization is a word that has been around for a long time and is used in a variety of contexts. It is a word that is used in the French language to describe the city of Paris, the French capital.",0.4013477925703825,12.484334997884208,eng_Latn," The word civilization comes from the Latin civilis, meaning civil, related to the Latin civis, meaning citizen, and civitas, meaning city or city-state, and that also somehow defines the size of the society.",6.3781489858144225,26.286454247118822,21.625,22.375
"Translate the following sentence from English to French:
Q: City-states are the precursors of nations. A civilizational culture implies the passing on of knowledge across several generations, a lingering cultural footprint and fair dissemination.
A:","City-states are the precursors of nations. A civilizational culture implies the passing on of knowledge across several generations, a lingering cultural footprint and fair dissemination.","Les villes-États sont les précurseurs des nations. Une culture civilisationnelle implique la transmission des connaissances sur plusieurs générations, une empreinte culturelle durable et une diffusion équitable.","The French word for city is city, and the French word for culture is culture.",0.48594767586696724,9.548838860082626,eng_Latn," City-states are the precursors of nations. A civilizational culture implies the passing on of knowledge across several generations, a lingering cultural footprint and fair dissemination.",0.8334486287375275,12.644465149494266,16.5,23.375
"Translate the following sentence from English to French:
Q: Minor cultures often vanish without leaving relevant historic evidence and fail to be recognized as proper civilizations.
A:",Minor cultures often vanish without leaving relevant historic evidence and fail to be recognized as proper civilizations.,Les cultures minoritaires disparaissent souvent sans laisser de traces historiques pertinentes et ne sont pas reconnues comme de véritables civilisations.,"The French word for this phrase is ""minority"" and it is used to describe the lack of cultural diversity in the world.",1.1575883559784739,15.237169601744585,eng_Latn, Minor cultures often vanish without leaving relevant historic evidence and fail to be recognized as proper civilizations.,1.7574239156849023,18.329358788504248,12.375,20.0
"Translate the following sentence from English to French:
Q: During the Revolutionary War, the thirteen states first formed a weak central government—with the Congress being its only component—under the Articles of Confederation.
A:","During the Revolutionary War, the thirteen states first formed a weak central government—with the Congress being its only component—under the Articles of Confederation.","Pendant la guerre révolutionnaire, les treize États ont d’abord formé un gouvernement central faible — le Congrès étant sa seule composante — en vertu des articles de la Confédération.",The French Revolution and the Napoleonic Wars were the two most important events in the history of the United States.,0.6649588796520683,13.141256298407267,eng_Latn," During the Revolutionary War, the thirteen states first formed a weak central government—with the Congress being its only component—under the Articles of Confederation.",1.6283030045726679,20.843373096105182,21.125,25.0
"Translate the following sentence from English to French:
Q: Congress lacked any power to impose taxes, and, because there was no national executive or judiciary, it relied on state authorities, who were often uncooperative, to enforce all its acts.
A:","Congress lacked any power to impose taxes, and, because there was no national executive or judiciary, it relied on state authorities, who were often uncooperative, to enforce all its acts.","Le Congrès n’avait pas le pouvoir d’imposer des taxes et, comme il n’y avait pas de pouvoir exécutif ou judiciaire national, il s’en remettait aux autorités de l’État, souvent peu coopératives, pour faire appliquer tous ses actes.","The French government has a lot of power in the area of taxation, but it is not the same as the Congress. The French government has a lot of power to enforce the laws of the land, but it is also a bit of a challenge to enforce the laws of the country.",0.7319266923158841,15.309084318228786,eng_Latn," Congress lacked any power to impose taxes, and, because there was no national executive or judiciary, it relied on state authorities, who were often uncooperative, to enforce all its acts.",3.3646995257798435,26.21531120504605,17.125,22.5
"Translate the following sentence from English to French:
Q: It also had no authority to override tax laws and tariffs between states.
A:",It also had no authority to override tax laws and tariffs between states.,Il n'avait pas non plus le pouvoir de déroger aux lois fiscales ni à celles sur les droits de douane entre les États.,"The French government has the power to impose tariffs on the United States, but it has no authority to override the laws of the United States.",1.1599713834969503,13.12724791510156,eng_Latn, It also had no authority to override tax laws and tariffs between states.,16.995165296029043,43.3387742546622,9.875,17.875
"Translate the following sentence from English to French:
Q: The Articles required unanimous consent from all the states before they could be amended and states took the central government so lightly that their representatives were often absent.
A:",The Articles required unanimous consent from all the states before they could be amended and states took the central government so lightly that their representatives were often absent.,Les articles nécessitaient le consentement unanime de tous les États avant de pouvoir être amendés et les États prenaient le gouvernement central tellement à la légère que leurs représentants étaient souvent absents.,"The French word for unanimous consent is <em>laissez-faire</em>, which means to allow a government to act in a way that is beneficial to the people.",1.1203512144857795,12.969363063227648,eng_Latn, The Articles required unanimous consent from all the states before they could be amended and states took the central government so lightly that their representatives were often absent.,7.232031895361327,24.913977854515625,8.25,13.75
"Translate the following sentence from English to French:
Q: Italy's national football, along with German national football team is the second most successful team in the world and were the FIFA World Cup champions in 2006.
A:","Italy's national football, along with German national football team is the second most successful team in the world and were the FIFA World Cup champions in 2006.","L'équipe nationale italienne de football est, avec l'équipe nationale allemande, la deuxième équipe la plus titrée du monde et elle a remporté la Coupe du monde de la FIFA en 2006.",The French team is the third best team in the world.,0.0,4.91102980894897,eng_Latn," Italy's national football, along with German national football team is the second most successful team in the world and were the FIFA World Cup champions in 2006.",5.79120686046142,21.21373811200691,21.375,21.5
"Translate the following sentence from English to French:
Q: Popular sports include football, basketball, volleyball, water-polo, fencing, rugby, cycling, ice hockey, roller hockey and F1 motor racing.
A:","Popular sports include football, basketball, volleyball, water-polo, fencing, rugby, cycling, ice hockey, roller hockey and F1 motor racing.","Parmi les sports populaires figurent le football, le basket-ball, le volley-ball, le water-polo, l'escrime, le rugby, le cyclisme, le hockey sur glace, le roller hockey et la Formule 1.",The French word for the word “sport” is “sport” and the word “fencing” is “fencing”.,0.0,6.392258679189693,eng_Latn," Popular sports include football, basketball, volleyball, water-polo, fencing, rugby, cycling, ice hockey, roller hockey and F1 motor racing.",1.2104217351859368,11.773764320552885,15.375,20.875
"Translate the following sentence from English to French:
Q: Winter sports are most popular in the Northern regions, with Italians competing in international games and Olympic events.
A:","Winter sports are most popular in the Northern regions, with Italians competing in international games and Olympic events.","Les sports d'hiver sont les plus populaires dans les régions du Nord, les Italiens participant à des jeux internationaux et à des événements olympiques.",The French word for winter sports is “winter” and “winter” is a word that is used in the same sentence as winter.,1.0668841575599954,13.291581422656199,eng_Latn," Winter sports are most popular in the Northern regions, with Italians competing in international games and Olympic events.",3.016200863100729,23.221247250669855,22.375,20.75
"Translate the following sentence from English to French:
Q: Japans holds nearly 7,000 islands (the biggest being Honshu), making Japan the 7th largest island in the world!
A:","Japans holds nearly 7,000 islands (the biggest being Honshu), making Japan the 7th largest island in the world!","Le Japon compte près de 7 000 îles (la plus grande étant Honshu), ce qui en fait la 7e plus grande île au monde !","The word island is a bit of a mouthful for the French, but it is a word that is used in a very positive way.",0.0,9.14759472968097,eng_Latn," Japans holds nearly 7,000 islands (the biggest being Honshu), making Japan the 7th largest island in the world!",1.8884748972625875,16.007023358035664,25.0,25.0
"Translate the following sentence from English to French:
Q: Due to the cluster/group of islands Japan has, Japan is often referred to, on a geographical stance, as an ""archipelago""
A:","Due to the cluster/group of islands Japan has, Japan is often referred to, on a geographical stance, as an ""archipelago""","En raison du groupe d'îles qui le composent, le Japon est souvent désigné, d'un point de vue géographique, comme un « archipel ».","The word ""archipelago"" is derived from the French word ""arch"" meaning ""island"" and ""o"" in the word ""island""",0.0,11.676543802816424,eng_Latn," Due to the cluster/group of islands Japan has, Japan is often referred to, on a geographical stance, as an ""archipelago""",13.587433852985397,20.870756250345927,8.4375,13.1875
"Translate the following sentence from English to French:
Q: Taiwan beginning start way back in 15th century where European sailors passing by record the island’s name as Ilha Formosa, or beautiful island.
A:","Taiwan beginning start way back in 15th century where European sailors passing by record the island’s name as Ilha Formosa, or beautiful island.","Les premières informations concernant Taïwan remontent au XVe siècle, tandis que des navigateurs européens passant par là en firent mention sous le nom d’Ilha Formosa, ou « belle île ».",Illyes is a French word that means “beautiful” and it is the name of the island. Ilk is a word that is used in the context of the island’s history and culture. Ilse is a word that is used to describe the people of the island. Ilse is a word that is used to describe the culture. Il is the name of the country. Il is the name of the people. Il is the word that is used to describe the food and the people,0.4630161453920091,14.03608903316276,eng_Latn," Taiwan beginning start way back in 15th century where European sailors passing by record the island’s name as Ilha Formosa, or beautiful island.",2.8986377179120186,22.91298914296649,23.75,25.0
"Translate the following sentence from English to French:
Q: In 1624,Dutch East India Company establishes a base in southwestern Taiwan, initiating a transformation in aboriginal grain production practices and employing Chinese laborers to work on its rice and sugar plantations.
A:","In 1624,Dutch East India Company establishes a base in southwestern Taiwan, initiating a transformation in aboriginal grain production practices and employing Chinese laborers to work on its rice and sugar plantations.","En 1624, la Dutch East India Company établit une base dans le sud-ouest de Taïwan, introduisant une transformation des pratiques autochtones de production de céréales et employant des ouvriers chinois pour travailler dans ses plantations de riz et de sucre.","The company’s founder, John D. Rockefeller, was a pioneer of the oil industry in the United States, and he was the first person to set foot in Taiwan. He was the first to set up a company in Taiwan, and he was the first to set up a trade. He was the first to set a record for the number of people he hired. He was the first to set a price on the price of his goods. He was the first to set up a trade.",0.406253856518334,17.136030906282244,eng_Latn," In 1624,Dutch East India Company establishes a base in southwestern Taiwan, initiating a transformation in aboriginal grain production practices and employing Chinese laborers to work on its rice and sugar plantations.",1.0463106981160941,21.223018751179104,25.0,25.0
"Translate the following sentence from English to French:
Q: In 1683, Qing dynasty (1644-1912) forces take control of Taiwan’s western and northern coastal areas and declared Taiwan as a province of the Qing Empire in 1885.
A:","In 1683, Qing dynasty (1644-1912) forces take control of Taiwan’s western and northern coastal areas and declared Taiwan as a province of the Qing Empire in 1885.","En 1683, les forces de la dynastie Qing (1644-1912) prennent le contrôle des zones côtières occidentale et septentrionale de Taïwan et la déclarent province de l'Empire Qing en 1885.","The Qing government in Taiwan has been in the news a lot lately, and the government of Taiwan has been in the news a lot of the time. The Qing government has been in the news for a long time, but it is not the first time that the government of Taiwan has been in a state of crisis.",0.6728248038139729,14.564011376231825,eng_Latn," In 1683, Qing dynasty (1644-1912) forces take control of Taiwan’s western and northern coastal areas and declared Taiwan as a province of the Qing Empire in 1885.",2.0122155007172626,21.70801785215305,18.375,21.25
"Translate the following sentence from English to French:
Q: In 1895, after defeat in the First Sino-Japanese War (1894-1895), the Qing government signs the Treaty of Shimonoseki, by which it cedes sovereignty over Taiwan to Japan, which rules the island until 1945.
A:","In 1895, after defeat in the First Sino-Japanese War (1894-1895), the Qing government signs the Treaty of Shimonoseki, by which it cedes sovereignty over Taiwan to Japan, which rules the island until 1945.","En 1895, après sa défaite lors de la première guerre sino-japonaise (1894–1895), le gouvernement Qing signe le traité de Shimonoseki, par lequel il cède la souveraineté de Taïwan au Japon, qui dirige alors l'île jusqu'en 1945.","The treaty was signed on 15th January 1946, and the date of the treaty is the same as the date of the first wave of the COVID-19 pandemic.",0.0,9.527777703192736,eng_Latn," In 1895, after defeat in the First Sino-Japanese War (1894-1895), the Qing government signs the Treaty of Shimonoseki, by which it cedes sovereignty over Taiwan to Japan, which rules the island until 1945.",0.9872431620638188,16.244183452954772,21.25,23.75
"Translate the following sentence from English to French:
Q: Machu Picchu consist of three main structures, namely Intihuatana, the Temple of the Sun, and the Room of the Three Windows.
A:","Machu Picchu consist of three main structures, namely Intihuatana, the Temple of the Sun, and the Room of the Three Windows.","Le Machu Picchu est composé de trois structures principales, à savoir l'Intihuatana, le temple du soleil et la salle des trois fenêtres.","The Inca people built the Machu-Picasso complex in 1550, and the French built the same in 1859. The two buildings are the same size, but the Inca and the French have different names.",2.0269923170348023,17.021260413688992,eng_Latn," Machu Picchu consist of three main structures, namely Intihuatana, the Temple of the Sun, and the Room of the Three Windows.",2.952264273703076,23.051102998599657,15.5,20.875
"Translate the following sentence from English to French:
Q: Most of the buildings on the edges of the complex have been rebuilt in order to give tourists a better idea of how they originally appeared.
A:",Most of the buildings on the edges of the complex have been rebuilt in order to give tourists a better idea of how they originally appeared.,La plupart des bâtiments limitrophes du complexe ont été reconstruits afin d'offrir aux touristes un meilleur aperçu de leur aspect originel.,,0.0,0.0,eng_Latn, Most of the buildings on the edges of the complex have been rebuilt in order to give tourists a better idea of how they originally appeared.,0.0,0.0,24.5,21.875
"Translate the following sentence from English to French:
Q: By 1976, thirty percent of Machu Picchu had been restored and restoration continues till today.
A:","By 1976, thirty percent of Machu Picchu had been restored and restoration continues till today.","En 1976, trente pour cent du Machu Picchu avait été restauré et cette restauration se poursuit jusqu'à aujourd'hui.","The word Machu Picchu is a French word meaning the same thing as the word Machu-yuri, which is a word that is used in the same sentence as restoration.",6.714082273626723,21.652596019629623,eng_Latn," By 1976, thirty percent of Machu Picchu had been restored and restoration continues till today.",7.498217612206666,27.86641030510285,23.125,24.25
"Translate the following sentence from English to French:
Q: For example, the most common still image photography format in the world is 35mm, which was the dominant film size at the close of the analog film era.
A:","For example, the most common still image photography format in the world is 35mm, which was the dominant film size at the close of the analog film era.","Par exemple, le format de photographie le plus courant au monde est le 35 mm ; c'était le format de pellicule le plus répandu à la fin de l'ère des films analogiques.","The same applies to the 1960s and 1970s, when the format was used for the first time.",0.8362467544400669,11.23184991349956,eng_Latn," For example, the most common still image photography format in the world is 35mm, which was the dominant film size at the close of the analog film era.",1.7040246878234258,15.421797305244676,17.375,23.25
"Translate the following sentence from English to French:
Q: It is still produced today, but more importantly its aspect ratio has been inherited by digital camera image sensor formats.
A:","It is still produced today, but more importantly its aspect ratio has been inherited by digital camera image sensor formats.","C'est encore fabriqué aujourd'hui, mais ce qui importe est que son format d'image est hérité du format du capteur photographique des caméras numériques.",The answer to this question is: yes.,0.15219708843171653,5.604479549764052,eng_Latn," It is still produced today, but more importantly its aspect ratio has been inherited by digital camera image sensor formats.",0.9582701933258967,7.019185295742747,19.375,23.625
"Translate the following sentence from English to French:
Q: The 35mm format is actually, somewhat confusingly, 36mm in width by 24mm in height.
A:","The 35mm format is actually, somewhat confusingly, 36mm in width by 24mm in height.","Le format 35 mm est en fait, et c’est assez déconcertant, de 36 mm de largeur par 24 mm de hauteur.","The 3D format is a bit more complicated, but it is also a more efficient format for film production.",1.4836287124017802,14.104829678185423,eng_Latn," The 35mm format is actually, somewhat confusingly, 36mm in width by 24mm in height.",3.640269476826553,20.38259100300306,22.125,25.0
"Translate the following sentence from English to French:
Q: The aspect ratio of this format (dividing by twelve to obtain the simplest whole-number ratio) is therefore said to be 3:2.
A:",The aspect ratio of this format (dividing by twelve to obtain the simplest whole-number ratio) is therefore said to be 3:2.,On dit donc que le rapport d'aspect de ce format (en divisant par douze pour obtenir le plus simple des rapports de nombres entiers) est de 3:2.,3.0000,0.0,0.2988643156007173,arb_Arab, نسبة الأبعاد الخاصة بهذه الصورة تكون (عند القسمة على 12 للحصول على النسبة لأبسط عدد صحيح) إذن ستكون 3:2.,0.0,0.40816326530612246,23.125,21.875
"Translate the following sentence from English to French:
Q: Many common formats (APS family of formats, for example) are equal to or closely approximate this aspect ratio.
A:","Many common formats (APS family of formats, for example) are equal to or closely approximate this aspect ratio.","De nombreux formats courants (famille de formats APS, par exemple) sont égaux à ce rapport d’aspect ou s’en approchent de près.",The APS format is a standard format for printing and is used by many companies.,1.6542559171734694,14.38019071898125,eng_Latn," Many common formats (APS family of formats, for example) are equal to or closely approximate this aspect ratio.",1.621725856092832,19.03759406380922,2.515625,14.9375
"Translate the following sentence from English to French:
Q: The much-abused and often-ridiculed rule of thirds is a simple guideline creating dynamism while keeping a measure of order in an image.
A:",The much-abused and often-ridiculed rule of thirds is a simple guideline creating dynamism while keeping a measure of order in an image.,"La règle des tiers, fort maltraitée et souvent tournée en ridicule, est une simple directive suscitant le dynamisme tout en offrant une protection à l’image.",The rule of thirds is a technique that is used to create a sense of balance in the image. It is a way to create a sense of proportion in a landscape. It is also a way to create a sense of movement in a painting.,0.70027739171007,16.396324093775487,eng_Latn, The much-abused and often-ridiculed rule of thirds is a simple guideline creating dynamism while keeping a measure of order in an image.,10.738497851825159,30.44352184881842,4.65625,8.4375
"Translate the following sentence from English to French:
Q: It states that the most effective place for the main subject is at the intersection of lines dividing the image into thirds vertically and horizontally (see example).
A:",It states that the most effective place for the main subject is at the intersection of lines dividing the image into thirds vertically and horizontally (see example).,Il indique que l'endroit le plus efficace pour le sujet principal se trouve à l'intersection des lignes divisant l'image en tiers verticalement et horizontalement (voir exemple).,The answer is:,0.0,1.3053527697696765,eng_Latn, It states that the most effective place for the main subject is at the intersection of lines dividing the image into thirds vertically and horizontally (see example).,0.005358538320766078,2.167942082741612,24.875,24.75
"Translate the following sentence from English to French:
Q: During this period of European history, the Catholic Church, which had become rich and powerful, came under scrutiny.
A:","During this period of European history, the Catholic Church, which had become rich and powerful, came under scrutiny.","Pendant cette période de l'histoire européenne, l'Église catholique, qui était devenue riche et puissante, a été remise en question.","The French government, which had been in power for a long time, was in a state of crisis.",1.2573054874229257,12.215811394038834,eng_Latn," During this period of European history, the Catholic Church, which had become rich and powerful, came under scrutiny.",6.9691031830570935,23.063399591737454,20.375,24.125
"Translate the following sentence from English to French:
Q: For over a thousand years the Christian religion had bound European states together despite differences in language and customs. I
A:",For over a thousand years the Christian religion had bound European states together despite differences in language and customs. I,"Pendant plus d'un millier d'années, la religion chrétienne a lié les États européens entre eux malgré les différences de langue et de coutumes.",I am a French citizen and I am a member of the French language community. I am a member of the French community and I am a Christian. I am a Christian and I am a member of the same community.,0.9668670750672484,12.640713279941046,eng_Latn, For over a thousand years the Christian religion had bound European states together despite differences in language and customs. I,2.2241100841129926,23.22885064182054,19.875,22.375
"Translate the following sentence from English to French:
Q: Its all-pervading power affected everyone from king to commoner.
A:",Its all-pervading power affected everyone from king to commoner.,"Son pouvoir omniprésent touchait tout le monde, du roi au roturier.","It is a sentence that is used in the context of a sentence in the book, but it is also used in a sentence in the French language.",1.4763939041893883,11.441099009745706,eng_Latn, Its all-pervading power affected everyone from king to commoner.,1.2414943415352928,11.341550930416465,22.375,20.75
"Translate the following sentence from English to French:
Q: One of the main Christian tenets is that wealth should be used to alleviate suffering and poverty and that the monetary funds of the church are there specifically for that reason.
A:",One of the main Christian tenets is that wealth should be used to alleviate suffering and poverty and that the monetary funds of the church are there specifically for that reason.,L'un des principaux principes chrétiens est que la richesse doit être utilisée pour soulager la souffrance et la pauvreté et que les fonds monétaires de l'église sont là spécifiquement pour cette raison.,The French version of this statement is: “The Church of England is a Christian organization that is not a “wealthy” organization. It is a “poor” organization.,0.7255197117520049,10.997812456393213,eng_Latn, One of the main Christian tenets is that wealth should be used to alleviate suffering and poverty and that the monetary funds of the church are there specifically for that reason.,1.5167145487126126,19.823060612806433,14.625,20.625
"Translate the following sentence from English to French:
Q: The central authority of the church had been in Rome for over a thousand years and this concentration of power and money led many to question whether this tenet was being met.
A:",The central authority of the church had been in Rome for over a thousand years and this concentration of power and money led many to question whether this tenet was being met.,L'autorité centrale de l'église était à Rome depuis plus de 1000 ans et cette concentration de pouvoir et d'argent a conduit beaucoup de gens à se demander si cette doctrine était respectée.,"The French government has a long history of being in charge of the Vatican City, and the Vatican has a long history of being in the center of the world.",0.9781738446821336,11.666387743601504,eng_Latn, The central authority of the church had been in Rome for over a thousand years and this concentration of power and money led many to question whether this tenet was being met.,3.2749803372262556,23.256962189738285,23.625,25.0
"Translate the following sentence from English to French:
Q: Soon after the outbreak of hostilities, Britain initiated a naval blockade of Germany.
A:","Soon after the outbreak of hostilities, Britain initiated a naval blockade of Germany.","Peu après le début des hostilités, la Grande-Bretagne a mis en place un blocus naval contre l’Allemagne.",The French and the British have been in conflict for 100 years.,0.9743537658832057,9.247556564078652,eng_Latn," Soon after the outbreak of hostilities, Britain initiated a naval blockade of Germany.",2.1440371673287992,12.927402747822583,25.0,24.5
"Translate the following sentence from English to French:
Q: The strategy proved effective, cutting off vital military and civilian supplies, although this blockade violated generally accepted international law codified by several international agreements of the past two centuries.
A:","The strategy proved effective, cutting off vital military and civilian supplies, although this blockade violated generally accepted international law codified by several international agreements of the past two centuries.","Cette stratégie s'est avérée efficace, coupant les approvisionnements militaires et civils vitaux, bien que ce blocus ait violé le droit international généralement accepté et codifié par plusieurs accords internationaux des deux derniers siècles.",The French government was able to cut the supply of the French army and the French economy to the point where it was no longer able to support the war.,0.5184397317480858,9.647184852663251,eng_Latn," The strategy proved effective, cutting off vital military and civilian supplies, although this blockade violated generally accepted international law codified by several international agreements of the past two centuries.",2.4388190351944674,15.889098230800533,15.3125,21.5
"Translate the following sentence from English to French:
Q: Britain mined international waters to prevent any ships from entering entire sections of ocean, causing danger to even neutral ships.
A:","Britain mined international waters to prevent any ships from entering entire sections of ocean, causing danger to even neutral ships.","La Grande-Bretagne mina les eaux internationales afin d'empêcher les navires de s'aventurer dans des zones maritimes entières, représentant ainsi une menace même pour les navires neutres.",The French government has a similar policy in place for the past 100 years.,0.25483861853061457,7.293410422562258,eng_Latn," Britain mined international waters to prevent any ships from entering entire sections of ocean, causing danger to even neutral ships.",1.1046647154442828,9.812948565456383,21.0,22.25
"Translate the following sentence from English to French:
Q: Since there was limited response to this tactic, Germany expected a similar response to its unrestricted submarine warfare.
A:","Since there was limited response to this tactic, Germany expected a similar response to its unrestricted submarine warfare.","Comme cette tactique n'a suscité qu'une timide réaction, l'Allemagne s'attendait à une réaction semblable face à sa guerre sous-marine sans limites.",The French government has a different view of the situation.,0.20434856011961966,6.9571321786834925,eng_Latn," Since there was limited response to this tactic, Germany expected a similar response to its unrestricted submarine warfare.",1.139754884224752,9.165598561496749,22.375,23.375
"Translate the following sentence from English to French:
Q: During the 1920s, the prevailing attitudes of most citizens and nations was that of pacifism and isolation.
A:","During the 1920s, the prevailing attitudes of most citizens and nations was that of pacifism and isolation.","Pendant les années 20, la plupart des citoyens et des nations montraient un penchant pour le pacifisme et l’isolement.",,0.0,0.0,eng_Latn," During the 1920s, the prevailing attitudes of most citizens and nations was that of pacifism and isolation.",0.0,0.0,20.625,17.0
"Translate the following sentence from English to French:
Q: After seeing the horrors and atrocities of war during World War I, nations desired to avoid such a situation again in the future.
A:","After seeing the horrors and atrocities of war during World War I, nations desired to avoid such a situation again in the future.","Après avoir vu les horreurs et les atrocités de la guerre pendant la Première Guerre mondiale, les nations ont souhaité éviter qu’une telle situation ne se reproduise à l’avenir.","The French government, in its efforts to prevent the war from happening again, created the Paris Peace Accords.",0.7220561513814495,10.15757076634269,eng_Latn," After seeing the horrors and atrocities of war during World War I, nations desired to avoid such a situation again in the future.",2.01927674643764,18.816201951154042,10.375,17.125
"Translate the following sentence from English to French:
Q: In 1884, Tesla moved to the United States of America to accept a job with the Edison Company in New York City.
A:","In 1884, Tesla moved to the United States of America to accept a job with the Edison Company in New York City.","En 1884, Tesla s'est installé aux États-Unis d'Amérique pour accepter un emploi à la Edison Company à New York.",Tesla is a famous inventor and a great American citizen. He was born in 1856 in the United States and was the first person to invent a car in the United States. He is also the founder of the electric car industry in France.,0.8496070958802302,13.815076695837202,eng_Latn," In 1884, Tesla moved to the United States of America to accept a job with the Edison Company in New York City.",3.5934005135957903,29.03383792665285,24.5,24.25
"Translate the following sentence from English to French:
Q: He arrived in the US with 4 cents to his name, a book of poetry, and a letter of recommendation from Charles Batchelor (his manager in his previous job) to Thomas Edison.
A:","He arrived in the US with 4 cents to his name, a book of poetry, and a letter of recommendation from Charles Batchelor (his manager in his previous job) to Thomas Edison.","Il est arrivé aux États-Unis avec quatre cents à son nom, un livre de poésie et une lettre de recommandation de Charles Batchelor (son directeur dans son précédent emploi) à l'attention de Thomas Edison.","The sentence is correct, but the question is: How do you translate the sentence into French?",0.40637062207988983,10.22776049625918,eng_Latn," He arrived in the US with 4 cents to his name, a book of poetry, and a letter of recommendation from Charles Batchelor (his manager in his previous job) to Thomas Edison.",0.7579007198417191,11.549008961339613,25.0,24.875
"Translate the following sentence from English to French:
Q: Ancient China had a unique way of showing different time periods; each stage of China or each family that was in power was a distinctive dynasty.
A:",Ancient China had a unique way of showing different time periods; each stage of China or each family that was in power was a distinctive dynasty.,La Chine ancienne avait une façon unique de montrer les différentes époques ; chaque étape de la Chine ou chaque famille qui était au pouvoir était une dynastie distincte.,The answer to this question is:,0.0,4.201088380927652,eng_Latn, Ancient China had a unique way of showing different time periods; each stage of China or each family that was in power was a distinctive dynasty.,0.0,4.839549507956673,24.125,24.5
"Translate the following sentence from English to French:
Q: Also between each dynasty was an unstable age of divided provinces. The best-known of these periods was the Three Kingdoms epoch taking place for 60 years between the Han and the Jin Dynasty.
A:",Also between each dynasty was an unstable age of divided provinces. The best-known of these periods was the Three Kingdoms epoch taking place for 60 years between the Han and the Jin Dynasty.,"Entre chaque dynastie, il y a également eu un âge instable de provinces divisées. La plus connue de ces périodes est l’époque des Trois Royaumes qui s’est déroulée pendant 60 ans entre la dynastie Han et la dynastie Jin.",The Chinese Revolution of 1992 was the first time the Chinese people were able to elect a new leader. The next revolution will be in 2021.,0.4684908004004146,11.163901833961942,eng_Latn, Also between each dynasty was an unstable age of divided provinces. The best-known of these periods was the Three Kingdoms epoch taking place for 60 years between the Han and the Jin Dynasty.,2.0711001871527523,17.291670583677536,24.375,25.0
"Translate the following sentence from English to French:
Q: During these periods fierce warfare took place between many nobles fighting for the throne.
A:",During these periods fierce warfare took place between many nobles fighting for the throne.,"Durant ces périodes, des luttes féroces ont eu lieu entre de nombreux membres de la noblesse qui se battaient pour le trône.","The French Revolution, the Napoleonic Wars, and the Second World War all took place during the same time period.",1.3241013690635408,12.213057908529754,eng_Latn, During these periods fierce warfare took place between many nobles fighting for the throne.,3.9164496650022476,28.49707974170192,8.875,20.875
"Translate the following sentence from English to French:
Q: The Three Kingdoms was one of the bloodiest eras in Ancient China’s history thousands of people died fighting to sit in the highest seat in the grand palace at Xi’an.
A:",The Three Kingdoms was one of the bloodiest eras in Ancient China’s history thousands of people died fighting to sit in the highest seat in the grand palace at Xi’an.,Les Trois Royaumes ont été l'une des époques les plus sanguinaires de l'histoire de l'Antiquité Chinoise. Des milliers de personnes sont mort au combat pour s'asseoir sur le trône du grand palais de XI'an.,The Chinese government has been working on a new strategy to protect the country from the threat of terrorism for years. The government has been working on a strategy to protect its citizens from the threat of COVID-19.,0.5365231657330624,11.619101305706847,eng_Latn, The Three Kingdoms was one of the bloodiest eras in Ancient China’s history thousands of people died fighting to sit in the highest seat in the grand palace at Xi’an.,1.5059289779946525,19.54798466318902,22.375,24.5
"Translate the following sentence from English to French:
Q: There are a lot of social and political effects such as the use of metric system, a shift from absolutism to republicanism, nationalism and the belief the country belongs to the people not to one sole ruler.
A:","There are a lot of social and political effects such as the use of metric system, a shift from absolutism to republicanism, nationalism and the belief the country belongs to the people not to one sole ruler.","Il y a de nombreuses répercussions sociales et politiques telles que l'utilisation du système métrique, le passage de l'absolutisme au républicanisme, le nationalisme et la conviction que le pays appartient au peuple et non à un seul dirigeant.",The French government has a lot of work to do in the next few years.,0.18592253094656871,4.674705091790473,eng_Latn," There are a lot of social and political effects such as the use of metric system, a shift from absolutism to republicanism, nationalism and the belief the country belongs to the people not to one sole ruler.",1.4651368494356505,10.274602491078124,21.25,24.125
"Translate the following sentence from English to French:
Q: Also after the Revolution occupations were open to all male applicants allowing the most ambitious and successful to succeed.
A:",Also after the Revolution occupations were open to all male applicants allowing the most ambitious and successful to succeed.,"Aussi, après la Révolution, les métiers furent ouverts à tous les candidats masculins, permettant aux plus ambitieux et aux plus talentueux de réussir.","The French government has a history of granting citizenship to the French people, and the French people have a history of being open to immigration.",0.9896564298229681,12.689682361018084,eng_Latn, Also after the Revolution occupations were open to all male applicants allowing the most ambitious and successful to succeed.,3.511476270817333,19.985037340020533,11.625,23.875
"Translate the following sentence from English to French:
Q: Same goes for the military because instead of army rankings being based on class they were now based on cailaber.
A:",Same goes for the military because instead of army rankings being based on class they were now based on cailaber.,"Il en va de même pour l'armée, car le classement des armées n'est plus basé sur la classe, mais sur le calibre.",The military is now ranked in the same way as the French army.,0.7404789029105581,8.358516050825257,eng_Latn, Same goes for the military because instead of army rankings being based on class they were now based on cailaber.,2.257252572720176,20.335768168888098,12.9375,17.0
"Translate the following sentence from English to French:
Q: The French Revolution also inspired many other repressed working class people of other country's to began their own revolutions.
A:",The French Revolution also inspired many other repressed working class people of other country's to began their own revolutions.,La Révolution française a également inspiré de nombreuses autres classes ouvrières réprimées d’autres pays à entamer leur propre révolution.,,0.0,0.0,eng_Latn, The French Revolution also inspired many other repressed working class people of other country's to began their own revolutions.,0.0,0.0,18.625,20.375
"Translate the following sentence from English to French:
Q: Muhammad was deeply interested in matters beyond this mundane life. He used to frequent a cave that became known as “Hira‘” on the Mountain of “Noor” (light) for contemplation.
A:",Muhammad was deeply interested in matters beyond this mundane life. He used to frequent a cave that became known as “Hira‘” on the Mountain of “Noor” (light) for contemplation.,Muhammad s’intéressait profondément à des questions qui dépassaient le cadre de cette vie mondaine. Il avait l’habitude de fréquenter une grotte qui est devenue célèbre sous le nom de « Hira' » sur la montagne de « Noor » (lumière) pour la contemplation.,The cave was a place of worship for the prophet Muhammad.,0.022969607392614763,6.666736315727219,eng_Latn, Muhammad was deeply interested in matters beyond this mundane life. He used to frequent a cave that became known as “Hira‘” on the Mountain of “Noor” (light) for contemplation.,0.36409403832628096,13.046384731053381,14.9375,23.25
"Translate the following sentence from English to French:
Q: he cave itself, which survived the times, gives a very vivid image of Muhammad’s spiritual inclinations.
A:","he cave itself, which survived the times, gives a very vivid image of Muhammad’s spiritual inclinations.","La grotte elle-même, qui a survécu à l’époque, donne une image très vivante des penchants spirituels de Muhammad.","The French translation of the sentence is “He is a caveman, he is a caveman, he is a caveman”.",1.5396845846758727,12.603407880464964,eng_Latn," he cave itself, which survived the times, gives a very vivid image of Muhammad’s spiritual inclinations.",1.9508315563589547,17.762944366070904,20.75,23.75
"Translate the following sentence from English to French:
Q: Resting on the top of one of the mountains north of Mecca, the cave is completely isolated from the rest of the world.
A:","Resting on the top of one of the mountains north of Mecca, the cave is completely isolated from the rest of the world.","Située au sommet d'une des montagnes au nord de La Mecque, la grotte est totalement isolée du reste du monde.",The cave is a sacred place for Muslims.,0.555476977644933,5.9232380101283635,eng_Latn," Resting on the top of one of the mountains north of Mecca, the cave is completely isolated from the rest of the world.",1.6149639188721343,11.771176722320915,7.375,19.25
"Translate the following sentence from English to French:
Q: In fact, it is not easy to find at all even if one knew it existed. Once inside the cave, it is a total isolation.
A:","In fact, it is not easy to find at all even if one knew it existed. Once inside the cave, it is a total isolation.","En réalité, ce n'est pas facile du tout à trouver, même si on sait que ça existe. Quand on est entré dans la grotte, on est complètement isolé.",The French word for “cave” is “caveman” and the word “isolation” is a French word that means “no one” or “no one” in the same sentence.,0.9896324688555467,13.076913241302515,eng_Latn," In fact, it is not easy to find at all even if one knew it existed. Once inside the cave, it is a total isolation.",2.27647792577296,19.464375724807883,9.625,16.25
"Translate the following sentence from English to French:
Q: Nothing can be seen other than the clear, beautiful sky above and the many surrounding mountains. Very little of this world can be seen or heard from inside the cave.
A:","Nothing can be seen other than the clear, beautiful sky above and the many surrounding mountains. Very little of this world can be seen or heard from inside the cave.","Au-dessus, on ne peut rien contempler d'autre que le ciel clair et magnifique et les nombreuses montagnes environnantes. Depuis l'intérieur de la grotte, on ne peut voir ou entendre que très peu de choses de cet univers.","The word cave is a French word that means ""cave"" in the sense of the word. The word cave is a very common word in the French language. It is used in a variety of contexts, from the most common to the most obscure.",0.886821546358375,13.615326501809196,eng_Latn," Nothing can be seen other than the clear, beautiful sky above and the many surrounding mountains. Very little of this world can be seen or heard from inside the cave.",1.189353035827293,21.481804153679242,12.125,18.5
"Translate the following sentence from English to French:
Q: The Great Pyramid at Giza is the only one of the seven wonders that is still standing today.
A:",The Great Pyramid at Giza is the only one of the seven wonders that is still standing today.,La Grande Pyramide de Gizeh est la seule des sept merveilles qui existe encore aujourd’hui.,The Great Sphinx of Giza is a monument that is not in use anymore.,1.8300565547874377,10.717482227829466,eng_Latn, The Great Pyramid at Giza is the only one of the seven wonders that is still standing today.,10.019016096930988,27.35807609294566,23.25,23.625
"Translate the following sentence from English to French:
Q: Built by the Egyptians in the third century BCE, the Great Pyramid is one of many large pyramid structures built to honor dead Pharaoh.
A:","Built by the Egyptians in the third century BCE, the Great Pyramid is one of many large pyramid structures built to honor dead Pharaoh.","Construite par les Égyptiens au cours du troisième millénaire avant J-C, la Grande Pyramide est l'une des nombreuses structures géantes érigées en l'honneur des pharaons décédés.",The Great Pyramid of Egypt is a monument of great importance to the world and to the people of Egypt. It is the most visited site in the world.,0.7978997488220525,12.97329514651104,eng_Latn," Built by the Egyptians in the third century BCE, the Great Pyramid is one of many large pyramid structures built to honor dead Pharaoh.",6.402274184732879,27.388518598885632,5.90625,13.3125
"Translate the following sentence from English to French:
Q: The Giza Plateau, or ""Giza Necropolis"" in the Egyptian Valley of the Dead contains several pyramids (of which the great pyramid is the largest), several small tombs, several temples, and the great Sphinx.
A:","The Giza Plateau, or ""Giza Necropolis"" in the Egyptian Valley of the Dead contains several pyramids (of which the great pyramid is the largest), several small tombs, several temples, and the great Sphinx.","Le plateau de Gizeh, ou « nécropole de Gizeh », dans la vallée des Morts en Égypte, regroupe plusieurs pyramides (la grande pyramide étant la plus imposante), plusieurs petits tombeaux, de nombreux temples et le grand Sphinx.",The Sphinx is a symbol of Egypt's ancient history and is a very important part of the G.A.R.A. site.,1.408134942627661,9.849753783454505,eng_Latn," The Giza Plateau, or ""Giza Necropolis"" in the Egyptian Valley of the Dead contains several pyramids (of which the great pyramid is the largest), several small tombs, several temples, and the great Sphinx.",3.0781167226897876,14.720469518516074,15.9375,20.75
"Translate the following sentence from English to French:
Q: The great pyramid was created to honor the Pharaoh Khufu, and many of the smaller pyramids, tombs, and temples were built to honor Khufu's wives and family members.
A:","The great pyramid was created to honor the Pharaoh Khufu, and many of the smaller pyramids, tombs, and temples were built to honor Khufu's wives and family members.","La grande pyramide a été créée pour honorer le pharaon Khéops, et beaucoup de petites pyramides, tombes et temples ont été construits pour honorer ses femmes ainsi que les membres de sa famille.",,0.0,0.0,eng_Latn," The great pyramid was created to honor the Pharaoh Khufu, and many of the smaller pyramids, tombs, and temples were built to honor Khufu's wives and family members.",0.0,0.0,16.625,23.375
"Translate the following sentence from English to French:
Q: The ""up bow"" mark looks like a V and the ""down bow mark"" like a staple or a square missing its bottom side.
A:","The ""up bow"" mark looks like a V and the ""down bow mark"" like a staple or a square missing its bottom side.",Le symbole « pousser » ressemble à un V et le symbole « tirer » à une agrafe ou à un carré dont le côté inférieur est manquant.,"The word ""up"" and ""down"" are used interchangeably in French. The word ""up"" is used to describe the position of the bowstring and the ""up"" is used to describe the length of the bow. The word ""bow"" is used to describe the length of the string.",0.5657759656209536,11.93151966696475,eng_Latn," The ""up bow"" mark looks like a V and the ""down bow mark"" like a staple or a square missing its bottom side.",3.5419489582777146,19.678137065905783,20.625,20.5
"Translate the following sentence from English to French:
Q: Up means you should start at the tip and push the bow, and down means you should start at the frog (which is where your hand is holding the bow) and pull the bow.
A:","Up means you should start at the tip and push the bow, and down means you should start at the frog (which is where your hand is holding the bow) and pull the bow.","Le haut signifie que vous devez commencer par la pointe et pousser l’archet, et le bas signifie que vous devez commencer par la hausse (qui est l’endroit où votre main tient l’arc) et tirer l’archet.","The word up is used in the context of a bow lesson, while the word down is used in the context of a fishing trip.",0.6739090743995223,9.130935911485846,eng_Latn," Up means you should start at the tip and push the bow, and down means you should start at the frog (which is where your hand is holding the bow) and pull the bow.",1.506713360447854,15.905745761558226,6.90625,15.75
"Translate the following sentence from English to French:
Q: An up-bow usually generates a softer sound, while a down-bow is stronger and more assertive.
A:","An up-bow usually generates a softer sound, while a down-bow is stronger and more assertive.","Un archet vers le haut produit généralement un son plus doux, tandis qu'un archet vers le bas est plus fort et plus affirmé.",The word down is used in a more assertive way than the word up in French.,1.0213095618545023,9.549705046781497,eng_Latn," An up-bow usually generates a softer sound, while a down-bow is stronger and more assertive.",10.738570118722082,23.79527615115424,6.03125,15.125
"Translate the following sentence from English to French:
Q: Feel free to pencil in your own marks, but remember the printed bowing marks are there for a musical reason, so they should usually be respected.
A:","Feel free to pencil in your own marks, but remember the printed bowing marks are there for a musical reason, so they should usually be respected.","N'hésitez pas à inscrire vos propres marques au crayon, mais n'oubliez pas que les marques d'archet imprimées le sont pour un motif d'ordre musical, et qu'il faut donc en général les respecter.","The French word for mark is <i>mark</i>, and it is used in a very different way in the English language. It is used to describe the bowing of instruments, and it is used to describe the sound of the instrument. The word is used in a very different way in the French and it is not a mark.",0.679364123713465,13.91522451820803,eng_Latn," Feel free to pencil in your own marks, but remember the printed bowing marks are there for a musical reason, so they should usually be respected.",1.5438133484929222,20.127543642804913,21.5,23.375
"Translate the following sentence from English to French:
Q: The terrified King Louis XVI, Queen Marie Antoinette their two young children (11 year old Marie Therese and four year old Louis-Charles) and the King's sister, Madam Elizabeth, on the 6th October 1789 were forced back to Paris from Versailles by a mob of market women.
A:","The terrified King Louis XVI, Queen Marie Antoinette their two young children (11 year old Marie Therese and four year old Louis-Charles) and the King's sister, Madam Elizabeth, on the 6th October 1789 were forced back to Paris from Versailles by a mob of market women.","Le 6 octobre 1789, le roi Louis XVI, la reine Marie-Antoinette, leurs deux jeunes enfants (Marie-Thérèse, 11 ans, et Louis-Charles, 4 ans) et la sœur du roi, madame Élisabeth, tous terrifiés, sont contraints de rentrer à Paris depuis Versailles par une foule de vendeuses.",The French Revolution was a time of great upheaval and change for the people of France. The people of France were forced to change their ways and the government was forced to change. The revolution was a time of great change for the French.,0.41195552011360226,10.35458243055048,eng_Latn," The terrified King Louis XVI, Queen Marie Antoinette their two young children (11 year old Marie Therese and four year old Louis-Charles) and the King's sister, Madam Elizabeth, on the 6th October 1789 were forced back to Paris from Versailles by a mob of market women.",2.082681811388761,18.713130113398165,20.25,18.375
"Translate the following sentence from English to French:
Q: In a carriage, they traveled back to Paris surrounded by a mob of people screaming and shouting threats against the King and Queen.
A:","In a carriage, they traveled back to Paris surrounded by a mob of people screaming and shouting threats against the King and Queen.","Dans un carrosse, ils sont rentrés à Paris entourés d’une foule de gens qui hurlent et crient des menaces contre le roi et la reine.","In the same way, the French people are now being threatened by the mob.",0.7455680737834143,8.947540295864055,eng_Latn," In a carriage, they traveled back to Paris surrounded by a mob of people screaming and shouting threats against the King and Queen.",2.676713793191387,19.925898938600938,13.375,19.375
"Translate the following sentence from English to French:
Q: The mob of people forced the King And Queen to have their carriage windows wide open.
A:",The mob of people forced the King And Queen to have their carriage windows wide open.,"Le roi et la reine ont été obligés, à cause de la foule, de faire ouvrir les fenêtres de leurs carrosses.","The French word for window is <em><strong>car</strong></em>, and it is the most common word in the French language.",1.3794462224541233,10.967488087401588,eng_Latn, The mob of people forced the King And Queen to have their carriage windows wide open.,1.5266081935888858,19.176218472863717,22.5,23.0
"Translate the following sentence from English to French:
Q: At one point a member of the mob waved the head of a royal guard killed at Versailles in front of the terrified Queen.
A:",At one point a member of the mob waved the head of a royal guard killed at Versailles in front of the terrified Queen.,"À un moment donné, un membre de la foule a brandi la tête d'un garde royal tué à Versailles devant la reine terrorisée.","The king of France is a member of the royal family, and he is the head of the family.",1.5211203253752605,14.262190521130961,eng_Latn, At one point a member of the mob waved the head of a royal guard killed at Versailles in front of the terrified Queen.,13.806468969649723,31.722145529785212,25.0,25.0
"Translate the following sentence from English to French:
Q: The war expenditures of U.S. imperialism in the conquest of the Philippines were paid for by the Filipino people themselves.
A:",The war expenditures of U.S. imperialism in the conquest of the Philippines were paid for by the Filipino people themselves.,Les dépenses de guerre de l'impérialisme américain dans la conquête des Philippines ont été payées par le peuple philippin lui-même.,"The French government has paid for the war in the form of a treaty, but the Philippines has not.",1.1904693354224676,13.970534354869619,eng_Latn, The war expenditures of U.S. imperialism in the conquest of the Philippines were paid for by the Filipino people themselves.,5.30036338946112,30.84698175386316,23.75,25.0
"Translate the following sentence from English to French:
Q: They were compelled to pay taxes to the U.S. colonial regime to defray a major part of the expenditures and the interest on bonds floated in the name of the Philippine government through the Wall Street banking houses.
A:",They were compelled to pay taxes to the U.S. colonial regime to defray a major part of the expenditures and the interest on bonds floated in the name of the Philippine government through the Wall Street banking houses.,Ils ont été contraints de payer des impôts au régime colonial américain pour couvrir une grande partie des dépenses et des intérêts des obligations émises au nom du gouvernement philippin par les établissements bancaires de Wall Street.,The answer is:,0.0,1.0799942969981322,eng_Latn, They were compelled to pay taxes to the U.S. colonial regime to defray a major part of the expenditures and the interest on bonds floated in the name of the Philippine government through the Wall Street banking houses.,0.0,1.5338560531131964,25.0,25.0
"Translate the following sentence from English to French:
Q: Of course, the superprofits derived from the protracted exploitation of the Filipino people would constitute the basic gains of U.S. imperialism.
A:","Of course, the superprofits derived from the protracted exploitation of the Filipino people would constitute the basic gains of U.S. imperialism.","Naturellement, les superprofits issus de l'exploitation prolongée du peuple philippin pourraient constituer les avantages fondamentaux de l'impérialisme américain.",The super-profits of the U.S. government are the same as the profits of the Philippines.,1.953325631107171,14.375386399999885,eng_Latn," Of course, the superprofits derived from the protracted exploitation of the Filipino people would constitute the basic gains of U.S. imperialism.",9.508097615015057,24.5363394422658,15.5625,19.5
"Translate the following sentence from English to French:
Q: To understand the Templars one must understand the context that prompted the creation of the order.
A:",To understand the Templars one must understand the context that prompted the creation of the order.,"Pour comprendre les Templiers, il faut comprendre le contexte qui a poussé à la création de l'ordre.",The Templons were a group of people who were created by the French Revolution. They were the first to be created in the United States.,1.6934096677198087,15.592067432255194,eng_Latn, To understand the Templars one must understand the context that prompted the creation of the order.,2.01381482546679,23.276482221646145,22.125,23.875
"Translate the following sentence from English to French:
Q: The age where the events took place is commonly referred as the High Middle Ages the period of European history in the 11th, 12th, and 13th centuries (AD 1000–1300).
A:","The age where the events took place is commonly referred as the High Middle Ages the period of European history in the 11th, 12th, and 13th centuries (AD 1000–1300).",Ces événements ont eu lieu dans la période généralement considérée comme le Haut Moyen Âge – période de l'histoire en Europe courant du XIe au XIIIe siècle (1000-1300).,"The French Revolution, the Hundred Years War, and the Napoleonic Wars are all part of the High French period.",0.0,9.156624908576012,eng_Latn," The age where the events took place is commonly referred as the High Middle Ages the period of European history in the 11th, 12th, and 13th centuries (AD 1000–1300).",2.643132150646848,19.28750763490047,15.0625,22.25
"Translate the following sentence from English to French:
Q: The High Middle Ages were preceded by the Early Middle Ages and followed by the Late Middle Ages, which by convention ends around 1500.
A:","The High Middle Ages were preceded by the Early Middle Ages and followed by the Late Middle Ages, which by convention ends around 1500.","Le Moyen Âge Central a été précédé par le Haut Moyen Âge et suivi par le Bas Moyen Âge, qui par convention se termine vers 1500.","The French word for Middle Ages is Middle, and the French word for Late is Late.",0.8721367457481528,8.04815509359941,eng_Latn," The High Middle Ages were preceded by the Early Middle Ages and followed by the Late Middle Ages, which by convention ends around 1500.",5.5587638869904,21.43870149857106,17.375,19.375
"Translate the following sentence from English to French:
Q: Technological determinism is a term that encompasses a wide range of ideas in practice, from technology-push or the technological imperative to a strict sense that human destiny is driven by an underlying logic associated with scientific laws and their manifestation in technology.
A:","Technological determinism is a term that encompasses a wide range of ideas in practice, from technology-push or the technological imperative to a strict sense that human destiny is driven by an underlying logic associated with scientific laws and their manifestation in technology.","Le déterminisme technologique est un terme qui englobe un large éventail d'idées dans la pratique, allant de la poussée technologique ou de l'impératif technologique à un sens strict selon lequel le destin de l'humanité est dicté par une logique sous-jacente liée aux lois scientifiques et à leur manifestation dans les technologies.","The French word for technological determinism is <i>technological</i>, and it is used to describe the way that the French government and the French people use the word.",0.3629954126387114,13.877582370624356,eng_Latn," Technological determinism is a term that encompasses a wide range of ideas in practice, from technology-push or the technological imperative to a strict sense that human destiny is driven by an underlying logic associated with scientific laws and their manifestation in technology.",5.234086127470905,24.15965295999286,20.875,23.25
"Translate the following sentence from English to French:
Q: Most interpretations of technological determinism share two general ideas: that the development of technology itself follows a path largely beyond cultural or political influence, and that technology in turn has ""effects"" on societies that are inherent, rather than socially conditioned.
A:","Most interpretations of technological determinism share two general ideas: that the development of technology itself follows a path largely beyond cultural or political influence, and that technology in turn has ""effects"" on societies that are inherent, rather than socially conditioned.","La plupart des interprétations du déterminisme technologique s’accordent sur deux idées générales : le développement technologique lui-même se déroule selon un processus dépassant largement les influences culturelles et politiques, et la technologie a une incidence sur les sociétés conditionnées intrinsèquement plutôt que socialement.","The French word for ""technology"" is ""technological"" and the word for ""society"" is ""society""",0.0,7.668554890860508,eng_Latn," Most interpretations of technological determinism share two general ideas: that the development of technology itself follows a path largely beyond cultural or political influence, and that technology in turn has ""effects"" on societies that are inherent, rather than socially conditioned.",0.7356918657434068,12.897157549575805,23.25,24.625
"Translate the following sentence from English to French:
Q: For example, one might say that the motor car necessarily leads to the development of roads.
A:","For example, one might say that the motor car necessarily leads to the development of roads.","Par exemple, on pourrait dire que l'automobile conduit nécessairement au développement des routes.","The French word for road is road, and the word for motor vehicle is motor.",2.0266641468446673,10.200720365331167,eng_Latn," For example, one might say that the motor car necessarily leads to the development of roads.",2.711020190038818,15.660944676766276,12.1875,16.75
"Translate the following sentence from English to French:
Q: However, a nationwide road network is not economically viable for just a handful of cars, so new methods of production are developed to reduce the cost of car ownership.
A:","However, a nationwide road network is not economically viable for just a handful of cars, so new methods of production are developed to reduce the cost of car ownership.","Cependant, un réseau routier national n'est pas économiquement viable pour une poignée de voitures, c'est pourquoi de nouvelles méthodes de production sont développées pour réduire le coût de la possession d'une voiture.",The French word for “road” is “roadway” and it is a term that is used to describe the road network in France.,0.596296313512391,7.360891031438606,eng_Latn," However, a nationwide road network is not economically viable for just a handful of cars, so new methods of production are developed to reduce the cost of car ownership.",2.780701421299437,19.992754627127272,24.25,24.5
"Translate the following sentence from English to French:
Q: Mass car ownership also leads to a higher incidence of accidents on the roads, which leads to the invention of new techniques in healthcare for repairing damaged bodies.
A:","Mass car ownership also leads to a higher incidence of accidents on the roads, which leads to the invention of new techniques in healthcare for repairing damaged bodies.","La possession massive de voitures entraîne également une plus grande incidence des accidents sur les routes, ce qui conduit à l’invention de nouvelles techniques dans le domaine des soins de santé pour soigner les lésions corporelles.",The French word for car repair is “car” and the word “accident” is a common one in the French language.,0.5821585363169726,9.139151022746097,eng_Latn," Mass car ownership also leads to a higher incidence of accidents on the roads, which leads to the invention of new techniques in healthcare for repairing damaged bodies.",1.5345292995643147,19.25932330001175,17.75,19.875
"Translate the following sentence from English to French:
Q: Romanticism had a large element of cultural determinism, drawn from writers such as Goethe, Fichte, and Schlegel.
A:","Romanticism had a large element of cultural determinism, drawn from writers such as Goethe, Fichte, and Schlegel.","Le romantisme présentait un important élément de déterminisme culturel, tiré d'écrivains tels que Goethe, Fichte et Schlegel.",The French word Romantic means “romantic” in the sense of the French word “Romanticism” and the French word “Romantic” is a word that is used in the same sentence.,0.8130350574508933,15.21773144912466,eng_Latn," Romanticism had a large element of cultural determinism, drawn from writers such as Goethe, Fichte, and Schlegel.",2.6449275365764713,19.683534555152246,22.75,19.375
"Translate the following sentence from English to French:
Q: In the context of Romanticism, the geography molded individuals, and over time customs and culture related to that geography arose, and these, being in harmony with the place of the society, were better than arbitrarily imposed laws.
A:","In the context of Romanticism, the geography molded individuals, and over time customs and culture related to that geography arose, and these, being in harmony with the place of the society, were better than arbitrarily imposed laws.","D’après les théories du Romantisme, la géographie aurait façonné les individus et, avec le temps, des coutumes et une culture liées à cette géographie seraient apparues. Celles-ci, en harmonie avec les lieux occupés par la société, seraient préférables aux lois imposées arbitrairement.","The French Revolution, the French language, and the French Revolution are all connected to the idea of liberty.",0.1865918722418168,7.6242963475395555,eng_Latn," In the context of Romanticism, the geography molded individuals, and over time customs and culture related to that geography arose, and these, being in harmony with the place of the society, were better than arbitrarily imposed laws.",1.4621059018655078,15.833554074689005,16.25,22.75
"Translate the following sentence from English to French:
Q: In the manner that Paris is known as the fashion capital of the contemporary world, Constantinople was regarded as the fashion capital of feudal Europe.
A:","In the manner that Paris is known as the fashion capital of the contemporary world, Constantinople was regarded as the fashion capital of feudal Europe.","De la même manière que Paris est connue comme la capitale de la mode du monde contemporain, Constantinople était considérée comme celle de l’Europe féodale.","The French word for Constantinople is <i>Constantinople</i>, and it is a city that is not in the same category as the other cities in the world.",2.4371431437250504,16.881132259052713,eng_Latn," In the manner that Paris is known as the fashion capital of the contemporary world, Constantinople was regarded as the fashion capital of feudal Europe.",3.5297521140426693,26.573651126247483,22.0,24.75
"Translate the following sentence from English to French:
Q: Its renown for being an epicenter of luxury began in about 400 A.D. and lasted up until about 1100 A.D.
A:",Its renown for being an epicenter of luxury began in about 400 A.D. and lasted up until about 1100 A.D.,"Sa réputation en tant qu'épicentre du luxe a débuté aux environs de l'an 400, et duré jusqu'à 1100 environ.","The French word for luxury is <em>luxury</em>, and it is a word that is used in a variety of contexts. The French word for luxury is <em>luxury</em>.",1.0009398039350847,11.719582877583228,eng_Latn, Its renown for being an epicenter of luxury began in about 400 A.D. and lasted up until about 1100 A.D.,2.151159633747987,16.329280004155457,22.625,20.75
"Translate the following sentence from English to French:
Q: Its status declined during the twelfth century mainly due to the fact that Crusaders had returned bearing gifts such as silks and spices that were valued more than what Byzantine markets offered.
A:",Its status declined during the twelfth century mainly due to the fact that Crusaders had returned bearing gifts such as silks and spices that were valued more than what Byzantine markets offered.,"Son statut a décliné au cours du douzième siècle, principalement à cause du fait que les Croisés s'en revenaient chargés de présents tels que de la soie et des épices, avec lesquels les marchés byzantins pouvaient difficilement rivaliser.","The French Revolution, the rise of the bourgeoisie, and the rise of the French Empire all contributed to the decline of the status of the Byzantine Empire.",0.7042421715473665,13.543911529788238,eng_Latn, Its status declined during the twelfth century mainly due to the fact that Crusaders had returned bearing gifts such as silks and spices that were valued more than what Byzantine markets offered.,4.188083272364925,20.819834281538427,14.3125,21.875
"Translate the following sentence from English to French:
Q: It was at this time that the transfer of the title of Fashion Capital from Constantinople to Paris was made.
A:",It was at this time that the transfer of the title of Fashion Capital from Constantinople to Paris was made.,C'est à cette époque que le titre de capitale de la mode fut transféré de Constantinople à Paris.,"The French government has a history of supporting the city of Paris with a grant of land, and the city of Constantinople has a history of being a capital city.",2.5889065173943995,23.781299119931866,eng_Latn, It was at this time that the transfer of the title of Fashion Capital from Constantinople to Paris was made.,3.0787460505623354,29.726328811835906,21.875,24.625
"Translate the following sentence from English to French:
Q: Gothic style peaked in the period between the 10th - 11th centuries and the 14th century.
A:",Gothic style peaked in the period between the 10th - 11th centuries and the 14th century.,Le style gothique a connu son apogée entre le Xe–XIe siècle et le XIVe siècle.,"The word Gothic comes from the Latin word for ""dark"" and ""darker"" and is a term that has been used to describe the style of architecture in France since the 19th century.",1.1493330194206166,15.001109426433201,eng_Latn, Gothic style peaked in the period between the 10th - 11th centuries and the 14th century.,4.978305563804202,29.8632905509016,15.0,12.125
"Translate the following sentence from English to French:
Q: At the beginning dress was heavily influenced by the Byzantine culture in the east.
A:",At the beginning dress was heavily influenced by the Byzantine culture in the east.,"Au début, la robe était fortement influencée par la culture byzantine, à l’est.",The word “dress” is a French word that means “a garment” and “a person” in French.,1.387819277861591,10.157445122298277,eng_Latn, At the beginning dress was heavily influenced by the Byzantine culture in the east.,1.6504045595709422,12.519598787023616,17.75,21.0
"Translate the following sentence from English to French:
Q: However, due to the slow communication channels, styles in the west could lag behind by 25 to 30 year.
A:","However, due to the slow communication channels, styles in the west could lag behind by 25 to 30 year.","Cependant, en raison de la lenteur des moyens de communication, les modes occidentales pouvaient accuser un retard de 25 à 30 ans.",The French word for “slow” is “slow” and “slow” is a word that is used in a variety of contexts.,1.0559717178170818,10.296290984027662,eng_Latn," However, due to the slow communication channels, styles in the west could lag behind by 25 to 30 year.",1.2557690800697192,13.16007738128133,22.875,24.0
"Translate the following sentence from English to French:
Q: towards the end of the Middle Ages western Europe began to develop their own style. one of the biggest developments of the time as a result of the crusades people began to use buttons to fasten clothing.
A:",towards the end of the Middle Ages western Europe began to develop their own style. one of the biggest developments of the time as a result of the crusades people began to use buttons to fasten clothing.,"Au cours de la fin du Moyen Âge, l'Europe occidentale a commencé à développer son propre style. Un des plus grands progrès de l'époque, suite aux croisades, fut l'utilisation de boutons pour la fermeture des vêtements.","The French Revolution, the Industrial Revolution, and the rise of the internet have all had a profound impact on the way people dress. The French and the world have been in a state of constant change for centuries.",0.9260717987934758,15.578019524449571,eng_Latn, towards the end of the Middle Ages western Europe began to develop their own style. one of the biggest developments of the time as a result of the crusades people began to use buttons to fasten clothing.,2.3808175615107556,22.068571079961703,15.875,22.5
"Translate the following sentence from English to French:
Q: Subsistence agriculture is agriculture carried out for the production of enough food to meet just the needs of the agriculturalist and his/her family.
A:",Subsistence agriculture is agriculture carried out for the production of enough food to meet just the needs of the agriculturalist and his/her family.,L'agriculture de subsistance est une agriculture pratiquée pour produire suffisamment de nourriture pour répondre uniquement aux besoins de l'agriculteur et de sa famille.,Subsistence farming is a form of agriculture that is practiced in the United States and is the most common form of farming in the world.,2.1363327880613467,17.672974402901,eng_Latn, Subsistence agriculture is agriculture carried out for the production of enough food to meet just the needs of the agriculturalist and his/her family.,10.333984099535913,27.308496869010114,12.9375,18.5
"Translate the following sentence from English to French:
Q: Subsistence agriculture is a simple, often organic, system using saved seed native to the ecoregion combined with crop rotation or other relatively simple techniques to maximize yield.
A:","Subsistence agriculture is a simple, often organic, system using saved seed native to the ecoregion combined with crop rotation or other relatively simple techniques to maximize yield.","L'agriculture de subsistance est un système simple, souvent biologique, utilisant des semences conservées originaires de l'écorégion, combinées à la rotation des cultures ou à d'autres techniques relativement simples pour maximiser le rendement.",Subsahire is a region of the world that is home to a large number of species of plants and a large number of people. It is a place where the French language is spoken and where the French government is in charge of the country.,0.6090538668373261,14.323503948127591,eng_Latn," Subsistence agriculture is a simple, often organic, system using saved seed native to the ecoregion combined with crop rotation or other relatively simple techniques to maximize yield.",1.9192830192723322,19.68789556780973,25.0,25.0
"Translate the following sentence from English to French:
Q: Historically most farmers were engaged in subsistence agriculture and this is still the case in many developing nations.
A:",Historically most farmers were engaged in subsistence agriculture and this is still the case in many developing nations.,"Historiquement, la plupart des agriculteurs pratiquaient une agriculture de subsistance et c'est encore le cas dans de nombreux pays en voie de développement.","The French word for subsistence farming is ""subsistence farming"" and it is a term that has been used in the past to describe farming in the United States.",1.1216940038341034,15.368474291754602,eng_Latn, Historically most farmers were engaged in subsistence agriculture and this is still the case in many developing nations.,4.744188024111083,24.966711870066916,16.875,20.0
"Translate the following sentence from English to French:
Q: Subcultures bring together like-minded individuals who feel neglected by societal standards and allow them to develop a sense of identity.
A:",Subcultures bring together like-minded individuals who feel neglected by societal standards and allow them to develop a sense of identity.,Les sous-cultures rassemblent des individus se sentant négligés par les normes sociétales et partageant les mêmes idées ce qui leur permet de développer un sentiment d'identité.,"Subcultures are a group of people who share common interests and values, and they are a way of life for many people in the world.",1.6403018811314831,11.923385639862618,eng_Latn, Subcultures bring together like-minded individuals who feel neglected by societal standards and allow them to develop a sense of identity.,6.120673474735602,20.58247219246937,3.25,8.9375
"Translate the following sentence from English to French:
Q: Subcultures can be distinctive because of the age, ethnicity, class, location, and/or gender of the members.
A:","Subcultures can be distinctive because of the age, ethnicity, class, location, and/or gender of the members.","Les sous-cultures peuvent se distinguer par l'âge, l'origine ethnique, la classe, la localisation et / ou le sexe des membres.","Sub-cultures are a group of people who share a common language, culture, and/or identity.",4.23450706762334,16.92753875840526,eng_Latn," Subcultures can be distinctive because of the age, ethnicity, class, location, and/or gender of the members.",11.123005554481153,22.116301456637434,4.25,12.8125
"Translate the following sentence from English to French:
Q: The qualities that determine a subculture as distinct may be linguistic, aesthetic, religious, political, sexual, geographical, or a combination of factors.
A:","The qualities that determine a subculture as distinct may be linguistic, aesthetic, religious, political, sexual, geographical, or a combination of factors.","Les critères qui déterminent une sous-culture comme distincte peuvent être linguistiques, esthétiques, religieux, politiques, sexuels, géographiques ou une combinaison de facteurs.",The French subculture is a subculture of people who have a common language and a common culture.,1.4717959389102524,10.532470385803549,eng_Latn," The qualities that determine a subculture as distinct may be linguistic, aesthetic, religious, political, sexual, geographical, or a combination of factors.",6.399433266951853,17.324570786298573,20.0,24.0
"Translate the following sentence from English to French:
Q: Members of a subculture often signal their membership through a distinctive and symbolic use of style, which includes fashions, mannerisms, and argot.
A:","Members of a subculture often signal their membership through a distinctive and symbolic use of style, which includes fashions, mannerisms, and argot.","Les membres d'une sous-culture signalent souvent leur appartenance par un usage distinctif et symbolique du style, qui englobe les modes, les maniérismes et l'argot.","The French word for subculture is argot, and it is a term that has been used in the French language for a long time.",1.7028751007172618,14.54685824304279,eng_Latn," Members of a subculture often signal their membership through a distinctive and symbolic use of style, which includes fashions, mannerisms, and argot.",6.045810228878928,21.28784495967175,6.84375,21.25
"Translate the following sentence from English to French:
Q: One of the most common methods used to illustrate the importance of socialization is to draw upon the few unfortunate cases of children who were, through neglect, misfortune, or wilful abuse, not socialized by adults while they were growing up.
A:","One of the most common methods used to illustrate the importance of socialization is to draw upon the few unfortunate cases of children who were, through neglect, misfortune, or wilful abuse, not socialized by adults while they were growing up.","L'une des méthodes les plus courantes utilisées pour illustrer l'importance de la socialisation est de s'inspirer des quelques cas malheureux d'enfants qui, par négligence, malheur ou abus volontaire, n'ont pas été socialisés par des adultes pendant leur enfance.",The French word for “socialization” is “social” and “social” is a word that is used in the same sentence as “social” and “child” in the same sentence.,0.456229718787534,12.774086160402703,eng_Latn," One of the most common methods used to illustrate the importance of socialization is to draw upon the few unfortunate cases of children who were, through neglect, misfortune, or wilful abuse, not socialized by adults while they were growing up.",1.0189132272607104,16.822966661317533,22.125,18.875
"Translate the following sentence from English to French:
Q: Such children are called ""feral"" or wild. Some feral children have been confined by people (usually their own parents); in some cases this child abandonment was due to the parents' rejection of a child's severe intellectual or physical impairment.
A:","Such children are called ""feral"" or wild. Some feral children have been confined by people (usually their own parents); in some cases this child abandonment was due to the parents' rejection of a child's severe intellectual or physical impairment.","Ces enfants sont considérés comme « féroces » ou sauvages. Certains enfants sauvages ont été enfermés par des personnes (généralement leurs propres parents) ; dans certains cas, l'abandon de cet enfant était dû au rejet par les parents d'une déficience intellectuelle ou physique grave dont souffrait l'enfant.","The word ""feral"" is a French word that means ""unfriendly"" or ""unfriendly"" to people.",0.21941374789914603,5.222419631852997,eng_Latn," Such children are called ""feral"" or wild. Some feral children have been confined by people (usually their own parents); in some cases this child abandonment was due to the parents' rejection of a child's severe intellectual or physical impairment.",3.6124959095836213,11.73067856565018,11.0,23.0
"Translate the following sentence from English to French:
Q: Feral children may have experienced severe child abuse or trauma before being abandoned or running away.
A:",Feral children may have experienced severe child abuse or trauma before being abandoned or running away.,Les enfants sauvages peuvent avoir subi de graves abus ou traumatismes avant d'être abandonnés ou de s'enfuir.,The word “abandon” is used in the sentence to mean “to be abandoned” or “to be in danger of being abandoned”.,1.123099644603982,14.512296775183922,eng_Latn, Feral children may have experienced severe child abuse or trauma before being abandoned or running away.,4.750133160738244,21.924262054360756,20.0,21.25
"Translate the following sentence from English to French:
Q: Others are alleged to have been brought up by animals; some are said to have lived in the wild on their own.
A:",Others are alleged to have been brought up by animals; some are said to have lived in the wild on their own.,D’autres auraient été élevés par des animaux ; certains auraient vécu seuls dans la nature.,The word “wild” is used in the context of the French word “wildlife” to mean “animals” and “wild” to mean “wildlife” in the same sentence.,0.7605497822189857,12.472927757700145,eng_Latn, Others are alleged to have been brought up by animals; some are said to have lived in the wild on their own.,1.9126814422004574,22.685529909890505,16.875,16.75
"Translate the following sentence from English to French:
Q: When completely brought up by non-human animals, the feral child exhibits behaviors (within physical limits) almost entirely like those of the particular care-animal, such as its fear of or indifference to humans.
A:","When completely brought up by non-human animals, the feral child exhibits behaviors (within physical limits) almost entirely like those of the particular care-animal, such as its fear of or indifference to humans.","Lorsqu'ils sont entièrement élevés par des espèces non humaines, les enfants sauvages affichent des comportements (dans les limites de leurs dispositions physiques) presque identiques à ceux des animaux qui les ont élevés, tels que la peur ou l'indifférence envers les humains.",The feral dog is a non-human species that is not a member of the genus or family of dogs. It is a species that is not a threat to humans.,0.5448454422315643,9.131117504388154,eng_Latn," When completely brought up by non-human animals, the feral child exhibits behaviors (within physical limits) almost entirely like those of the particular care-animal, such as its fear of or indifference to humans.",5.569115685820624,20.517958259229694,8.9375,23.375
"Translate the following sentence from English to French:
Q: While project based learning should make learning easier and more interesting, scaffolding goes a step beyond.
A:","While project based learning should make learning easier and more interesting, scaffolding goes a step beyond.","Tandis que la pédagogie de projet devrait rendre l'apprentissage plus facile et plus intéressant, le soutien va plus loin.",scaffolding is a process of teaching students to use their skills in a way that is more effective.,1.1473150461164188,12.601424318536639,eng_Latn," While project based learning should make learning easier and more interesting, scaffolding goes a step beyond.",12.436722085116983,21.569871766713327,4.5,14.125
"Translate the following sentence from English to French:
Q: Scaffolding is not a method of learning but rather an aid that provides support to individuals whom are undergoing a new learning experience such as using a new computer program or beginning a new project.
A:",Scaffolding is not a method of learning but rather an aid that provides support to individuals whom are undergoing a new learning experience such as using a new computer program or beginning a new project.,Le soutien n'est pas une méthode d'apprentissage mais davantage un moyen d'aider les apprenants qui découvrent un nouvel enseignement tel que l'utilisation d'un nouveau programme ou le début d'un nouveau projet.,"The word scaffolding comes from the French word for a building, which is a building that is used to support a person.",0.529813981351587,8.587598966266473,eng_Latn, Scaffolding is not a method of learning but rather an aid that provides support to individuals whom are undergoing a new learning experience such as using a new computer program or beginning a new project.,4.101581716479056,18.233168666415434,12.8125,17.75
"Translate the following sentence from English to French:
Q: Scaffolds can be both virtual and real, in other words, a teacher is a form of scaffold but so is the little paperclip man in Microsoft Office.
A:","Scaffolds can be both virtual and real, in other words, a teacher is a form of scaffold but so is the little paperclip man in Microsoft Office.","Les soutiens peuvent être à la fois virtuels et réels. Autrement dit, un professeur est une forme de soutien, mais le petit homme trombone de Microsoft Office en est un aussi.","The word scaffold is derived from the French word for scaffolding, which means to hold a person up to the ceiling.",0.9258305028808397,9.96658660672143,eng_Latn," Scaffolds can be both virtual and real, in other words, a teacher is a form of scaffold but so is the little paperclip man in Microsoft Office.",4.816316142369614,22.38766319492977,6.46875,25.0
"Translate the following sentence from English to French:
Q: Virtual Scaffolds are internalized in the software and are meant to question, prompt, and explain procedures that may have been to challenging for the student to handle alone.
A:","Virtual Scaffolds are internalized in the software and are meant to question, prompt, and explain procedures that may have been to challenging for the student to handle alone.","Les échafaudages virtuels sont intégrés dans le logiciel et sont destinés à interroger, guider et expliquer des procédures qui auraient pu être trop difficiles à gérer pour l'élève seul.",Virtual reality is a form of virtual reality that is used to simulate the effects of a virtual environment.,0.5020622150278942,9.649699340350983,eng_Latn," Virtual Scaffolds are internalized in the software and are meant to question, prompt, and explain procedures that may have been to challenging for the student to handle alone.",1.3294386917671333,15.920770449365747,15.3125,25.0
"Translate the following sentence from English to French:
Q: Children are placed in Foster Care for a wide variety of reasons that range from neglect, to abuse, and even to extortion.
A:","Children are placed in Foster Care for a wide variety of reasons that range from neglect, to abuse, and even to extortion.","Les enfants sont placés dans des familles d’accueil pour des raisons très diverses qui vont de la négligence à la maltraitance, en passant par l’extorsion.",The French word for foster home is “home” and the French word for child is “child”.,0.8266142266744994,7.272986277199305,eng_Latn," Children are placed in Foster Care for a wide variety of reasons that range from neglect, to abuse, and even to extortion.",1.6891676725883336,12.529434168992385,17.625,19.125
"Translate the following sentence from English to French:
Q: No child should ever have to grow up in an environment that is not nurturing, caring, and educational, but they do.
A:","No child should ever have to grow up in an environment that is not nurturing, caring, and educational, but they do.","Aucun enfant ne devrait jamais avoir à grandir dans un environnement qui n’est pas stimulant, attentionné et éducatif, mais c’est le cas.",The French word for nurturing is “careful” and the word for “education” is “education”,0.0,10.192233820013204,eng_Latn," No child should ever have to grow up in an environment that is not nurturing, caring, and educational, but they do.",5.250881761853935,20.575849979402676,12.0625,20.5
"Translate the following sentence from English to French:
Q: We perceive the Foster Care System to be a safety zone for these children.
A:",We perceive the Foster Care System to be a safety zone for these children.,Nous percevons le système de placement familial comme une zone de sécurité pour ces enfants.,The Foster-in-Place system is a system of care for children who are in foster homes. It is a system of care that is not based on the child’s age. Foster children are not the only ones who need to be looked after.,0.6866732953963861,14.247260293579142,eng_Latn, We perceive the Foster Care System to be a safety zone for these children.,1.942205374537992,29.138004198484797,20.375,22.0
"Translate the following sentence from English to French:
Q: Our foster care system is supposed to provide safe homes, loving caregivers, stable education, and reliable health care.
A:","Our foster care system is supposed to provide safe homes, loving caregivers, stable education, and reliable health care.","Notre système de placement en famille d'accueil est supposé fournir des foyers sûrs, des soignants aimants, une éducation stable et des soins de santé fiables.","The French word for foster home is <em>foster</em>, and the French word for child is <em>child</em>.",1.0480747977601532,8.575298804796617,eng_Latn," Our foster care system is supposed to provide safe homes, loving caregivers, stable education, and reliable health care.",3.5154918713109624,16.88031621441121,18.625,20.25
"Translate the following sentence from English to French:
Q: Foster care is supposed to provide all the necessities that were lacking in the home they were previously taken from.
A:",Foster care is supposed to provide all the necessities that were lacking in the home they were previously taken from.,Le placement en famille d’accueil est censé fournir toutes les nécessités qui faisaient défaut dans le foyer d’où ils ont été auparavant retirés.,"The French word for foster home is ""home"".",0.0,4.99846508791994,eng_Latn, Foster care is supposed to provide all the necessities that were lacking in the home they were previously taken from.,1.3670175654149608,9.991885748597403,15.6875,18.625
"Translate the following sentence from English to French:
Q: The Internet combines elements of both mass and interpersonal communication.
A:",The Internet combines elements of both mass and interpersonal communication.,Internet allie des éléments de communication de masse et de communication interpersonnelle.,Mass communication is the use of electronic media to communicate with people.,2.9275822595890535,28.099387093915677,eng_Latn, The Internet combines elements of both mass and interpersonal communication.,3.737437943747671,26.608271097690743,11.125,18.375
"Translate the following sentence from English to French:
Q: The distinct characteristics of the Internet lead to additional dimensions in terms of the uses and gratifications approach.
A:",The distinct characteristics of the Internet lead to additional dimensions in terms of the uses and gratifications approach.,Les caractéristiques distinctes d'Internet conduisent à des dimensions supplémentaires en termes d'approche des usages et des gratifications.,"The Internet is a platform for communication, not a tool for learning.",0.7850820667904758,12.726488387964775,eng_Latn, The distinct characteristics of the Internet lead to additional dimensions in terms of the uses and gratifications approach.,1.8296315734733615,18.365783173471335,12.6875,24.125
"Translate the following sentence from English to French:
Q: For example, “learning” and “socialization” are suggested as important motivations for Internet use (James et al., 1995).
A:","For example, “learning” and “socialization” are suggested as important motivations for Internet use (James et al., 1995).","Par exemple, « l'apprentissage » et « la socialisation » sont considérés comme de grands facteurs favorisant l'utilisation d'Internet (James et al., 1995).",The French word for “socialization” is “social” and “socialization” is a verb.,0.8998663017016566,11.986894018770569,eng_Latn," For example, “learning” and “socialization” are suggested as important motivations for Internet use (James et al., 1995).",20.33375196798232,22.988395478214194,19.375,22.625
"Translate the following sentence from English to French:
Q: “Personal involvement” and “continuing relationships” were also identified as new motivation aspects by Eighmey and McCord (1998) when they investigated audience reactions to websites.
A:",“Personal involvement” and “continuing relationships” were also identified as new motivation aspects by Eighmey and McCord (1998) when they investigated audience reactions to websites.,« L’implication personnelle » et « les relations continues » ont également été identifiées comme étant de nouveaux aspects motivationnels par Eighmey et McCord (1998) lorsqu’ils ont étudié les réactions du public vis-à-vis des sites internet.,“Personal” and “continuing” are the two most common words in the French language.,0.4152937113573677,8.291341188744154,eng_Latn, “Personal involvement” and “continuing relationships” were also identified as new motivation aspects by Eighmey and McCord (1998) when they investigated audience reactions to websites.,16.30979558420188,17.01803395027505,24.625,21.875
"Translate the following sentence from English to French:
Q: The use of video recording has led to important discoveries in the interpretation of micro-expressions, facial movements which last a few milliseconds.
A:","The use of video recording has led to important discoveries in the interpretation of micro-expressions, facial movements which last a few milliseconds.","L'usage de l'enregistrement vidéo a mené à de grandes découvertes dans l'interprétation des micro-expressions, c'est-à-dire des expressions faciales durant quelques millisecondes.",The use of video is a great help to the researchers in their work.,0.2652264364005711,7.664869482751264,eng_Latn," The use of video recording has led to important discoveries in the interpretation of micro-expressions, facial movements which last a few milliseconds.",4.648332933852791,21.845339006913825,8.0625,19.375
"Translate the following sentence from English to French:
Q: In particular, it is claimed that one can detect whether a person is lying by interpreting micro-expressions correctly.
A:","In particular, it is claimed that one can detect whether a person is lying by interpreting micro-expressions correctly.",On prétend notamment que l’on peut détecter si une personne ment en interprétant correctement des micro-expressions.,The micro-act of a person’s face is a form of deception.,2.531849616224455,11.617381518075497,eng_Latn," In particular, it is claimed that one can detect whether a person is lying by interpreting micro-expressions correctly.",3.975194865389111,13.906502764233036,9.4375,19.75
"Translate the following sentence from English to French:
Q: Oliver Sacks, in his paper The President's Speech, indicated how people who are unable to understand speech because of brain damage are nevertheless able to assess sincerity accurately.
A:","Oliver Sacks, in his paper The President's Speech, indicated how people who are unable to understand speech because of brain damage are nevertheless able to assess sincerity accurately.","Oliver Sacks, dans son article Le discours du président, a indiqué comment les personnes ne pouvant pas comprendre le discours en raison de lésions cérébrales sont néanmoins en mesure d’évaluer la sincérité avec précision.","The French word for sincerity is ""sincerity"" and it is a word that is used in the same sentence as ""sincere"" in the above sentence.",0.7188181441076977,11.02874629666742,eng_Latn," Oliver Sacks, in his paper The President's Speech, indicated how people who are unable to understand speech because of brain damage are nevertheless able to assess sincerity accurately.",2.1635001774176463,16.198954363785663,16.625,19.0
"Translate the following sentence from English to French:
Q: He even suggests that such abilities in interpreting human behavior may be shared by animals such as domestic dogs.
A:",He even suggests that such abilities in interpreting human behavior may be shared by animals such as domestic dogs.,Il suggère même que de telles capacités d’interprétation du comportement humain peuvent se trouver chez des animaux tels que les chiens domestiques.,The French word for “dog” is “dog” and the word for “person” is “person”.,1.1112788042727701,6.654203755976651,eng_Latn, He even suggests that such abilities in interpreting human behavior may be shared by animals such as domestic dogs.,1.387819277861591,7.096896777642181,22.0,23.5
"Translate the following sentence from English to French:
Q: Twentieth century research has shown that there are two pools of genetic variation: hidden and expressed.
A:",Twentieth century research has shown that there are two pools of genetic variation: hidden and expressed.,Les recherches du vingtième siècle ont montré qu’il existe deux réservoirs de variation génétique : caché et exprimé.,Hidden variation is the variation that is not visible to the naked eye.,2.094641741496659,15.873587700545603,eng_Latn, Twentieth century research has shown that there are two pools of genetic variation: hidden and expressed.,4.053328293689336,19.292456237653674,3.046875,9.375
"Translate the following sentence from English to French:
Q: Mutation adds new genetic variation, and selection removes it from the pool of expressed variation.
A:","Mutation adds new genetic variation, and selection removes it from the pool of expressed variation.","La mutation ajoute une nouvelle variation génétique, et la sélection l'enlève de la réserve des variations exprimées.","The word mutation is used in the same sense as selection, and it is used in the context of the French word for selection, which is <i>selection</i>.",2.310428454615111,19.435032219432912,eng_Latn," Mutation adds new genetic variation, and selection removes it from the pool of expressed variation.",3.182498075985838,28.917837442982208,4.59375,7.65625
"Translate the following sentence from English to French:
Q: Segregation and recombination shuffle variation back and forth between the two pools with each generation.
A:",Segregation and recombination shuffle variation back and forth between the two pools with each generation.,La ségrégation et la recombinaison font alterner les variations entre les deux bassins à chaque génération.,The process of segregation and recombination is a natural phenomenon in the environment. It is a process that occurs in nature and is not a result of human intervention.,1.184949136625139,22.233501215631264,eng_Latn, Segregation and recombination shuffle variation back and forth between the two pools with each generation.,10.490894282140378,33.11609534267931,3.21875,8.125
"Translate the following sentence from English to French:
Q: Out on the savanna, it is hard for a primate with a digestive system like that of humans to satisfy its amino-acid requirements from available plant resources.
A:","Out on the savanna, it is hard for a primate with a digestive system like that of humans to satisfy its amino-acid requirements from available plant resources.","Dans la savane, il est difficile pour un primate doté d'un système digestif semblable à celui des humains de satisfaire ses besoins en acides aminés à partir des ressources végétales disponibles.",The answer is:,0.0,1.3063370377825279,eng_Latn," Out on the savanna, it is hard for a primate with a digestive system like that of humans to satisfy its amino-acid requirements from available plant resources.",0.004173233840330752,2.3686311890378455,22.75,25.0
"Translate the following sentence from English to French:
Q: Moreover, failure to do so has serious consequences: growth depression, malnutrition, and ultimately death.
A:","Moreover, failure to do so has serious consequences: growth depression, malnutrition, and ultimately death.","En outre, une absence de réaction a de graves conséquences : troubles de la croissance, malnutrition et en fin de compte, la mort.","The French word for failure is <em>deception</em>, and it is a very common word in the French language. It is used in a variety of contexts, from the law to the workplace.",1.1239503708631486,17.752963206397062,eng_Latn," Moreover, failure to do so has serious consequences: growth depression, malnutrition, and ultimately death.",2.091907353029706,22.023148824492587,21.625,25.0
"Translate the following sentence from English to French:
Q: The most readily accessible plant resources would have been the proteins accessible in leaves and legumes, but these are hard for primates like us to digest unless they are cooked.
A:","The most readily accessible plant resources would have been the proteins accessible in leaves and legumes, but these are hard for primates like us to digest unless they are cooked.","Les ressources végétales les plus facilement accessibles seraient les protéines contenues dans les feuilles et les légumineuses, mais celles-ci sont difficiles à digérer pour des primates comme nous, à moins d'être cuites.",The same goes for the other two resources.,0.0321245572110076,5.304069704304504,eng_Latn," The most readily accessible plant resources would have been the proteins accessible in leaves and legumes, but these are hard for primates like us to digest unless they are cooked.",0.284222680073096,10.781607081001123,20.75,21.75
"Translate the following sentence from English to French:
Q: In contrast, animal foods (ants, termites, eggs) not only are easily digestible, but they provide high-quantity proteins that contain all the essential amino acids.
A:","In contrast, animal foods (ants, termites, eggs) not only are easily digestible, but they provide high-quantity proteins that contain all the essential amino acids.","Par opposition, la nourriture d'origine animale (fourmis, termites, œufs) est facile à digérer tout en apportant une grande quantité de protéines renfermant tous les acides aminés vitaux.",The word “protein” is a bit of a misnomer. It is a term that is used to describe the amount of protein in the food we eat. It is a word that is used to describe the quality of the food.,0.7291698644541256,13.876998793436272,eng_Latn," In contrast, animal foods (ants, termites, eggs) not only are easily digestible, but they provide high-quantity proteins that contain all the essential amino acids.",0.959641509636166,17.55406270321547,15.4375,25.0
"Translate the following sentence from English to French:
Q: All things considered, we should not be surprised if our own ancestors solved their ""protein problem"" in somewhat the same way that chimps on the savanna do today.
A:","All things considered, we should not be surprised if our own ancestors solved their ""protein problem"" in somewhat the same way that chimps on the savanna do today.","Tout bien considéré, nous ne devrions pas être surpris si nos propres ancêtres ont résolu leur « problème de protéines » un peu de la même manière que les chimpanzés de la savane le font aujourd'hui.",,0.0,0.0,eng_Latn," All things considered, we should not be surprised if our own ancestors solved their ""protein problem"" in somewhat the same way that chimps on the savanna do today.",0.0,0.0,18.125,21.25
"Translate the following sentence from English to French:
Q: Sleep interruption is the process of purposefully awakening during your normal sleep period and falling asleep a short time later (10–60 minutes).
A:",Sleep interruption is the process of purposefully awakening during your normal sleep period and falling asleep a short time later (10–60 minutes).,L'interruption du sommeil est le processus qui consiste en l'éveil intentionnel durant votre période de sommeil et l'assoupissement peu de temps après (de 10 à 60 minutes).,Sleep deprivation is a condition that is not only harmful to the body but also to the individual. It is a form of stress that is not only stressful for the individual but also for the family.,0.0,13.469375371313793,eng_Latn, Sleep interruption is the process of purposefully awakening during your normal sleep period and falling asleep a short time later (10–60 minutes).,1.2744039505750158,18.824647132111778,4.46875,14.9375
"Translate the following sentence from English to French:
Q: This can be easily done by using a relatively quiet alarm clock to bring you to consciousness without fully waking you.
A:",This can be easily done by using a relatively quiet alarm clock to bring you to consciousness without fully waking you.,"Cela peut être fait facilement en utilisant un réveil relativement silencieux, afin de vous faire reprendre conscience sans vous réveiller complètement.",The alarm is a form of communication that is used to alert the user of a problem.,0.8829422521995683,9.462863719629754,eng_Latn, This can be easily done by using a relatively quiet alarm clock to bring you to consciousness without fully waking you.,1.94745336941834,13.270515111070905,5.09375,18.75
"Translate the following sentence from English to French:
Q: If you find yourself resetting the clock in your sleep, it can be placed on the other side of the room, forcing you to get out of bed to turn it off.
A:","If you find yourself resetting the clock in your sleep, it can be placed on the other side of the room, forcing you to get out of bed to turn it off.","Si vous vous retrouvez à réinitialiser l’horloge pendant votre sommeil, il peut être placé de l’autre côté de la pièce, vous forçant à sortir du lit pour l’éteindre.","The clock is a symbol of the human body, and it is a reminder of the fact that we are all connected to the Earth.",0.8225780716309873,9.53249812376326,eng_Latn," If you find yourself resetting the clock in your sleep, it can be placed on the other side of the room, forcing you to get out of bed to turn it off.",3.436203232190556,20.536579017664597,17.25,24.375
"Translate the following sentence from English to French:
Q: Other biorhythm-based options involve drinking lots of fluid (particularly water or tea, a known diuretic) prior to sleep, forcing one to get up to urinate.
A:","Other biorhythm-based options involve drinking lots of fluid (particularly water or tea, a known diuretic) prior to sleep, forcing one to get up to urinate.","Les autres possibilités fondées sur le biorythme incluent le fait de boire beaucoup de liquides avant de s'endormir (notamment de l'eau ou du thé, réputés pour être diurétiques), ce qui vous contraint à vous réveiller pour uriner.",The answer is that the fluid intake is not sufficient to keep the body hydrated.,0.19978904194822952,6.746429133484903,eng_Latn," Other biorhythm-based options involve drinking lots of fluid (particularly water or tea, a known diuretic) prior to sleep, forcing one to get up to urinate.",1.291676150359746,12.265356288268855,17.5,21.75
"Translate the following sentence from English to French:
Q: The amount of inner peace a person possesses correlates oppositely to the amount of tension in one’s body and spirit.
A:",The amount of inner peace a person possesses correlates oppositely to the amount of tension in one’s body and spirit.,Le degré de paix intérieure d'une personne s'oppose au degré de tension dans son corps et son esprit.,The answer is: Inner peace = 100%,0.0,4.852423221578815,eng_Latn, The amount of inner peace a person possesses correlates oppositely to the amount of tension in one’s body and spirit.,0.767322785896366,10.33713269971774,17.5,21.25
"Translate the following sentence from English to French:
Q: The lower the tension, the more positive the life force present. Every person has the potential to find absolute peace and contentment.
A:","The lower the tension, the more positive the life force present. Every person has the potential to find absolute peace and contentment.","Plus la tension est faible, plus la force vitale présente est positive. Chaque personne a la possibilité de trouver une paix et un contentement absolus.","The French word for life force is <i>laissez-faire</i>, which means to let go of the pressure of the tension.",1.5886575611904474,14.19256153358685,eng_Latn," The lower the tension, the more positive the life force present. Every person has the potential to find absolute peace and contentment.",4.300662553696791,25.390867971410554,9.625,16.0
"Translate the following sentence from English to French:
Q: Everyone can achieve enlightenment. The only thing standing in the way of this goal is our own tension and negativity.
A:",Everyone can achieve enlightenment. The only thing standing in the way of this goal is our own tension and negativity.,Tout le monde peut atteindre l'illumination. La seule chose qui fait obstacle à cet objectif est notre propre tension et notre négativité.,"The French word enlightenment is derived from the Latin word for enlightenment, which means to be free from tension, to be in harmony with nature, to be in a state of peace, to be in a position to do something, to be in a position to learn, to be in a good mood, to be in a good health, to be able to do the things we need to do, and to be able to live.",0.4545718102663943,16.452123945856705,eng_Latn, Everyone can achieve enlightenment. The only thing standing in the way of this goal is our own tension and negativity.,3.149365884279819,24.552292549271826,8.75,12.5625
"Translate the following sentence from English to French:
Q: The Tibetan Buddhism is based on the teachings of Buddha, but were extended by the mahayana path of love and by a lot of techniques from Indian Yoga.
A:","The Tibetan Buddhism is based on the teachings of Buddha, but were extended by the mahayana path of love and by a lot of techniques from Indian Yoga.","Le bouddhisme tibétain est basé sur les enseignements de Bouddha, mais a été enrichi par le chemin de l'amour mahayana et par de nombreuses techniques du yoga indien.",The Mahayana is a path of Buddhism that is more advanced than the Tibetan one.,0.6458380751798731,12.716323432280486,eng_Latn," The Tibetan Buddhism is based on the teachings of Buddha, but were extended by the mahayana path of love and by a lot of techniques from Indian Yoga.",3.269431066220102,25.759798250262833,7.875,20.0
"Translate the following sentence from English to French:
Q: In principle the Tibetan Buddhism is very simple. It consists of Kundalini Yoga, meditation and the path of all-embracing love.
A:","In principle the Tibetan Buddhism is very simple. It consists of Kundalini Yoga, meditation and the path of all-embracing love.","En principe, le bouddhisme tibétain est très simple. Il se compose du Kundalini Yoga, de la méditation et de la voie de l'amour universel.",The Tibetan philosophy of love is a very different one from the Buddhist philosophy of love.,0.7043431070926197,10.669489383687978,eng_Latn," In principle the Tibetan Buddhism is very simple. It consists of Kundalini Yoga, meditation and the path of all-embracing love.",3.2177322981976078,22.718594126894185,5.84375,20.625
"Translate the following sentence from English to French:
Q: With Kundalini Yoga the Kundalini energy (enlightenment energy) is awakened through yoga postures, breathing exercises, mantras and visualizations.
A:","With Kundalini Yoga the Kundalini energy (enlightenment energy) is awakened through yoga postures, breathing exercises, mantras and visualizations.","Avec le Kundalini Yoga, l’énergie Kundalini (énergie d’illumination) est éveillée par des postures de yoga, des exercices de respiration, des mantras et des visualisations.",Kunds-shaped beads are used to attract the energy of the Kunds.,0.5217902073457873,8.217440506130846,eng_Latn," With Kundalini Yoga the Kundalini energy (enlightenment energy) is awakened through yoga postures, breathing exercises, mantras and visualizations.",1.1572933002801307,13.483291405523984,22.75,23.5
"Translate the following sentence from English to French:
Q: The center of Tibetan meditation is the Deity Yoga. Through the visualization of various deities the energy channels are cleaned, the chakras are activated and the enlightenment consciousness is created.
A:","The center of Tibetan meditation is the Deity Yoga. Through the visualization of various deities the energy channels are cleaned, the chakras are activated and the enlightenment consciousness is created.","Le centre de la méditation tibétaine est le yoga de la déité. C'est grâce à la visualisation de différentes déités que les canaux d'énergie sont nettoyés, les chakras activés, et la conscience d'éveil créée.",Tibetan Buddhism is a religion that is based on the practice of meditation. It is a religion that is based on the concept of the Buddha.,0.5805782031694392,14.003464011207484,eng_Latn," The center of Tibetan meditation is the Deity Yoga. Through the visualization of various deities the energy channels are cleaned, the chakras are activated and the enlightenment consciousness is created.",2.3570310939944554,21.638424938737447,9.5625,15.5
"Translate the following sentence from English to French:
Q: Germany was a common enemy in World War 2, leading to cooperation between the USSR and USA. With the end of the war the clashes of system, process and culture led to the countries falling out.
A:","Germany was a common enemy in World War 2, leading to cooperation between the USSR and USA. With the end of the war the clashes of system, process and culture led to the countries falling out.","L'Allemagne était un ennemi commun pendant la Seconde Guerre mondiale, ce qui a conduit à la coopération entre l'URSS et les États-Unis. À la fin de la guerre, les conflits profonds entre leurs différents systèmes, méthodes et cultures ont mis fin à l'entente entre ces deux pays.",The French and German governments have been in conflict for over 100 years. The French government has been in charge of the country since 1945. The French government has been in charge of the country for 10 years.,0.5122866545454041,11.71270841733914,eng_Latn," Germany was a common enemy in World War 2, leading to cooperation between the USSR and USA. With the end of the war the clashes of system, process and culture led to the countries falling out.",2.47163558193468,19.540194939464904,20.875,22.375
"Translate the following sentence from English to French:
Q: With two years of the end of the war, the former allies were now enemies and the Cold War began.
A:","With two years of the end of the war, the former allies were now enemies and the Cold War began.","Deux ans après la fin de la guerre, les anciens alliés sont devenus des ennemis et la guerre froide a commencé.",The French government has been in power for 100 years and has been in the news for a long time. The French government has been in the news for a long time.,1.2944532586971997,12.93994137340984,eng_Latn," With two years of the end of the war, the former allies were now enemies and the Cold War began.",1.6276888006478718,19.903715195192937,24.875,25.0
"Translate the following sentence from English to French:
Q: It was to last for the next 40 years and would be fought for real, by proxy armies, on battlefields from Africa to Asia, in Afghanistan, Cuba and many other places.
A:","It was to last for the next 40 years and would be fought for real, by proxy armies, on battlefields from Africa to Asia, in Afghanistan, Cuba and many other places.","Elle allait durer pendant les 40 années suivantes et verrait des affrontements réels, par le biais d'armées de substitution, sur des champs de bataille aussi bien en Afrique qu'en Asie, en Afghanistan, à Cuba et dans bien d'autres endroits.","The French army was the first to use the term “proxy war” in 1998, and it was the first time that the French government used the term in the French language.",0.4710636132359072,9.843148110139678,eng_Latn," It was to last for the next 40 years and would be fought for real, by proxy armies, on battlefields from Africa to Asia, in Afghanistan, Cuba and many other places.",1.4515098521383458,16.107357754862623,13.4375,22.375
"Translate the following sentence from English to French:
Q: By September 17, 1939, the Polish defense was already broken, and the only hope was to retreat and reorganise along the Romanian bridgehead.
A:","By September 17, 1939, the Polish defense was already broken, and the only hope was to retreat and reorganise along the Romanian bridgehead.","Le 17 septembre 1939, la défense polonaise était déjà brisée, et le seul espoir était de battre en retraite et de se réorganiser le long de la tête de pont roumaine.","The French army was in the middle of a major offensive in the middle of the war, and the French forces were in the middle of a major war.",0.9189092873968764,10.399657809957628,eng_Latn," By September 17, 1939, the Polish defense was already broken, and the only hope was to retreat and reorganise along the Romanian bridgehead.",5.336626135787336,18.60425348492023,20.25,21.0
"Translate the following sentence from English to French:
Q: However, these plans were rendered obsolete nearly overnight, when over 800,000 soldiers from the Soviet's Union Red Army entered and created the Belarussian and Ukrainian fronts after invading the eastern regions of Poland in violation of the Riga Peace Treaty, the Soviet-Polish Non-Aggression Pact, and other international treaties, both bilateral and multilateral.
A:","However, these plans were rendered obsolete nearly overnight, when over 800,000 soldiers from the Soviet's Union Red Army entered and created the Belarussian and Ukrainian fronts after invading the eastern regions of Poland in violation of the Riga Peace Treaty, the Soviet-Polish Non-Aggression Pact, and other international treaties, both bilateral and multilateral.","Mais ces plans sont devenus obsolètes presque du jour au lendemain, quand plus de 800 000 soldats de l’Armée rouge de l’Union soviétique sont arrivés et ont créé le front biélorusse et ukrainien après avoir envahi les régions est de la Pologne, violant ainsi le Traité de Paix de Riga, le pacte de non-agression soviéto-polonais, ainsi que d’autres traités internationaux, qu’ils soient bilatéraux ou multilatéraux.","The Soviet Union's decision to invade Poland in 1991 was a major turning point in the history of the country, and it is a major factor in the development of the Belarusian and Ukrainian militaries.",0.19959358958941747,11.022265095271624,eng_Latn," However, these plans were rendered obsolete nearly overnight, when over 800,000 soldiers from the Soviet's Union Red Army entered and created the Belarussian and Ukrainian fronts after invading the eastern regions of Poland in violation of the Riga Peace Treaty, the Soviet-Polish Non-Aggression Pact, and other international treaties, both bilateral and multilateral.",2.6203792692342636,21.40807378382668,8.6875,21.0
"Translate the following sentence from English to French:
Q: Using ships to transport goods is by far the most efficient way to move large amounts of people and goods across oceans.
A:",Using ships to transport goods is by far the most efficient way to move large amounts of people and goods across oceans.,L'utilisation de navires pour le transport de marchandises est de loin le moyen le plus efficace pour déplacer de grandes quantités de personnes et de biens à travers les océans.,"The French word for ship is ship, and it is a noun.",0.44335007037988755,5.688015990813345,eng_Latn, Using ships to transport goods is by far the most efficient way to move large amounts of people and goods across oceans.,1.5860671757292075,9.573829726721863,21.75,22.0
"Translate the following sentence from English to French:
Q: The job of navies has traditionally been to ensure that your country maintains the ability to move your people and goods, while at the same time, interfering with your enemy's ability to move his people and goods.
A:","The job of navies has traditionally been to ensure that your country maintains the ability to move your people and goods, while at the same time, interfering with your enemy's ability to move his people and goods.","Le travail des marines a traditionnellement été de s'assurer que votre pays conserve la capacité de déplacer vos personnes et vos biens, tout en interférant avec la capacité de votre ennemi à déplacer ses personnes et ses biens.",The French Navy has a long history of protecting the French people from the threat of the Nazis.,0.47055629603451615,6.639874685115821,eng_Latn," The job of navies has traditionally been to ensure that your country maintains the ability to move your people and goods, while at the same time, interfering with your enemy's ability to move his people and goods.",0.8982421428972787,12.734562236515496,14.9375,22.375
"Translate the following sentence from English to French:
Q: One of the most noteworthy recent examples of this was the North Atlantic campaign of WWII. The Americans were trying to move men and materials across the Atlantic Ocean to help Britain.
A:",One of the most noteworthy recent examples of this was the North Atlantic campaign of WWII. The Americans were trying to move men and materials across the Atlantic Ocean to help Britain.,L'un des exemples récents les plus remarquables de cette situation a été la campagne North Atlantic pendant la Seconde Guerre mondiale. Les Américains tentaient de faire traverser l'océan Atlantique à des soldats et du matériel pour aider la Grande-Bretagne.,The French were trying to build a bridge across the Atlantic to help the United States.,0.2132726818668639,8.75676379917665,eng_Latn, One of the most noteworthy recent examples of this was the North Atlantic campaign of WWII. The Americans were trying to move men and materials across the Atlantic Ocean to help Britain.,5.431989703931624,25.919434150964765,22.375,23.875
"Translate the following sentence from English to French:
Q: At the same time, the German navy, using mainly U-boats, was trying to stop this traffic.
A:","At the same time, the German navy, using mainly U-boats, was trying to stop this traffic.","Au même moment, la marine allemande, utilisant principalement des U-Boots, tentait d'arrêter ce trafic.","The French and German forces were fighting in the same area for a long time, and the U.S. Navy was trying to stop the war.",1.6338984401221652,14.288763884375255,eng_Latn," At the same time, the German navy, using mainly U-boats, was trying to stop this traffic.",11.622111816655837,40.05928818157747,19.0,25.0
"Translate the following sentence from English to French:
Q: Had the Allies failed, Germany probably would have been able to conquer Britain as it had the rest of Europe.
A:","Had the Allies failed, Germany probably would have been able to conquer Britain as it had the rest of Europe.","Si les Alliés avaient échoué, l'Allemagne aurait probablement pu conquérir la Grande-Bretagne comme elle l'a fait pour le reste de l'Europe.","The French army was defeated in 1940, and the British Empire was the last to be conquered by the Germans.",0.9444709298734467,12.308976132757243,eng_Latn," Had the Allies failed, Germany probably would have been able to conquer Britain as it had the rest of Europe.",3.9645132534206877,21.538701022221556,15.6875,21.625
"Translate the following sentence from English to French:
Q: Goats seem to have been first domesticated roughly 10,000 years ago in the Zagros Mountains of Iran.
A:","Goats seem to have been first domesticated roughly 10,000 years ago in the Zagros Mountains of Iran.",Il semble que les chèvres aient été domestiquées pour la première fois il y a environ 10 000 ans dans les monts Zagros en Iran.,"The word ""goats"" is a common word in the region, and it is used to describe the animals that are domesticated.",1.4625251554483123,13.515089181741576,eng_Latn," Goats seem to have been first domesticated roughly 10,000 years ago in the Zagros Mountains of Iran.",4.514788618484022,24.806116744651455,13.5625,20.125
"Translate the following sentence from English to French:
Q: Ancient cultures and tribes began to keep them for easy access to milk, hair, meat, and skins.
A:","Ancient cultures and tribes began to keep them for easy access to milk, hair, meat, and skins.","Les cultures et les tribus anciennes ont commencé à les garder près d'elles pour avoir facilement accès au lait, aux poils, à la viande et aux peaux.","The French word for milk is <i>m</i><i>il</i><i>l</i><i>y</i>, and the word for skin is <i>skin</i>.",0.8853994618255676,6.552291755979908,eng_Latn," Ancient cultures and tribes began to keep them for easy access to milk, hair, meat, and skins.",1.872391895200192,15.066679675908434,16.375,20.125
"Translate the following sentence from English to French:
Q: Domestic goats were generally kept in herds that wandered on hills or other grazing areas, often tended by goatherds who were frequently children or adolescents, similar to the more widely known shepherd. These methods of herding are still used today.
A:","Domestic goats were generally kept in herds that wandered on hills or other grazing areas, often tended by goatherds who were frequently children or adolescents, similar to the more widely known shepherd. These methods of herding are still used today.","Les chèvres domestiques étaient généralement gardées dans les troupeaux qui erraient sur les collines ou d'autres espaces de pâturage, souvent soignées par des chevriers qui étaient la plupart du temps des enfants ou des adolescents, semblables au terme plus connu de bergers. Ces méthodes pastorales ont toujours cours aujourd'hui.",The French word for goat is “goose” and the word “herding” is a bit of a mouthful. The French word for goat is “hermit” and the word is used in the same sentence.,0.4758932242335545,8.17518282793893,eng_Latn," Domestic goats were generally kept in herds that wandered on hills or other grazing areas, often tended by goatherds who were frequently children or adolescents, similar to the more widely known shepherd. These methods of herding are still used today.",1.0135485412582241,16.032733863896944,22.625,25.0
"Translate the following sentence from English to French:
Q: Wagonways were built in England as early as the 16th Century.
A:",Wagonways were built in England as early as the 16th Century.,Les « wagonways » étaient construits en Angleterre dès le XVIème siècle.,"The word wagon is derived from the French word for wagon, and the word wagon is a noun.",3.482270899863668,11.116739526463437,eng_Latn, Wagonways were built in England as early as the 16th Century.,2.0705706652424007,13.58140791726071,19.625,19.25
"Translate the following sentence from English to French:
Q: Although wagonways merely consisted of parallel planks of wood, they allowed horses pulling them to achieve greater speeds and pull larger loads than on the slightly more rough roads of the day.
A:","Although wagonways merely consisted of parallel planks of wood, they allowed horses pulling them to achieve greater speeds and pull larger loads than on the slightly more rough roads of the day.","Bien que les voies pour wagons fussent simplement constituées de planches de bois parallèles, elles permettaient aux chevaux qui les tiraient d'atteindre de plus grandes vitesses et de tirer des charges plus importantes que sur les routes légèrement plus accidentées de la journée.","The French word for wagon is <i>wagon</i>, and it is a noun.",0.33691572377405243,5.206476653659091,eng_Latn," Although wagonways merely consisted of parallel planks of wood, they allowed horses pulling them to achieve greater speeds and pull larger loads than on the slightly more rough roads of the day.",1.4591092573318998,7.525613854348459,23.125,24.625
"Translate the following sentence from English to French:
Q: Crossties were introduced fairly early to hold the tracks in place. Gradually, however, it was realised that tracks would be more efficient if they had a stip of iron on the top.
A:","Crossties were introduced fairly early to hold the tracks in place. Gradually, however, it was realised that tracks would be more efficient if they had a stip of iron on the top.","Les croisillons ont été introduits assez tôt pour maintenir les pistes en place. Cependant, on s'est peu à peu rendu compte que les pistes seraient plus efficaces si elles étaient munies d'une bande de fer sur le dessus.",The first step in the development of the track was the use of a pulley system.,0.38154661243752225,7.36450479101995,eng_Latn," Crossties were introduced fairly early to hold the tracks in place. Gradually, however, it was realised that tracks would be more efficient if they had a stip of iron on the top.",0.8833659523952564,14.906006178892795,18.625,22.5
"Translate the following sentence from English to French:
Q: This became common practice, but the iron caused more wear on the wooden wheels of the wagons.
A:","This became common practice, but the iron caused more wear on the wooden wheels of the wagons.","Cela est devenu une pratique courante, mais le fer a causé plus d'usure sur les roues en bois des wagons.","The French word for wagon wheel is ""wagon"" and the word ""iron"" is a common word in the French language.",1.6960680297236934,11.550727443123137,eng_Latn," This became common practice, but the iron caused more wear on the wooden wheels of the wagons.",2.075273865705644,23.492274752727972,13.0,20.125
"Translate the following sentence from English to French:
Q: Eventually, wooden wheels were replaced by iron wheels. In 1767, the first full-iron rails were introduced.
A:","Eventually, wooden wheels were replaced by iron wheels. In 1767, the first full-iron rails were introduced.","Finalement, les roues en bois ont été remplacées par des roues en fer. En 1767, les premiers rails en fer ont fait leur apparition.",The French word for iron is “iron” and the word “rail” is French.,0.8890492361798082,7.743626373667419,eng_Latn," Eventually, wooden wheels were replaced by iron wheels. In 1767, the first full-iron rails were introduced.",1.8402902615276922,12.763171954837516,17.875,21.5
"Translate the following sentence from English to French:
Q: The first known transportation was walking, humans began walking upright two million years ago with the emergence of Homo Erectus (meaning upright man).
A:","The first known transportation was walking, humans began walking upright two million years ago with the emergence of Homo Erectus (meaning upright man).",Le tout premier moyen de locomotion était la marche : les humains se mirent à marcher debout il y a deux millions d'années avec l'arrivée de l'Homo Erectus (« homme droit »).,"The first word in the sentence is ""walking"" and the second is ""human""",0.0,6.977883355569414,eng_Latn," The first known transportation was walking, humans began walking upright two million years ago with the emergence of Homo Erectus (meaning upright man).",2.1839367320768854,15.722933593249705,22.375,24.625
"Translate the following sentence from English to French:
Q: Their predecessors, the Australopithecus did not walk upright as habitually.
A:","Their predecessors, the Australopithecus did not walk upright as habitually.","Leurs prédécesseurs, les australopithèques, ne marchaient pas debout comme d’habitude.","The word ""Austral"" is a contraction of the word ""Australopithecus"" and ""Homo sapiens"" is the name of the genus.",2.205438848664384,17.9220094428677,eng_Latn," Their predecessors, the Australopithecus did not walk upright as habitually.",6.903396668678424,25.4700925549174,20.0,24.25
"Translate the following sentence from English to French:
Q: Bipedal specializations are found in Australopithecus fossils from 4.2-3.9 million years ago, although Sahelanthropus may have walked on two legs as early as seven million years ago.
A:","Bipedal specializations are found in Australopithecus fossils from 4.2-3.9 million years ago, although Sahelanthropus may have walked on two legs as early as seven million years ago.","On trouve des spécialisations bipèdes dans les fossiles d’Australopithecus d’il y a 4,2 à 3,9 millions d’années, bien que le Sahelanthropus ait pu marcher sur deux jambes il y a déjà sept millions d’années.","The fossil record of the species is very limited, and the fossil hunters are not able to find the species in the wild.",0.4687997758380171,11.966680263015341,eng_Latn," Bipedal specializations are found in Australopithecus fossils from 4.2-3.9 million years ago, although Sahelanthropus may have walked on two legs as early as seven million years ago.",1.049903563464806,14.877878014323374,23.75,25.0
"Translate the following sentence from English to French:
Q: We can start living more friendly to the environment, we can join to the environmental movement, and we can even be activists in order to reduce the future suffering in some degree.
A:","We can start living more friendly to the environment, we can join to the environmental movement, and we can even be activists in order to reduce the future suffering in some degree.","Nous pouvons commencer par vivre en meilleure harmonie avec l'environnement, nous pouvons rejoindre le mouvement environnemental, et nous pouvons même militer dans le but d'atténuer les souffrances à venir.",The French government has a lot of work to do in the area of environmental protection.,0.44050353545454457,10.393149547762581,eng_Latn," We can start living more friendly to the environment, we can join to the environmental movement, and we can even be activists in order to reduce the future suffering in some degree.",1.1184395279544972,16.848966386246662,18.125,24.0
"Translate the following sentence from English to French:
Q: This is just like symptomatic treatment in many cases. However, if we do not only want a temporary solution, then we should find the root of the problems, and we should deactivate them.
A:","This is just like symptomatic treatment in many cases. However, if we do not only want a temporary solution, then we should find the root of the problems, and we should deactivate them.","Dans de nombreux cas, il s’agit d’un traitement symptomatique. Cependant, si nous ne voulons pas seulement une solution temporaire, nous devons trouver la racine des problèmes et les désactiver.","The French word for symptom is “problem” and “problem” is a word that is used in a variety of contexts. For example, the word “problem” is used in the following contexts:",1.022951633574269,14.943662908358416,eng_Latn," This is just like symptomatic treatment in many cases. However, if we do not only want a temporary solution, then we should find the root of the problems, and we should deactivate them.",1.382212405645661,20.31619161367952,11.75,16.75
"Translate the following sentence from English to French:
Q: It is obvious enough that the world has changed much because of humankind's scientific and technological advancements, and problems have become greater because of overpopulation and mankind's extravagant lifestyle.
A:","It is obvious enough that the world has changed much because of humankind's scientific and technological advancements, and problems have become greater because of overpopulation and mankind's extravagant lifestyle.","Il est clair que le monde a beaucoup changé grâce aux progrès scientifiques et technologiques réalisés par les êtres humains, et que les problèmes sont devenus plus importants en raison de la surpopulation et du mode de vie extravagant de l'humanité.",,0.0,0.0,eng_Latn," It is obvious enough that the world has changed much because of humankind's scientific and technological advancements, and problems have become greater because of overpopulation and mankind's extravagant lifestyle.",0.0,0.0,20.0,20.25
"Translate the following sentence from English to French:
Q: After its adoption by Congress on July 4, a handwritten draft signed by the President of Congress John Hancock and the Secretary Charles Thomson was then sent a few blocks away to the printing shop of John Dunlap.
A:","After its adoption by Congress on July 4, a handwritten draft signed by the President of Congress John Hancock and the Secretary Charles Thomson was then sent a few blocks away to the printing shop of John Dunlap.","Après son adoption par le Congrès le 4 juillet, un projet manuscrit signé par le président du Congrès John Hancock et le secrétaire Charles Thomson a ensuite été envoyé à quelques rues de là, à l'imprimerie de John Dunlap.",The printing company was the printer of the Constitution.,0.07964281267206547,6.6627028025141755,eng_Latn," After its adoption by Congress on July 4, a handwritten draft signed by the President of Congress John Hancock and the Secretary Charles Thomson was then sent a few blocks away to the printing shop of John Dunlap.",0.5013091877345452,12.846084673307736,20.625,18.25
"Translate the following sentence from English to French:
Q: Through the night between 150 and 200 copies were made, now known as ""Dunlap broadsides"".
A:","Through the night between 150 and 200 copies were made, now known as ""Dunlap broadsides"".","Pendant la nuit, entre 150 et 200 exemplaires ont été faits, aujourd’hui connus sous le nom de « Dunlap Broadsides ».",The broadsheets were made by the French army during the French Revolution.,0.9441925205997573,9.353213173423375,eng_Latn," Through the night between 150 and 200 copies were made, now known as ""Dunlap broadsides"".",5.026855659315359,21.257558710091775,25.0,23.75
"Translate the following sentence from English to French:
Q: The first public reading of the document was by John Nixon in the yard of Independence Hall on July 8.
A:",The first public reading of the document was by John Nixon in the yard of Independence Hall on July 8.,La première lecture publique du document a été faite par John Nixon dans la cour de l'Independence Hall le 8 juillet.,Nixon was a French-born American politician who was born in 1933 and was the first to be elected to the House of Representatives in 1964. He was the first to be elected to the Senate.,1.121617874316939,14.966232581478925,eng_Latn, The first public reading of the document was by John Nixon in the yard of Independence Hall on July 8.,1.386242207953302,21.308467553187942,25.0,25.0
"Translate the following sentence from English to French:
Q: One was sent to George Washington on July 6, who had it read to his troops in New York on July 9. A copy reached London on August 10.
A:","One was sent to George Washington on July 6, who had it read to his troops in New York on July 9. A copy reached London on August 10.","L’un d’eux a été envoyé à George Washington le 6 juillet, qui l’a fait lire à ses troupes à New York le 9 juillet. Une copie est parvenue à Londres le 10 août.","The other was sent to the French ambassador on August 13, and the French government sent a copy of the text to the French Embassy in Washington, D.C.",1.1531936338875965,14.120547627809241,eng_Latn," One was sent to George Washington on July 6, who had it read to his troops in New York on July 9. A copy reached London on August 10.",5.725068959849069,28.014476530283467,12.4375,19.75
"Translate the following sentence from English to French:
Q: The 25 Dunlap broadsides still known to exist are the oldest surviving copies of the document. The original handwritten copy has not survived.
A:",The 25 Dunlap broadsides still known to exist are the oldest surviving copies of the document. The original handwritten copy has not survived.,Les 25 feuilles Dunlap dont on connaît encore l'existence sont les plus anciennes copies du document. La copie manuscrite originale n'a pas survécu.,"The 2019 Dunsee, the 2018 edition of the document, is the most recent edition of the book.",1.179049953454677,11.187295040744306,eng_Latn, The 25 Dunlap broadsides still known to exist are the oldest surviving copies of the document. The original handwritten copy has not survived.,4.904569244146367,20.102721029202243,24.75,25.0
"Translate the following sentence from English to French:
Q: Many paleontologists today believe that one group of dinosaurs survived and is alive today. We call them birds.
A:",Many paleontologists today believe that one group of dinosaurs survived and is alive today. We call them birds.,De nombreux paléontologues pensent aujourd’hui qu’un groupe de dinosaures a survécu et est toujours en vie. On les appelle les oiseaux.,Bird species are not the only ones that have been found in the fossil record.,0.7052178108392831,10.41840836894505,eng_Latn, Many paleontologists today believe that one group of dinosaurs survived and is alive today. We call them birds.,1.801724217736594,14.629788433152225,20.0,24.125
"Translate the following sentence from English to French:
Q: Many people don't think about them as dinosaurs because they have feathers and can fly.
A:",Many people don't think about them as dinosaurs because they have feathers and can fly.,Peu de gens les considèrent comme des dinosaures étant donne qu'ils ont des ailes et peuvent voler.,,0.0,0.0,eng_Latn, Many people don't think about them as dinosaurs because they have feathers and can fly.,0.0,0.0,14.8125,15.75
"Translate the following sentence from English to French:
Q: But there are a lot of things about birds that still look like a dinosaur.
A:",But there are a lot of things about birds that still look like a dinosaur.,Mais il y a beaucoup de choses sur les oiseaux qui ressemblent encore à un dinosaure.,"Yes, I know.",0.35649911537502726,2.385129180825023,eng_Latn, But there are a lot of things about birds that still look like a dinosaur.,0.9690650671856618,2.6723108366833093,15.9375,23.25
"Translate the following sentence from English to French:
Q: They have feet with scales and claws, they lay eggs, and they walk on their two back legs like a T-Rex.
A:","They have feet with scales and claws, they lay eggs, and they walk on their two back legs like a T-Rex.","Ils ont des pattes recouvertes d'écailles et pourvues de griffes, ils pondent des œufs et marchent sur leurs deux pattes arrière comme des T-Rex.",The French word for “foot” is “foot” and the word for “egg” is “egg”,0.0,4.725576673657274,eng_Latn," They have feet with scales and claws, they lay eggs, and they walk on their two back legs like a T-Rex.",1.2385894093817358,9.387389277043113,14.375,22.125
"Translate the following sentence from English to French:
Q: Virtually all computers in use today are based on the manipulation of information which is coded in the form of binary numbers.
A:",Virtually all computers in use today are based on the manipulation of information which is coded in the form of binary numbers.,Pratiquement tous les ordinateurs utilisés aujourd'hui sont basés sur la manipulation d'informations qui sont codées sous forme de nombres binaires.,"The word computer is derived from the Latin word for ""information"" and the word ""computer"" is a French word.",1.0508326333035425,14.336244691299507,eng_Latn, Virtually all computers in use today are based on the manipulation of information which is coded in the form of binary numbers.,1.8892056019820658,21.898945474575164,21.25,22.375
"Translate the following sentence from English to French:
Q: A binary number can have only one of two values, i.e. 0 or 1, and these numbers are referred to as binary digits - or bits, to use computer jargon.
A:","A binary number can have only one of two values, i.e. 0 or 1, and these numbers are referred to as binary digits - or bits, to use computer jargon.","Un nombre binaire ne peut avoir qu’une seule de deux valeurs : 0 ou 1. Ces nombres sont appelés des chiffres binaires, ou bits pour utiliser le jargon informatique.","The word ""binary"" is derived from the Latin word for ""digit"" and the word ""digit"" is a compound word.",0.8971390635831793,9.216062870994463,eng_Latn," A binary number can have only one of two values, i.e. 0 or 1, and these numbers are referred to as binary digits - or bits, to use computer jargon.",1.1807014075863562,14.057295321086094,14.9375,22.0
"Translate the following sentence from English to French:
Q: Internal poisoning may not be immediately apparent. Symptoms, such as vomiting are sufficiently general that an immediate diagnosis cannot be made.
A:","Internal poisoning may not be immediately apparent. Symptoms, such as vomiting are sufficiently general that an immediate diagnosis cannot be made.","Un empoisonnement interne peut ne pas être visible immédiatement. Les symptômes, tels que les vomissements, sont suffisamment généraux pour qu'un diagnostic immédiat ne puisse pas être posé.",The French word for poison is “poisoning” and it is a term that is used in a variety of contexts.,0.7410900331577027,10.271990117236635,eng_Latn," Internal poisoning may not be immediately apparent. Symptoms, such as vomiting are sufficiently general that an immediate diagnosis cannot be made.",3.2387383138731036,15.276658259954438,18.625,23.375
"Translate the following sentence from English to French:
Q: The best indication of internal poisoning may be the presence of an open container of medication or toxic household chemicals.
A:",The best indication of internal poisoning may be the presence of an open container of medication or toxic household chemicals.,Le meilleur indice d'un empoisonnement interne est probablement la présence d'un récipient ouvert de médicaments ou de produits chimiques domestiques toxiques.,"The French word for poison is ""poisonous"" and it is used in the same sentence as ""poison"".",0.9700407811190136,11.57432409039467,eng_Latn, The best indication of internal poisoning may be the presence of an open container of medication or toxic household chemicals.,3.177252436767909,18.168536341592194,24.625,20.5
"Translate the following sentence from English to French:
Q: Check the label for specific first aid instructions for that specific poison.
A:",Check the label for specific first aid instructions for that specific poison.,Consultez l'étiquette pour connaître les instructions de premiers secours spécifiques à ce poison.,The label on the bottle of aspirin is a good example of this.,1.483327704143614,7.935985812051176,eng_Latn, Check the label for specific first aid instructions for that specific poison.,3.21858262703621,16.666230937413243,4.25,7.4375
"Translate the following sentence from English to French:
Q: The term bug is used by entomologists in a formal sense for this group of insects.
A:",The term bug is used by entomologists in a formal sense for this group of insects.,Le terme « insecte » est utilisé par les entomologistes dans un sens formel pour ce groupe d’insectes.,Insect,0.0,3.1622635420629734,eng_Latn, The term bug is used by entomologists in a formal sense for this group of insects.,0.0,4.015907000313428,23.375,20.75
"Translate the following sentence from English to French:
Q: This term derives from ancient familiarity with Bed-bugs, which are insects highly adapted to parasitize humans.
A:","This term derives from ancient familiarity with Bed-bugs, which are insects highly adapted to parasitize humans.","Ce terme dérive d’une ancienne familiarité avec les punaises de lit, qui sont des insectes très adaptés pour parasiter les humains.",The French word for bed bug is “bug” and the French word for human is “human”,0.0,6.442788542250632,eng_Latn," This term derives from ancient familiarity with Bed-bugs, which are insects highly adapted to parasitize humans.",0.0,10.336160697435604,7.6875,16.25
"Translate the following sentence from English to French:
Q: Both Assassin-bugs and Bed-bugs are nidicolous, adapted to living in nest or housing of their host.
A:","Both Assassin-bugs and Bed-bugs are nidicolous, adapted to living in nest or housing of their host.","Les réduves, tout comme les punaises de lit, sont nidicoles, c'est-à-dire adaptées pour vivre dans le nid ou l'habitat de leur hôte.",,0.0,0.0,eng_Latn," Both Assassin-bugs and Bed-bugs are nidicolous, adapted to living in nest or housing of their host.",0.0,0.0,6.03125,23.125
"Translate the following sentence from English to French:
Q: Across the United States of America, there are approximately 400,000 known cases of Multiple Sclerosis (MS), leaving it as the leading neurological disease in younger and middle aged adults.
A:","Across the United States of America, there are approximately 400,000 known cases of Multiple Sclerosis (MS), leaving it as the leading neurological disease in younger and middle aged adults.","Aux États-Unis, il y a environ 400 000 cas connus de sclérose en plaques (SEP), ce qui en fait la principale maladie neurologique chez les jeunes et les adultes d’âge moyen.","The disease is also known as the “brain-damaged” disease, and it is a condition that affects people of all ages.",0.980164050435701,10.981097791402817,eng_Latn," Across the United States of America, there are approximately 400,000 known cases of Multiple Sclerosis (MS), leaving it as the leading neurological disease in younger and middle aged adults.",2.5979020022478694,18.533989210637834,14.75,21.875
"Translate the following sentence from English to French:
Q: MS is a disease that affects the central nervous system, which is made up of the brain, the spinal cord and the optic nerve.
A:","MS is a disease that affects the central nervous system, which is made up of the brain, the spinal cord and the optic nerve.","La sclérose en plaques est une maladie qui affecte le système nerveux central, composé du cerveau, de la moelle épinière et du nerf optique.","The word MS is a combination of the words for the disease, which is a French word for the word “brain” and “nervous system”",0.9084378439822194,10.739976684782837,eng_Latn," MS is a disease that affects the central nervous system, which is made up of the brain, the spinal cord and the optic nerve.",9.616855816911954,36.046389743511924,5.78125,7.625
"Translate the following sentence from English to French:
Q: Research has found that females are two times more likely to have MS then males.
A:",Research has found that females are two times more likely to have MS then males.,Des recherches ont montré que les femmes sont deux fois plus susceptibles d’avoir la sclérose en plaques que les hommes.,This is a statement of fact.,0.2129980035369514,4.800370870978705,eng_Latn, Research has found that females are two times more likely to have MS then males.,1.3643394208905164,7.225916461978548,22.75,19.5
"Translate the following sentence from English to French:
Q: A couple may decide it is not in their best interest, or in the interest of their child, to raise a baby.
A:","A couple may decide it is not in their best interest, or in the interest of their child, to raise a baby.","Un couple peut très bien estimer qu'il n'est pas dans leur intérêt, ni dans celui de l'enfant, de s'occuper de l'éducation d'un bébé.",The French word for this is “not”.,0.24509486646401563,3.6089593546896883,eng_Latn," A couple may decide it is not in their best interest, or in the interest of their child, to raise a baby.",1.2482247181508344,7.198321927115485,22.75,21.75
"Translate the following sentence from English to French:
Q: These couples may choose to make an adoption plan for their baby.
A:",These couples may choose to make an adoption plan for their baby.,Ces couples peuvent choisir de faire un projet d’adoption pour leur bébé.,The French word for adoption is “adoption” and it is used in the same way as “adoption” in English.,2.847964238283142,14.958016422442297,eng_Latn, These couples may choose to make an adoption plan for their baby.,3.0603367373678014,21.015228606776844,7.78125,5.53125
"Translate the following sentence from English to French:
Q: In an adoption, the birth parents terminate their parental rights so that another couple may parent the child.
A:","In an adoption, the birth parents terminate their parental rights so that another couple may parent the child.","Dans le cadre d'une adoption, les parents biologiques mettent fin à leurs droits parentaux afin qu'un autre couple puisse élever l'enfant.",The adoptive parents are the ones who have to pay for the adoption fee.,1.8867060203703363,14.782560508670816,eng_Latn," In an adoption, the birth parents terminate their parental rights so that another couple may parent the child.",4.229488620077181,19.971411186513237,23.875,24.25
"Translate the following sentence from English to French:
Q: Science’s main goal is to figure out the way the world works through the scientific method. This method in fact guides most scientific research.
A:",Science’s main goal is to figure out the way the world works through the scientific method. This method in fact guides most scientific research.,L'objectif principal de la science est de comprendre la façon dont le monde fonctionne grâce à la méthode scientifique. Cette méthode guide en fait la plupart des recherches scientifiques.,The French word for “method” is “methodology” and it is used to describe the process of scientific research.,0.869901364246174,13.949566887677062,eng_Latn, Science’s main goal is to figure out the way the world works through the scientific method. This method in fact guides most scientific research.,5.70385540373026,28.12712942784122,4.125,14.75
"Translate the following sentence from English to French:
Q: It isn’t alone though, experimentation, and an experiment is a test that is used to eliminate one or more of the possible hypotheses, asking questions, and making observations also guide scientific research.
A:","It isn’t alone though, experimentation, and an experiment is a test that is used to eliminate one or more of the possible hypotheses, asking questions, and making observations also guide scientific research.","Ce n'est cependant pas la seule, l'expérimentation, et une expérience est un test qui sert à éliminer une ou plusieurs des hypothèses possibles, poser des questions et faire des observations, mais qui oriente également la recherche scientifique.",The word experiment comes from the French word for “experiment” and is used to describe the process of scientific research.,0.5017450670856435,13.228445559173267,eng_Latn," It isn’t alone though, experimentation, and an experiment is a test that is used to eliminate one or more of the possible hypotheses, asking questions, and making observations also guide scientific research.",5.142052171374557,27.911569137714515,4.03125,17.75
"Translate the following sentence from English to French:
Q: Naturalists and philosophers focused on classical texts and, in particular, on the Bible in Latin.
A:","Naturalists and philosophers focused on classical texts and, in particular, on the Bible in Latin.","Les naturalistes et les philosophes se sont concentrés sur les textes anciens, et en particulier sur la Bible en latin.","The French philosopher, Jacques Derrida, was the first to write about the Bible in French.",3.4606710503528726,16.918286316717165,eng_Latn," Naturalists and philosophers focused on classical texts and, in particular, on the Bible in Latin.",7.255825013362529,26.68053813162373,19.125,23.25
"Translate the following sentence from English to French:
Q: Accepted were Aristotle's views on all matters of science, including psychology.
A:","Accepted were Aristotle's views on all matters of science, including psychology.","Les opinions d'Aristote sur toutes les questions scientifiques, y compris la psychologie, ont été acceptées.","Aristotle was a philosopher, not a scientist.",1.3630842714584204,14.404898818938076,eng_Latn," Accepted were Aristotle's views on all matters of science, including psychology.",2.703236041108666,18.266397927188553,7.0625,22.0
"Translate the following sentence from English to French:
Q: As knowledge of Greek declined, the West found itself cut off from its Greek philosophical and scientific roots.
A:","As knowledge of Greek declined, the West found itself cut off from its Greek philosophical and scientific roots.","Avec le déclin de la connaissance du grec, l'Occident s'est retrouvé coupé de ses racines philosophiques et scientifiques grecques.",,0.0,0.0,eng_Latn," As knowledge of Greek declined, the West found itself cut off from its Greek philosophical and scientific roots.",0.0,0.0,17.5,19.375
"Translate the following sentence from English to French:
Q: Many observed rhythms in physiology and behavior often crucially depend on the presence of endogenous cycles and their production through biological clocks.
A:",Many observed rhythms in physiology and behavior often crucially depend on the presence of endogenous cycles and their production through biological clocks.,De nombreux rythmes observés dans la physiologie et le comportement dépendent souvent en grande partie de la présence de cycles endogènes et de leur production par des horloges biologiques.,The word clock is a French word that means “clock” and it is used in a very specific way in the context of the French language.,0.8486531932972275,10.426014502453842,eng_Latn, Many observed rhythms in physiology and behavior often crucially depend on the presence of endogenous cycles and their production through biological clocks.,1.6294700080702849,17.15677988284824,14.25,24.875
"Translate the following sentence from English to French:
Q: Periodic rhythms, which are not simply responses to external periodic cues, have been documented for most living beings, including bacteria, fungi, plants, and animals.
A:","Periodic rhythms, which are not simply responses to external periodic cues, have been documented for most living beings, including bacteria, fungi, plants, and animals.","Les rythmes périodiques, qui ne constituent pas simplement des réponses à des stimuli périodiques externes, ont été documentés pour la plupart des êtres vivants, y compris les bactéries, les champignons, les plantes et les animaux.",The periodic rhythms of the human body are a result of the interaction of the nervous system and the body's own rhythms.,0.5932924273286976,9.309023107414374,eng_Latn," Periodic rhythms, which are not simply responses to external periodic cues, have been documented for most living beings, including bacteria, fungi, plants, and animals.",7.004738699499809,18.75050841803347,7.71875,20.75
"Translate the following sentence from English to French:
Q: Biological clocks are self sustaining oscillators which will continue a period of free-running cycling even in the absence of external cues.
A:",Biological clocks are self sustaining oscillators which will continue a period of free-running cycling even in the absence of external cues.,"Les horloges biologiques sont des oscillateurs autosuffisants qui continueront un cycle de fonctionnement pendant une certaine période, même en l'absence de stimulation extérieure.",The answer is:,0.0,1.2647148924586564,eng_Latn, Biological clocks are self sustaining oscillators which will continue a period of free-running cycling even in the absence of external cues.,0.0,2.1715062557392613,23.625,23.5
"Translate the following sentence from English to French:
Q: The Hershey and Chase experiment was one of the leading suggestions that DNA was a genetic material.
A:",The Hershey and Chase experiment was one of the leading suggestions that DNA was a genetic material.,L'expérience Hershey et Chase a été l'une des principales indications que l'ADN était un matériel génétique.,The Hershey-Geffen experiment was a more recent discovery that the Hershey-Company has been working on for years.,4.740962591984029,14.902849380667318,eng_Latn, The Hershey and Chase experiment was one of the leading suggestions that DNA was a genetic material.,11.508711800431275,32.51605451188201,20.75,24.5
"Translate the following sentence from English to French:
Q: Hershey and Chase used phages, or viruses, to implant their own DNA into a bacterium.
A:","Hershey and Chase used phages, or viruses, to implant their own DNA into a bacterium.","Hershey et Chase ont utilisé des phages, ou des virus, pour implanter leur propre ADN dans une bactérie.",The phytic acid in the soil is a source of calcium for the bacteria.,1.269961673637781,12.199654379062219,eng_Latn," Hershey and Chase used phages, or viruses, to implant their own DNA into a bacterium.",1.9108871956733893,16.195480311467154,25.0,25.0
"Translate the following sentence from English to French:
Q: They did two experiments marking either the DNA in the phage with a radioactive phosphorus or the protein of the phage with radioactive sulfur.
A:",They did two experiments marking either the DNA in the phage with a radioactive phosphorus or the protein of the phage with radioactive sulfur.,"Ils ont mené deux expériences pour marquer soit l’ADN du phage avec un phosphore radioactif, soit la protéine du phage avec du soufre radioactif.",The results of the two experiments were not very different. The phage was found to be more efficient at killing the bacteria.,1.7624264994043803,13.484954639478449,eng_Latn, They did two experiments marking either the DNA in the phage with a radioactive phosphorus or the protein of the phage with radioactive sulfur.,6.011961478020706,27.32450611213158,16.375,20.0
"Translate the following sentence from English to French:
Q: Mutations can have a variety of different effects depending on the type of mutation, the significance of the piece of genetic material affected and whether the cells affected are germ-line cells.
A:","Mutations can have a variety of different effects depending on the type of mutation, the significance of the piece of genetic material affected and whether the cells affected are germ-line cells.","Les mutations peuvent avoir de nombreux effets différents selon le type de mutation, l'importance de la partie du matériel génétique affectée et si les cellules affectées sont des cellules germinales.","Mutations are the result of a mutation in a cell, but they are not the same as the mutations in the DNA.",2.1492458098875873,15.14481868772283,eng_Latn," Mutations can have a variety of different effects depending on the type of mutation, the significance of the piece of genetic material affected and whether the cells affected are germ-line cells.",3.2564468861926437,19.98137349381573,16.125,23.125
"Translate the following sentence from English to French:
Q: Only mutations in germ-line cells can be passed on to children, while mutations elsewhere can cause cell-death or cancer.
A:","Only mutations in germ-line cells can be passed on to children, while mutations elsewhere can cause cell-death or cancer.","Seules les mutations des cellules germinales peuvent être transmises aux enfants, tandis que d'autres mutations peuvent entraîner la mort des cellules ou le cancer.",Mutations in the DNA of the cells that make up the body are not passed on to the next generation.,0.9925572822875032,12.27676726777458,eng_Latn," Only mutations in germ-line cells can be passed on to children, while mutations elsewhere can cause cell-death or cancer.",6.113158632240953,26.25428523186223,13.25,20.375
"Translate the following sentence from English to French:
Q: Nature-based tourism attracts people interested in visiting natural areas for the purpose of enjoying the scenery, including plant and animal wildlife.
A:","Nature-based tourism attracts people interested in visiting natural areas for the purpose of enjoying the scenery, including plant and animal wildlife.","L'écotourisme intéresse les personnes désireuses de visiter des zones naturelles dans le but de profiter du paysage, notamment de la faune et de la flore.","The word nature is used in the sentence to mean the same thing as the French word for nature, which is “nature”",0.8263103346765358,12.731261899677172,eng_Latn," Nature-based tourism attracts people interested in visiting natural areas for the purpose of enjoying the scenery, including plant and animal wildlife.",1.661749405566262,17.605993114716785,12.625,14.9375
"Translate the following sentence from English to French:
Q: Examples of on-site activities include hunting, fishing, photography, bird watching, and visiting parks and studying information about the ecosystem.
A:","Examples of on-site activities include hunting, fishing, photography, bird watching, and visiting parks and studying information about the ecosystem.","La chasse, la pêche, la photographie, l’observation des oiseaux, la visite de parcs et l’étude des informations sur l’écosystème sont des exemples d’activités sur place.","On the other hand, the French word for on-line is on, and on the other hand is a verb. On the other hand, on the other side of the coin, the French word for on-line is on.",1.137828950216615,11.685924368761603,eng_Latn," Examples of on-site activities include hunting, fishing, photography, bird watching, and visiting parks and studying information about the ecosystem.",2.764424811291322,16.023798023772127,23.375,22.75
"Translate the following sentence from English to French:
Q: An example is visiting, photographing, and learning about organgatuangs in Borneo.
A:","An example is visiting, photographing, and learning about organgatuangs in Borneo.","On peut par exemple aller voir, photographier et découvrir les orang-outans de Bornéo.","The word “orang” is a very common word in the region of Borneo, and it is used to describe the people and their culture.",1.6338984401221652,17.17226272207392,eng_Latn," An example is visiting, photographing, and learning about organgatuangs in Borneo.",4.038771194843466,21.364680302867097,8.25,18.125
"Translate the following sentence from English to French:
Q: Every morning, people leave small country towns in cars to go their workplace and are passed by others whose work destination is the place they have just left.
A:","Every morning, people leave small country towns in cars to go their workplace and are passed by others whose work destination is the place they have just left.","Chaque matin, les gens quittent les petites villes de campagne en voiture pour se rendre à leur lieu de travail et croisent d'autres gens qui vont travailler dans la campagne qu'ils viennent de quitter.",The French word for car is a synonym for town.,0.23530560808965478,3.3906444222047707,eng_Latn," Every morning, people leave small country towns in cars to go their workplace and are passed by others whose work destination is the place they have just left.",0.8417964182033727,7.069163911284542,19.75,21.125
"Translate the following sentence from English to French:
Q: In this dynamic transport shuttle everyone is somehow connected with, and supporting, a transport system based on private cars.
A:","In this dynamic transport shuttle everyone is somehow connected with, and supporting, a transport system based on private cars.","Dans cette navette de transport dynamique, chacun est en quelque sorte relié à un système de transport basé sur les voitures particulières et le soutient.",The French word for “transport” is “transportation” and it is a term that is used in a variety of ways.,1.003487762805885,16.27340564812889,eng_Latn," In this dynamic transport shuttle everyone is somehow connected with, and supporting, a transport system based on private cars.",1.8884748972625875,21.76395958630143,21.0,22.625
"Translate the following sentence from English to French:
Q: Science now indicates that this massive carbon economy has dislodged the biosphere from one of its stable states that has supported human evolution for the past two million years.
A:",Science now indicates that this massive carbon economy has dislodged the biosphere from one of its stable states that has supported human evolution for the past two million years.,La science montre désormais que cette économie massivement basée sur le carbone a délogé la biosphère de son état de stabilité qui a soutenu l'évolution humaine pendant deux millions d'années.,"The word ""carbon"" is used in the sentence to mean ""carbon dioxide"" and ""monoxide"" in French.",0.552269488141807,10.60131709266209,eng_Latn, Science now indicates that this massive carbon economy has dislodged the biosphere from one of its stable states that has supported human evolution for the past two million years.,1.2629039612615058,12.042620781504784,24.25,23.125
"Translate the following sentence from English to French:
Q: Everyone participates in society and uses transportation systems. Almost everyone complains about transportation systems.
A:",Everyone participates in society and uses transportation systems. Almost everyone complains about transportation systems.,Tout le monde fait partie de la société et utilise les systèmes de transport. Quasiment tout le monde se plaint des systèmes de transport.,,0.0,0.0,eng_Latn, Everyone participates in society and uses transportation systems. Almost everyone complains about transportation systems.,0.0,0.0,12.75,18.375
"Translate the following sentence from English to French:
Q: In developed countries you seldom hear similar levels of complaints about water quality or bridges falling down.
A:",In developed countries you seldom hear similar levels of complaints about water quality or bridges falling down.,"Dans les pays développés, il est rare d’entendre autant de plaintes concernant la qualité de l’eau ou l’effondrement de ponts.","In France, the same thing happens to the bridge in the same place.",0.8805827798506448,9.559383925103555,eng_Latn, In developed countries you seldom hear similar levels of complaints about water quality or bridges falling down.,1.7151410562816563,12.535870369934631,21.875,24.875
"Translate the following sentence from English to French:
Q: Why do transportation systems engender such complaints, why do they fail on a daily basis? Are transportation engineers just incompetent? Or is something more fundamental going on?
A:","Why do transportation systems engender such complaints, why do they fail on a daily basis? Are transportation engineers just incompetent? Or is something more fundamental going on?","Pourquoi les systèmes de transport engendrent-ils de telles plaintes, pourquoi tombent-ils en panne quotidiennement ? Les ingénieurs des transports sont-ils simplement incompétents ? Ou bien, se passe-t-il quelque chose de plus fondamental ?",The French government has a lot to say about this. The French government has a lot to say about transportation.,0.35951924864615276,8.933252040144566,eng_Latn," Why do transportation systems engender such complaints, why do they fail on a daily basis? Are transportation engineers just incompetent? Or is something more fundamental going on?",1.8985512865073384,15.723766695427818,20.5,24.75
"Translate the following sentence from English to French:
Q: Traffic Flow is the study of the movement of individual drivers and vehicles between two points and the interactions they make with one another.
A:",Traffic Flow is the study of the movement of individual drivers and vehicles between two points and the interactions they make with one another.,"Le flux de trafic est l'étude des mouvements des conducteurs et des véhicules particuliers entre deux points, et des interactions qu'ils exercent entre eux.",Traffic management is the process of managing traffic in a city or area.,0.7006743941915626,8.597495260969659,eng_Latn, Traffic Flow is the study of the movement of individual drivers and vehicles between two points and the interactions they make with one another.,3.3969401156029124,15.840588893863043,4.5,17.125
"Translate the following sentence from English to French:
Q: Unfortunately, studying traffic flow is difficult because driver behavior cannot be predicted with one-hundred percent certainty.
A:","Unfortunately, studying traffic flow is difficult because driver behavior cannot be predicted with one-hundred percent certainty.","Malheureusement, il est difficile d'étudier le flux de circulation car le comportement des conducteurs ne peut être prédit avec cent pour cent de certitude.",The French word for traffic management is “traffic” and “traffic” is a word that is used in a very specific way. It is used in the context of traffic management to describe the process of planning and control of traffic.,0.7291698644541256,16.278549545665975,eng_Latn," Unfortunately, studying traffic flow is difficult because driver behavior cannot be predicted with one-hundred percent certainty.",0.959641509636166,19.74710996066014,16.75,21.0
"Translate the following sentence from English to French:
Q: Fortunately, drivers tend to behave within a reasonably consistent range; thus, traffic streams tend to have some reasonable consistency and can be roughly represented mathematically.
A:","Fortunately, drivers tend to behave within a reasonably consistent range; thus, traffic streams tend to have some reasonable consistency and can be roughly represented mathematically.","Heureusement, les conducteurs ont tendance à agir dans une fourchette raisonnablement cohérente; ainsi, les flux de circulation ont tendance à avoir une cohérence raisonnable et peuvent être représentés mathématiquement de manière approximative.",The French word for “traffic” is “traffic” and “traffic” is a word that is used in a variety of contexts.,0.5632058844131094,7.36563342935609,eng_Latn," Fortunately, drivers tend to behave within a reasonably consistent range; thus, traffic streams tend to have some reasonable consistency and can be roughly represented mathematically.",1.1057712398751827,12.431176975797133,25.0,25.0
"Translate the following sentence from English to French:
Q: To better represent traffic flow, relationships have been established between the three main characteristics: (1) flow, (2) density, and (3) velocity.
A:","To better represent traffic flow, relationships have been established between the three main characteristics: (1) flow, (2) density, and (3) velocity.","Pour mieux représenter le flux de trafic, des relations ont été établies entre les trois principales caractéristiques : (1) le débit, (2) la densité et (3) la vitesse.","The flow of traffic in the city of Paris is a function of the density of the city, and the speed of traffic is a function of the density of the surrounding area.",1.2753998269755913,14.218374427338906,eng_Latn," To better represent traffic flow, relationships have been established between the three main characteristics: (1) flow, (2) density, and (3) velocity.",3.357041136813362,22.37761590339251,21.125,22.625
"Translate the following sentence from English to French:
Q: These relationships help in planning, design, and operations of roadway facilities.
A:","These relationships help in planning, design, and operations of roadway facilities.","Ces relations aident à la planification, à la conception, et au fonctionnement des installations routières.",The French word for “roadway” is “roadway” and the word “plan” is “plan” and “plan” is a French word.,1.184949136625139,9.507373976088628,eng_Latn," These relationships help in planning, design, and operations of roadway facilities.",1.3113617852675474,16.155232133987514,8.4375,11.4375
"Translate the following sentence from English to French:
Q: Insects were the first animals to take to the air. Their ability to fly helped them evade enemies more easily and find food and mates more efficiently.
A:",Insects were the first animals to take to the air. Their ability to fly helped them evade enemies more easily and find food and mates more efficiently.,Les insectes ont été les premiers animaux à s'envoler. Leur capacité à voler leur a permis d'échapper plus facilement à leurs ennemis et de trouver plus efficacement de la nourriture et des compagnons.,,0.0,0.0,eng_Latn, Insects were the first animals to take to the air. Their ability to fly helped them evade enemies more easily and find food and mates more efficiently.,0.0,0.0,21.25,22.25
"Translate the following sentence from English to French:
Q: Most insects have the advantage of being able to fold their wings back along the body.
A:",Most insects have the advantage of being able to fold their wings back along the body.,La plupart des insectes ont l’avantage de pouvoir replier leurs ailes le long du corps.,True,0.0,1.0135135135135134,eng_Latn, Most insects have the advantage of being able to fold their wings back along the body.,0.0,0.6944444444444445,23.5,17.75
"Translate the following sentence from English to French:
Q: This gives them a wider range of small places to hide from predators.
A:",This gives them a wider range of small places to hide from predators.,Cela leur donne un plus grand nombre de petits endroits pour se cacher des prédateurs.,"This is a sentence that is used in the context of a small group of people, and is not a sentence that is used in a way that would be considered offensive.",1.0559717178170818,14.696018379973246,eng_Latn, This gives them a wider range of small places to hide from predators.,1.5790460212418518,19.843517034273184,14.0625,24.125
"Translate the following sentence from English to French:
Q: Today, the only insects that cannot fold back their wings are dragon flies and mayflies.
A:","Today, the only insects that cannot fold back their wings are dragon flies and mayflies.","Aujourd'hui, les seuls insectes qui ne peuvent pas replier leurs ailes sont les mouches dragons et les éphémères.","The word fly is a contraction of fly, which is a word that is used in the same sentence as fly.",1.397648678478756,11.212789937741737,eng_Latn," Today, the only insects that cannot fold back their wings are dragon flies and mayflies.",2.224972978585352,18.700930234333036,22.375,23.75
"Translate the following sentence from English to French:
Q: Thousands of years ago, a man called Aristarchus said that the Solar System moved around the Sun.
A:","Thousands of years ago, a man called Aristarchus said that the Solar System moved around the Sun.","Il y a quelques milliers d’années, un homme appelé Aristarque a affirmé que le système solaire se déplaçait autour du Soleil.",Aristotelian,0.0,4.347145678974034,eus_Latn," Duela milaka urte, Aristarko izeneko gizon batek esan zuen eguzki-sistema eguzkiaren inguruan mugitzen zela.",0.0,4.796283384754753,21.875,22.125
"Translate the following sentence from English to French:
Q: Some people thought he was right but many people believed the opposite; that the Solar System moved around the Earth, including the Sun (and even the other stars).
A:","Some people thought he was right but many people believed the opposite; that the Solar System moved around the Earth, including the Sun (and even the other stars).","Certains pensaient qu’il avait raison, mais beaucoup croyaient le contraire : que le système solaire se déplaçait autour de la Terre, y compris le Soleil (et même les autres étoiles).","The sun is a planet, not a star, and the Earth is a planet.",0.4657077109733915,6.542231020828147,eng_Latn," Some people thought he was right but many people believed the opposite; that the Solar System moved around the Earth, including the Sun (and even the other stars).",1.974981444054605,12.91395220085209,19.875,24.75
"Translate the following sentence from English to French:
Q: This seems sensible, because the Earth doesn't feel as if it's moving, does it?
A:","This seems sensible, because the Earth doesn't feel as if it's moving, does it?","Cela semble raisonnable, car la Terre n'a pas l'impression de bouger, n'est-ce pas ?","Yes, the Earth's motion is a function of the Earth's rotation, and the Coriolis effect is a natural phenomenon.",1.6961343903963388,12.258929897372914,eng_Latn," This seems sensible, because the Earth doesn't feel as if it's moving, does it?",3.9016631127179093,17.874849475499985,9.25,19.625
"Translate the following sentence from English to French:
Q: The Amazon River is the second longest and the biggest river on Earth. It carries more than 8 times as much water as the second biggest river.
A:",The Amazon River is the second longest and the biggest river on Earth. It carries more than 8 times as much water as the second biggest river.,Le fleuve Amazone est le deuxième plus long et le plus grand fleuve sur Terre. Il charrie plus de huit fois le volume d'eau du deuxième plus gros fleuve.,"The river is a natural wonder, and it is a natural resource.",0.464346237890178,7.073323883443015,eng_Latn, The Amazon River is the second longest and the biggest river on Earth. It carries more than 8 times as much water as the second biggest river.,1.3524277924391885,12.478095599708668,17.0,23.5
"Translate the following sentence from English to French:
Q: The Amazon is also the widest river on Earth, at times six miles wide.
A:","The Amazon is also the widest river on Earth, at times six miles wide.","L'Amazone est également le fleuve le plus large de la planète, atteignant parfois 10 km de large.","The Amazon River is the largest river in the world, and it is the largest river in the world with the widest range.",1.7179060012299232,17.77866881150813,eng_Latn," The Amazon is also the widest river on Earth, at times six miles wide.",7.831957705977147,36.10719210205533,6.34375,8.1875
"Translate the following sentence from English to French:
Q: A full 20 percent of the water that pours out of the planet's rivers into the oceans comes from the Amazon.
A:",A full 20 percent of the water that pours out of the planet's rivers into the oceans comes from the Amazon.,Pas moins de 20 % de l'eau qui se jette des rivières de la planète dans les océans provient de l'Amazone.,The Amazon River is the largest river in the world and the water that flows through it is the most important resource in the world. It is the most important resource in the world.,0.9432284668356838,14.865769086605837,eng_Latn, A full 20 percent of the water that pours out of the planet's rivers into the oceans comes from the Amazon.,4.486776015336414,29.06770501548756,14.1875,15.0625
"Translate the following sentence from English to French:
Q: The main Amazon River is 6,387 km (3,980 miles). It collects water from thousands of smaller rivers.
A:","The main Amazon River is 6,387 km (3,980 miles). It collects water from thousands of smaller rivers.",Le bras principal du Fleuve Amazone est long de 6 387 km (3 980 miles). Il collecte l'eau des milliers de petites rivières.,The river is a natural resource that is being used by the people of the world. It is a natural resource that is being used by the French government.,1.057054579657621,12.406253611188328,eng_Latn," The main Amazon River is 6,387 km (3,980 miles). It collects water from thousands of smaller rivers.",1.6794256847485505,18.200568283436496,24.625,24.25
"Translate the following sentence from English to French:
Q: Although pyramid-building in stone continued until the end of the Old Kingdom, the pyramids of Giza were never surpassed in their size and the technical excellence of their construction.
A:","Although pyramid-building in stone continued until the end of the Old Kingdom, the pyramids of Giza were never surpassed in their size and the technical excellence of their construction.","Bien que la construction de pyramides en pierre se soit poursuivie jusqu'à la fin de l'Ancien Empire, les pyramides de Gizeh n'ont jamais été surpassées par leur taille et l'excellence technique de leur construction.",,0.0,0.0,eng_Latn," Although pyramid-building in stone continued until the end of the Old Kingdom, the pyramids of Giza were never surpassed in their size and the technical excellence of their construction.",0.0,0.0,20.0,22.5
"Translate the following sentence from English to French:
Q: New Kingdom ancient Egyptians marvelled at their predecessors monuments, which were then well over a thousand year old.
A:","New Kingdom ancient Egyptians marvelled at their predecessors monuments, which were then well over a thousand year old.","Les Égyptiens antiques du Nouvel Empire étaient émerveillés par les monuments de leurs prédécesseurs, qui avaient alors bien plus de mille ans.","The word “ancient” in the sentence is a bit misleading, as the word “monument” is a bit more accurate. The Egyptians are not talking about a monument, but about a building.",0.9451258377819046,16.94287649870282,eng_Latn," New Kingdom ancient Egyptians marvelled at their predecessors monuments, which were then well over a thousand year old.",1.9986978024115483,23.91087421221966,18.5,21.625
"Translate the following sentence from English to French:
Q: Vatican City's population is around 800. It is the smallest independent country in the world and the country with the lowest population.
A:",Vatican City's population is around 800. It is the smallest independent country in the world and the country with the lowest population.,"Le Vatican compte environ 800 habitants. C'est le plus petit pays indépendant au monde, et le moins peuplé.","The population of the Vatican is 1,000,000,000, and the French government has 100,000 people in the Vatican.",1.8837055744961377,16.19604777058414,eng_Latn, Vatican City's population is around 800. It is the smallest independent country in the world and the country with the lowest population.,4.507772119355855,25.173509309836245,23.375,24.0
"Translate the following sentence from English to French:
Q: Vatican City uses Italian in its legislation and official communications.
A:",Vatican City uses Italian in its legislation and official communications.,La Cité du Vatican rédige sa législation et ses communications officielles en italien.,"The word “Vatican” is a common word in French, but it is not used in the Constitution of the Republic of France.",1.286713095960916,17.613980762926786,eng_Latn, Vatican City uses Italian in its legislation and official communications.,1.5301683686839005,19.78388826234274,24.0,25.0
"Translate the following sentence from English to French:
Q: Italian is also the everyday language used by most of those who work in the state while Latin is often used in religious ceremonies.
A:",Italian is also the everyday language used by most of those who work in the state while Latin is often used in religious ceremonies.,"L’italien est également la langue de tous les jours utilisée par la plupart des personnes qui travaillent dans l’état, tandis que le latin est souvent utilisé dans les cérémonies religieuses.",The French word for “state” is “state” and “state” is a word that is used in a variety of contexts.,0.7727075257153786,8.7741386918561,eng_Latn, Italian is also the everyday language used by most of those who work in the state while Latin is often used in religious ceremonies.,3.053216387177772,17.55053589693868,23.875,24.75
"Translate the following sentence from English to French:
Q: All citizens of Vatican City are Roman Catholic.
A:",All citizens of Vatican City are Roman Catholic.,Les citoyens de la Cité du Vatican sont tous catholiques.,,0.0,0.0,eng_Latn, All citizens of Vatican City are Roman Catholic.,0.0,0.0,17.875,16.5
"Translate the following sentence from English to French:
Q: People have known about basic chemical elements such as gold, silver, and copper from antiquity, as these can all be discovered in nature in native form and are relatively simple to mine with primitive tools.
A:","People have known about basic chemical elements such as gold, silver, and copper from antiquity, as these can all be discovered in nature in native form and are relatively simple to mine with primitive tools.","Depuis l'Antiquité, les peuples sont familiers des éléments chimiques de base comme l'or, l'argent et le cuivre, car ils se trouvent dans la nature sous forme brute et sont assez simples à miner à l'aide d'outils primitifs.","The word ""basic"" is used to describe the basic elements of the earth, and the word ""primitive"" is used to describe the process of discovery.",0.5681095552954765,12.926285095637024,eng_Latn," People have known about basic chemical elements such as gold, silver, and copper from antiquity, as these can all be discovered in nature in native form and are relatively simple to mine with primitive tools.",2.1546108511260176,19.66939889362837,9.25,17.875
"Translate the following sentence from English to French:
Q: Aristotle, a philosopher, theorised that everything is made up of a mixture of one or more of four elements. They were earth, water, air, and fire.
A:","Aristotle, a philosopher, theorised that everything is made up of a mixture of one or more of four elements. They were earth, water, air, and fire.","Aristote, un philosophe, a théorisé que tout est constitué d’un mélange d’un ou plusieurs des quatre éléments. Il s’agissait de la terre, de l’eau, de l’air et du feu.",The French word for mixture is “mixture” and it is a word that has been used in the French language for centuries.,0.7244414200907024,11.100457765532767,eng_Latn," Aristotle, a philosopher, theorised that everything is made up of a mixture of one or more of four elements. They were earth, water, air, and fire.",4.539153689245331,17.91126401833751,20.0,22.25
"Translate the following sentence from English to French:
Q: This was more like the four states of matter (in the same order): solid, liquid, gas, and plasma, though he also theorised that they change into new substances to form what we see.
A:","This was more like the four states of matter (in the same order): solid, liquid, gas, and plasma, though he also theorised that they change into new substances to form what we see.","Il s'agissait plutôt des quatre états de la matière (dans le même ordre) : solide, liquide, gazeux et plasma, bien qu'il ait également émis la théorie selon laquelle ces derniers se transforment en nouvelles substances pour former ce que nous voyons.","The first time I saw the word plasma, I was in a hurry to get to the gas phase, and I was wrong. The second time, I was in a similar situation with the word gas.",1.3320892606445154,12.115205343941177,eng_Latn," This was more like the four states of matter (in the same order): solid, liquid, gas, and plasma, though he also theorised that they change into new substances to form what we see.",3.250804687495712,21.535867426468883,13.6875,23.5
"Translate the following sentence from English to French:
Q: Alloys are basically a mixture of two or more metals. Don't forget that there are many elements on the periodic table.
A:",Alloys are basically a mixture of two or more metals. Don't forget that there are many elements on the periodic table.,Les alliages sont essentiellement un mélange de deux métaux ou plus. N'oubliez pas que le tableau périodique comporte de nombreux éléments.,The answer to this question is:,0.0,4.254602741773585,eng_Latn, Alloys are basically a mixture of two or more metals. Don't forget that there are many elements on the periodic table.,0.0,4.498356644662695,25.0,25.0
"Translate the following sentence from English to French:
Q: Elements like calcium and potassium are considered metals. Of course, there are also metals like silver and gold.
A:","Elements like calcium and potassium are considered metals. Of course, there are also metals like silver and gold.","Des éléments comme le calcium et le potassium sont considérés comme des métaux. Bien sûr, il y a aussi des métaux comme l’argent et l’or.",The answer to this question is:,0.0,3.143624699536259,eng_Latn," Elements like calcium and potassium are considered metals. Of course, there are also metals like silver and gold.",0.0,4.590155591137682,25.0,24.875
"Translate the following sentence from English to French:
Q: You can also have alloys that include small amounts of non-metallic elements like carbon.
A:",You can also have alloys that include small amounts of non-metallic elements like carbon.,"On trouve aussi des alliages qui comprennent une petite quantité d’éléments non métalliques, comme le carbone.","The word alloy is derived from the Latin word for alloy, which means to mix.",1.6044758364956773,9.655886814759091,eng_Latn, You can also have alloys that include small amounts of non-metallic elements like carbon.,2.276859592073037,12.707161844335161,9.5,21.75
"Translate the following sentence from English to French:
Q: Everything in the Universe is made of matter. All matter is made of tiny particles called atoms.
A:",Everything in the Universe is made of matter. All matter is made of tiny particles called atoms.,Tout dans l’Univers est fait de matière. Toute la matière est faite de minuscules particules appelées atomes.,"The word atom is derived from the Greek word for ""particle"" and is used to describe the smallest particles in the universe.",1.286713095960916,19.13245125657392,eng_Latn, Everything in the Universe is made of matter. All matter is made of tiny particles called atoms.,4.1858747270392405,28.170219805505507,0.65625,6.21875
"Translate the following sentence from English to French:
Q: Atoms are so incredibly tiny that trillions of them could fit into the period at the end of this sentence.
A:",Atoms are so incredibly tiny that trillions of them could fit into the period at the end of this sentence.,Les atomes sont si incroyablement petits que des milliards d’entre eux pourraient entrer dans la période à la fin de cette phrase.,"The word ""atom"" is a bit of a misnomer. Atoms are the smallest unit of matter, and they are the most important.",1.199348129252962,12.704755606466037,eng_Latn, Atoms are so incredibly tiny that trillions of them could fit into the period at the end of this sentence.,5.705093314691302,22.31337574455507,15.1875,24.0
"Translate the following sentence from English to French:
Q: Thus, the pencil was a good friend to many people when it came out.
A:","Thus, the pencil was a good friend to many people when it came out.","Ainsi, le crayon était un bon ami pour beaucoup de gens lorsqu’il est sorti.","Thus, the pencil is a good thing to have in your pocket.",2.4110800669854036,11.112341090176765,eng_Latn," Thus, the pencil was a good friend to many people when it came out.",26.340673701997805,38.333110576652935,6.96875,13.3125
"Translate the following sentence from English to French:
Q: Sadly, as newer methods of writing have emerged, the pencil has been relegated to lesser status and uses.
A:","Sadly, as newer methods of writing have emerged, the pencil has been relegated to lesser status and uses.","Malheureusement, l'apparition de nouveaux modes de rédaction a relégué le stylo à un statut plus confidentiel et à des utilisations plus rares.","The French word for pencil is <i>pen</i>, and it is used in the same sentence as the word <i>pencil</i>.",1.1526157353570807,11.234231253694983,eng_Latn," Sadly, as newer methods of writing have emerged, the pencil has been relegated to lesser status and uses.",2.888679060775857,18.094053927108053,23.375,24.75
"Translate the following sentence from English to French:
Q: People now write messages on computer screens, never having to come close to a sharpener.
A:","People now write messages on computer screens, never having to come close to a sharpener.","Les gens écrivent maintenant des messages sur des écrans d'ordinateur, sans jamais avoir à s'approcher d'un taille-crayon.","The answer is that the use of sharpies is not a new phenomenon. In fact, the use of sharpies has been around for a long time. However, the use of sharpies is not a part of the French language.",0.8853994618255676,14.420838048529614,eng_Latn," People now write messages on computer screens, never having to come close to a sharpener.",1.052923339622545,18.179330418020516,21.5,24.125
"Translate the following sentence from English to French:
Q: One can only wonder what the keyboard will become when something newer comes along.
A:",One can only wonder what the keyboard will become when something newer comes along.,On ne peut que se demander ce que le clavier deviendra quand la prochaine nouveauté arrivera.,"The keyboard is a device that is used to play music, but it is also a tool for communication.",1.5743238998935343,10.281918888972191,eng_Latn, One can only wonder what the keyboard will become when something newer comes along.,2.159701133933343,19.479485822766172,16.5,20.25
"Translate the following sentence from English to French:
Q: The fission bomb works on the principle that it takes energy to put together a nucleus with many protons and neutrons.
A:",The fission bomb works on the principle that it takes energy to put together a nucleus with many protons and neutrons.,La bombe à fission fonctionne selon le principe suivant : elle transforme l'énergie en assemblant un noyau d'une myriade de protons et neutrons.,The nuclear power plant is a device that uses fission to produce electricity.,1.3686179980215682,13.433498534450663,eng_Latn, The fission bomb works on the principle that it takes energy to put together a nucleus with many protons and neutrons.,3.580942146586813,20.818563488357153,7.4375,15.625
"Translate the following sentence from English to French:
Q: Sort of like rolling a heavy cart up a hill. Splitting the nucleus up again then releases some of that energy.
A:",Sort of like rolling a heavy cart up a hill. Splitting the nucleus up again then releases some of that energy.,"Un peu comme si on faisait gravir une colline à une charrette lourde. En divisant le noyau à nouveau, puis en libérant un peu de cette énergie.",The nucleus is a very important part of the cell. It is the source of energy and the nucleus of the body. It is the most important part of the body.,1.0911054184063333,13.868612698497577,eng_Latn, Sort of like rolling a heavy cart up a hill. Splitting the nucleus up again then releases some of that energy.,5.023076320278877,26.457686171678528,4.6875,7.375
"Translate the following sentence from English to French:
Q: Some atoms have unstable nuclei which means that they tend to break apart with little or no nudging.
A:",Some atoms have unstable nuclei which means that they tend to break apart with little or no nudging.,"Certains atomes ont un noyau instable, de sorte qu'ils ont tendance à se briser avec peu ou pas de pression.",This is a very common phenomenon in the universe.,0.7556299678971445,9.183344220845298,eng_Latn, Some atoms have unstable nuclei which means that they tend to break apart with little or no nudging.,1.2458232008504773,10.670412502376474,9.375,19.25
"Translate the following sentence from English to French:
Q: The surface of the Moon is made of rocks and dust. The outer layer of the Moon is called the crust.
A:",The surface of the Moon is made of rocks and dust. The outer layer of the Moon is called the crust.,La surface de la lune est constituée de pierres et de poussière. Sa couche extérieure est appelée la croûte.,"The surface of the Earth is a sphere, and the Earth is a sphere.",1.2404298611265814,11.715449052899627,eng_Latn, The surface of the Moon is made of rocks and dust. The outer layer of the Moon is called the crust.,10.558336599258933,27.93599361394946,17.875,22.625
"Translate the following sentence from English to French:
Q: The crust is about 70 km thick on the near side and 100 km thick on the far side.
A:",The crust is about 70 km thick on the near side and 100 km thick on the far side.,L'épaisseur de la croûte est d'environ 70 km sur la face visible et 100 km sur la face cachée.,The crust of the earth is made up of 20% silicon and 85% water.,1.0645116331223183,9.325667675941654,eng_Latn, The crust is about 70 km thick on the near side and 100 km thick on the far side.,7.392597395228377,22.034552719277993,21.125,23.625
"Translate the following sentence from English to French:
Q: It is thinner under the maria and thicker under the highlands.
A:",It is thinner under the maria and thicker under the highlands.,Elle est plus fine au niveau des mers et plus épaisse sous les continents.,It is a translation of the word maria into French.,1.9833734500134768,8.807135161019993,eng_Latn, It is thinner under the maria and thicker under the highlands.,5.982491996190264,20.468875582020626,22.0,24.375
"Translate the following sentence from English to French:
Q: There may be more maria on the near side because the crust is thinner. It was easier for lava to rise up to the surface.
A:",There may be more maria on the near side because the crust is thinner. It was easier for lava to rise up to the surface.,Il peut y avoir plus de maria sur le côté proche parce que la croûte est plus fine. Il était plus facile pour la lave de remonter à la surface.,The crust of the earth is made up of two layers: the upper layer of the earth and the crust of the moon. The moon is a different story.,1.2193311110766474,12.469897569562834,eng_Latn, There may be more maria on the near side because the crust is thinner. It was easier for lava to rise up to the surface.,5.023076320278877,23.931444684607346,23.875,25.0
"Translate the following sentence from English to French:
Q: Content theories are centered on finding what makes people tick or appeals to them.
A:",Content theories are centered on finding what makes people tick or appeals to them.,Les théories du contenu sont centrées sur la recherche de ce qui fait que les gens se sentent bien ou qu'ils sont attirés.,"The French word for content is <em>content</em>, and it is a word that is used in a variety of contexts.",1.3371611871496691,15.336479197730835,eng_Latn, Content theories are centered on finding what makes people tick or appeals to them.,1.199348129252962,18.05700783364265,21.125,18.625
"Translate the following sentence from English to French:
Q: These theories suggest that people have certain needs and/or desires which have been internalized as they mature to adulthood.
A:",These theories suggest that people have certain needs and/or desires which have been internalized as they mature to adulthood.,Ces théories suggèrent que les gens ont certains besoins et/ou désirs qui ont été intériorisés au fur et à mesure de leur maturation vers l'âge adulte.,"The French word for need is <i>frustration</i>, and the word for desire is <i>ego</i>.",1.0937395051269174,9.544440978017064,eng_Latn, These theories suggest that people have certain needs and/or desires which have been internalized as they mature to adulthood.,1.6338984401221652,13.27185211028024,13.0,20.5
"Translate the following sentence from English to French:
Q: These theories look at what it is about certain people that make them want the things that they do and what things in their environment will make them do or not do certain things.
A:",These theories look at what it is about certain people that make them want the things that they do and what things in their environment will make them do or not do certain things.,"Ces théories examinent ce qui pousse certaines personnes à vouloir les choses qu’elles font et ce qui, dans leur environnement, les pousse à faire ou à ne pas faire certaines choses.",The French word for “environment” is “environment” and the word “person” is a noun.,0.7512424515853852,10.814888485866502,eng_Latn, These theories look at what it is about certain people that make them want the things that they do and what things in their environment will make them do or not do certain things.,1.390658698239934,13.472294858623016,21.5,21.0
"Translate the following sentence from English to French:
Q: Two popular content theories are Maslow's Hierarchy of Needs Theory and Hertzberg's Two Factor Theory.
A:",Two popular content theories are Maslow's Hierarchy of Needs Theory and Hertzberg's Two Factor Theory.,Deux théories de contenu populaires sont la théorie de la hiérarchie des besoins de Maslow et la théorie des deux facteurs de Herzberg.,"Masher's theory is a theory of human behavior and is based on the work of psychologist and sociologist, Robert Hertz. He is the father of the field of sociology.",0.9432284668356838,13.666606382260913,eng_Latn, Two popular content theories are Maslow's Hierarchy of Needs Theory and Hertzberg's Two Factor Theory.,3.1726297461095347,20.034308624900486,16.875,23.5
"Translate the following sentence from English to French:
Q: Generally speaking, two behaviors can emerge as managers begin to lead their former peers. One end of the spectrum is trying to remain “one of the guys” (or gals).
A:","Generally speaking, two behaviors can emerge as managers begin to lead their former peers. One end of the spectrum is trying to remain “one of the guys” (or gals).","De manière générale, deux comportements peuvent émerger lorsqu'un manager devient le chef d'anciens collègues. D'une des extrémités du spectre étant d'essayer de rester « le bon copain » (ou la bonne copine).",The other end of the spectrum is the behavior of the French people who are in charge of the company.,0.3919357769101137,9.608416370006703,eng_Latn," Generally speaking, two behaviors can emerge as managers begin to lead their former peers. One end of the spectrum is trying to remain “one of the guys” (or gals).",11.432792274875556,26.20106188077497,22.625,22.375
"Translate the following sentence from English to French:
Q: This type of manager has difficulty making unpopular decisions, performing disciplinary action, performance evaluations, assigning responsibility, and holding people accountable.
A:","This type of manager has difficulty making unpopular decisions, performing disciplinary action, performance evaluations, assigning responsibility, and holding people accountable.","Ce type de manager a du mal à prendre des décisions impopulaires, mener des actions disciplinaires, réaliser des évaluations, confier des responsabilités, et tenir les autres comme responsable.",The French word for unpopular is <em>unpopular</em>. Unpopular is a word that is used to describe the behavior of the manager.,1.1707983930290349,13.291950829036661,eng_Latn," This type of manager has difficulty making unpopular decisions, performing disciplinary action, performance evaluations, assigning responsibility, and holding people accountable.",4.674499231292217,16.130265445422275,14.125,16.75
"Translate the following sentence from English to French:
Q: At the other end of the spectrum, one morphs into an unrecognizable individual that feels he or she must change everything the team has been doing and make it their own.
A:","At the other end of the spectrum, one morphs into an unrecognizable individual that feels he or she must change everything the team has been doing and make it their own.","À l'autre bout du spectre, l'un se transforme en un individu méconnaissable qui sent qu'il/elle doit changer tout ce que le groupe a créé jusqu'alors et faire les choses à sa manière.",The team that is morphing is the team that is being criticized.,0.2918248418094299,6.111060756782956,eng_Latn," At the other end of the spectrum, one morphs into an unrecognizable individual that feels he or she must change everything the team has been doing and make it their own.",1.7446332434297225,13.2628469083863,14.0,20.125
"Translate the following sentence from English to French:
Q: After all, the leader is ultimately responsible for the success and failure of the team.
A:","After all, the leader is ultimately responsible for the success and failure of the team.","Après tout, le chef est responsable en dernier ressort du succès et de l’échec de l’équipe.","The French word for leader is <em>l’</em>, and the word for team is <em>team</em>.",1.6338984401221652,11.008025521132613,eng_Latn," After all, the leader is ultimately responsible for the success and failure of the team.",3.511476270817333,22.904929326689114,16.75,20.625
"Translate the following sentence from English to French:
Q: This behavior oftentimes results in rifts between the leaders and the rest of the team.
A:",This behavior oftentimes results in rifts between the leaders and the rest of the team.,Ce comportement entraîne souvent des dissensions entre les dirigeants et le reste de l'équipe.,"The French word for this behavior is ""frustration"" and it is a common problem in the workplace.",1.6466642419110007,11.863185553403275,eng_Latn, This behavior oftentimes results in rifts between the leaders and the rest of the team.,2.4623373672221804,23.802055339666484,4.40625,14.875
"Translate the following sentence from English to French:
Q: Virtual teams are held to the same standards of excellence as conventional teams, but there are subtle differences.
A:","Virtual teams are held to the same standards of excellence as conventional teams, but there are subtle differences.","Les équipes virtuelles sont soumises aux mêmes standards d'excellence que les équipes conventionnelles, mais il existe de subtiles différences.",The French version of the game is called “Teamwork” and it is a game of competition.,1.0010613966262247,9.895135964420534,eng_Latn," Virtual teams are held to the same standards of excellence as conventional teams, but there are subtle differences.",2.0756188713250037,14.630190116803684,23.625,25.0
"Translate the following sentence from English to French:
Q: Virtual team members often function as the point of contact for their immediate physical group.
A:",Virtual team members often function as the point of contact for their immediate physical group.,Les membres d'une équipe virtuelle fonctionnent souvent comme point de contact de leur groupe physique immédiat.,True,0.0,1.0238440074952337,eng_Latn, Virtual team members often function as the point of contact for their immediate physical group.,0.0,0.9146341463414633,25.0,19.0
"Translate the following sentence from English to French:
Q: They often have more autonomy than conventional team members as their teams may meet according to varying time zones which may not be understood by their local management.
A:",They often have more autonomy than conventional team members as their teams may meet according to varying time zones which may not be understood by their local management.,"Ils ont souvent plus d'autonomie que les membres d'équipe traditionnels car leurs équipes peuvent se réunir en fonction de différent fuseaux horaires, ce qui peut ne pas être compris par leur direction locale.",The answer is:,0.0,1.218981323135024,eng_Latn, They often have more autonomy than conventional team members as their teams may meet according to varying time zones which may not be understood by their local management.,0.0,1.920663787658123,25.0,25.0
"Translate the following sentence from English to French:
Q: The presence of a true “invisible team” (Larson and LaFasto, 1989, p109) is also a unique component of a virtual team.
A:","The presence of a true “invisible team” (Larson and LaFasto, 1989, p109) is also a unique component of a virtual team.","La présence d'une réelle « équipe invisible » (Larson et LaFasto, 1989, p109) est également un élément unique d'une équipe virtuelle.",The team is a team of people who work together to solve a problem.,0.5305763187547438,7.23404577642454,eng_Latn," The presence of a true “invisible team” (Larson and LaFasto, 1989, p109) is also a unique component of a virtual team.",1.2453321100569834,14.996210522516924,18.5,25.0
"Translate the following sentence from English to French:
Q: The “invisible team” is the management team to which each of the members report. The invisible team sets the standards for each member.
A:",The “invisible team” is the management team to which each of the members report. The invisible team sets the standards for each member.,L'« équipe invisible » est l'équipe de direction à laquelle chacun des membres rend ses comptes. Elle établit les standards pour chaque d'eux.,The French word for invisible is “invisible” and the word “team” is used to describe the team.,1.397632980246024,13.823710021234387,eng_Latn, The “invisible team” is the management team to which each of the members report. The invisible team sets the standards for each member.,11.843511751778582,27.490128856245043,13.875,17.875
"Translate the following sentence from English to French:
Q: Why would an organization want to go through the time consuming process of establishing a learning organization? One goal for putting organizational learning concepts into practice is innovation.
A:",Why would an organization want to go through the time consuming process of establishing a learning organization? One goal for putting organizational learning concepts into practice is innovation.,Pourquoi une organisation voudrait-elle s’imposer le fastidieux processus de création d’une structure d’apprentissage ? L’un des objectifs liés à la mise en pratique de concepts organisationnels d’apprentissage est l’innovation.,The answer to this question is that the organization is in a hurry to get the most out of its resources.,0.3295773898133942,10.753688671267774,eng_Latn, Why would an organization want to go through the time consuming process of establishing a learning organization? One goal for putting organizational learning concepts into practice is innovation.,1.660250073494087,17.27789119416726,19.875,25.0
"Translate the following sentence from English to French:
Q: When all available resources are effectively used across the functional departments of an organization, creativity and ingenuity can transpire.
A:","When all available resources are effectively used across the functional departments of an organization, creativity and ingenuity can transpire.","Lorsque toutes les ressources disponibles sont utilisées efficacement dans les services fonctionnels d'une organisation, la créativité et l'ingéniosité peuvent s'exprimer pleinement.","The French word for creativity is <em>creativity</em>, and the word for <em>functional</em> is <em>functional</em>.",1.092534162077208,11.872709389986715,eng_Latn," When all available resources are effectively used across the functional departments of an organization, creativity and ingenuity can transpire.",4.500731941285453,21.884193934249666,11.375,15.6875
"Translate the following sentence from English to French:
Q: As a result, the process of an organization working together to overcome an obstacle can lead to a new innovative process to serve the customer's need.
A:","As a result, the process of an organization working together to overcome an obstacle can lead to a new innovative process to serve the customer's need.","Par conséquent, le processus d’une organisation travaillant ensemble pour surmonter un obstacle peut conduire à un nouveau processus innovant pour répondre au besoin du client.","The French word for ""innovation"" is ""innovation"" and it is a word that is used in a very wide range of contexts.",1.0255030899442503,11.986742539177023,eng_Latn," As a result, the process of an organization working together to overcome an obstacle can lead to a new innovative process to serve the customer's need.",1.5883027492953543,16.013212171427863,13.5625,23.875
"Translate the following sentence from English to French:
Q: Before an organization can be innovative, leadership must create a culture of innovation as well as shared knowledge and organizational learning.
A:","Before an organization can be innovative, leadership must create a culture of innovation as well as shared knowledge and organizational learning.","Avant qu'une organisation ne soit innovante, sa direction doit créer une culture de l'innovation, des connaissances partagées et sa propre culture de l'apprentissage.",The French word for innovation is “innovation” and the word for learning is “learning”.,2.972684872495931,13.438810063359158,eng_Latn," Before an organization can be innovative, leadership must create a culture of innovation as well as shared knowledge and organizational learning.",2.224972978585352,21.647759932823714,9.5625,17.625
"Translate the following sentence from English to French:
Q: Angel (2006), explains the Continuum approach as a method being used to help organizations reach a higher level of performance.
A:","Angel (2006), explains the Continuum approach as a method being used to help organizations reach a higher level of performance.",Angel (2006) présente l'approche Continuum comme une méthode employée pour aider les organisations à obtenir de meilleurs résultats.,The Continuum is a method that is used by many companies to measure their performance. It is a method that is used by the French government to measure the effectiveness of its policies.,2.144958285037965,18.97904906677225,eng_Latn," Angel (2006), explains the Continuum approach as a method being used to help organizations reach a higher level of performance.",3.9063128456350102,31.044446581300058,9.3125,15.75
"Translate the following sentence from English to French:
Q: Neurobiological data provide physical evidence for a theoretical approach to the investigation of cognition. Therefore it narrows the research area and makes it much more exact.
A:",Neurobiological data provide physical evidence for a theoretical approach to the investigation of cognition. Therefore it narrows the research area and makes it much more exact.,Les données neurobiologiques fournissent des preuves matérielles pour une approche théorique de l'étude de la cognition. Elles permettent donc de réduire le champ de recherche et de le rendre beaucoup plus précis.,The answer is:,0.0,1.185333285415099,eng_Latn, Neurobiological data provide physical evidence for a theoretical approach to the investigation of cognition. Therefore it narrows the research area and makes it much more exact.,0.0,1.7195380813613925,25.0,25.0
"Translate the following sentence from English to French:
Q: The correlation between brain pathology and behaviour supports scientists in their research.
A:",The correlation between brain pathology and behaviour supports scientists in their research.,La corrélation entre la pathologie du cerveau et le comportement soutient les scientifiques dans leurs recherches.,The word “correlation” is a bit of a misnomer. It is a word that has been used in the scientific community for years. It is a word that is used to describe the relationship between brain and behaviour.,0.7291698644541256,20.293563685566994,eng_Latn, The correlation between brain pathology and behaviour supports scientists in their research.,6.007680516519257,39.63398171241786,17.0,22.25
"Translate the following sentence from English to French:
Q: It has been known for a long time that different types of brain damage, traumas, lesions, and tumours affect behaviour and cause changes in some mental functions.
A:","It has been known for a long time that different types of brain damage, traumas, lesions, and tumours affect behaviour and cause changes in some mental functions.","On sait depuis longtemps que différents types de dommages, lésions, tumeurs et traumatismes cérébraux affectent le comportement et provoquent des changements dans certaines fonctions mentales.","The word “brain” is a bit of a misnomer. It is a word that is used to describe the brain, not the person. The French word for brain is “morphe” and it is used to describe the person.",0.9216168770877762,12.734716818839004,eng_Latn," It has been known for a long time that different types of brain damage, traumas, lesions, and tumours affect behaviour and cause changes in some mental functions.",1.2129160218336537,18.073963096679417,23.875,25.0
"Translate the following sentence from English to French:
Q: The rise of new technologies allows us to see and investigate brain structures and processes never seen before.
A:",The rise of new technologies allows us to see and investigate brain structures and processes never seen before.,L'essor des nouvelles technologies nous permet de voir et d'étudier des structures et des processus cérébraux jamais vus auparavant.,The French word for brain is “brain” and it is a noun.,1.2454814311847586,6.850057855646466,eng_Latn, The rise of new technologies allows us to see and investigate brain structures and processes never seen before.,2.711020190038818,13.675388536436667,25.0,24.125
"Translate the following sentence from English to French:
Q: This provides us with a lot of information and material to build simulation models which help us to understand processes in our mind.
A:",This provides us with a lot of information and material to build simulation models which help us to understand processes in our mind.,Cela nous donne beaucoup d’informations et de matériel pour construire des modèles de simulation qui nous aident à comprendre les processus dans notre esprit.,"The French word for this sentence is ""simulation"" and it is used to describe the process of building a computer game.",1.439413740718659,17.437480862586575,eng_Latn, This provides us with a lot of information and material to build simulation models which help us to understand processes in our mind.,2.357313684245234,23.765446527307933,15.375,20.5
"Translate the following sentence from English to French:
Q: Although AI has a strong connotation of science fiction, AI forms a very important branch of computer science, dealing with behavior, learning and intelligent adaptation in a machine.
A:","Although AI has a strong connotation of science fiction, AI forms a very important branch of computer science, dealing with behavior, learning and intelligent adaptation in a machine.","Bien que l'Intelligence Artificielle soit souvent fortement connotée science-fiction, elle représente une part très importante des sciences informatiques qui étudient le comportement, l'apprentissage et l'adaptation intelligente d'une machine.","The word AI is derived from the French word for machine, which means machine learning.",0.3063044487067947,9.065882330124197,eng_Latn," Although AI has a strong connotation of science fiction, AI forms a very important branch of computer science, dealing with behavior, learning and intelligent adaptation in a machine.",1.1176154256876223,14.648212631376516,10.3125,18.125
"Translate the following sentence from English to French:
Q: Research in AI involves making machines to automate tasks that require intelligent behavior.
A:",Research in AI involves making machines to automate tasks that require intelligent behavior.,La recherche en intelligence artificielle a pour objet l'automatisation par des machines de tâches requérant une approche intelligente.,"The word machine is derived from the French word for intelligent, which means to be able to do something.",1.2565043764150932,18.182659232338423,eng_Latn, Research in AI involves making machines to automate tasks that require intelligent behavior.,2.273154356702287,24.17610353102585,11.5,15.4375
"Translate the following sentence from English to French:
Q: Examples include control, planning and scheduling, the ability to answer customer diagnoses and questions, as well as handwriting recognition, voice and face.
A:","Examples include control, planning and scheduling, the ability to answer customer diagnoses and questions, as well as handwriting recognition, voice and face.","Parmi les exemples figurent le contrôle, la planification et la programmation, la capacité à répondre aux diagnostics et aux questions des clients, ainsi que la reconnaissance de l'écriture, de la voix et du visage.",The French word for “control” is “control” and the word for “problem solving” is “problem” and “solving” is the French word for “problem” and “problem” is the word for “problem” in French.,0.6149917424924614,10.026393596802421,eng_Latn," Examples include control, planning and scheduling, the ability to answer customer diagnoses and questions, as well as handwriting recognition, voice and face.",0.9196271525972168,15.0386331541666,15.5,16.375
"Translate the following sentence from English to French:
Q: Such things have become separate disciplines, which focus on providing solutions to real life problems.
A:","Such things have become separate disciplines, which focus on providing solutions to real life problems.","Ces pratiques ont conduit à des disciplines distinctes, axées sur l'apport des solutions aux problèmes de la vie quotidienne.",The French word for “discipline” is “discipline” and it is a verb.,1.2145865659164898,12.96283004258368,eng_Latn," Such things have become separate disciplines, which focus on providing solutions to real life problems.",1.6466642419110007,15.124297952993723,14.0625,21.625
"Translate the following sentence from English to French:
Q: The AI ​​system is now often used in the fields of economics, medicine, engineering and the military, as has been built in several home computer and video game software applications.
A:","The AI ​​system is now often used in the fields of economics, medicine, engineering and the military, as has been built in several home computer and video game software applications.","Le système de l'IA est désormais souvent utilisé dans les domaines de l'économie, de la médecine, de l'ingénierie et de l'armée, comme il l'a été mis en plance dans plusieurs logiciels d'ordinateur domestique et de jeux vidéo.",The word AI (artificial intelligence) is a term that has been used in the field of computer science for a long time. It is a word that is used in the French language to describe the AI ​​that is being developed by the French government.,0.5294859949365169,13.84701113572611,eng_Latn," The AI ​​system is now often used in the fields of economics, medicine, engineering and the military, as has been built in several home computer and video game software applications.",4.333934644757322,30.28646562688776,13.5,21.5
"Translate the following sentence from English to French:
Q: Field trips are a large part of any classroom. Quite often a teacher would love to take her students places to which a bus trip is not an option.
A:",Field trips are a large part of any classroom. Quite often a teacher would love to take her students places to which a bus trip is not an option.,"Les excursions font partie intégrante de n'importe quelle classe d'école. Bien souvent, un enseignant aimerait emmener ses élèves dans des endroits où un voyage en bus n’est pas envisageable.",The French teacher in this case is a bit of a surprise. She is a bit surprised to see that the bus company is not in the same league as the teacher.,0.8798284071303539,13.23759091362656,eng_Latn, Field trips are a large part of any classroom. Quite often a teacher would love to take her students places to which a bus trip is not an option.,3.234245292096216,22.182596680609045,20.25,24.125
"Translate the following sentence from English to French:
Q: Technology offers the solution with virtual field trips. Students can look at museum artifacts, visit an aquarium, or admire beautiful art while sitting with their class.
A:","Technology offers the solution with virtual field trips. Students can look at museum artifacts, visit an aquarium, or admire beautiful art while sitting with their class.","La solution est apportée par la technologie sous la forme de sorties éducatives virtuelles. Les élèves peuvent regarder les objets anciens d'un musée, visiter un aquarium, ou admirer une superbe œuvre d'art tout en restant assis avec leur classe.","The French word for virtual is <em>virtual</em>, and the word is used in the sentence to mean “to be in the same place as” or “to be in the same room” with the same person.",0.6821117564839135,11.903754985445369,eng_Latn," Technology offers the solution with virtual field trips. Students can look at museum artifacts, visit an aquarium, or admire beautiful art while sitting with their class.",1.141212511111281,18.43060282682881,23.625,23.75
"Translate the following sentence from English to French:
Q: Sharing a field trip virtually is also a great way to reflect a on a trip and share experiences with future classes.
A:",Sharing a field trip virtually is also a great way to reflect a on a trip and share experiences with future classes.,Participer pratiquement à une excursion est également un excellent moyen de réfléchir à un voyage et de partager ses expériences avec des générations futures.,"Yes, sharing the field with a friend is a great way to learn about the world and to share your experiences with the world.",1.0219018670810707,12.39735035833533,eng_Latn, Sharing a field trip virtually is also a great way to reflect a on a trip and share experiences with future classes.,12.789533377801794,39.37725826202348,9.375,18.375
"Translate the following sentence from English to French:
Q: For example, each year students from Bennet School in North Carolina design a website about their trip to the State Capital, each year the website gets remodeled, but old versions are kept online to serve as a scrapbook.
A:","For example, each year students from Bennet School in North Carolina design a website about their trip to the State Capital, each year the website gets remodeled, but old versions are kept online to serve as a scrapbook.","Par exemple, des étudiants de l'école Bennet en Caroline du Nord conçoivent chaque année un site web consacré à leur visite de la capitale de l'État. Chaque année, le site est remis à jour, mais les anciennes versions sont conservées en ligne pour servir d'album.",The same sentence is used in the following sentences:,0.0,4.763303433487163,eng_Latn," For example, each year students from Bennet School in North Carolina design a website about their trip to the State Capital, each year the website gets remodeled, but old versions are kept online to serve as a scrapbook.",0.1689288457738843,5.70037731892484,25.0,25.0
"Translate the following sentence from English to French:
Q: Blogs can also help improve student writing. While students often begin their blog experience with sloppy grammar and spelling, the presence of an audience generally changes that.
A:","Blogs can also help improve student writing. While students often begin their blog experience with sloppy grammar and spelling, the presence of an audience generally changes that.","Les blogues peuvent également aider les étudiants à améliorer leurs compétences en rédaction. Même si les étudiants tentent souvent l'expérience du blogue avec une grammaire et une orthographe négligées, le fait d'avoir un public fait généralement évoluer la situation.",,0.0,0.0,eng_Latn," Blogs can also help improve student writing. While students often begin their blog experience with sloppy grammar and spelling, the presence of an audience generally changes that.",0.0,0.0,19.0,24.125
"Translate the following sentence from English to French:
Q: Since students are often the most critical audience, the blog writer begins to strive to improve writing to avoid criticism.
A:","Since students are often the most critical audience, the blog writer begins to strive to improve writing to avoid criticism.","Comme les étudiants sont souvent le public le plus critique, l'auteur du blog commence à s'efforcer d'améliorer son écriture pour éviter les critiques.","The writer of the blog is a student of the English department at the University of California, Berkeley.",0.9269676594468113,12.809583293688542,eng_Latn," Since students are often the most critical audience, the blog writer begins to strive to improve writing to avoid criticism.",4.126008930975491,22.78718280856717,10.125,24.5
"Translate the following sentence from English to French:
Q: Also blogging ""forces students to become more savvy about the world around them."" The need to feed the interest of the audience inspires students to be clever and interesting (Toto, 2004).
A:","Also blogging ""forces students to become more savvy about the world around them."" The need to feed the interest of the audience inspires students to be clever and interesting (Toto, 2004).","De plus, le fait de bloguer « oblige les étudiants à mieux connaître le monde qui les entoure ». Le besoin de susciter l'intérêt du public incite les étudiants à être intelligents et intéressants (Toto, 2004).","The French word for ""interest"" is ""interest"" and it is a verb. It is a verb that is used in the sentence to describe the need for cleverness and to describe the need for the students to be in the right place at the right time.",0.6490964567014963,15.757247588569154,eng_Latn," Also blogging ""forces students to become more savvy about the world around them."" The need to feed the interest of the audience inspires students to be clever and interesting (Toto, 2004).",4.216887580306239,30.972647858776536,13.5625,19.5
"Translate the following sentence from English to French:
Q: Blogging is a tool that inspires collaboration, and encourages students to extend learning well beyond the traditional school day.
A:","Blogging is a tool that inspires collaboration, and encourages students to extend learning well beyond the traditional school day.",Les blogs sont un outil qui stimule la collaboration et encourage les élèves à prolonger leur apprentissage bien au-delà de la journée scolaire traditionnelle.,"The French word for blogging is <i>blogging</i>, and it is a verb.",0.6681003134150528,7.57656580700628,eng_Latn," Blogging is a tool that inspires collaboration, and encourages students to extend learning well beyond the traditional school day.",4.480232143522191,16.88911460025731,23.625,24.125
"Translate the following sentence from English to French:
Q: Appropriate use of blogs ""can empower students to become more analytical and critical; through actively responding to Internet materials, students can define their positions in the context of others' writings as well as outline their own perspectives on particular issues (Oravec, 2002).
A:","Appropriate use of blogs ""can empower students to become more analytical and critical; through actively responding to Internet materials, students can define their positions in the context of others' writings as well as outline their own perspectives on particular issues (Oravec, 2002).","""Lorsqu'on en fait bon usage, les blogs """"peuvent permettre aux étudiants de renforcer leurs capacités d'analyse et leur esprit critique : en réagissant activement aux contenus en ligne, ils peuvent confronter leur avis à celui des autres et exposer leurs propres points de vue sur des sujets bien précis"""" (Oravec, 2002).""","The French version of this sentence is ""appropriate"" and ""critical"" are two different things. The first is a statement of fact, the second is a statement of opinion.",0.411346551764047,12.019406963832214,eng_Latn," Appropriate use of blogs ""can empower students to become more analytical and critical; through actively responding to Internet materials, students can define their positions in the context of others' writings as well as outline their own perspectives on particular issues (Oravec, 2002).",1.4964030474553225,17.56458803846393,12.125,17.375
"Translate the following sentence from English to French:
Q: Ottawa is Canada's charming, bilingual capital and features an array of art galleries and museums that showcase Canada's past and present.
A:","Ottawa is Canada's charming, bilingual capital and features an array of art galleries and museums that showcase Canada's past and present.",Ottawa est la charmante capitale bilingue du Canada et dispose d'un grand nombre de galeries d'art et de musées qui mettent en valeur le passé et le présent du Canada.,The answer to this question is: Ottawa is a city that is a bit different from the rest of Canada.,1.9521027471310763,13.930481756693979,eng_Latn," Ottawa is Canada's charming, bilingual capital and features an array of art galleries and museums that showcase Canada's past and present.",4.6958963417325315,18.389462665313452,18.0,22.5
"Translate the following sentence from English to French:
Q: Farther south is Niagara Falls and the north is home to the untapped natural beauty of the Muskoka and beyond.
A:",Farther south is Niagara Falls and the north is home to the untapped natural beauty of the Muskoka and beyond.,"Vous trouverez plus au sud les chutes du Niagara et au nord, la région de Muskoka et ses environs qui possèdent une beauté naturelle vierge.","The Musketeer is a French word for a place that is not in the province of Ontario, but is in the province of Canada.",1.0721067443703711,12.991322715660637,eng_Latn, Farther south is Niagara Falls and the north is home to the untapped natural beauty of the Muskoka and beyond.,2.0899410246084282,18.570955822340256,22.75,25.0
"Translate the following sentence from English to French:
Q: All these things and more highlight Ontario as what is considered quintessentially Canadian by outsiders.
A:",All these things and more highlight Ontario as what is considered quintessentially Canadian by outsiders.,"Toutes ces mesures, et bien d'autres encore, font de l'Ontario ce que les étrangers considèrent comme la quintessence du Canada.",The word quintile is a French word that means “the highest” in the dictionary.,1.1375684927405796,10.115203350904018,eng_Latn, All these things and more highlight Ontario as what is considered quintessentially Canadian by outsiders.,2.1721422789969163,17.772309917401472,21.875,22.875
"Translate the following sentence from English to French:
Q: Large areas further north are quite sparsely populated and some is nearly uninhabited wilderness.
A:",Large areas further north are quite sparsely populated and some is nearly uninhabited wilderness.,De grandes zones plus au nord sont assez peu peuplées et certaines sont presque inhabitées à l'état sauvage.,The word wilderness is a French word that means “the land of the dead” and “the place of the dead” in the Bible.,1.3794462224541233,12.101619091716206,eng_Latn, Large areas further north are quite sparsely populated and some is nearly uninhabited wilderness.,5.134877429943371,21.62773836716406,14.125,21.5
"Translate the following sentence from English to French:
Q: For a comparison of population that surprises many: There are more African Americans living in the US than there are Canadian citizens.
A:",For a comparison of population that surprises many: There are more African Americans living in the US than there are Canadian citizens.,Pour une comparaison de la population qui en surprend plus d'un : Il y a plus d'Afro-Américains vivant aux États-Unis que de citoyens canadiens.,The answer is: 10000000000000000 people.,0.24509486646401563,3.819626119736767,eng_Latn, For a comparison of population that surprises many: There are more African Americans living in the US than there are Canadian citizens.,1.139754884224752,5.1742222441658035,25.0,25.0
"Translate the following sentence from English to French:
Q: The East African Islands are in the Indian Ocean off the eastern coast of Africa.
A:",The East African Islands are in the Indian Ocean off the eastern coast of Africa.,"Les îles de l'Afrique de l'Est se situent dans l'océan Indien, au large de la côte est africaine.",The French language is the language of the French government and the French people.,0.7915268563019138,10.633499821769615,eng_Latn, The East African Islands are in the Indian Ocean off the eastern coast of Africa.,3.2173820752416984,17.19379734717112,25.0,25.0
"Translate the following sentence from English to French:
Q: Madagascar is by far the biggest, and a continent on its own when it comes to wildlife.
A:","Madagascar is by far the biggest, and a continent on its own when it comes to wildlife.","Madagascar est de loin le plus grand pays, et même un continent à lui tout seul, s'agissant de faune.","The word Madagascar comes from the French word for island, and the word for continent is continent.",1.9806968989706437,22.427610321624332,eng_Latn," Madagascar is by far the biggest, and a continent on its own when it comes to wildlife.",5.432423799142818,31.877335795520658,13.25,18.25
"Translate the following sentence from English to French:
Q: Most of the smaller islands are independent nations, or associated with France, and known as luxury beach resorts.
A:","Most of the smaller islands are independent nations, or associated with France, and known as luxury beach resorts.","La plupart des petites îles sont des nations indépendantes, ou associées à la France, et sont connues pour être des stations balnéaires de luxe.",The French word for luxury is “luxury” and the word for island is “island”.,0.9153072425533536,7.278019854262439,eng_Latn," Most of the smaller islands are independent nations, or associated with France, and known as luxury beach resorts.",4.141141330484801,16.998540833733284,13.3125,16.875
"Translate the following sentence from English to French:
Q: The Arabs also brought Islam to the lands, and it took in a big way in the Comoros and Mayotte.
A:","The Arabs also brought Islam to the lands, and it took in a big way in the Comoros and Mayotte.",Les Arabes ont également apporté la pratique de l'Islam dans les terres et cette religion s'est largement répandue aux Comores et à Mayotte.,"The Comenius family, which is the largest family in the Comanies, is the largest family in the world.",1.200657867104886,10.587799312578952,eng_Latn," The Arabs also brought Islam to the lands, and it took in a big way in the Comoros and Mayotte.",7.164684238257436,21.618286151465423,25.0,25.0
"Translate the following sentence from English to French:
Q: European influence and colonialism began in the 15th century, as Portuguese explorer Vasco da Gama found the Cape Route from Europe to India.
A:","European influence and colonialism began in the 15th century, as Portuguese explorer Vasco da Gama found the Cape Route from Europe to India.","L'influence européenne et le colonialisme ont débuté au XVe siècle, à l’époque où l'explorateur portugais Vasco de Gama découvrit la route du Cap qui relie l'Europe à L'Inde.","The French and the British have been in power for centuries, and they have been the most powerful countries in the world.",0.5615073747702803,10.612909598832273,eng_Latn," European influence and colonialism began in the 15th century, as Portuguese explorer Vasco da Gama found the Cape Route from Europe to India.",3.1185965807083185,18.739410175530868,21.5,21.625
"Translate the following sentence from English to French:
Q: In the north the region is bounded by the Sahel, and in the south and west by the Atlantic Ocean.
A:","In the north the region is bounded by the Sahel, and in the south and west by the Atlantic Ocean.","Au nord, la région est délimitée par le Sahel, et au sud et à l'ouest par l'océan Atlantique.","The Sahel is a region of Africa, and the Atlantic is a river.",2.277827159248939,17.384944999027827,eng_Latn," In the north the region is bounded by the Sahel, and in the south and west by the Atlantic Ocean.",5.686572047400102,27.952261665036737,22.75,23.625
"Translate the following sentence from English to French:
Q: Women: It is recommended that any women travellers say that they are married, regardless of actual marital status.
A:","Women: It is recommended that any women travellers say that they are married, regardless of actual marital status.","Aux femmes : Il est recommandé à toute femme qui voyage de dire qu’elle est mariée, quel que soit son état civil.",The French word for marriage is “marriage” and it is a word that is used in a very specific way.,1.3358700922171323,9.840856216487664,eng_Latn," Women: It is recommended that any women travellers say that they are married, regardless of actual marital status.",1.9822566267103439,16.009680143593794,19.625,22.5
"Translate the following sentence from English to French:
Q: It is helpful to also wear a ring (just not one that looks too expensive.
A:",It is helpful to also wear a ring (just not one that looks too expensive.,Il est également conseillé de porter une alliance (qui ne doit pas sembler trop précieuse.,"It is a good idea to wear a ring, but it is not a good idea to wear a ring that is too expensive.",1.4445809981770859,9.466345853602991,eng_Latn, It is helpful to also wear a ring (just not one that looks too expensive.,11.126986567815846,43.08754838566864,0.56640625,3.578125
"Translate the following sentence from English to French:
Q: Women should realize that cultural differences may result in what they would consider harassment and it is not uncommon to be followed, grabbed by the arm, etc.
A:","Women should realize that cultural differences may result in what they would consider harassment and it is not uncommon to be followed, grabbed by the arm, etc.","Les femmes doivent réaliser que certaines différences culturelles peuvent entraîner des comportements qu'elles considèrent comme du harcèlement. Il est en effet courant qu'elles soient suivies, attrapées par le bras, etc.",The French word for “harassment” is “fratricide” and the word for “sexual harassment” is “sexual assault”,0.7066761172440362,8.182526192839761,eng_Latn," Women should realize that cultural differences may result in what they would consider harassment and it is not uncommon to be followed, grabbed by the arm, etc.",4.28991657007593,15.77633153934515,15.625,22.375
"Translate the following sentence from English to French:
Q: Be firm in turning down men, and don't be afraid to stand your ground (cultural differences or not, it doesn't make it ok!).
A:","Be firm in turning down men, and don't be afraid to stand your ground (cultural differences or not, it doesn't make it ok!).","Soyez ferme dans le refus des avances hommes, et n'ayez pas peur de tenir bon (différences culturelles ou non, ça ne veut pas dire que c'est acceptable !)","The French word for ""turn"" is ""turn"" and the word for ""stand"" is ""stand"" and the word for ""fight"" is ""fight"" and the word for ""fight"" is ""fight"" and the word is ""fight"" in the same sentence.",0.0,9.850501689238312,eng_Latn," Be firm in turning down men, and don't be afraid to stand your ground (cultural differences or not, it doesn't make it ok!).",0.6837686331771671,15.406243370966513,18.375,23.375
"Translate the following sentence from English to French:
Q: The modern city of Casablanca was founded by Berber fishermen in the 10th century BCE, and was used by the Phoenicians, Romans, and the Merenids as a strategic port called Anfa.
A:","The modern city of Casablanca was founded by Berber fishermen in the 10th century BCE, and was used by the Phoenicians, Romans, and the Merenids as a strategic port called Anfa.","La ville moderne de Casablanca a été fondée par des pécheurs berbères au Xe siècle avant notre ère, et a été utilisée par les Phéniciens, les Romains et les Mérinides en tant que port stratégique appelé Anfa.","The city of Casablanca is a modern city that has been in the news for a long time, but it is still a very small city. It is a city that has been in the news for a long time.",2.92932732392009,16.009301847923943,eng_Latn," The modern city of Casablanca was founded by Berber fishermen in the 10th century BCE, and was used by the Phoenicians, Romans, and the Merenids as a strategic port called Anfa.",10.23089793820033,28.12381303962393,23.125,23.25
"Translate the following sentence from English to French:
Q: The Portuguese destroyed it and rebuilt it under the name Casa Branca, only to abandon it after an earthquake in 1755.
A:","The Portuguese destroyed it and rebuilt it under the name Casa Branca, only to abandon it after an earthquake in 1755.","Les Portugais, qui après l'avoir détruite l'avaient reconstruite et baptisée Casa Branca, l'ont finalement abandonnée en 1755 après un tremblement de terre.","The Spanish word Casa is a contraction of the word Casaubon, which means “the house of the future” in French.",1.047945066380514,11.304819291230231,eng_Latn," The Portuguese destroyed it and rebuilt it under the name Casa Branca, only to abandon it after an earthquake in 1755.",1.9271053422184345,15.659101084544705,20.5,21.25
"Translate the following sentence from English to French:
Q: The Moroccan sultan rebuilt the city as Daru l-Badya and it was given the name Casablanca by Spanish traders who established trading bases there.
A:",The Moroccan sultan rebuilt the city as Daru l-Badya and it was given the name Casablanca by Spanish traders who established trading bases there.,"Le sultan marocain a reconstruit la ville sous le nom de Daru l-Badya, et elle a été rebaptisée Casablanca par les commerçants espagnols qui y ont établi des comptoirs de négoce.",True,0.0,0.672622498638416,eng_Latn, The Moroccan sultan rebuilt the city as Daru l-Badya and it was given the name Casablanca by Spanish traders who established trading bases there.,0.0,1.018444603167934,25.0,20.875
"Translate the following sentence from English to French:
Q: Casablanca is one of the least interesting places to shop in all of Morocco.
A:",Casablanca is one of the least interesting places to shop in all of Morocco.,Casablanca est l’un des endroits les moins intéressants de tout le Maroc pour faire des achats.,"The word Casablanca is derived from the French word for city, and it is a city that is not only a place of shopping but also a place of culture.",4.223886871268327,20.007838427334455,eng_Latn, Casablanca is one of the least interesting places to shop in all of Morocco.,7.861539293399739,29.94696769423707,18.625,23.125
"Translate the following sentence from English to French:
Q: Around the old Medina it's easy to find places selling traditional Moroccan goods, such as tagines, pottery, leather goods, hookahs, and a whole spectrum of geegaws, but it's all for the tourists.
A:","Around the old Medina it's easy to find places selling traditional Moroccan goods, such as tagines, pottery, leather goods, hookahs, and a whole spectrum of geegaws, but it's all for the tourists.","Aux alentours de la vieille médina, on peut facilement trouver des endroits où acheter des produits marocains traditionnels, comme des tajines, des poteries, des articles de maroquinerie, des narguilés et des bibelots de toutes sortes, mais c'est tout pour les touristes.","The French are not allowed to visit the site, but the locals are.",0.061185930631391244,5.607677261818691,eng_Latn," Around the old Medina it's easy to find places selling traditional Moroccan goods, such as tagines, pottery, leather goods, hookahs, and a whole spectrum of geegaws, but it's all for the tourists.",0.4496325659109093,10.051616606312068,25.0,25.0
"Translate the following sentence from English to French:
Q: Goma is a tourist city of the Democratic Republic of Congo in the extreme east near Rwanda.
A:",Goma is a tourist city of the Democratic Republic of Congo in the extreme east near Rwanda.,"Goma est une ville touristique située à l'extrême est de la République Démocratique du Congo, près du Rwanda.",G.A.R.S.,0.3705002876692159,1.2609981796116503,eng_Latn, Goma is a tourist city of the Democratic Republic of Congo in the extreme east near Rwanda.,1.293173069803834,1.4533760815822003,25.0,22.875
"Translate the following sentence from English to French:
Q: In 2002 Goma was destroyed by lava from the Nyiragongo volcano which buried most of the town’s streets, particularly the town centre.
A:","In 2002 Goma was destroyed by lava from the Nyiragongo volcano which buried most of the town’s streets, particularly the town centre.","En 2002, Goma a été détruite par la lave du volcan Nyiragongo qui a enseveli la plupart des rues de la ville, en particulier le centre-ville.","The city of G.A.R.T. is a town in the Democratic Republic of Congo, and it is located in the Congo Basin.",1.3532990095710782,9.906127830537773,eng_Latn," In 2002 Goma was destroyed by lava from the Nyiragongo volcano which buried most of the town’s streets, particularly the town centre.",1.8289455375690902,14.573651892134077,25.0,25.0
"Translate the following sentence from English to French:
Q: While Goma is reasonably safe, any visits outside of Goma should be researched to understand the state of the fighting that persists in the North Kivu province.
A:","While Goma is reasonably safe, any visits outside of Goma should be researched to understand the state of the fighting that persists in the North Kivu province.","Bien que Goma soit raisonnablement sûre, toute visite à l'extérieur de Goma doit faire l'objet de recherches pour comprendre l'état des combats qui persistent dans la province du Nord-Kivu.",The French government has a duty to protect the people of G.A.R.T. and the French government has a duty to protect the people of Rwanda.,0.7978997488220525,10.858539590143627,eng_Latn," While Goma is reasonably safe, any visits outside of Goma should be researched to understand the state of the fighting that persists in the North Kivu province.",2.813983379102919,17.500705843255165,21.875,24.5
"Translate the following sentence from English to French:
Q: The city is also the base to climb the Nyiragongo volcano along with some of the cheapest Mountain Gorilla tracking in Africa.
A:",The city is also the base to climb the Nyiragongo volcano along with some of the cheapest Mountain Gorilla tracking in Africa.,La ville est également le point de départ pour l'ascension du volcan Nyiragongo ainsi que pour des treks de pistage des gorilles des montagnes parmi les moins chers d'Afrique.,The answer is: The Nyack is the base of the gorilla family.,0.4189828912148169,6.9960005559588,eng_Latn, The city is also the base to climb the Nyiragongo volcano along with some of the cheapest Mountain Gorilla tracking in Africa.,3.221334061351629,21.38138723531868,24.25,25.0
"Translate the following sentence from English to French:
Q: You can use boda-boda (motorcycle taxi) to get around Goma. The normal (local) price is ~500 Congolese Francs for the short ride.
A:",You can use boda-boda (motorcycle taxi) to get around Goma. The normal (local) price is ~500 Congolese Francs for the short ride.,Vous pouvez utiliser des boda-boda (moto taxi) pour vous déplacer dans Goma. Le prix normal (local) est d’environ 500 francs congolais pour une petite course.,"The taxi driver is a local, but the driver is not a local.",0.4832740761260582,8.49279378666039,eng_Latn, You can use boda-boda (motorcycle taxi) to get around Goma. The normal (local) price is ~500 Congolese Francs for the short ride.,0.9690568585728686,12.618674516143438,24.75,25.0
"Translate the following sentence from English to French:
Q: Combined with its relative inaccessibility, ""Timbuktu"" has come to be used as a metaphor for exotic, distant lands.
A:","Combined with its relative inaccessibility, ""Timbuktu"" has come to be used as a metaphor for exotic, distant lands.","Combiné à sa relative inaccessibilité, « Tombouctou » est devenu une métaphore pour les pays lointains et exotiques.","""T"" stands for the Arabic word for ""land"" and ""I"" for ""I"" in the name of the city.",1.0319367269051933,7.832604214184752,eng_Latn," Combined with its relative inaccessibility, ""Timbuktu"" has come to be used as a metaphor for exotic, distant lands.",2.794718236381322,13.013348074633962,23.125,23.0
"Translate the following sentence from English to French:
Q: Today, Timbuktu is an impoverished town, although its reputation makes it a tourist attraction, and it has an airport.
A:","Today, Timbuktu is an impoverished town, although its reputation makes it a tourist attraction, and it has an airport.","Aujourd’hui, Tombouctou est une ville pauvre, bien que sa réputation en fasse une attraction touristique, et elle dispose d’un aéroport.",The airport is a place where people can fly to and from the city.,0.5165905587650154,8.288104733907964,eng_Latn," Today, Timbuktu is an impoverished town, although its reputation makes it a tourist attraction, and it has an airport.",1.445662955037669,13.82988682199128,18.0,21.625
"Translate the following sentence from English to French:
Q: In 1990, it was added to the list of world heritage sites in danger, due to the threat of desert sands.
A:","In 1990, it was added to the list of world heritage sites in danger, due to the threat of desert sands.","En 1990, il a été ajouté à la liste des sites du patrimoine mondial en danger, en raison de la menace des sables du désert.",The French government has been working on the issue of desertification for years.,1.0050877063301287,10.221067889027621,eng_Latn," In 1990, it was added to the list of world heritage sites in danger, due to the threat of desert sands.",1.8338931008625667,17.020834440147723,16.25,21.125
"Translate the following sentence from English to French:
Q: It was one of the major stops during Henry Louis Gates' PBS special Wonders of the African World.
A:",It was one of the major stops during Henry Louis Gates' PBS special Wonders of the African World.,C'était l'une des principales étapes de l'émission « Wonders of the African World » de Henry Louis Gates sur le PBS.,"The French word for the phrase ""African"" is ""Africa"" and the word for ""road"" is ""roadway""",1.0319367269051933,11.04581071518045,eng_Latn, It was one of the major stops during Henry Louis Gates' PBS special Wonders of the African World.,1.6504045595709422,14.39637791571983,25.0,25.0
"Translate the following sentence from English to French:
Q: The city is in stark contrast to the rest of the country's cities, because it has more of an Arabic flair than of an African.
A:","The city is in stark contrast to the rest of the country's cities, because it has more of an Arabic flair than of an African.","La ville contraste fortement avec les cités du reste du pays, car elle possède un style davantage arabe qu'africain.","The word ""Arabic"" is a word that is used in the same sentence as the word ""city"" in French.",1.2834898766816614,11.392188003434141,eng_Latn," The city is in stark contrast to the rest of the country's cities, because it has more of an Arabic flair than of an African.",1.9300052079431325,17.1499873407976,22.375,23.5
"Translate the following sentence from English to French:
Q: The Kruger National Park (KNP) lies in the north-east of South Africa and runs along the border of Mozambique in the east, Zimbabwe in the north, and the southern border is the Crocodile River.
A:","The Kruger National Park (KNP) lies in the north-east of South Africa and runs along the border of Mozambique in the east, Zimbabwe in the north, and the southern border is the Crocodile River.","Le Kruger National Park (KNP) se situe au nord-est de l'Afrique du Sud et longe la frontière du Mozambique à l'est, du Zimbabwe au nord et la frontière sud est la rivière Crocodile.","The Kruger is a national park in South Africa, and the Kruger is a protected area. It is a place where the government and the people of South Africa can live and work. It is a place where the people of Zimbabwe can also live and work.",1.7268919138039225,18.369282981675937,eng_Latn," The Kruger National Park (KNP) lies in the north-east of South Africa and runs along the border of Mozambique in the east, Zimbabwe in the north, and the southern border is the Crocodile River.",6.929053350591314,32.4789541203252,15.5,19.125
"Translate the following sentence from English to French:
Q: The park covers 19,500 km² and is divided in 14 different ecozones, each supporting different wildlife.
A:","The park covers 19,500 km² and is divided in 14 different ecozones, each supporting different wildlife.","La surface totale du parc est de 19 500 km², celle-ci est divisée en 14 écozones, abritant chacune une faune spécifique.",The French word for eco-friendly is “eco” and the word for park is “park” and the latter is a French word.,1.2958698008221072,9.033684968664433,eng_Latn," The park covers 19,500 km² and is divided in 14 different ecozones, each supporting different wildlife.",1.8154533256373546,15.821570097648795,24.0,24.0
"Translate the following sentence from English to French:
Q: It is one of the main attractions of South Africa and it is considered the flagship of South African National Parks (SANParks).
A:",It is one of the main attractions of South Africa and it is considered the flagship of South African National Parks (SANParks).,Il s'agit de l'un des parcs d'attraction les plus connus en Afrique du Sud et considéré comme le fleuron des parcs Nationaux sud-africains (SANParks).,"Yes, it is.",0.0,1.8182813438882992,eng_Latn, It is one of the main attractions of South Africa and it is considered the flagship of South African National Parks (SANParks).,0.14395186012478586,4.540282371250264,23.25,25.0
"Translate the following sentence from English to French:
Q: As with all South African National Parks, there are daily conservation and entry fees for the park.
A:","As with all South African National Parks, there are daily conservation and entry fees for the park.","Comme pour tous les parcs nationaux sud-africains, il existe des droits d’entrée et de conservation quotidiens pour le parc.","Yes, there are daily fees for the park.",0.675329789776396,7.133513731765054,eng_Latn," As with all South African National Parks, there are daily conservation and entry fees for the park.",21.904149145918822,39.69071667025325,11.125,21.375
"Translate the following sentence from English to French:
Q: It may also be beneficial for one to buy a Wild Card, which provides entry to either selections of parks in South Africa or all of the South African National Parks.
A:","It may also be beneficial for one to buy a Wild Card, which provides entry to either selections of parks in South Africa or all of the South African National Parks.","Il peut être avantageux de se procurer une Wild Card qui donne accès à certains parcs d'Afrique du Sud, ainsi qu’à tous les parcs nationaux sud-africains.","The Wild card is a form of entry to the Kruger National Park, which is a national park in South Africa.",0.8998663017016566,14.963319301495043,eng_Latn," It may also be beneficial for one to buy a Wild Card, which provides entry to either selections of parks in South Africa or all of the South African National Parks.",5.845951787056109,31.787164512434657,12.875,17.25
"Translate the following sentence from English to French:
Q: Hong Kong Island gives the territory of Hong Kong its name and is the place that many tourists regard as the main focus.
A:",Hong Kong Island gives the territory of Hong Kong its name and is the place that many tourists regard as the main focus.,L'île de Hong Kong donne son nom au territoire de Hong Kong et représente le principal centre d'intérêt pour de nombreux touristes.,"The answer is: Hong Kong, the capital of the territory.",1.849076770922498,13.653396452461191,eng_Latn, Hong Kong Island gives the territory of Hong Kong its name and is the place that many tourists regard as the main focus.,4.128012122349677,23.841133710158395,20.25,20.5
"Translate the following sentence from English to French:
Q: The parade of buildings that make the Hong Kong skyline has been likened to a glittering bar chart that is made apparent by the presence of the waters of Victoria Harbour.
A:",The parade of buildings that make the Hong Kong skyline has been likened to a glittering bar chart that is made apparent by the presence of the waters of Victoria Harbour.,"La rangée d'immeubles qui dessine l'horizon de Hong Kong a été comparée à un graphique à barres scintillant, qui se révèle par réflexion dans les eaux du port de Victoria.","The word bar is a contraction of the word bar, which means a place where people gather for a meal or a party.",0.7515578473798703,11.951885510827175,eng_Latn, The parade of buildings that make the Hong Kong skyline has been likened to a glittering bar chart that is made apparent by the presence of the waters of Victoria Harbour.,2.396854458789651,16.125221866891454,22.0,24.875
"Translate the following sentence from English to French:
Q: To get the best views of Hong Kong, leave the island and head for the Kowloon waterfront opposite.
A:","To get the best views of Hong Kong, leave the island and head for the Kowloon waterfront opposite.","Pour admirer les plus beaux panoramas de Hong Kong, quittez l’île et rejoignez le front de mer de Kowloon situé en face.",The view from the top of the building is the best view of the city.,0.6183429825943918,6.979533621127885,eng_Latn," To get the best views of Hong Kong, leave the island and head for the Kowloon waterfront opposite.",3.6677862017251335,21.993471027547677,20.125,23.375
"Translate the following sentence from English to French:
Q: The great majority of Hong Kong Island's urban development is densely packed on reclaimed land along the northern shore.
A:",The great majority of Hong Kong Island's urban development is densely packed on reclaimed land along the northern shore.,La grande majorité du développement urbain de l’île de Hong Kong est concentrée sur les terre-pleins de la rive nord.,The answer is:,0.0,1.8642591034731402,eng_Latn, The great majority of Hong Kong Island's urban development is densely packed on reclaimed land along the northern shore.,0.047086108992941494,4.3438601883573655,25.0,25.0
"Translate the following sentence from English to French:
Q: This is the place the British colonisers took as their own and so if you are looking for evidence of the territory's colonial past, this is a good place to start.
A:","This is the place the British colonisers took as their own and so if you are looking for evidence of the territory's colonial past, this is a good place to start.","Il s'agit du lieu que les colons Britannique ont investit. Ainsi, cela me semble être un bon point de départ, si vous recherchez des preuves du passé colonial de cette région.","The French word for ""colonization"" is ""colonist"" and the word for ""colonial"" is ""colonization""",0.778527551005042,10.379507728628273,eng_Latn," This is the place the British colonisers took as their own and so if you are looking for evidence of the territory's colonial past, this is a good place to start.",1.4882321943562753,15.960653270508052,18.75,23.125
"Translate the following sentence from English to French:
Q: The Sundarbans are the largest littoral mangrove belt in the world, stretching 80 km (50 mi) into the Bangladeshi and Indian hinterland from the coast.
A:","The Sundarbans are the largest littoral mangrove belt in the world, stretching 80 km (50 mi) into the Bangladeshi and Indian hinterland from the coast.","Les Sundarbans sont la plus grande ceinture de mangroves côtières du monde, s’étendant sur 80 km (50 miles) depuis la côte jusqu’à l’arrière-pays bangladais et indien.","The Sunda is a mangrove forest, and the word mangrove is derived from the Sundar language. Sundia is a word that is used in the same way as the word mangrove, but it is pronounced differently in the two languages. Sunda is a word that is used to describe the entire region of Bangladesh and India, and it is not a single word. Sundy is a word that is used to describe the forest, not the people. Sundy is a word that is used to describe",0.46950944141035783,17.12877467277053,eng_Latn," The Sundarbans are the largest littoral mangrove belt in the world, stretching 80 km (50 mi) into the Bangladeshi and Indian hinterland from the coast.",2.160050145785356,28.26974398909483,24.625,25.0
"Translate the following sentence from English to French:
Q: The Sundarbans has been declared a UNESCO World Heritage Site. The part of the forest within Indian territory is called Sundarbans National Park.
A:",The Sundarbans has been declared a UNESCO World Heritage Site. The part of the forest within Indian territory is called Sundarbans National Park.,Les Sundarbans ont été déclarés site du patrimoine mondial de l'UNESCO. La partie de la forêt située sur le territoire indien est appelée parc national des Sundarbans.,"The Sundia is a word that means forest in French. The word Sundia is derived from the French word for forest, Sundou. The Sundou is a word that is used to describe the area of the forest that is being protected.",1.0903632681147193,15.116348515988062,eng_Latn, The Sundarbans has been declared a UNESCO World Heritage Site. The part of the forest within Indian territory is called Sundarbans National Park.,4.466623795804549,25.809213768538577,14.9375,19.125
"Translate the following sentence from English to French:
Q: The forests aren't just mangrove swamps though — they include some of the last remaining stands of the mighty jungles which once covered the Gangetic plain.
A:",The forests aren't just mangrove swamps though — they include some of the last remaining stands of the mighty jungles which once covered the Gangetic plain.,Les forêts ne sont cependant pas composées uniquement de marais de mangroves : elles recèlent également certains des derniers vestiges des jungles majestueuses qui recouvraient autrefois la plaine du Gange.,"The word jungle comes from the French word for forest, which is a bit misleading. The word is used in the sentence to describe the forest as a whole.",0.8948192411318652,12.819404268151068,eng_Latn, The forests aren't just mangrove swamps though — they include some of the last remaining stands of the mighty jungles which once covered the Gangetic plain.,1.5802817891448033,21.830067579017143,21.0,25.0
"Translate the following sentence from English to French:
Q: The Sundarbans cover an area of 3,850 km², of which about one-third is covered in water/marsh areas.
A:","The Sundarbans cover an area of 3,850 km², of which about one-third is covered in water/marsh areas.","Les Sundarbans couvrent une superficie de 3 850 km², dont environ un tiers est couvert de zones d’eau/marécages.","The Sunda is a river that is the largest river in the world, and it is the largest river in the world that is not covered by any other river.",1.1599713834969503,14.158928326228567,eng_Latn," The Sundarbans cover an area of 3,850 km², of which about one-third is covered in water/marsh areas.",1.7345617945636578,21.153082701996475,23.5,25.0
"Translate the following sentence from English to French:
Q: Since 1966 the Sundarbans have been a wildlife sanctuary, and it is estimated that there are now 400 Royal Bengal tigers and about 30,000 spotted deer in the area.
A:","Since 1966 the Sundarbans have been a wildlife sanctuary, and it is estimated that there are now 400 Royal Bengal tigers and about 30,000 spotted deer in the area.","Sundarbans est une réserve naturelle depuis 1966, vous pourrez y trouver environ 400 tigres du Bengale royal et 30 000 cerfs tachetés.",The Sundaland tiger population is growing at a rate of 10% per year. The population of the Sundia is growing at the same rate. The Sundia population is growing at the same rate.,1.2090878038257866,12.87062803547337,eng_Latn," Since 1966 the Sundarbans have been a wildlife sanctuary, and it is estimated that there are now 400 Royal Bengal tigers and about 30,000 spotted deer in the area.",2.4717685160460827,19.4743449656679,21.25,23.25
"Translate the following sentence from English to French:
Q: Buses depart the inter-district bus station (across the river) throughout the day, though most, especially those heading to the east and Jakar/Bumthang leave between 06:30 and 07:30.
A:","Buses depart the inter-district bus station (across the river) throughout the day, though most, especially those heading to the east and Jakar/Bumthang leave between 06:30 and 07:30.","Les bus partent de la gare routière interdistricts (située sur l'autre rive) tout au long de la journée, mais la plupart, tout particulièrement ceux qui desservent l'est et Jakar/Bumthang, partent entre 6 h 30 et 7 h 30 du matin.",The bus driver is responsible for the safety of the passengers.,0.05768869586853497,6.497645002356317,eng_Latn," Buses depart the inter-district bus station (across the river) throughout the day, though most, especially those heading to the east and Jakar/Bumthang leave between 06:30 and 07:30.",0.3211191167694159,10.228104037954914,24.875,25.0
"Translate the following sentence from English to French:
Q: As the inter-district buses are often full, it is advisable to purchase a ticket a few days in advance.
A:","As the inter-district buses are often full, it is advisable to purchase a ticket a few days in advance.","Les bus inter-districts sont souvent complets, aussi est-il conseillé d'acheter un ticket quelques jours à l'avance.",The same applies to the purchase of tickets for the inter-city bus.,2.25083903335481,14.532015134735044,eng_Latn," As the inter-district buses are often full, it is advisable to purchase a ticket a few days in advance.",5.508880907607174,24.304235817803647,13.6875,19.0
"Translate the following sentence from English to French:
Q: Most districts are served by small Japanese Coaster Buses, which are comfortable and sturdy.
A:","Most districts are served by small Japanese Coaster Buses, which are comfortable and sturdy.","La plupart des districts sont desservis par de petits caboteurs japonais, qui sont confortables et robustes.","The Co-op is a form of transportation that is not only convenient for the elderly, but also for the poor.",1.5903965830618114,13.82162274073968,eng_Latn," Most districts are served by small Japanese Coaster Buses, which are comfortable and sturdy.",1.8264728862681343,13.494233045043375,21.5,25.0
"Translate the following sentence from English to French:
Q: Shared taxis are a quick and comfortable means to travel to nearby places, such as Paro (Nu 150) and Punakha (Nu 200).
A:","Shared taxis are a quick and comfortable means to travel to nearby places, such as Paro (Nu 150) and Punakha (Nu 200).","Les taxis collectifs sont un moyen rapide et confortable de se rendre dans des endroits proches, tels que Paro (150 Nu) et Punakha (200 Nu).",The French word for shared car is “shared” and the French word for taxi is “taxi”.,0.0,10.160914744961925,eng_Latn," Shared taxis are a quick and comfortable means to travel to nearby places, such as Paro (Nu 150) and Punakha (Nu 200).",1.1383534019485495,12.638369937875401,11.3125,17.75
"Translate the following sentence from English to French:
Q: The Oyapock River Bridge is a cable-stayed bridge. It spans the Oyapock River to link the cities of Oiapoque in Brazil and Saint-Georges de l'Oyapock in French Guiana.
A:",The Oyapock River Bridge is a cable-stayed bridge. It spans the Oyapock River to link the cities of Oiapoque in Brazil and Saint-Georges de l'Oyapock in French Guiana.,Le pont sur l'Oyapock est un pont à haubans. Il surplombe le fleuve Oyapock pour relier les villes d'Oiapoque au Brésil et Saint-Georges-de-l'Oyapock en Guyane.,The bridge is a 100-meter-long cable that connects the two cities.,0.18592253094656871,6.9952111990924974,eng_Latn, The Oyapock River Bridge is a cable-stayed bridge. It spans the Oyapock River to link the cities of Oiapoque in Brazil and Saint-Georges de l'Oyapock in French Guiana.,0.8508278539068139,16.11220232312055,21.0,23.25
"Translate the following sentence from English to French:
Q: The two towers rise to a height of 83 meters, it's 378 meters long and it has two lanes of 3.50 m wide.
A:","The two towers rise to a height of 83 meters, it's 378 meters long and it has two lanes of 3.50 m wide.","Les deux tours s'élèvent à une hauteur de 83 mètres ; il est long de 378 mètres et possède deux voies de 3,50 m de large.","The first lane is the shortest, the second is the longest.",0.630965133315093,9.535991600376443,eng_Latn," The two towers rise to a height of 83 meters, it's 378 meters long and it has two lanes of 3.50 m wide.",1.0471953071472617,14.012177034634652,20.875,22.875
"Translate the following sentence from English to French:
Q: The vertical clearance under the bridge is 15 meters. Construction was completed in August 2011, it didn't open to traffic until March 2017.
A:","The vertical clearance under the bridge is 15 meters. Construction was completed in August 2011, it didn't open to traffic until March 2017.","Le dégagement vertical sous le pont est de 15 mètres. La structure a été achevée en août 2011, mais elle n'a été ouverte à la circulation qu'en mars 2017.","The French word for ""bridge"" is ""tunnel"".",0.0,4.291447333816627,eng_Latn," The vertical clearance under the bridge is 15 meters. Construction was completed in August 2011, it didn't open to traffic until March 2017.",1.1873799573689774,8.250627281685192,22.375,23.5
"Translate the following sentence from English to French:
Q: The bridge is scheduled to be fully operational in September 2017, when the Brazilian customs checkpoints are expected to be finished.
A:","The bridge is scheduled to be fully operational in September 2017, when the Brazilian customs checkpoints are expected to be finished.","Le pont devrait être pleinement opérationnel en septembre 2017, date à laquelle devraient être achevés les postes de contrôle des douanes brésiliennes.",The French government has decided to build the bridge in order to facilitate the flow of goods and people between Brazil and the United States.,1.196721221977959,13.864493719604894,eng_Latn," The bridge is scheduled to be fully operational in September 2017, when the Brazilian customs checkpoints are expected to be finished.",2.2573943092420103,24.102548985359448,15.75,20.625
"Translate the following sentence from English to French:
Q: The Guaraní were the most significant indigenous group inhabiting what is now Eastern Paraguay, living as semi-nomadic hunters who also practised subsistence agriculture.
A:","The Guaraní were the most significant indigenous group inhabiting what is now Eastern Paraguay, living as semi-nomadic hunters who also practised subsistence agriculture.","Les Guaraní étaient le groupe indigène le plus important habitant ce qui est maintenant l’est du Paraguay, vivant en tant que chasseurs semi-nomades et pratiquant aussi une agriculture de subsistance.","The Guachinias are a people of Paraguay, and they are the largest indigenous group in the country.",1.3407980918395028,14.207544122832852,eng_Latn," The Guaraní were the most significant indigenous group inhabiting what is now Eastern Paraguay, living as semi-nomadic hunters who also practised subsistence agriculture.",9.256143791567581,25.84779734103661,12.5625,19.625
"Translate the following sentence from English to French:
Q: The Chaco region was home to other groups of indigenous tribes such as the Guaycurú and Payaguá, who survived by hunting, gathering and fishing.
A:","The Chaco region was home to other groups of indigenous tribes such as the Guaycurú and Payaguá, who survived by hunting, gathering and fishing.","D'autres tribus indigènes qui peuplaient le Chaco, telles que les Guaycurú ou encore les Payaguá, survivaient essentiellement grâce à la pêche, la chasse, ou encore la cueillette.","The word ""Ch"" in the name of the region is a reference to the word ""Ch"" itself.",0.5062334522166397,6.552639771579408,eng_Latn," The Chaco region was home to other groups of indigenous tribes such as the Guaycurú and Payaguá, who survived by hunting, gathering and fishing.",1.2482317799005511,14.354793032732541,23.0,23.875
"Translate the following sentence from English to French:
Q: In the 16th century Paraguay, formerly called ""The Giant Province of the Indies"", was born as a result of the encounter of Spanish conquerors with the native indigenous groups.
A:","In the 16th century Paraguay, formerly called ""The Giant Province of the Indies"", was born as a result of the encounter of Spanish conquerors with the native indigenous groups.","Au XVIe siècle, le Paraguay, autrefois surnommé « la province géante des Indes », est né de la rencontre entre les conquérants espagnols et les populations indigènes.",The Spanish conquest of Paraguay in 1607 was the first time that the country was colonized by the French. The French were the first to colonize Paraguay in 1814.,1.0149392519798974,15.69175324485787,eng_Latn," In the 16th century Paraguay, formerly called ""The Giant Province of the Indies"", was born as a result of the encounter of Spanish conquerors with the native indigenous groups.",2.4420191170088934,24.777570643410293,18.25,19.625
"Translate the following sentence from English to French:
Q: The Spaniards started the colonization period which lasted for three centuries.
A:",The Spaniards started the colonization period which lasted for three centuries.,"Les Espagnols ont inauguré la période de la colonisation, laquelle a duré trois siècles.",The French and the Spanish have a long history of colonization in the Americas.,1.9108871956733893,15.574711218351009,eng_Latn, The Spaniards started the colonization period which lasted for three centuries.,5.751391809950023,30.161430326260014,16.875,20.375
"Translate the following sentence from English to French:
Q: Since the foundation of Asunción in 1537, Paraguay has managed to keep a lot of its indigenous character and identity.
A:","Since the foundation of Asunción in 1537, Paraguay has managed to keep a lot of its indigenous character and identity.","Depuis la fondation d'Asunción en 1537, le Paraguay a réussi à conserver une grande partie de son caractère et de son identité autochtones.","Yes, it has.",0.021678733531790218,2.7782888336253757,eng_Latn," Since the foundation of Asunción in 1537, Paraguay has managed to keep a lot of its indigenous character and identity.",0.15596296162436193,4.208435772126407,22.875,23.75
"Translate the following sentence from English to French:
Q: Argentina is well known for having one of the best polo teams and players in the world.
A:",Argentina is well known for having one of the best polo teams and players in the world.,L'Argentine est connue pour avoir une des meilleures équipes et parmi les meilleurs joueurs de polo dans le monde.,The polo team is a team of players from Argentina.,0.8676958340999547,12.128217939328133,eng_Latn, Argentina is well known for having one of the best polo teams and players in the world.,3.104147203142849,27.64146814057223,19.0,20.875
"Translate the following sentence from English to French:
Q: The largest tournament of the year takes place in December at the polo fields in Las Cañitas.
A:",The largest tournament of the year takes place in December at the polo fields in Las Cañitas.,Le plus grand tournoi de l'année se déroule en décembre sur les terrains de polo de Las Cañitas.,"The French word for polo is polo, and the word for tournament is tournament.",1.5491094291438448,13.500443008395868,eng_Latn, The largest tournament of the year takes place in December at the polo fields in Las Cañitas.,4.785196045370111,20.004079973250434,16.875,18.375
"Translate the following sentence from English to French:
Q: Smaller tournaments and matches can also be seen here at other times of the year.
A:",Smaller tournaments and matches can also be seen here at other times of the year.,"De plus, des tournois et des matchs de moindre envergure sont parfois organisés ici à d'autres moments de l'année.","Yes, this is true.",0.10722886563867083,4.8671973777861455,eng_Latn, Smaller tournaments and matches can also be seen here at other times of the year.,0.7870921666513669,4.0032865994014015,20.625,23.625
"Translate the following sentence from English to French:
Q: For news on tournaments and where to buy tickets for polo matches, check Asociacion Argentina de Polo.
A:","For news on tournaments and where to buy tickets for polo matches, check Asociacion Argentina de Polo.","Pour des informations sur les tournois et les endroits où acheter des billets pour les matchs de polo, consultez l’Asociacion Argentina de Polo.",The association is a non-profit organization that is run by the government and is responsible for the welfare of the players.,0.9462413551089849,14.81038769825723,eng_Latn," For news on tournaments and where to buy tickets for polo matches, check Asociacion Argentina de Polo.",1.9011755113058344,18.024761004255712,8.0,11.625
"Translate the following sentence from English to French:
Q: The official Falklands currency is the Falkland pound (FKP) whose value is set equivalent to that of one British pound (GBP).
A:",The official Falklands currency is the Falkland pound (FKP) whose value is set equivalent to that of one British pound (GBP).,La monnaie officielle des Îles Malouines est la livre des Îles Malouines (FKP) dont la valeur est équivalente à une livre sterling (GBP).,The currency of the Falkland Islands is a currency that is not used in the United States.,0.0,8.873904888021283,eng_Latn, The official Falklands currency is the Falkland pound (FKP) whose value is set equivalent to that of one British pound (GBP).,5.5587638869904,26.421874461341734,21.875,22.875
"Translate the following sentence from English to French:
Q: Money can be exchanged at the only bank in the islands which is located in Stanley across from the FIC West store.
A:",Money can be exchanged at the only bank in the islands which is located in Stanley across from the FIC West store.,"L'argent peut être échangé à la seule banque des îles située à Stanley, en face du magasin FIC West.","The answer is: Stanley, the only bank for money transfers.",2.152935261358287,13.71753370140718,eng_Latn, Money can be exchanged at the only bank in the islands which is located in Stanley across from the FIC West store.,4.9671015075565395,22.518219513443242,18.875,20.375
"Translate the following sentence from English to French:
Q: British pounds will generally be accepted anywhere in the islands and within Stanley credit cards and United States dollars are also often accepted.
A:",British pounds will generally be accepted anywhere in the islands and within Stanley credit cards and United States dollars are also often accepted.,"La livre sterling est une monnaie couramment acceptée partout dans les îles, tandis qu’à Stanley, les cartes de crédit et les dollars américains sont également souvent acceptés.",,0.0,0.0,eng_Latn, British pounds will generally be accepted anywhere in the islands and within Stanley credit cards and United States dollars are also often accepted.,0.0,0.0,18.875,17.875
"Translate the following sentence from English to French:
Q: On the outlying islands credit cards will probably not be accepted, although British and United States currency may be taken; check with the owners in advance to determine what is an acceptable payment method.
A:","On the outlying islands credit cards will probably not be accepted, although British and United States currency may be taken; check with the owners in advance to determine what is an acceptable payment method.","Sur les îles avoisinantes, les cartes de crédit ne seront probablement pas acceptées, même s’il se peut que les devises britannique et américaine le soient. Parlez-en à l’avance avec les propriétaires afin de vous mettre d’accord sur une méthode de paiement.","The French word for island is ""island"" and the word for currency is ""currency"".",0.0,5.19099070670755,eng_Latn," On the outlying islands credit cards will probably not be accepted, although British and United States currency may be taken; check with the owners in advance to determine what is an acceptable payment method.",1.0018715537631302,11.470841556897259,23.25,25.0
"Translate the following sentence from English to French:
Q: It is nearly impossible to exchange Falklands currency outside of the islands, so exchange money prior to leaving the islands.
A:","It is nearly impossible to exchange Falklands currency outside of the islands, so exchange money prior to leaving the islands.","Il est presque impossible d’échanger de l’argent des Malouines en dehors des îles, alors changez-le avant de quitter les îles.",The answer is: 100% correct.,0.12028383254878926,3.707853038468461,eng_Latn," It is nearly impossible to exchange Falklands currency outside of the islands, so exchange money prior to leaving the islands.",0.517420195692352,4.925956754176683,13.625,19.0
"Translate the following sentence from English to French:
Q: Since Montevideo is south of the Equator, it is summer there when it's winter in the Northern Hemisphere and vice versa.
A:","Since Montevideo is south of the Equator, it is summer there when it's winter in the Northern Hemisphere and vice versa.","Montevideo étant située au sud de l’Équateur, l’hiver dans l’hémisphère nord correspond à l’été là-bas et vice-versa.","The answer is: Montevideo is a city in Uruguay, and it is a part of the country that is not part of the United States.",3.7624211904892078,16.817309407958188,eng_Latn," Since Montevideo is south of the Equator, it is summer there when it's winter in the Northern Hemisphere and vice versa.",11.46830127164856,28.163250090855403,21.875,25.0
"Translate the following sentence from English to French:
Q: Montevideo is in the subtropics; in the summer months, temperatures above +30°C are common.
A:","Montevideo is in the subtropics; in the summer months, temperatures above +30°C are common.",Montevideo est situé en zone subtropicale et les températures estivales dépassant les 30 °C sont courantes.,"Montevideo is a city in Uruguay, and it is located in the middle of the country.",4.41851951047745,15.820214648056725,eng_Latn," Montevideo is in the subtropics; in the summer months, temperatures above +30°C are common.",13.259811327860609,26.650572052987798,13.875,24.0
"Translate the following sentence from English to French:
Q: The winter can be deceptively chilly: temperatures rarely go below freezing, but the wind and humidity combine to make it feel colder than what the thermometer says.
A:","The winter can be deceptively chilly: temperatures rarely go below freezing, but the wind and humidity combine to make it feel colder than what the thermometer says.","L'hiver peut être trompeusement froid : les températures descendent rarement en dessous de zéro, mais le vent et l'humidité se combinent pour donner l'impression qu'il fait plus froid que ce que dit le thermomètre.","The French word for winter is <em>f</em>ree, and it is a state of the world where people are free to do whatever they want.",0.5220380809707331,10.093368681350793,eng_Latn," The winter can be deceptively chilly: temperatures rarely go below freezing, but the wind and humidity combine to make it feel colder than what the thermometer says.",1.5264950713391148,18.958601812220593,25.0,25.0
"Translate the following sentence from English to French:
Q: There are no particular ""rainy"" and ""dry"" seasons: the amount of rain stays roughly the same throughout the year.
A:","There are no particular ""rainy"" and ""dry"" seasons: the amount of rain stays roughly the same throughout the year.",Il n'y a pas vraiment de saisons « pluvieuses » et « sèches » : les précipitations sont à peu près constantes tout au long de l'année.,The rain is a natural phenomenon that occurs in the summer and is a result of the sun's energy.,0.9270348740303419,12.032263455692783,eng_Latn," There are no particular ""rainy"" and ""dry"" seasons: the amount of rain stays roughly the same throughout the year.",1.9300052079431325,19.035511357667925,16.375,22.875
"Translate the following sentence from English to French:
Q: Though many of the animals in the park are used to seeing humans, the wildlife is nonetheless wild and should not be fed or disturbed.
A:","Though many of the animals in the park are used to seeing humans, the wildlife is nonetheless wild and should not be fed or disturbed.","Bien que de nombreux animaux du parc soient habitués à voir des humains, il s'agit néanmoins d'espèces sauvages ; veuillez ne pas les nourrir ni les déranger.",,0.0,0.0,eng_Latn," Though many of the animals in the park are used to seeing humans, the wildlife is nonetheless wild and should not be fed or disturbed.",0.0,0.0,12.8125,19.25
"Translate the following sentence from English to French:
Q: According to park authorities, stay at least 100 yards/meters away from bears and wolves and 25 yards/meters from all other wild animals!
A:","According to park authorities, stay at least 100 yards/meters away from bears and wolves and 25 yards/meters from all other wild animals!","Selon les autorités du parc, il faut se tenir à au moins 100 mètres des ours et des loups et à 25 mètres de tous les autres animaux sauvages !","The park is a place of refuge for the animals, and the people of France are the ones who have to deal with the bears and wolves.",1.0541617754721118,11.84853124614807,eng_Latn," According to park authorities, stay at least 100 yards/meters away from bears and wolves and 25 yards/meters from all other wild animals!",12.120333438594885,25.333395099011145,16.875,19.0
"Translate the following sentence from English to French:
Q: No matter how docile they may look, bison, elk, moose, bears, and nearly all large animals can attack.
A:","No matter how docile they may look, bison, elk, moose, bears, and nearly all large animals can attack.","Aussi dociles qu’ils puissent paraître, le bison, l’élan, l’orignal, l’ours et presque tous les grands animaux peuvent attaquer.",bison,2.0611536224385587e-07,3.7277118850131603,deu_Latn," Egal wie friedlich Bisons, Wapitis, Elche, Bären und praktisch alle großen Tiere wirken können, so kann es doch passieren, dass sie zum Angriff übergehen.",0.0,1.7490154085850755,25.0,25.0
"Translate the following sentence from English to French:
Q: Each year, dozens of visitors are injured because they didn't keep a proper distance. These animals are large, wild, and potentially dangerous, so give them their space.
A:","Each year, dozens of visitors are injured because they didn't keep a proper distance. These animals are large, wild, and potentially dangerous, so give them their space.","Chaque année, des dizaines de visiteurs sont blessés parce qu’ils n’ont pas gardé une distance suffisante. Ces animaux sont grands, sauvages et potentiellement dangereux, alors donnez-leur de l’espace.","The French word for ""animal"" is ""animal"" and the word for ""visitor"" is ""visitor"" and the word for ""animal"" is ""visitor"" and the word is French.",0.6656568048655702,9.39833836879848,eng_Latn," Each year, dozens of visitors are injured because they didn't keep a proper distance. These animals are large, wild, and potentially dangerous, so give them their space.",0.9668670750672484,14.703089453568913,23.125,23.875
"Translate the following sentence from English to French:
Q: In addition, be aware that odors attract bears and other wildlife, so avoid carrying or cooking odorous foods and keep a clean camp.
A:","In addition, be aware that odors attract bears and other wildlife, so avoid carrying or cooking odorous foods and keep a clean camp.","De plus, sachez que les odeurs attirent les ours et autres animaux sauvages, alors évitez de transporter ou de cuisiner des aliments odorants et gardez le camp propre.",,0.0,0.0,eng_Latn," In addition, be aware that odors attract bears and other wildlife, so avoid carrying or cooking odorous foods and keep a clean camp.",0.0,0.0,11.375,18.875
"Translate the following sentence from English to French:
Q: Apia is the capital of Samoa. The town is on the island of Upolu and has a population of just under 40,000.
A:","Apia is the capital of Samoa. The town is on the island of Upolu and has a population of just under 40,000.",Apia est la capitale des Samoa. La ville se trouve sur l'île d'Upolu et compte un peu moins de 40 000 habitants.,"The Samoan people are the most diverse people in the world, and the most diverse people in the world are the Samoans.",1.191855838589709,13.215709153843338,eng_Latn," Apia is the capital of Samoa. The town is on the island of Upolu and has a population of just under 40,000.",2.1601524349994397,16.183894128184548,20.375,23.0
"Translate the following sentence from English to French:
Q: Apia was founded in the 1850s and has been the official capital of Samoa since 1959.
A:",Apia was founded in the 1850s and has been the official capital of Samoa since 1959.,Apia a été fondée dans les années 1850 et est la capitale officielle des Samoa depuis 1959.,The capital of Samoa is the capital of the United States of America.,1.9869571647551538,16.055338606129077,eng_Latn, Apia was founded in the 1850s and has been the official capital of Samoa since 1959.,8.403805630797752,27.971273358031045,20.125,21.875
"Translate the following sentence from English to French:
Q: The harbor was the site of an infamous naval standoff in 1889 when seven ships from Germany, the US, and Britain refused to leave the harbor.
A:","The harbor was the site of an infamous naval standoff in 1889 when seven ships from Germany, the US, and Britain refused to leave the harbor.","Le port a été le site d’une impasse navale tristement célèbre en 1889, lorsque sept navires d’Allemagne, des États-Unis et de Grande-Bretagne ont refusé de quitter le port.",The French and the Spanish were the first to attack the harbor in 1886.,0.27438803523377336,7.531490764348317,eng_Latn," The harbor was the site of an infamous naval standoff in 1889 when seven ships from Germany, the US, and Britain refused to leave the harbor.",3.224619399799968,19.680335832239678,23.875,24.5
"Translate the following sentence from English to French:
Q: All the ships were sunk, except for one British cruiser. Nearly 200 American and German lives were lost.
A:","All the ships were sunk, except for one British cruiser. Nearly 200 American and German lives were lost.","Tous les navires furent coulés, à l’exception d’un croiseur britannique. Près de 200 Américains et Allemands perdirent la vie.",The French government has a policy of not allowing the French to participate in the war.,0.6326557691295297,9.283465585460231,eng_Latn," All the ships were sunk, except for one British cruiser. Nearly 200 American and German lives were lost.",1.8300565547874377,11.511667045546186,25.0,25.0
"Translate the following sentence from English to French:
Q: During the struggle for independence organised by the Mau movement, a peaceful gathering in the town resulted in the killing of the paramount chief Tupua Tamasese Lealofi III.
A:","During the struggle for independence organised by the Mau movement, a peaceful gathering in the town resulted in the killing of the paramount chief Tupua Tamasese Lealofi III.","Le chef suprême Tupua Tamasese Lealofi III fut assassiné lors un rassemblement pacifique qui se tenait en ville, durant la luttee de l’indépendance organisée par le mouvement Mau.","Tupel, the Mau leader, was killed in 1968 by the French army. Tupinambour, the French government’s response to the Mau event, is a French-speaking town in the south of France.",1.1373622460929882,15.097311064806565,eng_Latn," During the struggle for independence organised by the Mau movement, a peaceful gathering in the town resulted in the killing of the paramount chief Tupua Tamasese Lealofi III.",3.5414808489754463,27.067258437761776,23.0,25.0
"Translate the following sentence from English to French:
Q: There are many beaches, due to Auckland's straddling of two harbours. The most popular ones are in three areas.
A:","There are many beaches, due to Auckland's straddling of two harbours. The most popular ones are in three areas.","Les plages sont nombreuses, car Auckland est à cheval sur deux ports. Les plus populaires se trouvent dans trois zones.",The beaches are:,0.07197593006239296,2.579518056820325,eng_Latn," There are many beaches, due to Auckland's straddling of two harbours. The most popular ones are in three areas.",0.14015735197465704,9.491437267997828,25.0,25.0
"Translate the following sentence from English to French:
Q: North Shore beaches (in North Harbour district) are on the Pacific Ocean and stretch from Long Bay in the north to Devonport in the south.
A:",North Shore beaches (in North Harbour district) are on the Pacific Ocean and stretch from Long Bay in the north to Devonport in the south.,Les plages du North Shore (dans le district de North Harbour) se trouvent sur l'océan Pacifique et s'étendent de Long Bay au nord à Devonport au sud.,"The beach is a part of the ocean, but it is not a part of the beach.",0.5152387784350044,6.9013808371774985,eng_Latn, North Shore beaches (in North Harbour district) are on the Pacific Ocean and stretch from Long Bay in the north to Devonport in the south.,1.3000414133432479,12.484108445332835,23.75,24.625
"Translate the following sentence from English to French:
Q: They are almost all sandy beaches with safe swimming, and most have shade provided by pohutukawa trees.
A:","They are almost all sandy beaches with safe swimming, and most have shade provided by pohutukawa trees.","Presque toutes les plages sont sablonneuses et permettent de se baigner en toute sécurité, et la plupart sont ombragées par des pohutukawa.","The word beach is a French word, and the word beach is a French word.",0.8386500382767186,6.468205360167987,eng_Latn," They are almost all sandy beaches with safe swimming, and most have shade provided by pohutukawa trees.",3.2035008482610197,14.163944149177832,25.0,24.875
"Translate the following sentence from English to French:
Q: Tamaki Drive beaches are on the Waitemata Harbour, in the upmarket suburbs of Mission Bay and St Heliers in Central Auckland.
A:","Tamaki Drive beaches are on the Waitemata Harbour, in the upmarket suburbs of Mission Bay and St Heliers in Central Auckland.","Les plages de Tamaki Drive se trouvent sur le port de Waitemata, dans la banlieue chic de Mission Bay et de Saint Heliers dans le centre d’Auckland.",The answer is: Tamu-land.,0.304394176863433,5.085515067949065,eng_Latn," Tamaki Drive beaches are on the Waitemata Harbour, in the upmarket suburbs of Mission Bay and St Heliers in Central Auckland.",0.7404161439394171,5.920882785944983,25.0,25.0
"Translate the following sentence from English to French:
Q: These are sometimes-crowded family beaches with a good range of shops lining the shore. Swimming is safe.
A:",These are sometimes-crowded family beaches with a good range of shops lining the shore. Swimming is safe.,"Ces plages, parfois très fréquentées par les familles, disposent de nombreuses boutiques le long du littoral. La baignade y est sans danger.",The beach is a place for people to relax and enjoy the sun.,0.6336536689622633,7.249050713620518,eng_Latn, These are sometimes-crowded family beaches with a good range of shops lining the shore. Swimming is safe.,1.5622182101198387,13.750468469950713,18.125,22.5
"Translate the following sentence from English to French:
Q: The main local beer is 'Number One', it is not a complex beer, but pleasant and refreshing. The other local beer is called ""Manta"".
A:","The main local beer is 'Number One', it is not a complex beer, but pleasant and refreshing. The other local beer is called ""Manta"".","La principale bière locale est la « Number One », une bière assez ordinaire, mais savoureuse et rafraîchissante. Il existe aussi une autre bière locale, la « Manta ».","The answer is ""M""",0.0,1.6613203335286053,eng_Latn," The main local beer is 'Number One', it is not a complex beer, but pleasant and refreshing. The other local beer is called ""Manta"".",0.15366567925483512,4.566758260632676,24.875,25.0
"Translate the following sentence from English to French:
Q: There are many French wines to be had, but the New Zealand and Australian wines might travel better.
A:","There are many French wines to be had, but the New Zealand and Australian wines might travel better.","Il y a beaucoup de vins français à déguster, mais les vins néo-zélandais et australiens voyageront peut-être mieux.",The French wine industry is growing at a rate of 10% per year.,0.9336251796882754,9.714042692863437,eng_Latn," There are many French wines to be had, but the New Zealand and Australian wines might travel better.",1.9071414280313312,17.465990583639023,25.0,25.0
"Translate the following sentence from English to French:
Q: The local tap water is perfectly safe to drink, but bottled water is easy to find if you are fearful.
A:","The local tap water is perfectly safe to drink, but bottled water is easy to find if you are fearful.","Vous pouvez boire l'eau du robinet local sans danger, mais vous pouvez facilement trouver de l'eau en bouteille si vous avez des craintes à son sujet.","The answer is: tap water is safe, but bottled water is not.",0.7827630927453463,7.51111244268361,eng_Latn," The local tap water is perfectly safe to drink, but bottled water is easy to find if you are fearful.",23.481797190640158,39.04212534165217,12.0,20.625
"Translate the following sentence from English to French:
Q: For Australians, the idea of 'flat white' coffee is foreign. A short black is 'espresso', cappuccino comes heaped high with cream (not froth), and tea is served without milk.
A:","For Australians, the idea of 'flat white' coffee is foreign. A short black is 'espresso', cappuccino comes heaped high with cream (not froth), and tea is served without milk.","Pour les Australiens, l'idée d'un « café crème » est étrangère. Un noir court est un « espresso », le cappuccino est rempli de crème (pas de mousse) et le thé est servi sans lait.",The French word for flat-top coffee is 'coffee' and the word 'flat' is a French word.,0.45123631628783706,6.408978306569281,eng_Latn," For Australians, the idea of 'flat white' coffee is foreign. A short black is 'espresso', cappuccino comes heaped high with cream (not froth), and tea is served without milk.",3.676878719400617,15.999020025170177,23.25,24.375
"Translate the following sentence from English to French:
Q: The hot chocolate is up to Belgian standards. Fruit juices are pricey but excellent.
A:",The hot chocolate is up to Belgian standards. Fruit juices are pricey but excellent.,Le chocolat chaud est conforme aux normes belges. Les jus de fruits sont chers mais excellents.,The French word for hot beverage is “fritt” and the word for “ice” is “iceberg.”,1.286713095960916,9.4252488628069,eng_Latn, The hot chocolate is up to Belgian standards. Fruit juices are pricey but excellent.,1.8196871111910016,14.954127770367872,20.25,25.0
"Translate the following sentence from English to French:
Q: Many trips to the reef are made all year around, and injuries due to any of these causes on the reef are rare.
A:","Many trips to the reef are made all year around, and injuries due to any of these causes on the reef are rare.","De nombreux voyages sur le récif sont effectués tout au long de l'année, et les blessures dues à l'une de ces causes sur le récif sont rares.","The word reef is a very common word in French, and it is used to describe the reef in the same way that it is used in English.",1.0412606375225102,11.732668633832008,eng_Latn," Many trips to the reef are made all year around, and injuries due to any of these causes on the reef are rare.",6.938247178254631,23.184800258742133,25.0,23.625
"Translate the following sentence from English to French:
Q: Still, take advice from authorities, obey all signs, and pay close attention to safety warnings.
A:","Still, take advice from authorities, obey all signs, and pay close attention to safety warnings.","Néanmoins, suivez les conseils des autorités, obéissez à tous les panneaux et prêtez une attention particulière aux avertissements de sécurité.","The sentence is correct, but the question is:",0.3444380863090734,7.441726850503461,eng_Latn," Still, take advice from authorities, obey all signs, and pay close attention to safety warnings.",1.3967653161805977,9.496585581878016,16.375,24.0
"Translate the following sentence from English to French:
Q: Box jellyfish occur near beaches and near river estuaries from October to April north of 1770. They can occasionally be found outside these times.
A:",Box jellyfish occur near beaches and near river estuaries from October to April north of 1770. They can occasionally be found outside these times.,"D'octobre à avril, au nord de 1770, les méduses-boîtes arrivent près des plages et des estuaires de rivières. Elles peuvent également parfois être aperçues en dehors de cette période.",The jellyfish are a species of jellyfish that is not native to the United States. They are not a threat to humans.,0.7677605347452251,9.503049162847537,eng_Latn, Box jellyfish occur near beaches and near river estuaries from October to April north of 1770. They can occasionally be found outside these times.,5.525223891679481,19.714151628958696,15.125,24.375
"Translate the following sentence from English to French:
Q: Sharks do exist, however they rarely attack humans. Most sharks are scared of humans and would swim away.
A:","Sharks do exist, however they rarely attack humans. Most sharks are scared of humans and would swim away.","Les requins existent, mais ils attaquent rarement les humains. La plupart d'entre eux ont peur des humains et s'en écarteraient.",,0.0,0.0,eng_Latn," Sharks do exist, however they rarely attack humans. Most sharks are scared of humans and would swim away.",0.0,0.0,13.0625,17.25
"Translate the following sentence from English to French:
Q: Saltwater Crocodiles do not actively live in the ocean, their primary habitat is in river estuaries north from Rockhampton.
A:","Saltwater Crocodiles do not actively live in the ocean, their primary habitat is in river estuaries north from Rockhampton.","Les crocodiles d’eau salée ne vivent pas activement dans l’océan, leur habitat principal se trouve dans les estuaires des rivières au nord de Rockhampton.","The answer is: Saltwater crocodiles are not found in the waters of Australia, but in the waters of the United States.",5.611378918383073,15.56695050775069,eng_Latn," Saltwater Crocodiles do not actively live in the ocean, their primary habitat is in river estuaries north from Rockhampton.",8.066469669770399,26.189288878924934,20.75,24.875
"Translate the following sentence from English to French:
Q: Booking in advance gives the traveller peace of mind that they will have somewhere to sleep once they arrive at their destination.
A:",Booking in advance gives the traveller peace of mind that they will have somewhere to sleep once they arrive at their destination.,La réservation à l'avance donne au voyageur la tranquillité d'esprit de savoir qu'il aura un endroit où dormir une fois arrivé à destination.,The French word for “place” is “place” and “place” is a word that is used in a variety of ways. The French word for “room” is “room” and the word for “hotel” is “hotel” and the word for “room” is “hotel” and the word is used in a variety of ways.,0.4504321747452186,12.169892166303494,eng_Latn, Booking in advance gives the traveller peace of mind that they will have somewhere to sleep once they arrive at their destination.,0.6735532035280866,17.369252272976155,18.875,17.75
"Translate the following sentence from English to French:
Q: Travel agents often have deals with specific hotels, although you may find it possible to book other forms of accommodation, like camping grounds, through a travel agent.
A:","Travel agents often have deals with specific hotels, although you may find it possible to book other forms of accommodation, like camping grounds, through a travel agent.","Les agences de voyage ont souvent des accords avec des hôtels spécifiques, mais vous pouvez également réserver par l'intermédiaire d'agences de voyage d'autres types d'hébergement, comme des aires de camping.",The French word for “camping” is “camping” and the word “accommodation” is “accommodation” and so on.,0.7297093716327683,9.345246345129299,eng_Latn," Travel agents often have deals with specific hotels, although you may find it possible to book other forms of accommodation, like camping grounds, through a travel agent.",2.4407953509233544,15.324536758692616,24.25,25.0
"Translate the following sentence from English to French:
Q: Travel agents usually offer packages that include breakfast, transportation arrangements to/from the airport or even combined flight and hotel packages.
A:","Travel agents usually offer packages that include breakfast, transportation arrangements to/from the airport or even combined flight and hotel packages.","Les agences de voyage proposent généralement des forfaits comprenant le petit déjeuner, le service de transport depuis/vers l'aéroport ou même des forfaits combinant le vol et l'hébergement.","The French word for travel is travel, and travel is a verb. Travel is a verb that means to travel to a place that is not in France.",0.828010010590659,10.933807014674365,eng_Latn," Travel agents usually offer packages that include breakfast, transportation arrangements to/from the airport or even combined flight and hotel packages.",1.877081263233555,18.64532108687532,14.0625,16.125
"Translate the following sentence from English to French:
Q: They can also hold the reservation for you if you need time to think about the offer or procure other documents for your destination (e.g. visa).
A:",They can also hold the reservation for you if you need time to think about the offer or procure other documents for your destination (e.g. visa).,"Ils peuvent également retenir la réservation pour vous si vous avez besoin de temps pour réfléchir à l'offre ou vous procurer d'autres documents nécessaires pour votre destination (par exemple, un visa).",The reservation is a form of payment that is used to pay for the services of a tourist.,0.6370316143645444,10.89101633840874,eng_Latn, They can also hold the reservation for you if you need time to think about the offer or procure other documents for your destination (e.g. visa).,2.699468048057741,20.32278730961655,13.75,23.625
"Translate the following sentence from English to French:
Q: Any amendments or requests though should be coursed through the travel agent first and not directly with the hotel.
A:",Any amendments or requests though should be coursed through the travel agent first and not directly with the hotel.,Toute modification ou demande doit cependant être adressée à l’agence de voyages d’abord et non directement à l’hôtel.,The travel agent is the person who will make the booking.,0.8354147375169957,8.791502585371875,eng_Latn, Any amendments or requests though should be coursed through the travel agent first and not directly with the hotel.,3.599714065959926,19.19528129347894,17.25,22.375
"Translate the following sentence from English to French:
Q: For some festivals, the vast majority of the attendants to music festivals decide to camp on site, and most attendants consider it a vital part of the experience.
A:","For some festivals, the vast majority of the attendants to music festivals decide to camp on site, and most attendants consider it a vital part of the experience.","Lors de certains festivals de musique, la grande majorité des participants décident de camper sur place, et la plupart considèrent que cela fait partie intégrante de l'expérience.","The French word for camp is camp, and it is a very common word in the French language. Campers are the people who choose to camp in France.",1.0412606375225102,12.717725564523851,eng_Latn," For some festivals, the vast majority of the attendants to music festivals decide to camp on site, and most attendants consider it a vital part of the experience.",3.6586662202851334,18.84079524222807,8.0625,15.625
"Translate the following sentence from English to French:
Q: If you want to be close to the action you're going to have to get in early to get a camping site close to the music.
A:",If you want to be close to the action you're going to have to get in early to get a camping site close to the music.,"Si vous voulez participer de près à l'événement musical, vous allez devoir arriver tôt pour trouver un aire de camping bien placée.","If you want to have a good night's sleep, you have to get up early.",1.4167568330577431,7.597668752119844,eng_Latn, If you want to be close to the action you're going to have to get in early to get a camping site close to the music.,12.303566979230714,29.862356697335805,14.25,21.0
"Translate the following sentence from English to French:
Q: Remember that even though music on the main stages may have finished, there may be sections of the festival that will keep playing music until late into the night.
A:","Remember that even though music on the main stages may have finished, there may be sections of the festival that will keep playing music until late into the night.","N'oubliez pas que même si les spectacles musicaux sont terminés sur les scènes principales, d'autres spectacles musicaux peuvent se poursuivre jusqu'à tard dans la nuit sur d'autres sites du festival.",The French word for “festival” is “festival” and the word “festival” is French.,0.6198148136022537,7.557579749763728,eng_Latn," Remember that even though music on the main stages may have finished, there may be sections of the festival that will keep playing music until late into the night.",1.3124233827940486,10.139098783299728,21.875,23.75
"Translate the following sentence from English to French:
Q: Some festivals have special camping areas for families with young children.
A:",Some festivals have special camping areas for families with young children.,Certains festivals disposent d'aires de camping spéciales pour les familles avec de jeunes enfants.,"The camping area is located in the middle of the park, and the children are allowed to camp in the park.",3.482270899863668,16.589463096557104,eng_Latn, Some festivals have special camping areas for families with young children.,3.7419436034576052,25.37450920555175,9.75,17.25
"Translate the following sentence from English to French:
Q: If crossing the Northern Baltic in winter, check the cabin location, as going through ice causes quite horrible noise for those most affected.
A:","If crossing the Northern Baltic in winter, check the cabin location, as going through ice causes quite horrible noise for those most affected.","Si vous traversez le nord de la Baltique en hiver, veillez à vérifier l'emplacement de la cabane, car la traversée de la glace peut provoquer des bruits insupportables au niveau des cabanes les plus exposées.",,0.0,0.0,eng_Latn," If crossing the Northern Baltic in winter, check the cabin location, as going through ice causes quite horrible noise for those most affected.",0.0,0.0,22.5,21.0
"Translate the following sentence from English to French:
Q: Saint Petersburg cruises include time in town. Cruise passengers are exempted from visa requirements (check the terms).
A:",Saint Petersburg cruises include time in town. Cruise passengers are exempted from visa requirements (check the terms).,Les croisières à Saint-Pétersbourg incluent du temps passé dans la ville. Les passagers des croisières sont exemptés de l'obligation de visa (voir les conditions).,"The cruise company is a French company, and the French government is a partner in the cruise.",0.6681003134150528,9.349788723288796,eng_Latn, Saint Petersburg cruises include time in town. Cruise passengers are exempted from visa requirements (check the terms).,2.3350155441098113,16.73145108891942,20.625,25.0
"Translate the following sentence from English to French:
Q: Casinos typically make many efforts to maximize time and money spent by guests. Windows and clocks are usually absent, and exits can be hard to find.
A:","Casinos typically make many efforts to maximize time and money spent by guests. Windows and clocks are usually absent, and exits can be hard to find.","Les casinos font généralement de nombreux efforts pour maximiser le temps et l’argent dépensés par les clients. On y trouve rarement des fenêtres et des horloges, et les sorties peuvent être difficiles à repérer.",,0.0,0.0,eng_Latn," Casinos typically make many efforts to maximize time and money spent by guests. Windows and clocks are usually absent, and exits can be hard to find.",0.0,0.0,25.0,22.875
"Translate the following sentence from English to French:
Q: They usually have special food, drink and entertainment offers, to keep guests in a good mood, and keep them at the premise.
A:","They usually have special food, drink and entertainment offers, to keep guests in a good mood, and keep them at the premise.","Ils proposent généralement des offres spéciales de plats, de boissons et de divertissements afin de maintenir la bonne humeur des invités et de les garder sur place.",The French word for “entertainment” is “entertainment” and “entertainment” is a word that is used in a variety of contexts.,0.94193000510072,13.001987053632158,eng_Latn," They usually have special food, drink and entertainment offers, to keep guests in a good mood, and keep them at the premise.",2.6556282775658278,20.667204869336558,13.9375,16.375
"Translate the following sentence from English to French:
Q: Some venues offer alcoholic beverages on the house. However, drunkenness impairs judgement, and all good gamblers know the importance of staying sober.
A:","Some venues offer alcoholic beverages on the house. However, drunkenness impairs judgement, and all good gamblers know the importance of staying sober.","Sur certains sites, ce sont les locaux qui proposent gratuitement des boissons alcoolisées. Néanmoins, l'ivresse altère le jugement, et tous les bons joueurs sache que c'est crucial de rester sobre.",The word “drunk” is a word that is used in the same sentence as “good” and “good” is a synonym for “good” in French.,0.6934063716458092,8.365019584347527,eng_Latn," Some venues offer alcoholic beverages on the house. However, drunkenness impairs judgement, and all good gamblers know the importance of staying sober.",1.2413584734794654,14.168881212584585,23.125,24.625
"Translate the following sentence from English to French:
Q: Anyone who's going to drive at high latitudes or over mountain passes should consider the possibility of snow, ice, or freezing temperatures.
A:","Anyone who's going to drive at high latitudes or over mountain passes should consider the possibility of snow, ice, or freezing temperatures.","Quiconque se rend en voiture à des latitudes élevées ou franchit des cols de montagne doit envisager la possibilité de neige, de glace ou de températures glaciales.",,0.0,0.0,eng_Latn," Anyone who's going to drive at high latitudes or over mountain passes should consider the possibility of snow, ice, or freezing temperatures.",0.0,0.0,20.625,15.5
"Translate the following sentence from English to French:
Q: On icy and snowy roadways, friction is low and you cannot drive as if you were on bare asphalt.
A:","On icy and snowy roadways, friction is low and you cannot drive as if you were on bare asphalt.","Sur les routes glacées et enneigées, le frottement est faible et vous ne pouvez pas conduire comme si vous étiez sur l'asphalte nu.",The French word for friction is <i>friction</i>. Friction is a term that is used to describe the forces that are present in the road surface. Friction is a key factor in the safety of the road.,0.70027739171007,11.951162170119522,eng_Latn," On icy and snowy roadways, friction is low and you cannot drive as if you were on bare asphalt.",2.961812761725358,18.19450650001775,5.9375,7.40625
"Translate the following sentence from English to French:
Q: During blizzards, enough snow to get you stuck can fall in very little time.
A:","During blizzards, enough snow to get you stuck can fall in very little time.","Pendant les blizzards, il peut tomber en très peu de temps assez de neige pour vous bloquer.","The snow is falling on the ground, but the snow is not falling on the snow.",1.9597112120971663,9.600910745375154,eng_Latn," During blizzards, enough snow to get you stuck can fall in very little time.",2.707657626755448,16.89584357996427,22.0,25.0
"Translate the following sentence from English to French:
Q: Visibility may also be restricted by falling or blowing snow or by condensation or ice on vehicle windows.
A:",Visibility may also be restricted by falling or blowing snow or by condensation or ice on vehicle windows.,La visibilité peut également être limitée par des chutes de neige ou de la poudrerie ou par la condensation ou la glace sur les vitres des véhicules.,The snow and ice are the result of a combination of weather and human activity.,0.5808794751482174,10.98678325036661,eng_Latn, Visibility may also be restricted by falling or blowing snow or by condensation or ice on vehicle windows.,1.8338931008625667,15.829790629712399,4.4375,18.5
"Translate the following sentence from English to French:
Q: On the other hand, icy and snowy conditions are normal in many countries, and traffic goes on mostly uninterrupted all year round.
A:","On the other hand, icy and snowy conditions are normal in many countries, and traffic goes on mostly uninterrupted all year round.","D'autre part, la présence de glace et de neige est normale dans de nombreux pays, et la circulation est pratiquement ininterrompue toute l'année.","Yes, it is true.",0.046601472906812554,3.512170842366665,eng_Latn," On the other hand, icy and snowy conditions are normal in many countries, and traffic goes on mostly uninterrupted all year round.",0.2088533117881173,4.275994132059504,22.375,24.5
"Translate the following sentence from English to French:
Q: Safaris are perhaps the greatest tourism draw in Africa and the highlight for many visitors.
A:",Safaris are perhaps the greatest tourism draw in Africa and the highlight for many visitors.,Les safaris sont peut-être le plus grand attrait touristique en Afrique et le moment le plus marquant pour de nombreux visiteurs.,"Yes, I agree.",0.058928907423471136,2.3662421206943325,eng_Latn, Safaris are perhaps the greatest tourism draw in Africa and the highlight for many visitors.,0.5318341850037307,3.261184704612494,20.125,24.125
"Translate the following sentence from English to French:
Q: The term safari in popular use refers to overland travel to view the stunning African wildlife, particularly on savanna.
A:","The term safari in popular use refers to overland travel to view the stunning African wildlife, particularly on savanna.","Dans le langage courant, le terme « safari » désigne une excursion sur la terre africaine, et en particulier dans la savane, ayant pour but d'assister au spectacle saisissant des animaux sauvages dans leur milieu.",Safari is a term that is used to describe the activities of the people who travel to Africa.,0.3208411786509107,9.40445646630827,eng_Latn," The term safari in popular use refers to overland travel to view the stunning African wildlife, particularly on savanna.",3.4974839391638004,23.419610936179332,9.0,16.5
"Translate the following sentence from English to French:
Q: Some animals, such as elephants and giraffes, tend to approach closely to cars and standard equipment will allow good viewing.
A:","Some animals, such as elephants and giraffes, tend to approach closely to cars and standard equipment will allow good viewing.","Certains animaux, tels que les éléphants et les girafes, ont tendance à s’approcher de près des voitures et l’équipement standard permet de bien les observer.",,0.0,0.0,eng_Latn," Some animals, such as elephants and giraffes, tend to approach closely to cars and standard equipment will allow good viewing.",0.0,0.0,24.375,18.625
"Translate the following sentence from English to French:
Q: Lions, cheetahs and leopards are sometimes shy and you will see them better with binoculars.
A:","Lions, cheetahs and leopards are sometimes shy and you will see them better with binoculars.","Les lions, les guépards et les léopards sont parfois timides et vous les verrez mieux avec des jumelles.",,0.0,0.0,eng_Latn," Lions, cheetahs and leopards are sometimes shy and you will see them better with binoculars.",0.0,0.0,17.125,13.75
"Translate the following sentence from English to French:
Q: A walking safari (also called a ""bush walk"", ""hiking safari"", or going ""footing"") consists of hiking, either for a few hours or several days.
A:","A walking safari (also called a ""bush walk"", ""hiking safari"", or going ""footing"") consists of hiking, either for a few hours or several days.","Un safari à pied (également appelé « marche en brousse », « safari pédestre » ou « footing ») consiste à faire de la randonnée, soit pendant quelques heures, soit pendant plusieurs jours.",,0.0,0.0,eng_Latn," A walking safari (also called a ""bush walk"", ""hiking safari"", or going ""footing"") consists of hiking, either for a few hours or several days.",0.0,0.0,6.9375,19.25
"Translate the following sentence from English to French:
Q: The Paralympics will take place from 24 August to 5 September 2021. Some events will be held in other locations throughout Japan.
A:",The Paralympics will take place from 24 August to 5 September 2021. Some events will be held in other locations throughout Japan.,Les paralympiques se tiendront du 24 août au 5 septembre 2021. Certains événements se tiendront dans d’autres localisations à travers le Japon.,"The Japanese government has decided to hold the Paralympics in Tokyo, which is the capital of Japan.",0.9324090986059582,13.428728072390756,eng_Latn, The Paralympics will take place from 24 August to 5 September 2021. Some events will be held in other locations throughout Japan.,7.534822297984551,23.089083501287455,16.125,23.0
"Translate the following sentence from English to French:
Q: Tokyo will be the only Asian city to have hosted two summer Olympics, having hosted the games in 1964.
A:","Tokyo will be the only Asian city to have hosted two summer Olympics, having hosted the games in 1964.","Tokyo sera la seule ville asiatique à avoir accueilli deux Jeux olympiques d'été, après avoir accueilli les Jeux en 1964.",The answer is: Tokyo.,0.09016836872728051,5.1937275419367515,eng_Latn," Tokyo will be the only Asian city to have hosted two summer Olympics, having hosted the games in 1964.",0.5639761817130674,6.574783904194992,23.75,21.375
"Translate the following sentence from English to French:
Q: If you booked your flights and accommodation for 2020 before the postponement was announced, you may have a tricky situation.
A:","If you booked your flights and accommodation for 2020 before the postponement was announced, you may have a tricky situation.","Si vous avez réservé vos vols et votre hébergement en 2020 avant l'annonce du report, vous risquez d'être confronté à une situation délicate.",The French government has announced a new date for the 2021 season of the World Cup.,0.7052178108392831,11.601529945490473,eng_Latn," If you booked your flights and accommodation for 2020 before the postponement was announced, you may have a tricky situation.",1.688261229583053,19.667000983131803,25.0,25.0
"Translate the following sentence from English to French:
Q: Cancellation policies vary, but as of late March most coronavirus-based cancellation policies don't extend to July 2020, when the Olympics had been scheduled.
A:","Cancellation policies vary, but as of late March most coronavirus-based cancellation policies don't extend to July 2020, when the Olympics had been scheduled.","Les politiques d'annulation varient, mais à partir de fin mars, la plupart des politiques d'annulation basées sur les coronavirus ne s'étendent pas jusqu'en juillet 2020, date à laquelle les Jeux olympiques avaient été prévus.",The Olympic Games are a great example of a cancellation policy that is not as flexible as the cancellation of the coronavirus.,0.5638011680288956,14.853342146725923,eng_Latn," Cancellation policies vary, but as of late March most coronavirus-based cancellation policies don't extend to July 2020, when the Olympics had been scheduled.",5.535232873192971,31.275062607831128,14.0,17.75
"Translate the following sentence from English to French:
Q: It's expected that most event tickets will cost between ¥2,500 and ¥130,000, with typical tickets costing around ¥7,000.
A:","It's expected that most event tickets will cost between ¥2,500 and ¥130,000, with typical tickets costing around ¥7,000.","On s'attend à ce que la plupart des billets d'événements coûtent entre 2 500 et 130 000 yens, les billets typiques coûtant environ 7 000 yens.",The price of a ticket is a function of the number of people attending the event.,0.47921468339478085,9.565920559337435,eng_Latn," It's expected that most event tickets will cost between ¥2,500 and ¥130,000, with typical tickets costing around ¥7,000.",0.8829422521995683,14.116893581617976,21.25,24.375
"Translate the following sentence from English to French:
Q: Ironing damp clothes can help them dry. Many hotels have an iron and ironing board available for loan, even if one is not present in the room.
A:","Ironing damp clothes can help them dry. Many hotels have an iron and ironing board available for loan, even if one is not present in the room.","En repassant les vêtements humides, on peut les faire sécher plus facilement. De nombreux hôtels disposent d'un fer et d'une planche à repasser qui peuvent être prêtés, même s'il n'y en a pas dans les chambres.",The answer is: Ironing is a very important part of the hotel experience.,0.18592253094656871,7.1439140362617435,eng_Latn," Ironing damp clothes can help them dry. Many hotels have an iron and ironing board available for loan, even if one is not present in the room.",2.2625847989126378,14.724182504782638,15.3125,24.375
"Translate the following sentence from English to French:
Q: If an iron isn't available, or if you don't fancy wearing ironed socks, then you can try using a hairdryer, if available.
A:","If an iron isn't available, or if you don't fancy wearing ironed socks, then you can try using a hairdryer, if available.","Si vous n'avez pas de fer à repasser ou si vous n'avez pas envie de porter des chaussettes repassées, vous pouvez essayer d'utiliser un sèche-cheveux, si vous en trouvez un.",,0.0,0.0,eng_Latn," If an iron isn't available, or if you don't fancy wearing ironed socks, then you can try using a hairdryer, if available.",0.0,0.0,18.125,15.125
"Translate the following sentence from English to French:
Q: Be careful not to allow fabric to become too hot (which can cause shrinkage, or in extreme cases, scorch).
A:","Be careful not to allow fabric to become too hot (which can cause shrinkage, or in extreme cases, scorch).","Évitez de ne pas laisser le tissu surchauffer (ce qui peut causer son rétrécissement ou dans les cas extrêmes, le brûler).",,0.0,0.0,eng_Latn," Be careful not to allow fabric to become too hot (which can cause shrinkage, or in extreme cases, scorch).",0.0,0.0,13.0625,20.25
"Translate the following sentence from English to French:
Q: There are different ways of purifying water, some more effective against specific threats.
A:","There are different ways of purifying water, some more effective against specific threats.","Il existe différentes méthodes de purification de l'eau, dont certaines sont plus efficaces contre des menaces spécifiques.",Some of the methods are:,0.0,3.5069844802740455,eng_Latn," There are different ways of purifying water, some more effective against specific threats.",1.543228837249852,7.218400625621174,23.625,24.5
"Translate the following sentence from English to French:
Q: In some areas boiling water for a minute is enough, in others several minutes are needed.
A:","In some areas boiling water for a minute is enough, in others several minutes are needed.","Dans certaines localités, il suffit de faire bouillir l'eau pendant une minute ; dans d'autres, il faut le faire pendant plusieurs minutes.","In the case of boiling water, the French word for “time” is “minute” and the word for “time” is “minute” in French.",1.1216940038341034,13.131860241589122,eng_Latn," In some areas boiling water for a minute is enough, in others several minutes are needed.",4.620856909230221,31.036912246754696,21.0,19.0
"Translate the following sentence from English to French:
Q: Filters vary in effectiveness, and should you have a concern, then you should consider buying your water in a sealed bottle from a reputable company.
A:","Filters vary in effectiveness, and should you have a concern, then you should consider buying your water in a sealed bottle from a reputable company.","L’efficacité des filtres varie, et si vous avez un souci, vous devriez envisager d’acheter votre eau dans une bouteille scellée auprès d’une entreprise réputée.",,0.0,0.0,eng_Latn," Filters vary in effectiveness, and should you have a concern, then you should consider buying your water in a sealed bottle from a reputable company.",0.0,0.0,22.5,14.0625
"Translate the following sentence from English to French:
Q: Travellers may encounter animal pests that they are not familiar with in their home regions.
A:",Travellers may encounter animal pests that they are not familiar with in their home regions.,Les voyageurs peuvent rencontrer des animaux nuisibles qu'ils ne connaissent pas dans leur région d'origine.,,0.0,0.0,eng_Latn, Travellers may encounter animal pests that they are not familiar with in their home regions.,0.0,0.0,18.125,17.875
"Translate the following sentence from English to French:
Q: Pests can spoil food, cause irritation, or in a worse case cause allergic reactions, spread venom, or transmit infections.
A:","Pests can spoil food, cause irritation, or in a worse case cause allergic reactions, spread venom, or transmit infections.","Les parasites peuvent contaminer la nourriture, provoquer des irritations ou, dans les cas les plus graves, provoquer des réactions allergiques, répandre du venin ou transmettre des infections.","The word pest is a French word, and the French word for pest is “pest” which is a common word in French.",0.8793175496360144,7.921425127363483,eng_Latn," Pests can spoil food, cause irritation, or in a worse case cause allergic reactions, spread venom, or transmit infections.",1.6924193825009328,12.52098904720999,9.5,17.5
"Translate the following sentence from English to French:
Q: Infectious diseases themselves, or dangerous animals that can injure or kill people by force, do not usually qualify as pests.
A:","Infectious diseases themselves, or dangerous animals that can injure or kill people by force, do not usually qualify as pests.","Les maladies infectieuses elles-mêmes, ou les animaux dangereux qui peuvent blesser ou tuer des personnes par la force, ne sont généralement pas considérés comme des parasites.","The word pest is a very common word in French, and it is used in a very broad sense. Pest is a word that is used in a very different way in the French language.",1.093298223333995,13.109102726704538,eng_Latn," Infectious diseases themselves, or dangerous animals that can injure or kill people by force, do not usually qualify as pests.",1.2413584734794654,16.421916686836756,20.0,19.125
"Translate the following sentence from English to French:
Q: Duty free shopping is the opportunity to buy goods exempted from taxes and excises at certain locations.
A:",Duty free shopping is the opportunity to buy goods exempted from taxes and excises at certain locations.,"Dans certaines localités, les boutiques hors taxes présentent une occasion d'acheter des biens exonérés de taxes et de droits d'accise.",The French word for duty is “duty” and “duty” is a verb. It is a verb that is used in the same sentence as “duty” and “tax” in the same sentence.,0.7605497822189857,14.303973709587641,eng_Latn, Duty free shopping is the opportunity to buy goods exempted from taxes and excises at certain locations.,1.0755798168739934,16.540299346180205,15.125,18.875
"Translate the following sentence from English to French:
Q: Travellers bound for countries with heavy taxation can sometimes save a considerable amount of money, especially on products such as alcoholic beverages and tobacco.
A:","Travellers bound for countries with heavy taxation can sometimes save a considerable amount of money, especially on products such as alcoholic beverages and tobacco.","Les voyageurs à destination de pays où les taxes sont élevées peuvent parfois faire des économies considérables, en particulier sur des produits comme les boissons alcoolisées ou le tabac.","The French government has a tax on alcohol, but it is not a tax on cigarettes.",0.7971757194094322,8.649600734747334,eng_Latn," Travellers bound for countries with heavy taxation can sometimes save a considerable amount of money, especially on products such as alcoholic beverages and tobacco.",1.5272140085687087,12.848213364101435,21.625,25.0
"Translate the following sentence from English to French:
Q: The stretch between Point Marion and Fairmont presents the most challenging driving conditions on the Buffalo-Pittsburgh Highway, passing frequently through isolated backwoods terrain.
A:","The stretch between Point Marion and Fairmont presents the most challenging driving conditions on the Buffalo-Pittsburgh Highway, passing frequently through isolated backwoods terrain.","Le tronçon entre Point Marion et Fairmont présente les conditions de conduite les plus difficiles sur l’autoroute Buffalo-Pittsburgh, passant fréquemment par des terrains isolés de l’arrière-pays.","The stretch of the highway is a major artery for the Buffalo and Pittsburgh rail lines, and the two cities are connected by a single rail line.",1.5957994976441052,17.00754725123864,eng_Latn," The stretch between Point Marion and Fairmont presents the most challenging driving conditions on the Buffalo-Pittsburgh Highway, passing frequently through isolated backwoods terrain.",6.228486146542085,27.084278146267753,22.125,25.0
"Translate the following sentence from English to French:
Q: If you're not used to driving on country roads, keep your wits about you: steep grades, narrow lanes, and sharp curves predominate.
A:","If you're not used to driving on country roads, keep your wits about you: steep grades, narrow lanes, and sharp curves predominate.","Si vous n'avez pas l'habitude de conduire sur des routes de campagne, gardez l'esprit ouvert : les pentes raides, les voies étroites et les courbes serrées prédominent.",,0.0,0.0,eng_Latn," If you're not used to driving on country roads, keep your wits about you: steep grades, narrow lanes, and sharp curves predominate.",0.0,0.0,13.1875,19.5
"Translate the following sentence from English to French:
Q: Posted speed limits are noticeably lower than in previous and subsequent sections — commonly 35-40 mph (56-64 km/h) — and strict obedience to them is even more important than otherwise.
A:",Posted speed limits are noticeably lower than in previous and subsequent sections — commonly 35-40 mph (56-64 km/h) — and strict obedience to them is even more important than otherwise.,Les limitations de vitesse affichées sont sensiblement plus basses que dans les tronçons précédents et suivants – généralement de 35 à 40 mph (56-64 km/h) – et leur respect strict est encore plus important qu'auparavant.,"The speed limit is a measure of the speed of the vehicle, not the speed of the driver.",0.2931113000684897,7.692044933351262,eng_Latn, Posted speed limits are noticeably lower than in previous and subsequent sections — commonly 35-40 mph (56-64 km/h) — and strict obedience to them is even more important than otherwise.,0.6867145321008834,12.692438087531105,16.0,24.0
"Translate the following sentence from English to French:
Q: Curiously, though, mobile phone service is much stronger here than along many other stretches of the route, e.g. the Pennsylvania Wilds.
A:","Curiously, though, mobile phone service is much stronger here than along many other stretches of the route, e.g. the Pennsylvania Wilds.","En revanche, le service mobile est curieusement beaucoup plus fort ici que sur beaucoup d'autres parties de la route, par exemple les Pennsylvania Wilds.","The French word for mobile phone is mobile, and it is a word that is used in the same sentence as mobile phone.",1.3829735206532279,13.800935581215557,eng_Latn," Curiously, though, mobile phone service is much stronger here than along many other stretches of the route, e.g. the Pennsylvania Wilds.",2.878827481437318,20.08780128514209,24.875,25.0
"Translate the following sentence from English to French:
Q: German pastries are quite good, and in Bavaria, are quite rich and varied, similar to those of their southern neighbor, Austria.
A:","German pastries are quite good, and in Bavaria, are quite rich and varied, similar to those of their southern neighbor, Austria.","Les pâtisseries allemandes sont plutôt bonnes, et en Bavière, elles sont très riches et variées, semblables à celles de leur voisin du sud, l'Autriche.",The French word for pastry is “pudding” and it is a French word that means “to eat” or “to eat in a hurry”.,0.8472587794020768,8.422263469759326,eng_Latn," German pastries are quite good, and in Bavaria, are quite rich and varied, similar to those of their southern neighbor, Austria.",1.3113617852675474,13.3691641164762,22.625,25.0
"Translate the following sentence from English to French:
Q: Fruit pastries are common, with apples cooked into pastries year round, and cherries and plums making their appearances during the summer.
A:","Fruit pastries are common, with apples cooked into pastries year round, and cherries and plums making their appearances during the summer.","Les pâtisseries aux fruits y sont habituelles : des pommes sont cuites et cuisinées en pâtisserie toute l'année, tandis que cerises et prunes pointent le bout de leur nez en été.",The French word for fruit is “fruit” and the word for cherry is “cherry” in French.,0.5964284038283426,7.077918190475161,eng_Latn," Fruit pastries are common, with apples cooked into pastries year round, and cherries and plums making their appearances during the summer.",1.6502850354228005,11.438788511564606,22.25,22.875
"Translate the following sentence from English to French:
Q: Many German baked goods also feature almonds, hazelnuts, and other tree nuts. Popular cakes often pair particularly well with a cup of strong coffee.
A:","Many German baked goods also feature almonds, hazelnuts, and other tree nuts. Popular cakes often pair particularly well with a cup of strong coffee.","De nombreux produits de boulangerie allemands contiennent également des amandes, des noisettes et d’autres noix. Les gâteaux populaires se marient souvent particulièrement bien avec une tasse de café serré.",The French word for tree is “tree” and the word for almond is “almond”.,0.5553232225776011,5.401288484129836,eng_Latn," Many German baked goods also feature almonds, hazelnuts, and other tree nuts. Popular cakes often pair particularly well with a cup of strong coffee.",1.382075050865993,11.335862745119341,23.0,25.0
"Translate the following sentence from English to French:
Q: If you want some small though rich pastries, try what depending on region are called Berliner, Pfannkuchen or Krapfen.
A:","If you want some small though rich pastries, try what depending on region are called Berliner, Pfannkuchen or Krapfen.","Si vous voulez de petites mais copieuses pâtisseries, essayez les boules de Berlin, aussi appelées Berliner, Pfannkuchen ou Krapfen selon les régions.","The word Berliner is derived from the German word for pastry, and the word for bakery is bakery.",1.966031039447573,11.573682991604938,eng_Latn," If you want some small though rich pastries, try what depending on region are called Berliner, Pfannkuchen or Krapfen.",2.9329736609772286,17.298860217529803,17.25,19.875
"Translate the following sentence from English to French:
Q: A curry is a dish based on herbs and spices, together with either meat or vegetables.
A:","A curry is a dish based on herbs and spices, together with either meat or vegetables.","Un curry est un plat à base d'herbes et d'épices, accompagné de viande ou de légumes.",A French translation of the word curry is “meat curry” or “meat-based” curry.,2.9600615761933957,14.090015439604443,eng_Latn," A curry is a dish based on herbs and spices, together with either meat or vegetables.",6.143498010483918,20.42072474222585,13.5,15.0
"Translate the following sentence from English to French:
Q: A curry can be either ""dry"" or ""wet"" depending on the amount of liquid.
A:","A curry can be either ""dry"" or ""wet"" depending on the amount of liquid.","Un plat au curry peut être « solide » ou « liquide », selon la quantité de sauce qu'il contient.","The word curry comes from the French word ""curry"" and means ""to cook"" in English.",2.215713096312391,10.061068172391474,eng_Latn," A curry can be either ""dry"" or ""wet"" depending on the amount of liquid.",4.885326644211927,19.88101082342137,13.5,22.25
"Translate the following sentence from English to French:
Q: In inland regions of Northern India and Pakistan, yogurt is commonly used in curries; in Southern India and some other coastal regions of the subcontinent, coconut milk is commonly used.
A:","In inland regions of Northern India and Pakistan, yogurt is commonly used in curries; in Southern India and some other coastal regions of the subcontinent, coconut milk is commonly used.","Dans les régions intérieures du nord de l'Inde et du Pakistan, le yaourt est couramment utilisé dans les currys ; dans le sud de l'Inde et certaines autres régions côtières du sous-continent, le lait de coco est couramment utilisé.","The word yogurt is derived from the Greek word for cow, which is the same word as the word for coconut.",0.5781540163078738,7.839951605311403,eng_Latn," In inland regions of Northern India and Pakistan, yogurt is commonly used in curries; in Southern India and some other coastal regions of the subcontinent, coconut milk is commonly used.",5.259545704618577,15.929265059220274,17.75,24.5
"Translate the following sentence from English to French:
Q: With 17,000 islands to choose from, Indonesian food is an umbrella term covering a vast variety of regional cuisines found across the nation.
A:","With 17,000 islands to choose from, Indonesian food is an umbrella term covering a vast variety of regional cuisines found across the nation.","L'Indonésie comptant 17 000 îles, la cuisine indonésienne est un terme générique qui couvre une grande variété de cuisines régionales présentes dans tout le pays.","The word archipelago is derived from the word archipelago, which means a collection of islands.",0.7524028648224514,10.008355584531973,eng_Latn," With 17,000 islands to choose from, Indonesian food is an umbrella term covering a vast variety of regional cuisines found across the nation.",3.2433727219263067,17.832289676542565,18.5,21.25
"Translate the following sentence from English to French:
Q: But, if used without further qualifiers, the term tends to mean the food originally from the central and eastern parts of the main island Java.
A:","But, if used without further qualifiers, the term tends to mean the food originally from the central and eastern parts of the main island Java.","Toutefois, lorsque ce terme est utilisé sans autre qualificatif, il tend à désigner les aliments provenant des parties centrale et orientale de l'île principale de Java.","The word is used in the context of a meal, but it is also used in a more general sense of a meal.",1.108346903542233,10.82643709194211,eng_Latn," But, if used without further qualifiers, the term tends to mean the food originally from the central and eastern parts of the main island Java.",1.6354897685639678,15.18636358859099,20.375,24.625
"Translate the following sentence from English to French:
Q: Now widely available throughout the archipelago, Javanese cuisine features an array of simply seasoned dishes, the predominant flavorings the Javanese favor being peanuts, chillies, sugar (especially Javanese coconut sugar) and various aromatic spices.
A:","Now widely available throughout the archipelago, Javanese cuisine features an array of simply seasoned dishes, the predominant flavorings the Javanese favor being peanuts, chillies, sugar (especially Javanese coconut sugar) and various aromatic spices.","Maintenant, largement disponible dans tout l’archipel, la cuisine javanaise propose un éventail de plats simplement assaisonnés, les saveurs prédominantes que les Javanais privilégient étant les cacahuètes, les piments, le sucre (en particulier le sucre de coco javanais) et diverses épices aromatiques.","The J.S.A. is a very popular food product in the United States, and it is being sold in the US market for the first time.",0.30779605653233505,7.816390216514919,eng_Latn," Now widely available throughout the archipelago, Javanese cuisine features an array of simply seasoned dishes, the predominant flavorings the Javanese favor being peanuts, chillies, sugar (especially Javanese coconut sugar) and various aromatic spices.",0.6941084051265879,11.410626064692977,25.0,25.0
"Translate the following sentence from English to French:
Q: Stirrups are supports for the rider's feet that hang down on either side of the saddle.
A:",Stirrups are supports for the rider's feet that hang down on either side of the saddle.,"Les étriers sont des appuis pour les pieds du cavalier, qui pendent de chaque côté de la selle.",The French word for stir-,0.0,3.3869976242711273,eng_Latn, Stirrups are supports for the rider's feet that hang down on either side of the saddle.,0.2895550264181247,6.34808171473325,16.125,23.125
"Translate the following sentence from English to French:
Q: They provide greater stability for the rider but can have safety concerns due to the potential for a rider's feet to get stuck in them.
A:",They provide greater stability for the rider but can have safety concerns due to the potential for a rider's feet to get stuck in them.,"Ils offrent une plus grande stabilité à l'utilisateur, mais ils peuvent poser un problème de sécurité : en effet, les pieds de l'utilisateur peuvent y rester coincés.","The French word for safety is ""safety"" and the word for stability is ""stability"".",0.7706971346340552,10.38492197001001,eng_Latn, They provide greater stability for the rider but can have safety concerns due to the potential for a rider's feet to get stuck in them.,2.9692008115965187,18.938141912295688,14.0625,21.125
"Translate the following sentence from English to French:
Q: If a rider is thrown from a horse but has a foot caught in the stirrup, they could be dragged if the horse runs away. To minimize this risk, a number of safety precautions can be taken.
A:","If a rider is thrown from a horse but has a foot caught in the stirrup, they could be dragged if the horse runs away. To minimize this risk, a number of safety precautions can be taken.","Si un cavalier est projeté d’un cheval, mais a un pied pris dans l’étrier, il pourrait être traîné si le cheval s’enfuit. Pour minimiser ce risque, un certain nombre de mesures de sécurité peuvent être prises.",The rider and the horse are in a position to be protected.,0.14575573811070575,6.358061835757516,eng_Latn," If a rider is thrown from a horse but has a foot caught in the stirrup, they could be dragged if the horse runs away. To minimize this risk, a number of safety precautions can be taken.",0.7840792564835544,12.932901845366592,22.0,24.0
"Translate the following sentence from English to French:
Q: First, most riders wear riding boots with a heel and a smooth, quite narrow, sole.
A:","First, most riders wear riding boots with a heel and a smooth, quite narrow, sole.","Premièrement, la plupart des cavaliers portent des bottes d'équitation avec un talon et une semelle lisse et assez étroite.","Second, the French word for “boots” is “boots” and the word “sole” is “sole”.",1.3358964482707558,7.7249612340037395,eng_Latn," First, most riders wear riding boots with a heel and a smooth, quite narrow, sole.",1.7557381354086663,15.740173682538128,7.5,15.0625
"Translate the following sentence from English to French:
Q: Next, some saddles, particularly English saddles, have safety bars that allow a stirrup leather to fall off the saddle if pulled backwards by a falling rider.
A:","Next, some saddles, particularly English saddles, have safety bars that allow a stirrup leather to fall off the saddle if pulled backwards by a falling rider.","Ensuite, certaines selles, notamment les anglaises, ont des barres de sécurité qui permettent à une étrivière de tomber de la selle si elle est tirée vers l'arrière par un cavalier qui tombe.",The safety of the saddle is a major concern for riders who ride in the countryside.,0.5553232225776011,7.736955778175686,eng_Latn," Next, some saddles, particularly English saddles, have safety bars that allow a stirrup leather to fall off the saddle if pulled backwards by a falling rider.",5.190358598405288,17.615312350276746,13.5625,24.0
"Translate the following sentence from English to French:
Q: Cochamó Valley - Chile's premier climbing destination, known as the Yosemite of South America, with a variety of granite big walls and crags.
A:","Cochamó Valley - Chile's premier climbing destination, known as the Yosemite of South America, with a variety of granite big walls and crags.","Vallée de Cochamó – La destination d'excellence pour l'escalade au Chili, connue comme le Yosemite d'Amérique du Sud, avec de nombreuses grandes parois et falaises granitiques différentes.","The word ""co"" in the name of the region is a translation of the word ""co"" into French. The word ""co"" is a very common word in the region. It is used in the context of the phrase ""co-opetition"" (co-operation) and ""co-operation"" is a very common word in the French language.",0.47462176237300036,13.684689501374638,eng_Latn," Cochamó Valley - Chile's premier climbing destination, known as the Yosemite of South America, with a variety of granite big walls and crags.",0.7428232016571908,15.687018599905125,21.625,21.375
"Translate the following sentence from English to French:
Q: Summits include breath-taking views from peaks. Climbers from all parts of the world are continually establishing new routes amongst its endless potential of walls.
A:",Summits include breath-taking views from peaks. Climbers from all parts of the world are continually establishing new routes amongst its endless potential of walls.,"Du haut des sommets, les panoramas sur les montagnes sont imprenables. Les alpinistes du monde entier ne cessent de découvrir de nouveaux chemins praticables sur les pentes, où les possibilités sont illimitées.","The French word for summit is <em>montagne</em>, and it is a French word that means a mountain.",0.6739090743995223,10.48869250565659,eng_Latn, Summits include breath-taking views from peaks. Climbers from all parts of the world are continually establishing new routes amongst its endless potential of walls.,0.9682813423139575,11.641899838934783,17.5,21.625
"Translate the following sentence from English to French:
Q: Downhill snowsports, which include skiing and snowboarding, are popular sports involving sliding down snow-covered terrain with skis or a snowboard attached to your feet.
A:","Downhill snowsports, which include skiing and snowboarding, are popular sports involving sliding down snow-covered terrain with skis or a snowboard attached to your feet.","Les sports d'hiver de descente, notamment le ski et le snowboard, sont des sports populaires qui consistent à glisser pour dévaler une piste enneigée avec des skis ou un snowboard attachés aux pieds.",Down to earth skiing is a sport that is not only fun for the skier but also for the people who work in the ski industry.,0.7930439484534108,11.837103025701616,eng_Latn," Downhill snowsports, which include skiing and snowboarding, are popular sports involving sliding down snow-covered terrain with skis or a snowboard attached to your feet.",1.9291306544291147,16.3449583424437,9.8125,20.125
"Translate the following sentence from English to French:
Q: Skiing is a major travelling activity with many enthusiasts, occasionally known as ""ski bums,"" planning entire vacations around skiing at a particular location.
A:","Skiing is a major travelling activity with many enthusiasts, occasionally known as ""ski bums,"" planning entire vacations around skiing at a particular location.","Le ski est une activité de voyage majeure qui compte de nombreux aficionados, parfois appelés « ski bums », qui organisent leurs vacances entières en fonction du ski dans des endroits spécifiques.",,0.0,0.0,eng_Latn," Skiing is a major travelling activity with many enthusiasts, occasionally known as ""ski bums,"" planning entire vacations around skiing at a particular location.",0.0,0.0,20.25,23.125
"Translate the following sentence from English to French:
Q: The idea of skiing is very old — cave paintings depicting skiers date back as far as 5000 BC!
A:",The idea of skiing is very old — cave paintings depicting skiers date back as far as 5000 BC!,L'idée de skier est très ancienne : des peintures rupestres montrant des skieurs datent pour certaines de 5 000 ans av. J.-C. !,"The French word for ski is ski, and the word for cave is caveman.",0.8407752407155674,7.990266980445209,eng_Latn, The idea of skiing is very old — cave paintings depicting skiers date back as far as 5000 BC!,2.059181229713454,13.048994492698654,20.0,23.25
"Translate the following sentence from English to French:
Q: Downhill skiing as a sport goes back to at least the 17th century, and in 1861 the first recreational ski club was opened by Norwegians in Australia.
A:","Downhill skiing as a sport goes back to at least the 17th century, and in 1861 the first recreational ski club was opened by Norwegians in Australia.",La pratique du ski alpin en tant que sport remonte au moins au XVIIe siècle ; le premier club de ski de loisirs a été fondé en 1861 en Australie par des Norvégiens.,The first ski school in France was opened in 1999 by the French government and the ski school in Australia was founded in 2009.,0.8718565540531644,15.70995995227739,eng_Latn," Downhill skiing as a sport goes back to at least the 17th century, and in 1861 the first recreational ski club was opened by Norwegians in Australia.",3.610898657746201,28.094796155447604,20.875,23.375
"Translate the following sentence from English to French:
Q: Backpacking by ski: This activity is also called backcountry ski, ski touring or ski hiking.
A:","Backpacking by ski: This activity is also called backcountry ski, ski touring or ski hiking.","Randonnée à skis : cette activité est aussi appelée ski nordique, ski de fond ou ski de randonnée.","This is a very common activity in the United States, and it is also a very popular sport in France.",1.494243944464886,15.598840230704985,eng_Latn," Backpacking by ski: This activity is also called backcountry ski, ski touring or ski hiking.",4.151237742650007,23.495681570970987,9.4375,19.75
"Translate the following sentence from English to French:
Q: It is related to but usually not involving alpine style ski touring or mountaineering, the latter ones done in steep terrain and requiring much stiffer skis and boots.
A:","It is related to but usually not involving alpine style ski touring or mountaineering, the latter ones done in steep terrain and requiring much stiffer skis and boots.","Cela ressemble au ski de randonnée de type alpin, ainsi qu'à l'alpinisme, sans toutefois incorporer en général ces activités, qui se pratiquent sur des terrains accidentés et qui exigent l'utilisation de skis et de bottes beaucoup plus rigides.",Skiing is a sport that is not related to the word ski.,0.10953212752562345,5.58914373247067,eng_Latn," It is related to but usually not involving alpine style ski touring or mountaineering, the latter ones done in steep terrain and requiring much stiffer skis and boots.",1.0513606531562874,13.641951989886646,19.5,24.0
"Translate the following sentence from English to French:
Q: Think of the skiing route as of a similar hiking route.
A:",Think of the skiing route as of a similar hiking route.,Pensez à l'itinéraire de ski comme à un itinéraire de randonnée similaire.,The ski resort is a place where you can ski and enjoy the scenery.,1.9108871956733893,13.659659274502593,eng_Latn, Think of the skiing route as of a similar hiking route.,3.234245292096216,16.577152749477076,6.90625,14.3125
"Translate the following sentence from English to French:
Q: In good conditions you will be able to cover somewhat greater distances than walking – but only very seldom you will get the speeds of cross country skiing without a heavy backpack in groomed tracks.
A:",In good conditions you will be able to cover somewhat greater distances than walking – but only very seldom you will get the speeds of cross country skiing without a heavy backpack in groomed tracks.,"Dans de bonnes conditions, vous pourrez parcourir des distances un peu plus grandes qu'à pied – mais vous n'atteindrez que très rarement les vitesses du ski de fond sans un sac à dos lourd sur des pistes damées.","In the same way, the French word for “trail” is “trail” and the word for “skiing” is “ski”.",0.7627038017137089,7.040919178303709,eng_Latn, In good conditions you will be able to cover somewhat greater distances than walking – but only very seldom you will get the speeds of cross country skiing without a heavy backpack in groomed tracks.,1.1207114846907142,10.300105547810222,19.25,23.25
"Translate the following sentence from English to French:
Q: Europe is a continent that is relatively small but with many independent countries. Under normal circumstances, travelling through multiple countries would mean having to go through visa applications and passport control multiple times.
A:","Europe is a continent that is relatively small but with many independent countries. Under normal circumstances, travelling through multiple countries would mean having to go through visa applications and passport control multiple times.","L'Europe est un continent relativement petit, mais comportant de nombreux pays indépendants. Dans des circonstances classiques, voyager à travers plusieurs pays implique donc de devoir procéder à plusieurs demandes de visa et de subir plusieurs vérifications de passeport.",The answer to this question is that the Schengen visa is a visa that allows you to travel to the Schengen area.,0.466384795793054,8.26788845692954,eng_Latn," Europe is a continent that is relatively small but with many independent countries. Under normal circumstances, travelling through multiple countries would mean having to go through visa applications and passport control multiple times.",2.2466434868514207,14.048507004505256,23.75,23.75
"Translate the following sentence from English to French:
Q: The Schengen zone, however, works somewhat like one country in this respect.
A:","The Schengen zone, however, works somewhat like one country in this respect.","L’espace Schengen, cependant, fonctionne un peu comme un seul pays à cet égard.","The Schengen area is a region of Europe, and it is a place where people can travel freely.",2.3901021968803136,19.564981517365965,eng_Latn," The Schengen zone, however, works somewhat like one country in this respect.",4.319402267866687,23.87107017154137,4.15625,17.375
"Translate the following sentence from English to French:
Q: As long as you stay in this zone, you can generally cross borders without going through passport control checkpoints again.
A:","As long as you stay in this zone, you can generally cross borders without going through passport control checkpoints again.","Tant que vous restez dans cette zone, vous pouvez généralement traverser les frontières sans repasser par les points de contrôle des passeports.",The French word for border crossing is “borderline” and it is used in a very negative way.,1.1752777635168774,9.414749302235775,eng_Latn," As long as you stay in this zone, you can generally cross borders without going through passport control checkpoints again.",1.7213771561095463,13.653292164111352,24.125,25.0
"Translate the following sentence from English to French:
Q: Similarly, by having a Schengen visa, you do not need to apply for visas to each of the Schengen member countries separately, hence saving time, money and paperwork.
A:","Similarly, by having a Schengen visa, you do not need to apply for visas to each of the Schengen member countries separately, hence saving time, money and paperwork.","De même, en ayant un visa Schengen, vous n'avez pas besoin de demander séparément un visa pour chacun des pays membres de l'espace, ce qui permet d'économiser du temps, de l'argent et des formalités administratives.",The Schengen visa is a form of protection for people who are not citizens of the country they are applying to. It is a form of protection for people who are not in the Schengen area.,0.8236166505997677,14.137118004559326,eng_Latn," Similarly, by having a Schengen visa, you do not need to apply for visas to each of the Schengen member countries separately, hence saving time, money and paperwork.",3.8856620103720525,28.471528730924973,16.125,20.75
"Translate the following sentence from English to French:
Q: There is no universal definition for which manufactured items are antiques. Some tax agencies define goods older than 100 years as antiques.
A:",There is no universal definition for which manufactured items are antiques. Some tax agencies define goods older than 100 years as antiques.,Il n'existe pas de définition universelle permettant de déterminer si un objet manufacturé est une antiquité. Certains organismes fiscaux définissent les biens de plus de 100 ans comme des antiquités.,Some people say that antiques are a thing of the past. Others say that they are a thing of the future.,0.8222061753270261,10.348428126875696,eng_Latn, There is no universal definition for which manufactured items are antiques. Some tax agencies define goods older than 100 years as antiques.,3.516207826094835,17.800020660507425,13.6875,24.75
"Translate the following sentence from English to French:
Q: The definition has geographic variations, where the age limit might be shorter in places such as North America than in Europe.
A:","The definition has geographic variations, where the age limit might be shorter in places such as North America than in Europe.","Les critères varient selon le lieu où l'on se trouve ; dans certaines parties du monde, comme en Amérique du Nord, la limite d'âge peut être inférieure à celle en vigueur en Europe.","The French word for the definition is ""age"" and the word for ""place"" is ""region"" and ""country""",0.7673141779501976,7.714635678978754,eng_Latn," The definition has geographic variations, where the age limit might be shorter in places such as North America than in Europe.",1.8264728862681343,18.95099874881128,20.25,21.875
"Translate the following sentence from English to French:
Q: Handicraft products might be defined as antiques, though they are younger than similar mass-produced goods.
A:","Handicraft products might be defined as antiques, though they are younger than similar mass-produced goods.","Des produits artisanaux peuvent être considérés comme des antiquités, même s’ils sont moins anciens que des produits industriels similaires.","The word handicraft is derived from the French word for craft, which means to make something with your hands.",1.4571143042909085,10.942428076377219,eng_Latn," Handicraft products might be defined as antiques, though they are younger than similar mass-produced goods.",2.0705706652424007,18.862814228884154,2.9375,19.75
"Translate the following sentence from English to French:
Q: Reindeer husbandry is an important livelihood among the Sámi and the culture surrounding the trade is important also for many with other professions.
A:",Reindeer husbandry is an important livelihood among the Sámi and the culture surrounding the trade is important also for many with other professions.,L'élevage de rennes est un moyen de subsistance important chez les Samis et la culture qui entoure ce commerce revêt une grande importance pour beaucoup d'autres professions.,Reaching the Sámi people is a major goal of reindeer husbandry.,0.5911300940075376,7.1110814348098375,eng_Latn, Reindeer husbandry is an important livelihood among the Sámi and the culture surrounding the trade is important also for many with other professions.,9.36752264499014,22.082629342067754,20.375,23.5
"Translate the following sentence from English to French:
Q: Even traditionally, though, not all Sámi have been involved in big scale reindeer husbandry, but lived from fishing, hunting and similar, having reindeer mostly as draft animals.
A:","Even traditionally, though, not all Sámi have been involved in big scale reindeer husbandry, but lived from fishing, hunting and similar, having reindeer mostly as draft animals.","Même si, selon la tradition, tous les Samis n'ont pas été impliqués dans l'élevage de rennes à grande échelle, ils vivaient de la pêche, de la chasse et d'autres activités similaires, tout en utilisant les rennes principalement comme des animaux de trait.","The Sámi people have a long history of reindeer husbandry, and the Sámi have been involved in the reindeer trade for centuries.",0.4767238581573851,9.498150975908931,eng_Latn," Even traditionally, though, not all Sámi have been involved in big scale reindeer husbandry, but lived from fishing, hunting and similar, having reindeer mostly as draft animals.",25.371896294323328,35.63390015728387,7.875,15.25
"Translate the following sentence from English to French:
Q: Today many Sámi work in modern trades. Tourism is an important income in Sápmi, the Sámi area.
A:","Today many Sámi work in modern trades. Tourism is an important income in Sápmi, the Sámi area.","De nos jours, de nombreux Sâmes pratiquent des métiers modernes. Le tourisme constitue une importante source de revenus en Laponie, la région sâme.","Yes, it is.",0.021107291585853977,2.8483340863519477,eng_Latn," Today many Sámi work in modern trades. Tourism is an important income in Sápmi, the Sámi area.",0.2574910161099668,4.582595914306645,24.5,25.0
"Translate the following sentence from English to French:
Q: Though it is widely used, especially among non-Romani, the word ""Gypsy"" is often considered offensive because of its associations with negative stereotypes and inaccurate perceptions of Romani people.
A:","Though it is widely used, especially among non-Romani, the word ""Gypsy"" is often considered offensive because of its associations with negative stereotypes and inaccurate perceptions of Romani people.","Bien que très largement utilisé, en particulier chez les non-roms, le terme « Gitan » est souvent considéré comme péjoratif du fait de son association avec des stéréotypes négatifs et une image faussée du peuple rom.",,0.0,0.0,eng_Latn," Though it is widely used, especially among non-Romani, the word ""Gypsy"" is often considered offensive because of its associations with negative stereotypes and inaccurate perceptions of Romani people.",0.0,0.0,24.0,21.875
"Translate the following sentence from English to French:
Q: If the country you will be visiting becomes subject to a travel advisory, your travel health insurance or your trip cancellation insurance may be affected.
A:","If the country you will be visiting becomes subject to a travel advisory, your travel health insurance or your trip cancellation insurance may be affected.","Si le pays dans lequel vous vous rendez fait l'objet d'un avertissement aux voyageurs émis par votre gouvernement, votre assurance santé à l'étranger ou votre assurance annulation voyage peuvent en être affectées.",The travel advisor will be the person who will advise you of the advisories and the cancellation of your trip.,0.5964284038283426,10.283387278909066,eng_Latn," If the country you will be visiting becomes subject to a travel advisory, your travel health insurance or your trip cancellation insurance may be affected.",7.461420778588281,30.10358740626974,11.8125,19.75
"Translate the following sentence from English to French:
Q: You may also wish to consult the advice of governments other than your own, but their advice is designed for their citizens.
A:","You may also wish to consult the advice of governments other than your own, but their advice is designed for their citizens.","Vous pouvez également avoir recours aux conseils d'autres gouvernements que le vôtre, mais leurs conseils sont adaptés à leurs citoyens.","The French government has a different approach to the issue of health care. It is a bit like the way it is in the United States, where the government has a different approach to health care.",1.1216940038341034,13.685860505905767,eng_Latn," You may also wish to consult the advice of governments other than your own, but their advice is designed for their citizens.",1.476232328930697,22.229921866604823,17.625,20.75
"Translate the following sentence from English to French:
Q: As one example, American citizens in the Middle East might face different situations from Europeans or Arabs.
A:","As one example, American citizens in the Middle East might face different situations from Europeans or Arabs.","Comme exemple, les citoyens américains au Moyen-Orient pourraient être confrontés à des situations différentes de celles des Européens ou des Arabes.",The answer to this question is that the Middle East is a region of conflict.,0.7939681058817049,8.723512059222978,eng_Latn," As one example, American citizens in the Middle East might face different situations from Europeans or Arabs.",7.156938986168806,22.321686613028398,19.625,23.125
"Translate the following sentence from English to French:
Q: Advisories are merely a brief summary of the political situation in one country.
A:",Advisories are merely a brief summary of the political situation in one country.,Les avis ne sont qu'un bref résumé de la situation politique d'un pays.,,0.0,0.0,eng_Latn, Advisories are merely a brief summary of the political situation in one country.,0.0,0.0,24.875,19.625
"Translate the following sentence from English to French:
Q: The views presented are often cursory, general and oversimplified compared to the more detailed information available elsewhere.
A:","The views presented are often cursory, general and oversimplified compared to the more detailed information available elsewhere.","Les opinions présentées sont souvent superficielles, générales et trop simplifiées par rapport aux informations plus détaillées disponibles ailleurs.",The French version of the article is more detailed and offers a more accurate view of the situation.,1.283396817358928,11.736212022140766,eng_Latn," The views presented are often cursory, general and oversimplified compared to the more detailed information available elsewhere.",4.126008930975491,26.72602345317753,6.25,19.75
"Translate the following sentence from English to French:
Q: Severe weather is the generic term for any dangerous weather phenomenon with the potential to cause damage, serious social disruption, or loss of human life.
A:","Severe weather is the generic term for any dangerous weather phenomenon with the potential to cause damage, serious social disruption, or loss of human life.","Le temps violent est le terme générique pour tout phénomène météorologique dangereux susceptible de causer des dommages, de graves bouleversements sociaux ou la perte de vies humaines.",The French word for severe weather is “terrible” and “terrible” is a synonym for “bad” in French.,0.6590093442496134,8.647029957113237,eng_Latn," Severe weather is the generic term for any dangerous weather phenomenon with the potential to cause damage, serious social disruption, or loss of human life.",2.584201106688405,17.467744246449314,17.75,19.75
"Translate the following sentence from English to French:
Q: Severe weather can occur anywhere in the world, and there are different types of it, which can depend on geography, topography, and atmospheric conditions.
A:","Severe weather can occur anywhere in the world, and there are different types of it, which can depend on geography, topography, and atmospheric conditions.","Les conditions météorologiques très défavorables peuvent se produire n'importe où dans le monde, et elles peuvent être de plusieurs sortes, selon les caractéristiques géographiques, topographiques et atmosphériques.",The French word for severe weather is “weather” and the word for “weather” is “weather” in French.,0.6374044481263149,6.344286861856846,eng_Latn," Severe weather can occur anywhere in the world, and there are different types of it, which can depend on geography, topography, and atmospheric conditions.",1.624730430286819,19.63677350311653,20.75,20.75
"Translate the following sentence from English to French:
Q: High winds, hail, excessive precipitation, and wildfires are forms and effects of severe weather, as are thunderstorms, tornadoes, waterspouts, and cyclones.
A:","High winds, hail, excessive precipitation, and wildfires are forms and effects of severe weather, as are thunderstorms, tornadoes, waterspouts, and cyclones.","Les vents violents, la grêle, les précipitations excessives et les incendies sont des formes et des effets du temps violent, tout comme les orages, les tornades, les trombes marines et les cyclones.",The French word for “storm” is “storm” and the word for “weather” is “weather”. Weather is a complex and dynamic process that can be described in a single word.,0.6573445012475361,11.309151771221297,eng_Latn," High winds, hail, excessive precipitation, and wildfires are forms and effects of severe weather, as are thunderstorms, tornadoes, waterspouts, and cyclones.",1.0009398039350847,17.62774891009163,17.5,19.25
"Translate the following sentence from English to French:
Q: Regional and seasonal severe weather phenomena include blizzards, snowstorms, ice storms, and dust storms.
A:","Regional and seasonal severe weather phenomena include blizzards, snowstorms, ice storms, and dust storms.","Les phénomènes météorologiques extrêmes, régionaux et saisonniers, incluent les tempêtes de froid, les tempêtes de neige avec vents violents, et les tempêtes de sable ou de poussières.","The word ""weather"" is a bit of a mouthful, but it is a word that is used to describe the weather in France. The French word for ""weather"" is ""weather"" and the word for ""snow"" is ""snow"" in French.",0.7443018766188205,9.931328630666023,eng_Latn," Regional and seasonal severe weather phenomena include blizzards, snowstorms, ice storms, and dust storms.",0.8851290873849788,17.767460080320586,25.0,25.0
"Translate the following sentence from English to French:
Q: Travellers are strongly advised to be aware of any risk of severe weather affecting their area as they may affect any travel plans.
A:",Travellers are strongly advised to be aware of any risk of severe weather affecting their area as they may affect any travel plans.,"Il est fortement conseillé aux voyageurs de se renseigner sur les risques de mauvais temps pouvant affecter leur région de destination, sachant que cela peut avoir une incidence sur les itinéraires qu'ils envisagent.","The French word for “weather” is “weather” and it is a word that is used in a very wide range of contexts. For example, the French word for “weather” is “weather” and the word is used in a variety of contexts.",0.6728248038139729,13.007334018770726,eng_Latn, Travellers are strongly advised to be aware of any risk of severe weather affecting their area as they may affect any travel plans.,0.7446030455068398,17.75809419414141,21.625,22.375
"Translate the following sentence from English to French:
Q: Anyone planning a visit to a country that could be considered a war zone should get professional training.
A:",Anyone planning a visit to a country that could be considered a war zone should get professional training.,Quiconque envisage de se rendre dans un pays qui pourrait être considéré comme une zone de guerre devrait recevoir une formation professionnelle.,,0.0,0.0,eng_Latn, Anyone planning a visit to a country that could be considered a war zone should get professional training.,0.0,0.0,25.0,19.0
"Translate the following sentence from English to French:
Q: A search of the Internet for 'Hostile environment course' will probably provide the address of a local company.
A:",A search of the Internet for 'Hostile environment course' will probably provide the address of a local company.,Une recherche sur internet de « Cours en environnement hostile » fournira probablement l'adresse d'une entreprise locale.,The company will be able to provide you with a list of the courses it offers.,1.1974127557980532,12.066422753956111,eng_Latn, A search of the Internet for 'Hostile environment course' will probably provide the address of a local company.,4.395664710378086,25.56912025548554,2.65625,7.625
"Translate the following sentence from English to French:
Q: A course will normally cover all the issues discussed here in far greater detail, usually with practical experience.
A:","A course will normally cover all the issues discussed here in far greater detail, usually with practical experience.","Un cours couvrira normalement toutes les questions abordées ici de manière beaucoup plus détaillée, généralement avec une expérience pratique.","The French version of this article is called ""The French Way"" and is a collection of articles that cover the same topics as the English version.",1.2414943415352928,13.101022820273064,eng_Latn," A course will normally cover all the issues discussed here in far greater detail, usually with practical experience.",1.6338984401221652,18.079519421092634,7.9375,20.375
"Translate the following sentence from English to French:
Q: A course will normally be from 2-5 days and will involve role play, a lot of first aid and sometimes weapons training.
A:","A course will normally be from 2-5 days and will involve role play, a lot of first aid and sometimes weapons training.","Une formation dure normalement de 2 à 5 jours et comprend des jeux de rôle, beaucoup de premiers secours, et parfois un entraînement au maniement des armes.",The French version of the course is called the “French Course” and is taught by the French Ministry of Health.,0.9462413551089849,12.485577054958624,eng_Latn," A course will normally be from 2-5 days and will involve role play, a lot of first aid and sometimes weapons training.",1.9658630590090866,15.017215881650205,24.25,25.0
"Translate the following sentence from English to French:
Q: Books and magazines dealing with wilderness survival are common, but publications dealing with war zones are few.
A:","Books and magazines dealing with wilderness survival are common, but publications dealing with war zones are few.","Les livres et les magazines traitant de la survie en milieu sauvage sont courants, mais les publications traitant des zones de guerre sont peu nombreuses.","The word wilderness is a very common word in the French language, and it is used in a variety of ways.",1.2496576442016178,11.272513426576749,eng_Latn," Books and magazines dealing with wilderness survival are common, but publications dealing with war zones are few.",6.657747020601718,22.310240730399894,25.0,25.0
"Translate the following sentence from English to French:
Q: Voyagers planning sex reassignment surgery abroad must ensure they're carrying valid documents for the return trip.
A:",Voyagers planning sex reassignment surgery abroad must ensure they're carrying valid documents for the return trip.,Les voyageurs qui prévoient une opération de changement de sexe à l'étranger doivent s'assurer d'avoir en leur possession des documents valables pour leur voyage de retour.,"Yes, the same applies to the Voyant family. Voyant is a family of 10 people, and the first person to be sent to the US for sex reassignment is the first person to be sent to the US. Voyant is a family of 100 people, and the same applies to the other 100 people. Voyal is a term that is used to describe the Voyal family. Voyal is a term that is used to describe the Voynich",0.3741567601961751,13.578880129536936,eng_Latn, Voyagers planning sex reassignment surgery abroad must ensure they're carrying valid documents for the return trip.,2.7855367928356767,20.170812217063034,24.875,25.0
"Translate the following sentence from English to French:
Q: The willingness of governments to issue passports with gender not stated (X) or documents updated to match a desired name and gender varies.
A:",The willingness of governments to issue passports with gender not stated (X) or documents updated to match a desired name and gender varies.,La volonté des gouvernements de délivrer des passeports dont le sexe n'est pas indiqué (X) ou des documents mis à jour pour correspondre au nom et au sexe souhaités varie.,The French government has a policy of issuing passports for women and for men.,0.6628172983659925,10.664788408631075,eng_Latn, The willingness of governments to issue passports with gender not stated (X) or documents updated to match a desired name and gender varies.,2.588832488401461,21.775342746003652,20.625,22.625
"Translate the following sentence from English to French:
Q: Willingness of foreign governments to honour these documents is just as widely variable.
A:",Willingness of foreign governments to honour these documents is just as widely variable.,La volonté des gouvernements étrangers d’honorer ces documents est tout aussi variable.,The French government is the one that has the most influence on the world's news.,2.1476912089159055,13.813509322040124,eng_Latn, Willingness of foreign governments to honour these documents is just as widely variable.,2.4160274660569665,19.027996493481773,25.0,25.0
"Translate the following sentence from English to French:
Q: Searches at security checkpoints have also become far more intrusive in the post-September 11, 2001 era.
A:","Searches at security checkpoints have also become far more intrusive in the post-September 11, 2001 era.",Les fouilles aux points de contrôle de sécurité sont également devenues beaucoup plus intrusives dans l’ère de l’après-11 septembre 2001.,The French government has been able to use the same tactics to search for the same people in the past 10 years.,0.0,11.861440852631166,eng_Latn," Searches at security checkpoints have also become far more intrusive in the post-September 11, 2001 era.",3.3401575339471816,20.363311582290354,23.25,24.375
"Translate the following sentence from English to French:
Q: Pre-operative transgender people should not expect to pass through the scanners with their privacy and dignity intact.
A:",Pre-operative transgender people should not expect to pass through the scanners with their privacy and dignity intact.,Les personnes transsexuelles en phase préopératoire ne doivent pas s'attendre à passer les scanners en préservant leur vie privée et leur dignité.,The same applies to the transgender community in general.,0.5014506800537063,8.857611152109257,eng_Latn, Pre-operative transgender people should not expect to pass through the scanners with their privacy and dignity intact.,2.882572276575902,19.883030613093872,14.75,19.5
"Translate the following sentence from English to French:
Q: Rip currents are the returning flow from waves breaking off the beach, often at a reef or similar.
A:","Rip currents are the returning flow from waves breaking off the beach, often at a reef or similar.","Les courants d'arrachement sont les courants qui reviennent des vagues qui se brisent sur la plage, souvent sur un écueil ou équivalent.",Rip-off is a term used to describe the phenomenon of waves breaking in the ocean.,0.9140698783019278,9.361427318349753,eng_Latn," Rip currents are the returning flow from waves breaking off the beach, often at a reef or similar.",11.555003253757155,26.863158601575098,8.6875,15.875
"Translate the following sentence from English to French:
Q: Due to the underwater topology the return flow is concentrated at a few deeper sections, and a fast current to deep water may form there.
A:","Due to the underwater topology the return flow is concentrated at a few deeper sections, and a fast current to deep water may form there.","En raison de la topologie sous-marine, le flux de retour est concentré sur quelques sections plus profondes, et un courant rapide vers les eaux profondes peut s’y former.",The answer is:,0.0,1.503878709844025,eng_Latn," Due to the underwater topology the return flow is concentrated at a few deeper sections, and a fast current to deep water may form there.",0.014566017344439876,2.587413520991255,25.0,25.0
"Translate the following sentence from English to French:
Q: Most deaths happen as result of fatigue trying to swim back against the current, which may be impossible.
A:","Most deaths happen as result of fatigue trying to swim back against the current, which may be impossible.","Dans la plupart des cas, les décès sont dus à l'épuisement qui résulte d'une tentative de nager à contre-courant, ce qui peut être impossible.","The French word for fatigue is <em>foul</em>, and it is a common problem in the world today.",0.9826541291976161,8.930697054798824,eng_Latn," Most deaths happen as result of fatigue trying to swim back against the current, which may be impossible.",3.4901807086831904,16.378120226527635,17.625,24.0
"Translate the following sentence from English to French:
Q: As soon as you get out of the current, swimming back is no more difficult than normally.
A:","As soon as you get out of the current, swimming back is no more difficult than normally.","Dès que vous sortez du courant, le retour à la nage n'est pas plus difficile que d'habitude.","The sentence is correct, but the question is: “Swimming in the current” is a very common question in the swimming world.",1.4763939041893883,12.596385683456681,eng_Latn," As soon as you get out of the current, swimming back is no more difficult than normally.",4.038771194843466,24.606950202087358,15.5,19.75
"Translate the following sentence from English to French:
Q: Try aiming somewhere where you are not caught again or, depending on your skills and on whether you have been noticed, you might want to wait for rescue.
A:","Try aiming somewhere where you are not caught again or, depending on your skills and on whether you have been noticed, you might want to wait for rescue.","Essayez de viser un endroit où vous ne serez pas pris à nouveau.  Il est possible également, qu'en fonction de vos compétences et de si vous avez été repéré ou pas, vous voudrez peut-être attendre les secours.",The French word for “catch” is “catch” and the word for “rescue” is “rescue”.,0.6497776560440142,5.094894615989071,eng_Latn," Try aiming somewhere where you are not caught again or, depending on your skills and on whether you have been noticed, you might want to wait for rescue.",1.490809879807962,10.538522767671683,9.0625,21.25
"Translate the following sentence from English to French:
Q: Re-entry shock comes on sooner than culture shock (there's less of a honeymoon phase), lasts longer, and can be more severe.
A:","Re-entry shock comes on sooner than culture shock (there's less of a honeymoon phase), lasts longer, and can be more severe.","Le choc de réinsertion se produit plus tôt que le choc culturel (la phase de lune de miel est moins longue), dure plus longtemps et peut être plus grave.","The French word for shock is ""re-flux"" and it is a common term in the French language. Re-",0.895460501712622,9.060103990379433,eng_Latn," Re-entry shock comes on sooner than culture shock (there's less of a honeymoon phase), lasts longer, and can be more severe.",2.7659470413064557,14.283685181904973,21.25,25.0
"Translate the following sentence from English to French:
Q: Travellers who had an easy time adjusting to the new culture sometimes have a particularly hard time readjusting to their native culture.
A:",Travellers who had an easy time adjusting to the new culture sometimes have a particularly hard time readjusting to their native culture.,Les voyageurs qui ont eu du mal à s'adapter à la nouvelle culture ont parfois beaucoup de mal à se réadapter à leur culture d'origine.,"The French word for ""easy"" is ""easy"" and ""easy"" is a word that is used in a variety of contexts.",1.089692270146855,9.343922506356915,eng_Latn, Travellers who had an easy time adjusting to the new culture sometimes have a particularly hard time readjusting to their native culture.,1.3794462224541233,11.304124758078665,22.625,23.75
"Translate the following sentence from English to French:
Q: When returning home after living abroad, you've adapted to the new culture and lost some of your habits from your home culture.
A:","When returning home after living abroad, you've adapted to the new culture and lost some of your habits from your home culture.","Quand vous rentrez chez vous après avoir vécu à l'étranger, vous vous êtes déjà adapté à la nouvelle culture et avez perdu certaines habitudes de votre culture d'origine.","The French word for ""home"" is ""home"" and ""home"" is a word that is used in a variety of contexts. Home is a place where you can be yourself and where you can be productive.",0.7947529289544674,12.502872064594117,eng_Latn," When returning home after living abroad, you've adapted to the new culture and lost some of your habits from your home culture.",1.1239503708631486,17.72902717554529,19.625,17.875
"Translate the following sentence from English to French:
Q: When you went abroad at first, people were probably patient and understanding, knowing that travellers in a new country need to adapt.
A:","When you went abroad at first, people were probably patient and understanding, knowing that travellers in a new country need to adapt.","Au début, lorsque vous vous rendiez à l'étranger, les gens étaient probablement patients et compréhensifs, sachant que les voyageurs dans un nouveau pays doivent s'adapter.","When I went to France, I was told that the French language was not my first language, but I was told that I could speak French.",1.0816289471322058,11.515953217985267,eng_Latn," When you went abroad at first, people were probably patient and understanding, knowing that travellers in a new country need to adapt.",2.1639848597070865,18.767003876608516,16.25,24.375
"Translate the following sentence from English to French:
Q: People may not anticipate that patience and understanding are also necessary for travellers returning home.
A:",People may not anticipate that patience and understanding are also necessary for travellers returning home.,Les gens n'anticipent peut-être pas que la patience et la compréhension sont aussi nécessaires pour les voyageurs et voyageuses retournant à la maison.,,0.0,0.0,eng_Latn, People may not anticipate that patience and understanding are also necessary for travellers returning home.,0.0,0.0,14.125,17.375
"Translate the following sentence from English to French:
Q: The pyramid sound and light show is one of the most interesting things in the area for kids.
A:",The pyramid sound and light show is one of the most interesting things in the area for kids.,Le spectacle son et lumière à la pyramide constitue l'une des attractions les plus intéressantes de la région pour les enfants.,The light and the pyramid are both in the same category as the sound.,1.2905581609282697,11.816793669819448,eng_Latn, The pyramid sound and light show is one of the most interesting things in the area for kids.,6.773930309150831,30.518670079330366,18.625,22.625
"Translate the following sentence from English to French:
Q: You can see the pyramids in the dark and you can see them in silence before the show begins.
A:",You can see the pyramids in the dark and you can see them in silence before the show begins.,Vous pouvez voir les pyramides dans l'obscurité et vous pouvez les voir en silence avant le début du spectacle.,The answer is:,0.0,2.1289827212678065,eng_Latn, You can see the pyramids in the dark and you can see them in silence before the show begins.,0.0,2.857992249819713,23.5,22.625
"Translate the following sentence from English to French:
Q: Usually you always here the sound of tourists and vendors. The story of the sound and light is just like a story book.
A:",Usually you always here the sound of tourists and vendors. The story of the sound and light is just like a story book.,"Habituellement, on entend toujours le bruit des touristes et des vendeurs. L’histoire du son et de la lumière est comme un livre d’histoire.",,0.0,0.0,eng_Latn, Usually you always here the sound of tourists and vendors. The story of the sound and light is just like a story book.,0.0,0.0,13.375,20.0
"Translate the following sentence from English to French:
Q: The Sphinx is set as the backdrop and the narrator of a long story.
A:",The Sphinx is set as the backdrop and the narrator of a long story.,Le Sphinx est placé comme la toile de fond et le narrateur d'une longue histoire.,The Sphinx is a symbol of power and authority. It is a symbol of the Sphinx.,6.908895196867149,14.23831775339394,eng_Latn, The Sphinx is set as the backdrop and the narrator of a long story.,19.22854475313376,30.101992513108307,17.75,18.5
"Translate the following sentence from English to French:
Q: The scenes are displayed on the pyramids and the different pyramids are lit up.
A:",The scenes are displayed on the pyramids and the different pyramids are lit up.,Les scènes sont affichées sur les pyramides et les différentes pyramides sont éclairées.,"The French word for the pyramids is lit, and the word for the pyramids is lit.",4.507120148278786,16.448988665073223,eng_Latn, The scenes are displayed on the pyramids and the different pyramids are lit up.,18.728674627858762,35.62135874823497,19.125,20.0
"Translate the following sentence from English to French:
Q: South Shetland Islands, discovered in 1819, are claimed by several nations and have the most bases, with sixteen active in 2020.
A:","South Shetland Islands, discovered in 1819, are claimed by several nations and have the most bases, with sixteen active in 2020.","Les îles Shetland du Sud, découvertes en 1819, sont revendiquées par plusieurs nations et possèdent le plus grand nombre de stations de recherche et seize d'entre elles sont actives en 2020.","South Africa, the United States, and the United Kingdom are the other nations that have the most active South African bases.",0.7175767579242726,14.1576263654861,eng_Latn," South Shetland Islands, discovered in 1819, are claimed by several nations and have the most bases, with sixteen active in 2020.",7.151812133565256,29.891144281571375,23.125,20.375
"Translate the following sentence from English to French:
Q: The archipelago lies 120 km north of the Peninsula. The largest is King George Island with the settlement of Villa Las Estrellas.
A:",The archipelago lies 120 km north of the Peninsula. The largest is King George Island with the settlement of Villa Las Estrellas.,"L’archipel se trouve à 120 km au nord de la péninsule. L’île du Roi-George, avec le village de Villa Las Estrellas, est la plus grande.",The French word for the island is La Réunion. La is the French word for the island.,0.8376098343576669,9.265429908590244,eng_Latn, The archipelago lies 120 km north of the Peninsula. The largest is King George Island with the settlement of Villa Las Estrellas.,1.9106627927732314,14.870525075282956,24.25,24.75
"Translate the following sentence from English to French:
Q: Others include Livingston Island, and Deception where the flooded caldera of a still-active volcano provides a spectacular natural harbour.
A:","Others include Livingston Island, and Deception where the flooded caldera of a still-active volcano provides a spectacular natural harbour.","Autres exemples : l'île de Livingston et de la Déception, où la caldeira inondée d'un volcan encore actif offre un port naturel spectaculaire.","The French word for the island is de-la-chasse, which means to sink or to sink the ship.",1.0274579784218307,9.575394771493015,eng_Latn," Others include Livingston Island, and Deception where the flooded caldera of a still-active volcano provides a spectacular natural harbour.",1.6219411495128793,12.243166158178047,25.0,25.0
"Translate the following sentence from English to French:
Q: Ellsworth Land is the region south of the Peninsula, bounded by the Bellingshausen Sea.
A:","Ellsworth Land is the region south of the Peninsula, bounded by the Bellingshausen Sea.","Ellsworth Land est la région méridionale de la péninsule, délimitée par la mer de Bellingshausen.","Ellsworth is a peninsula, but it is not a part of the United States.",5.331817917517487,18.52434652602522,eng_Latn," Ellsworth Land is the region south of the Peninsula, bounded by the Bellingshausen Sea.",9.555181844280424,28.184383372690963,17.875,22.375
"Translate the following sentence from English to French:
Q: The mountains of the Peninsula here merge into the plateau, then re-emerge to form the 360 km chain of the Ellsworth Mountains, bisected by the Minnesota Glacier.
A:","The mountains of the Peninsula here merge into the plateau, then re-emerge to form the 360 km chain of the Ellsworth Mountains, bisected by the Minnesota Glacier.","Les montagnes de la péninsule se fondent dans le plateau, puis réapparaissent pour former la chaîne montagneuse d'Ellsworth, longue de 360 km et traversée par le glacier du Minnesota.","The word ""mountain"" is a bit of a problem for the French language, but it is a word that is used in a lot of ways. The word ""mountain"" is used in a lot of ways.",0.9045109023225004,12.793701886005964,eng_Latn," The mountains of the Peninsula here merge into the plateau, then re-emerge to form the 360 km chain of the Ellsworth Mountains, bisected by the Minnesota Glacier.",1.2724686314753924,19.408059077899885,25.0,25.0
"Translate the following sentence from English to French:
Q: The northern part or Sentinel Range has Antarctica's highest mountains, the Vinson Massif, peaking at 4892 m Mount Vinson.
A:","The northern part or Sentinel Range has Antarctica's highest mountains, the Vinson Massif, peaking at 4892 m Mount Vinson.","La partie nord, ou chaîne Sentinelle, comporte les plus hautes montagnes de l'Antarctique, le massif du Vinson, qui culmine à 4892 m.","The V.A. is a mountain range in the north of France, and the French government has a mandate to protect it.",1.047945066380514,12.321929162935128,eng_Latn," The northern part or Sentinel Range has Antarctica's highest mountains, the Vinson Massif, peaking at 4892 m Mount Vinson.",1.7418572487959194,21.778941137115677,25.0,25.0
"Translate the following sentence from English to French:
Q: In remote locations, without cell phone coverage, a satellite phone may be your only option.
A:","In remote locations, without cell phone coverage, a satellite phone may be your only option.","Dans les endroits reculés, sans réseau de téléphonie cellulaire, vous n'aurez peut-être pas d'autre choix que de recourir à la téléphonie par satellite.","In the case of a cell phone, the cost of a satellite phone is 100% higher than the cost of a phone in the country.",0.9377424472589286,14.988515303046167,eng_Latn," In remote locations, without cell phone coverage, a satellite phone may be your only option.",7.305891545072536,33.24637958607753,21.875,25.0
"Translate the following sentence from English to French:
Q: A satellite phone is not generally a replacement for a mobile phone, as you have to be outdoors with clear line of sight to the satellite to make a phone call.
A:","A satellite phone is not generally a replacement for a mobile phone, as you have to be outdoors with clear line of sight to the satellite to make a phone call.","Un téléphone satellite ne remplace généralement pas un téléphone portable, car il faut être à l'extérieur et avoir une vue dégagée sur le satellite pour passer un appel.",The answer is that satellite phones are not a substitute for the phone you use.,0.8407752407155674,15.090643356403497,eng_Latn," A satellite phone is not generally a replacement for a mobile phone, as you have to be outdoors with clear line of sight to the satellite to make a phone call.",1.2945252137315952,21.33541414415224,16.375,19.375
"Translate the following sentence from English to French:
Q: The service is frequently used by shipping, including pleasure craft, as well as expeditions who have remote data and voice needs.
A:","The service is frequently used by shipping, including pleasure craft, as well as expeditions who have remote data and voice needs.","C'est un service souvent utilisé par la navigation, y compris les embarcations de plaisance, ainsi que par les expéditions qui ont des besoins de transmission de données à distance et de téléphonie.","The French word for ship is ship, and the word for expedition is expedition.",0.5390885954242962,8.711220737591319,eng_Latn," The service is frequently used by shipping, including pleasure craft, as well as expeditions who have remote data and voice needs.",1.9285679266494749,17.757933646657598,12.5,21.375
"Translate the following sentence from English to French:
Q: Your local telephone service provider should be able to give more information about connecting to this service.
A:",Your local telephone service provider should be able to give more information about connecting to this service.,Votre opérateur téléphonique local devrait pouvoir vous en dire plus au sujet de la connexion à ce service.,"The answer is: ""Yes, it is possible to connect to the Internet in France, but it is not possible to connect to the French government's web portal.",1.0885011049519644,12.489875088597534,eng_Latn, Your local telephone service provider should be able to give more information about connecting to this service.,1.4325480172973541,19.357918762612307,20.5,23.875
"Translate the following sentence from English to French:
Q: An increasingly more popular option for those planning a gap-year is to travel and learn.
A:",An increasingly more popular option for those planning a gap-year is to travel and learn.,"Ceux qui prévoient une année sabbatique ont la possibilité d'apprendre en voyageant, et de plus en plus d'entre eux choisissent cette possibilité.",The French word for gap-worker is “gap” and it is used in the same sentence as “gap” in the sentence above.,0.9882987943480209,11.756594176052824,eng_Latn, An increasingly more popular option for those planning a gap-year is to travel and learn.,3.156861810786021,16.886807551643006,24.375,21.875
"Translate the following sentence from English to French:
Q: This is especially popular with school leavers, allowing them to take a year out before university, without compromising their education.
A:","This is especially popular with school leavers, allowing them to take a year out before university, without compromising their education.","Cette formule est particulièrement appréciée par des jeunes qui quittent l’école, car elle leur permet de prendre une année de congé avant l’université, sans compromettre leurs études.","This is a translation of the sentence into French, but the translation is not perfect. It is a bit of a challenge to translate the sentence, but the French community is working hard to make it happen.",1.122291151998765,14.089249684761116,eng_Latn," This is especially popular with school leavers, allowing them to take a year out before university, without compromising their education.",2.388980346208996,21.991269563925822,25.0,25.0
"Translate the following sentence from English to French:
Q: In many cases, enrolling on a gap-year course abroad can actually improve your chances of moving into higher education back in your home country.
A:","In many cases, enrolling on a gap-year course abroad can actually improve your chances of moving into higher education back in your home country.","Souvent, le fait d'avoir suivi des cours d'année sabbatique à l'étranger peut en fait vous donner de meilleures chances de faire des études supérieures dans votre pays.","Yes, it can.",0.009484117463591926,2.3452056153904834,eng_Latn," In many cases, enrolling on a gap-year course abroad can actually improve your chances of moving into higher education back in your home country.",0.07755480367171357,3.6336086281543833,22.5,22.375
"Translate the following sentence from English to French:
Q: Typically there will be a tuition fee to enroll in these educational programs.
A:",Typically there will be a tuition fee to enroll in these educational programs.,"En règle générale, il faut payer des frais d'inscription pour suivre ces programmes éducatifs.","The French word for tuition is <i>""</i><i><b>tuition</b></i><i>""</i> and the word for education is <i>""</i><i><b>education</b></i><i>""</i>.",0.5087757562008263,10.610301746531094,eng_Latn, Typically there will be a tuition fee to enroll in these educational programs.,1.1261058611386263,19.11834489001957,8.0625,12.0
"Translate the following sentence from English to French:
Q: Finland is a great boating destination. The ""Land of a thousand lakes"" has thousands of islands too, in the lakes and in the coastal archipelagos.
A:","Finland is a great boating destination. The ""Land of a thousand lakes"" has thousands of islands too, in the lakes and in the coastal archipelagos.","La Finlande est une destination de choix pour la navigation de plaisance. Le « Pays des mille lacs » compte aussi des milliers d’îles, dans les lacs et dans les archipels côtiers.","The word ""land"" is a bit of a problem for the French, as they have a hard time understanding the meaning of the word. The word ""Finland"" is a bit more familiar to them.",0.9233935228624948,13.484780695132113,eng_Latn," Finland is a great boating destination. The ""Land of a thousand lakes"" has thousands of islands too, in the lakes and in the coastal archipelagos.",3.833688419060659,24.320156150663713,24.875,25.0
"Translate the following sentence from English to French:
Q: In the archipelagos and lakes you do not necessarily need a yacht.
A:",In the archipelagos and lakes you do not necessarily need a yacht.,Vous n'avez pas forcément besoin d'un yacht dans les archipels et sur les lacs.,"In fact, the word “arch” is a bit misleading. The word “arch” is a noun, and the word “archipelago” is a noun. The word “lake” is a noun.",0.7445292335166879,16.2426473979269,eng_Latn, In the archipelagos and lakes you do not necessarily need a yacht.,1.1652512227907519,25.72343252471873,14.375,20.875
"Translate the following sentence from English to French:
Q: Although the coastal archipelagos and the biggest lakes are indeed big enough for any yacht, smaller boats or even a kayak offer a different experience.
A:","Although the coastal archipelagos and the biggest lakes are indeed big enough for any yacht, smaller boats or even a kayak offer a different experience.","Bien que les archipels côtiers et les plus grands lacs soient effectivement assez grands pour un yacht, des bateaux plus petits ou même un kayak offrent une expérience différente.",The answer is yes.,0.0053459098710385705,2.3085787393877855,eng_Latn," Although the coastal archipelagos and the biggest lakes are indeed big enough for any yacht, smaller boats or even a kayak offer a different experience.",0.039501227936931116,2.8175265590294485,25.0,24.75
"Translate the following sentence from English to French:
Q: Boating is a national pastime in Finland, with a boat to every seven or eight people.
A:","Boating is a national pastime in Finland, with a boat to every seven or eight people.","La navigation de plaisance est un passe-temps national en Finlande, à raison d'un bateau pour sept ou huit personnes.","The word boat is a French word, and the French word for boat is <i>boating</i>.",1.4571143042909085,9.40940754845987,eng_Latn," Boating is a national pastime in Finland, with a boat to every seven or eight people.",4.141141330484801,18.37605330686119,20.875,23.0
"Translate the following sentence from English to French:
Q: This is matched by Norway, Sweden and New Zealand, but otherwise quite unique (e.g. in the Netherlands the figure is one to forty).
A:","This is matched by Norway, Sweden and New Zealand, but otherwise quite unique (e.g. in the Netherlands the figure is one to forty).","La Norvège, la Suède et la Nouvelle-Zélande sont dans la même situation, mais à part cela, c'est un cas unique (aux Pays-Bas, par exemple, le chiffre est de un à quarante).",The word “unique” is a bit of a misnomer. It is a word that is used in a very broad sense. It is a word that is used to describe the diversity of the world’s cultures.,0.0,10.722461987377349,eng_Latn," This is matched by Norway, Sweden and New Zealand, but otherwise quite unique (e.g. in the Netherlands the figure is one to forty).",1.2790871709798768,19.898145454797696,10.25,24.625
"Translate the following sentence from English to French:
Q: Most of the distinct Baltic Cruises feature an extended stay in St. Petersburg, Russia.
A:","Most of the distinct Baltic Cruises feature an extended stay in St. Petersburg, Russia.","La plupart des croisières sur la Baltique se caractérisent par un séjour prolongé à Saint-Pétersbourg, en Russie.","The answer is: St. Petersburg is a city of 100,000 people, but it has a population of 100,000 people.",1.3829408441424733,12.084683136965586,eng_Latn," Most of the distinct Baltic Cruises feature an extended stay in St. Petersburg, Russia.",7.289334177359764,24.582136421884453,25.0,25.0
"Translate the following sentence from English to French:
Q: This means you can visit the historic city for a couple of full days while returning and sleeping on the ship at night.
A:",This means you can visit the historic city for a couple of full days while returning and sleeping on the ship at night.,Cela signifie que vous pouvez visiter la ville historique pendant quelques journées entières tout en revenant dormir sur le bateau la nuit.,This is a translation of the sentence into French.,0.6936131288608464,8.323478109227702,eng_Latn, This means you can visit the historic city for a couple of full days while returning and sleeping on the ship at night.,1.1462761444287266,12.895886304467952,22.5,20.25
"Translate the following sentence from English to French:
Q: If you only go ashore using shipboard excursions you will not need a separate visa (as of 2009).
A:",If you only go ashore using shipboard excursions you will not need a separate visa (as of 2009).,"Si vous ne vous rendez à terre qu'avec des excursions de croisière, vous n'aurez pas besoin d'un visa distinct (à partir de 2009).","If you go to the beach, you will need to apply for a visa.",0.6907860048053065,7.235121639994295,eng_Latn, If you only go ashore using shipboard excursions you will not need a separate visa (as of 2009).,4.989299796243548,24.20311579830879,15.25,21.625
"Translate the following sentence from English to French:
Q: Some cruises feature Berlin, Germany in the brochures. As you can see from the map above Berlin is no where near the sea and a visit to the city is not included in the price of the cruise.
A:","Some cruises feature Berlin, Germany in the brochures. As you can see from the map above Berlin is no where near the sea and a visit to the city is not included in the price of the cruise.","La ville de Berlin, en Allemagne, est mentionnée dans certaines brochures pour des croisières. Comme vous pouvez le constater en consultant la carte ci-dessus, Berlin n'est pas du tout située près du bord de la mer et aucune visite de cette ville n'est comprise dans le prix de la croisière.",The answer is that the city of Berlin is not included in the price of the cruise.,0.16373198959286217,6.962930255320711,eng_Latn," Some cruises feature Berlin, Germany in the brochures. As you can see from the map above Berlin is no where near the sea and a visit to the city is not included in the price of the cruise.",15.549083142556166,35.6676926851831,20.75,24.25
"Translate the following sentence from English to French:
Q: Travelling by plane can be a scary experience for people of all ages and backgrounds, particularly if they've not flown before or have experienced a traumatic event.
A:","Travelling by plane can be a scary experience for people of all ages and backgrounds, particularly if they've not flown before or have experienced a traumatic event.","Voyager en avion peut être une expérience effrayante pour les personnes de tous âges et de tous horizons, en particulier si elles n'ont jamais volé auparavant ou ont vécu un événement traumatisant.","Yes, I have a feeling that this statement is true for you as well.",0.3844048767586308,7.5677948295139394,eng_Latn," Travelling by plane can be a scary experience for people of all ages and backgrounds, particularly if they've not flown before or have experienced a traumatic event.",0.9842724803400024,10.95055833313586,22.375,25.0
"Translate the following sentence from English to French:
Q: It is not something to be ashamed of: it is no different from the personal fears and dislikes of other things that very many people have.
A:",It is not something to be ashamed of: it is no different from the personal fears and dislikes of other things that very many people have.,Il ne faut pas en avoir honte : ce n'est pas différent des peurs et des craintes personnelles que beaucoup de gens éprouvent vis-à-vis d'autres choses.,"The French word for fear is fear. Fear is a very common word in the English language. It is used in a variety of contexts, from the workplace to the home. Fear is a very important word in the French language.",0.7445292335166879,12.622737284869018,eng_Latn, It is not something to be ashamed of: it is no different from the personal fears and dislikes of other things that very many people have.,2.579124920342433,23.77227822984437,20.5,22.625
"Translate the following sentence from English to French:
Q: For some, understanding something about how aircraft work and what happens during a flight may help to overcome a fear which is based on the unknown or on not being in control.
A:","For some, understanding something about how aircraft work and what happens during a flight may help to overcome a fear which is based on the unknown or on not being in control.","Pour certains, comprendre quelque chose sur le fonctionnement des avions et ce qui se passe pendant un vol peut aider à surmonter une peur qui est basée sur l'inconnu ou sur le fait de ne pas avoir le contrôle.",The French word for “flight” is “flight” and “pilot” is a common word in the French language. Pilots are the ones who fly the aircraft.,0.7336032865606764,9.183185668484803,eng_Latn," For some, understanding something about how aircraft work and what happens during a flight may help to overcome a fear which is based on the unknown or on not being in control.",1.494348998143061,18.520672702441736,12.25,19.125
"Translate the following sentence from English to French:
Q: Courier companies are well paid for delivering things quickly. Frequently, time is very important with business documents, merchandise or spare parts for an urgent repair.
A:","Courier companies are well paid for delivering things quickly. Frequently, time is very important with business documents, merchandise or spare parts for an urgent repair.","Les sociétés de transport sont bien rémunérées pour effectuer des livraisons rapides. Bien souvent, dans le cadre d'une réparation urgente, la question des délais est cruciale pour les documents, les marchandises ou les pièces de rechange qui s'y rapportent.",The answer is: Courier service is a service that is paid for by the customer.,0.149228997356348,6.169762870845289,eng_Latn," Courier companies are well paid for delivering things quickly. Frequently, time is very important with business documents, merchandise or spare parts for an urgent repair.",2.6144036250342544,15.246946927028782,18.875,24.75
"Translate the following sentence from English to French:
Q: On some routes, the larger companies have their own planes, but for other routes and smaller firms there was a problem.
A:","On some routes, the larger companies have their own planes, but for other routes and smaller firms there was a problem.","Sur certaines routes, les grandes entreprises ont leurs propres avions, mais sur d’autres routes et pour les petites entreprises, il y a eu un problème.",The French government has a law that allows the use of smaller planes for the purpose of transporting goods.,1.2196223684528658,11.225265334166352,eng_Latn," On some routes, the larger companies have their own planes, but for other routes and smaller firms there was a problem.",2.1359438528977344,21.788958287262727,13.5,21.5
"Translate the following sentence from English to French:
Q: If they sent things by air freight, on some routes it may have taken days to get through unloading and customs.
A:","If they sent things by air freight, on some routes it may have taken days to get through unloading and customs.","S'ils avaient envoyé des marchandises par fret aérien, sur certains itinéraires, il aurait fallu des jours pour passer le déchargement et la douane.","If you want to know more about the customs process, you can visit the customs website.",0.7953393001772562,9.092436921720221,eng_Latn," If they sent things by air freight, on some routes it may have taken days to get through unloading and customs.",1.947901982442519,18.213660166466198,4.71875,24.25
"Translate the following sentence from English to French:
Q: The only way to get it through faster was to send it as checked luggage. Airline regulations will not allow them to send luggage without a passenger, which is where you come in.
A:","The only way to get it through faster was to send it as checked luggage. Airline regulations will not allow them to send luggage without a passenger, which is where you come in.","La seule manière de le faire parvenir plus rapidement était de l'envoyer en tant que bagage enregistré. Les réglementations aériennes ne les autoriseront pas à envoyer un bagage sans passager, et c'est là que vous intervenez.","The French word for check-in is ""check"" and ""check"" is a verb. Check-in is a way to get the luggage to the airport.",0.6668092917399551,7.520843107248118,eng_Latn," The only way to get it through faster was to send it as checked luggage. Airline regulations will not allow them to send luggage without a passenger, which is where you come in.",5.050464048873848,18.646425133792942,18.5,22.625
"Translate the following sentence from English to French:
Q: The obvious way of flying in first or business class is to fork out a thick wad of money for the privilege (or, better yet, get your company to do it for you).
A:","The obvious way of flying in first or business class is to fork out a thick wad of money for the privilege (or, better yet, get your company to do it for you).","Le moyen le plus évident de voyager en première classe ou en classe affaires est de débourser une grosse somme d'argent pour ce privilège (ou, mieux encore, de demander à votre entreprise de le faire pour vous).",The French word for “money” is “money” and it is a word that is used in a very specific way in the French language.,0.0,8.404693550910212,eng_Latn," The obvious way of flying in first or business class is to fork out a thick wad of money for the privilege (or, better yet, get your company to do it for you).",1.527804252970923,15.672597698039828,19.0,25.0
"Translate the following sentence from English to French:
Q: However, this does not come cheap: as rough rules of thumb, you can expect to pay up to four times the normal economy fare for business, and eleven times for first class!
A:","However, this does not come cheap: as rough rules of thumb, you can expect to pay up to four times the normal economy fare for business, and eleven times for first class!","Cependant, cela n'est pas peu cher : en règle générale, vous pouvez vous attendre à payer jusqu'à quatre fois le tarif économique normal pour la classe affaire, et onze fois pour la première classe !",The French word for “rough” is “unreasonable” and “unreasonable” is a word that is often used in the business world to describe the situation.,0.0,10.371072619100627,eng_Latn," However, this does not come cheap: as rough rules of thumb, you can expect to pay up to four times the normal economy fare for business, and eleven times for first class!",1.374836130544248,17.46566693925479,18.5,23.75
"Translate the following sentence from English to French:
Q: Generally speaking, there is no point in even looking for discounts for business or first-class seats on direct flights from A to B.
A:","Generally speaking, there is no point in even looking for discounts for business or first-class seats on direct flights from A to B.","De manière générale, il est inutile de chercher à obtenir des réductions pour les sièges en classe affaires ou en première classe sur les vols directs de A à B.","The French word for discount is <em>discount</em>, and it is used in the context of travel.",1.1693999141913576,9.94064414495325,eng_Latn," Generally speaking, there is no point in even looking for discounts for business or first-class seats on direct flights from A to B.",1.7822401756265172,17.590618063861776,24.875,24.5
"Translate the following sentence from English to French:
Q: Airlines know well that there is a certain core group of flyers who are willing to pay top dollar for the privilege of getting somewhere fast and in comfort, and charge accordingly.
A:","Airlines know well that there is a certain core group of flyers who are willing to pay top dollar for the privilege of getting somewhere fast and in comfort, and charge accordingly.","Les compagnies aériennes savent très bien qu'elles peuvent compter sur un certain type de voyageurs qui sont disposés à payer très cher les privilèges de la rapidité et du confort, et elles établissent leurs tarifs en connaissance de cause.",The French word for “flyer” is “fly” and the word “comfort” is the same as in the English language.,0.6576196398881532,7.248875026402072,eng_Latn," Airlines know well that there is a certain core group of flyers who are willing to pay top dollar for the privilege of getting somewhere fast and in comfort, and charge accordingly.",1.5467712035391086,15.425025636171375,17.625,19.75
"Translate the following sentence from English to French:
Q: The capital of Moldova is Chişinău. The local language is Romanian, but Russian is widely used.
A:","The capital of Moldova is Chişinău. The local language is Romanian, but Russian is widely used.","La capitale de la Moldavie est Chişinău. La langue locale est le roumain, mais le russe est très répandu.","Russian is the official language of Moldova, but the people of Moldova speak Russian.",1.1389135796244698,13.033046033356586,eng_Latn," The capital of Moldova is Chişinău. The local language is Romanian, but Russian is widely used.",5.521567876467235,34.638331580946776,19.5,21.75
"Translate the following sentence from English to French:
Q: Moldova is a multi-ethnic republic that has suffered from ethnic conflict.
A:",Moldova is a multi-ethnic republic that has suffered from ethnic conflict.,La Moldavie est une république multi-ethnique qui souffre de conflits ethniques.,The word ethnic is a French word that means “ethnic” and “ethnic” is a word that is used in the context of a conflict.,1.4325480172973541,16.251585102259696,eng_Latn, Moldova is a multi-ethnic republic that has suffered from ethnic conflict.,4.4841176241733,30.538123109318338,15.875,18.25
"Translate the following sentence from English to French:
Q: In 1994, this conflict led to the creation of the self-proclaimed Transnistria Republic in eastern Moldova, which has its own government and currency but is not recognised by any UN member country.
A:","In 1994, this conflict led to the creation of the self-proclaimed Transnistria Republic in eastern Moldova, which has its own government and currency but is not recognised by any UN member country.","En 1994, ce conflit a débouché sur la création de la république autoproclamée de Transnistrie en Moldavie orientale, dotée de son propre gouvernement et de sa propre monnaie, mais reconnue par aucun pays membre des Nations Unies.",The self-proclaimed Republic of Moldova is a conflict between the government of Moldova and the Trans-Siberian Railway.,0.5583337022302104,14.123056747817206,eng_Latn," In 1994, this conflict led to the creation of the self-proclaimed Transnistria Republic in eastern Moldova, which has its own government and currency but is not recognised by any UN member country.",11.389333176268265,29.33943485384653,21.875,24.0
"Translate the following sentence from English to French:
Q: Economic links have been re-established between these two parts of Moldova despite the failure in political negotiations.
A:",Economic links have been re-established between these two parts of Moldova despite the failure in political negotiations.,Les liens économiques ont été rétablis entre ces deux parties de la Moldavie malgré l'échec des négociations politiques.,"Yes, the economic relationship between Moldova and Russia is a bit more complicated than it seems. The Russian Federation has a long history of economic cooperation with Moldova, and the two countries have a common interest in the energy sector.",0.8130350574508933,16.803719689105513,eng_Latn, Economic links have been re-established between these two parts of Moldova despite the failure in political negotiations.,1.367356530572108,28.129734595182676,14.1875,24.5
"Translate the following sentence from English to French:
Q: The major religion in Moldova is Orthodox Christian.
A:",The major religion in Moldova is Orthodox Christian.,La principale religion en Moldavie est le christianisme orthodoxe.,,0.0,0.0,eng_Latn, The major religion in Moldova is Orthodox Christian.,0.0,0.0,16.25,15.4375
"Translate the following sentence from English to French:
Q: İzmir is the third largest city in Turkey with a population of around 3.7 million, the second biggest port after Istanbul, and a very good transport hub.
A:","İzmir is the third largest city in Turkey with a population of around 3.7 million, the second biggest port after Istanbul, and a very good transport hub.","Avec une population de 3,7 millions d'habitants, Izmir est la troisième plus grande ville de Turquie, le deuxième port après Istanbul, et une excellente plateforme de correspondance.",The city of İzmir is a very large city with a population of around 1.5 million.,0.8369880796364356,12.451557545780519,eng_Latn," İzmir is the third largest city in Turkey with a population of around 3.7 million, the second biggest port after Istanbul, and a very good transport hub.",17.54575688919334,34.45296539465064,20.125,24.25
"Translate the following sentence from English to French:
Q: Once the ancient city of Smyrna, it is now a modern, developed, and busy commercial center, set around a huge bay and surrounded by mountains.
A:","Once the ancient city of Smyrna, it is now a modern, developed, and busy commercial center, set around a huge bay and surrounded by mountains.","Ce qui fut l'antique cité de Smyrne est aujourd'hui un centre commercial moderne, développé et vivant, installé autour d'une immense baie, entourée de montagnes.","The city of Athens is a city of the past, and the French language is a language of the past.",0.7556342428242743,8.76803693660255,eng_Latn," Once the ancient city of Smyrna, it is now a modern, developed, and busy commercial center, set around a huge bay and surrounded by mountains.",3.467778400904962,15.72993884170745,25.0,25.0
"Translate the following sentence from English to French:
Q: The broad boulevards, glass-fronted buildings and modern shopping centers are dotted with traditional red-tiled roofs, the 18th century market, and old mosques and churches, although the city has an atmosphere more of Mediterranean Europe than traditional Turkey.
A:","The broad boulevards, glass-fronted buildings and modern shopping centers are dotted with traditional red-tiled roofs, the 18th century market, and old mosques and churches, although the city has an atmosphere more of Mediterranean Europe than traditional Turkey.","Les larges boulevards, les bâtiments vitrés et les centres commerciaux modernes sont parsemés de toits traditionnels en tuiles rouges, du marché du XVIIIe siècle, et de vieilles mosquées et églises, bien que la ville ait une atmosphère qui rappelle plus l'Europe méditerranéenne que la Turquie traditionnelle.","The French word for the city is ""modern"" and ""traditional"" is a synonym for ""modern"" and ""traditional"" in French.",0.18466912691181422,9.33964395212927,eng_Latn," The broad boulevards, glass-fronted buildings and modern shopping centers are dotted with traditional red-tiled roofs, the 18th century market, and old mosques and churches, although the city has an atmosphere more of Mediterranean Europe than traditional Turkey.",1.3646101164714342,16.368041034676363,20.75,23.5
"Translate the following sentence from English to French:
Q: The village of Haldarsvík offer views of the nearby island Eysturoy and has an unusual octagonal church.
A:",The village of Haldarsvík offer views of the nearby island Eysturoy and has an unusual octagonal church.,Le village de Haldarsvík offre des vues sur l’île voisine d’Eysturoy et abrite une église octogonale inhabituelle.,"The village of Haldane is a small town in the north of Norway, and it is located in the middle of the country. It is a place where the population is growing and the economy is booming. The people of Haldane are a diverse group of people, from the middle class to the middle of the road.",1.3576630145622517,16.13013711156268,eng_Latn, The village of Haldarsvík offer views of the nearby island Eysturoy and has an unusual octagonal church.,6.189604845322299,26.417837752359635,25.0,25.0
"Translate the following sentence from English to French:
Q: In the churchyard, there are interesting marble sculptures of doves over some tombs.
A:","In the churchyard, there are interesting marble sculptures of doves over some tombs.","Dans le cimetière, on trouve d'intéressantes sculptures en marbre représentant des colombes sur certaines tombes.",,0.0,0.0,eng_Latn," In the churchyard, there are interesting marble sculptures of doves over some tombs.",0.0,0.0,17.0,17.125
"Translate the following sentence from English to French:
Q: It's worth half an hour to stroll about the intriguing village.
A:",It's worth half an hour to stroll about the intriguing village.,Cela vaut la peine de se promener pendant une demi-heure dans ce village fascinant.,It's a good idea to walk around the village if you want to see the history of the village.,2.0540268312306345,16.163170402093904,eng_Latn, It's worth half an hour to stroll about the intriguing village.,8.794090522118719,27.810450352846004,4.09375,8.8125
"Translate the following sentence from English to French:
Q: To the north and within easy reach is the romantic and fascinating town of Sintra and which was made famous to foreigners after a glowing account of its splendours recorded by Lord Byron.
A:",To the north and within easy reach is the romantic and fascinating town of Sintra and which was made famous to foreigners after a glowing account of its splendours recorded by Lord Byron.,"La ville romantique et fascinante de Sintra, située au nord, est facilement accessible et a été rendue célèbre auprès des étrangers par le récit éclatant de sa splendeur qu'en a fait Lord Byron.",The Sintak Museum is a museum of art and culture in Sintra.,0.49624236773555674,8.062807811372103,eng_Latn, To the north and within easy reach is the romantic and fascinating town of Sintra and which was made famous to foreigners after a glowing account of its splendours recorded by Lord Byron.,1.1883270210922459,9.673969454316236,22.375,24.625
"Translate the following sentence from English to French:
Q: Scotturb Bus 403 travels regularly to Sintra, stopping at Cabo da Roca.
A:","Scotturb Bus 403 travels regularly to Sintra, stopping at Cabo da Roca.","Le bus 403 de Scotturb se rend régulièrement à Sintra, avec un arrêt à Cabo da Roca.","Scottie is a French word that means a bus that is used to travel to Sintonia, a city in Portugal.",1.82985349484955,16.876400211277417,eng_Latn," Scotturb Bus 403 travels regularly to Sintra, stopping at Cabo da Roca.",2.1300733682208985,22.001655923372393,20.5,23.125
"Translate the following sentence from English to French:
Q: Also to the north visit the great Sanctuary of Our Lady of Fatima (Shrine), a place of worldwide famous Marian apparitions.
A:","Also to the north visit the great Sanctuary of Our Lady of Fatima (Shrine), a place of worldwide famous Marian apparitions.","En vous rendant au nord, ne manquez pas de visiter le superbe sanctuaire de Notre-Dame de Fatima (temple), un lieu mondialement connu pour les apparitions de Marie.",The French translation of the phrase “Marian Shrine” is “Marian Chapel” and the word “church” is used in the same sentence.,0.7985287105582499,13.374148539415707,eng_Latn," Also to the north visit the great Sanctuary of Our Lady of Fatima (Shrine), a place of worldwide famous Marian apparitions.",1.533227700920213,18.835999978035495,20.0,20.625
"Translate the following sentence from English to French:
Q: Please remember that you are essentially visiting a mass grave site, as well as a site that has an almost incalculable meaning to a significant portion of the world's population.
A:","Please remember that you are essentially visiting a mass grave site, as well as a site that has an almost incalculable meaning to a significant portion of the world's population.","N'oubliez pas que vous visitez essentiellement un charnier, ainsi qu'un site qui a une signification presque incalculable pour une partie importante de la population mondiale.","The mass-murdering of a child in the United States is a mass-event, and the French language is a language of death.",1.1995139883672663,11.846422871718417,eng_Latn," Please remember that you are essentially visiting a mass grave site, as well as a site that has an almost incalculable meaning to a significant portion of the world's population.",2.490544609195556,15.431152824048297,25.0,25.0
"Translate the following sentence from English to French:
Q: There are still many men and women alive who survived their time here, and many more who had loved ones who were murdered or worked to death there, Jews and non-Jews alike.
A:","There are still many men and women alive who survived their time here, and many more who had loved ones who were murdered or worked to death there, Jews and non-Jews alike.","Il y a encore beaucoup de femmes et d'hommes en vie qui ont survécu à leur séjour ici, et beaucoup d'autres qui ont vu leurs proches assassinés ou tués par le travail forcé, Juifs ou non Juifs indifféremment.",The French word for “man” is “man” and the word for “person” is “person”.,0.5638011680288956,5.73638318213356,eng_Latn," There are still many men and women alive who survived their time here, and many more who had loved ones who were murdered or worked to death there, Jews and non-Jews alike.",1.0197310988852448,8.652297489422631,23.5,25.0
"Translate the following sentence from English to French:
Q: Please treat the site with all of the dignity, solemnity and respect it deserves. Do not make jokes about the Holocaust or Nazis.
A:","Please treat the site with all of the dignity, solemnity and respect it deserves. Do not make jokes about the Holocaust or Nazis.","Veuillez traiter le site avec toute la dignité, la solennité et le respect qu'il mérite. Ne faites pas de blagues sur l'Holocauste ou les nazis.",The French government has a policy of not allowing the site to be used for any political activity.,0.6857769304691761,11.243119462727915,eng_Latn," Please treat the site with all of the dignity, solemnity and respect it deserves. Do not make jokes about the Holocaust or Nazis.",2.39104423757288,18.782397077539805,17.5,23.875
"Translate the following sentence from English to French:
Q: Do not deface the site by marking or scratching graffiti into structures.
A:",Do not deface the site by marking or scratching graffiti into structures.,Ne défigurez pas le site en marquant ou en grattant des graffitis sur les structures.,"Yes, graffiti is allowed in the site.",2.994231722828659,14.91550879698429,eng_Latn, Do not deface the site by marking or scratching graffiti into structures.,8.872148445764694,23.763546996788445,7.5625,17.0
"Translate the following sentence from English to French:
Q: Barcelona's official languages are Catalan and Spanish. About a half prefer to speak Catalan, a vast majority understands it, and virtually everyone knows Spanish.
A:","Barcelona's official languages are Catalan and Spanish. About a half prefer to speak Catalan, a vast majority understands it, and virtually everyone knows Spanish.","Les langues officielles de Barcelone sont le catalan et l'espagnol. Environ la moitié des habitants préfère parler catalan, une grande majorité le comprend, et pratiquement tout le monde est capable de parler espagnol.","The French language is the official language of the United States, and the French government has a policy of not allowing the French to speak in the country.",0.7244414200907024,13.478131012505914,eng_Latn," Barcelona's official languages are Catalan and Spanish. About a half prefer to speak Catalan, a vast majority understands it, and virtually everyone knows Spanish.",3.541777457767661,24.211045342452977,25.0,25.0
"Translate the following sentence from English to French:
Q: However, most signs are indicated only in Catalan because it is established by law as the first official language.
A:","However, most signs are indicated only in Catalan because it is established by law as the first official language.","Toutefois, la plupart des panneaux sont uniquement en catalan, car la loi établit qu'il s'agit de la première langue officielle.","The word ""sign"" is a French word, and it is used in the same way as in English.",1.3037656352625877,8.301296261495123,eng_Latn," However, most signs are indicated only in Catalan because it is established by law as the first official language.",4.514970966647375,17.71711579535871,25.0,25.0
"Translate the following sentence from English to French:
Q: Yet, Spanish is also widely used in public transport and other facilities.
A:","Yet, Spanish is also widely used in public transport and other facilities.","Pourtant, l'espagnol est également largement utilisé dans les transports publics et autres installations.","Yes, it is.",0.3471019544239178,3.96126464693995,eng_Latn," Yet, Spanish is also widely used in public transport and other facilities.",1.9026155630072006,7.017610197338334,23.125,23.875
"Translate the following sentence from English to French:
Q: Regular announcements in the Metro are made only in Catalan, but unplanned disruptions are announced by an automated system in a wide variety of languages including Spanish, English, French, Arabic and Japanese.
A:","Regular announcements in the Metro are made only in Catalan, but unplanned disruptions are announced by an automated system in a wide variety of languages including Spanish, English, French, Arabic and Japanese.","Les annonces régulières dans le métro ne sont faites qu'en catalan, mais les perturbations imprévues sont annoncées par un système automatisé dans de nombreuses langues, dont l'espagnol, l'anglais, le français, l'arabe et le japonais.",The system is a translation of the announcement of the daily Metro train service in the United States.,0.2031535590435279,10.440989590006671,eng_Latn," Regular announcements in the Metro are made only in Catalan, but unplanned disruptions are announced by an automated system in a wide variety of languages including Spanish, English, French, Arabic and Japanese.",1.9129760819542594,18.901166054836892,23.375,23.0
"Translate the following sentence from English to French:
Q: Parisians have a reputation for being egocentric, rude and arrogant.
A:","Parisians have a reputation for being egocentric, rude and arrogant.","Les Parisiens ont la réputation d'être égocentriques, grossiers et arrogants.",The French word egomaniac is a word that is used to describe the French people.,1.5388879966323197,11.417290759100723,eng_Latn," Parisians have a reputation for being egocentric, rude and arrogant.",2.55404966647159,14.0701814329598,7.9375,13.875
"Translate the following sentence from English to French:
Q: While this is often only an inaccurate stereotype, the best way to get along in Paris still is to be on your best behavior, acting like someone who is ""bien élevé"" (well brought up). It will make getting about considerably easier.
A:","While this is often only an inaccurate stereotype, the best way to get along in Paris still is to be on your best behavior, acting like someone who is ""bien élevé"" (well brought up). It will make getting about considerably easier.","Bien que ce stéréotype soit souvent inexact, la meilleure façon de s'entendre à Paris reste de se comporter au mieux, d'agir comme quelqu'un de bien élevé. Cela facilitera considérablement vos déplacements.","The French word for ""well"" is ""bien"" and ""good"" is the most important word in the sentence.",0.5107736105226406,8.772237757949169,eng_Latn," While this is often only an inaccurate stereotype, the best way to get along in Paris still is to be on your best behavior, acting like someone who is ""bien élevé"" (well brought up). It will make getting about considerably easier.",2.400150465424928,10.477147131286403,18.125,22.25
"Translate the following sentence from English to French:
Q: Parisians' abrupt exteriors will rapidly evaporate if you display some basic courtesies.
A:",Parisians' abrupt exteriors will rapidly evaporate if you display some basic courtesies.,Les extérieurs abrupts des Parisiens s’évaporent rapidement si vous faites preuve d’un minimum de courtoisie.,"The French word for ""extravagant"" is ""extrovert"" and it is a term that is used to describe the Parisians.",2.5674387149716855,15.1615139535403,eng_Latn, Parisians' abrupt exteriors will rapidly evaporate if you display some basic courtesies.,4.639885533987801,18.612665512884416,6.53125,16.625
"Translate the following sentence from English to French:
Q: The Plitvice Lakes national park is heavily forested, mainly with beech, spruce, and fir trees, and features a mixture of Alpine and Mediterranean vegetation.
A:","The Plitvice Lakes national park is heavily forested, mainly with beech, spruce, and fir trees, and features a mixture of Alpine and Mediterranean vegetation.","Le parc national des lacs de Plitvice est densément boisé, principalement de hêtres, d'épicéas et de sapins, et présente un mélange de végétation alpine et méditerranéenne.","The word forest is a French word, and the word forest is a French word that means “forest” in French.",0.6567628046971477,8.179813270736073,eng_Latn," The Plitvice Lakes national park is heavily forested, mainly with beech, spruce, and fir trees, and features a mixture of Alpine and Mediterranean vegetation.",2.055072406623425,14.615845109081413,22.875,23.25
"Translate the following sentence from English to French:
Q: It has a notably wide variety of plant communities, due to its range of microclimates, differing soils and varying levels of altitude.
A:","It has a notably wide variety of plant communities, due to its range of microclimates, differing soils and varying levels of altitude.","Le pays possède une grande variété de communautés végétales en raison de la diversité de ses microclimats, de ses sols et de ses niveaux d'altitude.",It is a very diverse ecosystem.,0.08926124668793946,6.345403349431394,eng_Latn," It has a notably wide variety of plant communities, due to its range of microclimates, differing soils and varying levels of altitude.",0.24869332184522125,6.344018122156507,9.0,19.75
"Translate the following sentence from English to French:
Q: The area is also home to an extremely wide variety of animal and bird species.
A:",The area is also home to an extremely wide variety of animal and bird species.,La région abrite également une très grande variété d'espèces animales et d'oiseaux.,,0.0,0.0,eng_Latn, The area is also home to an extremely wide variety of animal and bird species.,0.0,0.0,8.6875,19.625
"Translate the following sentence from English to French:
Q: Rare fauna such as the European brown bear, wolf, eagle, owl, lynx, wild cat and capercaillie can be found there, along with many more common species
A:","Rare fauna such as the European brown bear, wolf, eagle, owl, lynx, wild cat and capercaillie can be found there, along with many more common species","Des animaux rares tels que l'ours brun d'Europe, le loup, l'aigle, le hibou, le lynx, le chat sauvage et le grand tétras peuvent y être aperçus, ainsi que bien d'autres espèces communes.","The word “common” in the sentence is a bit misleading, as the word “common” is used in the context of the species, but it is not used in the same way in the French language. Common is a word that is used to describe the species, not the individual. Common is a word that is used to describe the world.",0.6803508307399588,13.917736583139598,eng_Latn," Rare fauna such as the European brown bear, wolf, eagle, owl, lynx, wild cat and capercaillie can be found there, along with many more common species",1.2662755779615116,18.098854596782537,20.25,22.875
"Translate the following sentence from English to French:
Q: While visiting the monasteries, women are required to wear skirts covering the knees and have their shoulders covered, too.
A:","While visiting the monasteries, women are required to wear skirts covering the knees and have their shoulders covered, too.","Lorsqu'elles visitent un monastère, les femmes doivent porter des jupes couvrant leurs genoux et avoir les épaules également couvertes.","The French word for skirt is <em>kilt</em>, and it is a garment that is worn by monks and nuns.",1.3899925780303375,10.651861024690724,eng_Latn," While visiting the monasteries, women are required to wear skirts covering the knees and have their shoulders covered, too.",1.6404472625060698,14.521287100296865,15.1875,18.625
"Translate the following sentence from English to French:
Q: Most of the monasteries do provide wraps for women who come unprepared, but if you bring your own, especially one with bright colors, you'll get a smile from the monk or nun at the entrance.
A:","Most of the monasteries do provide wraps for women who come unprepared, but if you bring your own, especially one with bright colors, you'll get a smile from the monk or nun at the entrance.","La plupart des monastères fournissent des étoles aux femmes qui arrivent sans rien, mais si vous apportez la vôtre, et qu'en plus elle arbore des couleurs vives, vous aurez droit à un sourire du moine ou de la nonne à l'entrée.",The monks and nuns of the monastery will be able to see the smile of the wearer of the wrap.,0.3892926132578927,8.262365429661159,eng_Latn," Most of the monasteries do provide wraps for women who come unprepared, but if you bring your own, especially one with bright colors, you'll get a smile from the monk or nun at the entrance.",3.0100170725759505,18.696058913640485,13.75,21.0
"Translate the following sentence from English to French:
Q: Along the same line, men are required to wear trousers covering the knees.
A:","Along the same line, men are required to wear trousers covering the knees.",De même que les hommes doivent porter un pantalon couvrant les genoux.,,0.0,0.0,eng_Latn," Along the same line, men are required to wear trousers covering the knees.",0.0,0.0,11.25,16.0
"Translate the following sentence from English to French:
Q: This too can be borrowed from the stock at the entrance but that clothing isn't washed after every user so you may not feel comfortable wearing these skirts. One size fits all for men!
A:",This too can be borrowed from the stock at the entrance but that clothing isn't washed after every user so you may not feel comfortable wearing these skirts. One size fits all for men!,"On peut également emprunter ce vêtement au stock à l'entrée, mais comme il n'est pas lavé après chaque utilisation, il se peut que vous ne vous sentiez pas à l'aise de porter ces jupes. Une taille unique pour les hommes !","The word ""suit"" is used in the same sentence as ""man"" and ""clothes"" in the same sentence.",0.5214188714611314,8.105868607556548,eng_Latn, This too can be borrowed from the stock at the entrance but that clothing isn't washed after every user so you may not feel comfortable wearing these skirts. One size fits all for men!,0.9513860979591316,12.364623794968205,23.5,25.0
"Translate the following sentence from English to French:
Q: Majorcan cuisine, like that of similar zones in the Mediterranean, is based on bread, vegetables and meat (specially pork), and uses olive oil throughout.
A:","Majorcan cuisine, like that of similar zones in the Mediterranean, is based on bread, vegetables and meat (specially pork), and uses olive oil throughout.","La cuisine majorquine, comme celle des zones similaires de la Méditerranée, est basée sur le pain, les légumes et la viande (surtout du porc), et fait appel à l'huile d'olive.",The French version of Major-style cuisine is a bit different from the major one. It is a fusion of the two cuisines. Major and French are not the same thing. Major and French are not the same. Major is a fusion of two cultures. Major is a way of life. Major is a way of eating. Major is a way of life. Major is a way to eat. Major is a way to cook. Major is a way to eat. Major is a way to cook.,0.8285196413810827,13.719344346086949,eng_Latn," Majorcan cuisine, like that of similar zones in the Mediterranean, is based on bread, vegetables and meat (specially pork), and uses olive oil throughout.",1.0147251816286795,17.40137656117781,22.0,24.375
"Translate the following sentence from English to French:
Q: A simple popular dinner, especially during the summer, is the Pa amb Oli: Bread with olive oil, tomato, and any available condiments such as cheese, tunafish, etc.
A:","A simple popular dinner, especially during the summer, is the Pa amb Oli: Bread with olive oil, tomato, and any available condiments such as cheese, tunafish, etc.","Un dîner simple et populaire, surtout en été, est le Pa amb Oli : du pain avec de l'huile d'olive, de la tomate et tous les condiments disponibles, tels que le fromage, le thon, etc.","A simple meal that is served in a restaurant, with a large portion of vegetables, is called a salad.",0.6374654312490083,13.153044043269771,eng_Latn," A simple popular dinner, especially during the summer, is the Pa amb Oli: Bread with olive oil, tomato, and any available condiments such as cheese, tunafish, etc.",2.7395560963183927,18.7683855545778,15.0625,24.25
"Translate the following sentence from English to French:
Q: All nouns, alongside the word Sie for you, always begin with a capital letter, even in the middle of a sentence.
A:","All nouns, alongside the word Sie for you, always begin with a capital letter, even in the middle of a sentence.","Tous les noms, suivis du mot Sie qui signifie vous, commencent toujours par une majuscule, même au milieu d’une phrase.","The French word for Sie is ""s"" and ""e"" are the same, but the word ""s"" is pronounced differently in English and French.",1.4325480172973541,12.392842250969368,eng_Latn," All nouns, alongside the word Sie for you, always begin with a capital letter, even in the middle of a sentence.",3.0787460505623354,21.39921610984696,23.875,23.75
"Translate the following sentence from English to French:
Q: This is an important way to distinguish between some verbs and objects.
A:",This is an important way to distinguish between some verbs and objects.,Il s'agit d'un excellent moyen de faire la distinction entre certains verbes et objets.,"I'm not sure if this is the right word to use, but I'm sure it's the right word.",1.9011755113058344,10.233733878819908,eng_Latn, This is an important way to distinguish between some verbs and objects.,1.9011755113058344,15.136674382791714,21.625,25.0
"Translate the following sentence from English to French:
Q: It also arguably makes reading easier, though writing is somewhat complicated by the need to find out whether a verb or adjective is used in a substantivized form.
A:","It also arguably makes reading easier, though writing is somewhat complicated by the need to find out whether a verb or adjective is used in a substantivized form.","On peut également dire qu’elle facilite la lecture, bien que l’écriture soit quelque peu compliquée par la nécessité de savoir si un verbe ou un adjectif est utilisé sous une forme substantivisée.",The French word for the verb “to write” is “to write” and the word for the adjective “adjective” is “adjective”.,1.5746222881114456,9.991854886803896,eng_Latn," It also arguably makes reading easier, though writing is somewhat complicated by the need to find out whether a verb or adjective is used in a substantivized form.",4.486776015336414,17.782467062941393,14.6875,23.375
"Translate the following sentence from English to French:
Q: Pronunciation is relatively easy in Italian since most words are pronounced exactly how they are written
A:",Pronunciation is relatively easy in Italian since most words are pronounced exactly how they are written,"La prononciation est relativement facile en italien, car la plupart des mots sont prononcés exactement comme ils sont écrits",The word “Italian” is pronounced differently in the two languages.,0.0,8.631151044601989,eng_Latn, Pronunciation is relatively easy in Italian since most words are pronounced exactly how they are written,7.273600588250344,21.751399074144103,21.375,24.875
"Translate the following sentence from English to French:
Q: The main letters to watch out for are c and g, since their pronunciation varies based on the following vowel.
A:","The main letters to watch out for are c and g, since their pronunciation varies based on the following vowel.","Les principales lettres à surveiller sont le c et le g, car leur prononciation varie en fonction de la voyelle suivante.",The French word for “c” is “c” and the word for “g” is “g”,0.0,4.503967795202614,eng_Latn," The main letters to watch out for are c and g, since their pronunciation varies based on the following vowel.",2.042946039568498,10.371805020894142,17.125,23.875
"Translate the following sentence from English to French:
Q: Also, make sure to pronounce r and rr differently: caro means dear, whereas carro means chariot.
A:","Also, make sure to pronounce r and rr differently: caro means dear, whereas carro means chariot.","Veuillez également vous assurer de prononcer « r » et « rr » d’une manière distincte : « caro » signifie « cher », tandis que « carro » signifie « chariot ».",Carro is a French word that means chariot.,0.3185712506882619,8.627119268983277,eng_Latn," Also, make sure to pronounce r and rr differently: caro means dear, whereas carro means chariot.",9.8722081989709,20.184482641705927,11.4375,22.75
"Translate the following sentence from English to French:
Q: Persian has a relatively easy and mostly regular grammar.
A:",Persian has a relatively easy and mostly regular grammar.,Le persan a une grammaire relativement facile et la plupart du temps régulière.,"The word for Persian is <i>q</i>, and the word for French is <i>f</i>.",1.3353534059549443,7.041496307907373,eng_Latn, Persian has a relatively easy and mostly regular grammar.,3.176023542809473,15.77613410644309,24.625,25.0
"Translate the following sentence from English to French:
Q: Therefore, reading this grammar primer would help you learn much about Persian grammar and understand phrases better.
A:","Therefore, reading this grammar primer would help you learn much about Persian grammar and understand phrases better.","Par conséquent, la lecture de cette introduction à la grammaire vous aiderait à en apprendre beaucoup sur la grammaire persane et à mieux comprendre les phrases.",The answer is that the sentence is correct.,0.19007116175329822,6.033116717251013,eng_Latn," Therefore, reading this grammar primer would help you learn much about Persian grammar and understand phrases better.",0.9005035376417098,8.157116573506846,19.0,25.0
"Translate the following sentence from English to French:
Q: Needless to say, if you know a Romance language, it will be easier for you to learn Portuguese.
A:","Needless to say, if you know a Romance language, it will be easier for you to learn Portuguese.","Il va sans dire que si vous connaissez une langue romane, il vous sera plus facile d'apprendre le portugais.",The French word for “person” is “person” and the word for “person” is a Romance word.,1.387819277861591,9.960852937815963,eng_Latn," Needless to say, if you know a Romance language, it will be easier for you to learn Portuguese.",5.869760893038728,15.564203533895624,12.25,18.625
"Translate the following sentence from English to French:
Q: However, people who know a little Spanish may hastily conclude that Portuguese is close enough that it need not be studied separately.
A:","However, people who know a little Spanish may hastily conclude that Portuguese is close enough that it need not be studied separately.","Cependant, ceux qui parlent un peu espagnol pourraient conclure hâtivement que le portugais en est suffisamment proche pour qu’il ne soit pas nécessaire de l’étudier séparément.","However, the same applies to the fact that the French language is not as close to English as it was in the past.",0.8596743843224235,10.712228410336525,eng_Latn," However, people who know a little Spanish may hastily conclude that Portuguese is close enough that it need not be studied separately.",3.503259881918665,23.3241241705276,20.125,21.25
"Translate the following sentence from English to French:
Q: Pre-modern observatories are usually obsolete today, and remain as museums, or sites of education.
A:","Pre-modern observatories are usually obsolete today, and remain as museums, or sites of education.","Les observatoires prémodernes sont généralement obsolètes aujourd’hui, et restent en place comme musées ou sites d’éducation.","The French word for museum is <em>museum</em>, and the word for observatory is <em>observatory</em>.",1.3370051239753844,14.106513420519837,eng_Latn," Pre-modern observatories are usually obsolete today, and remain as museums, or sites of education.",2.7588924449082466,22.17832706762132,8.4375,18.625
"Translate the following sentence from English to French:
Q: As light pollution in their heyday was not the kind of problem it is today, they are usually located in cities or at campuses, easier to reach than those built in modern times.
A:","As light pollution in their heyday was not the kind of problem it is today, they are usually located in cities or at campuses, easier to reach than those built in modern times.","Comme la pollution lumineuse à leur époque n'était pas aussi préoccupant qu'aujourd'hui, ils sont généralement situés dans des villes ou sur des campus, plus faciles d'accès que ceux construits à l'époque moderne.","The light pollution problem is a problem of the environment, not of the city.",0.45981444850110675,10.023825510780863,eng_Latn," As light pollution in their heyday was not the kind of problem it is today, they are usually located in cities or at campuses, easier to reach than those built in modern times.",3.1533690246292654,19.931341619895075,18.625,23.875
"Translate the following sentence from English to French:
Q: Most modern research telescopes are enormous facilities in remote areas with favorable atmospheric conditions.
A:",Most modern research telescopes are enormous facilities in remote areas with favorable atmospheric conditions.,La plupart des télescopes de recherche modernes sont d'énormes infrastructures placées dans des régions éloignées où les conditions atmosphériques sont favorables.,The telescope is a scientific instrument that is used to study the Earth's atmosphere.,0.9801489652378172,13.806462672008898,eng_Latn, Most modern research telescopes are enormous facilities in remote areas with favorable atmospheric conditions.,2.527719992092097,19.95983346071763,19.25,21.5
"Translate the following sentence from English to French:
Q: Cherry blossom viewing, known as hanami, has been a part of Japanese culture since the 8th century.
A:","Cherry blossom viewing, known as hanami, has been a part of Japanese culture since the 8th century.","La contemplation des fleurs de cerisier, connue sous le nom de hanami, fait partie de la culture japonaise depuis le VIIIe siècle.","The word han is derived from the Japanese word han-san, which means cherry tree. Cherry trees are planted in parks and gardens across the country. Cherry trees are a symbol of the Japanese culture and are a part of the cherry industry. Cherry trees are a symbol of the Japanese government. Cherry trees are a symbol of the country. Cherry is a symbol of the country’s economy. Cherry is a symbol of the people. Cherry is a symbol of the country. Cherry is a symbol of the",0.4444663946379789,14.028477346155466,eng_Latn," Cherry blossom viewing, known as hanami, has been a part of Japanese culture since the 8th century.",1.9251944283874052,22.25617006957462,22.0,23.0
"Translate the following sentence from English to French:
Q: The concept came from China where plum blossoms were the flower of choice.
A:",The concept came from China where plum blossoms were the flower of choice.,Le concept est venu de Chine où les fleurs de prunier étaient la fleur de prédilection.,"The French word plum is derived from the Chinese word for plum, plum.",1.6401208014088857,13.01476412386802,eng_Latn, The concept came from China where plum blossoms were the flower of choice.,5.32864224277779,19.313445417785573,7.375,13.3125
"Translate the following sentence from English to French:
Q: In Japan, the first cherry blossom parties were hosted by the emperor only for himself and other members of the aristocracy around the Imperial Court.
A:","In Japan, the first cherry blossom parties were hosted by the emperor only for himself and other members of the aristocracy around the Imperial Court.","Au Japon, les premières fêtes des cerisiers en fleurs ont été organisées par l’empereur uniquement pour lui-même et les autres membres de l’aristocratie proche autour de la Cour impériale.",The second year of the cherry season is a time for the Japanese to celebrate their culture and traditions.,0.4874148188668785,11.024699426116136,eng_Latn," In Japan, the first cherry blossom parties were hosted by the emperor only for himself and other members of the aristocracy around the Imperial Court.",3.2871469679151732,21.036810636352314,14.25,18.75
"Translate the following sentence from English to French:
Q: Plants look their best when in a natural environment, so resist the temptation to remove even ""just one"" specimen.
A:","Plants look their best when in a natural environment, so resist the temptation to remove even ""just one"" specimen.","Les plantes revêtent leur plus belle apparence lorsqu'elles se trouvent dans un environnement naturel, alors résistez à la tentation d'en retirer ne serait-ce qu'« une seule ».",,0.0,0.0,eng_Latn," Plants look their best when in a natural environment, so resist the temptation to remove even ""just one"" specimen.",0.0,0.0,16.5,18.375
"Translate the following sentence from English to French:
Q: If visiting a formally arranged garden, collecting ""specimens"" is also going to get you ejected, without discussion.
A:","If visiting a formally arranged garden, collecting ""specimens"" is also going to get you ejected, without discussion.","Si vous visitez un jardin strictement aménagé, le prélèvement de « spécimens » va également vous faire expulser sans discussion.","If you want to know more about the subject of the garden, you can't just walk in and look at the plants. You have to talk to the gardener.",1.1860225816274885,11.161208343734213,eng_Latn," If visiting a formally arranged garden, collecting ""specimens"" is also going to get you ejected, without discussion.",2.779473872463728,18.290860150732637,7.8125,24.375
"Translate the following sentence from English to French:
Q: Singapore is generally an extremely safe place to be and very easy to navigate, and you can buy almost anything after arriving.
A:","Singapore is generally an extremely safe place to be and very easy to navigate, and you can buy almost anything after arriving.","Singapour est généralement considéré comme un endroit extrêmement sûr, où il est très aisé de se déplacer, et où vous pourrez acheter presque tout ce dont vous avez besoin une fois arrivé sur place.","The French version of this sentence is: “Singapore is safe, but the way it is used is not the same as the way it is used in the English language.”",0.9336693918660518,12.299969973890432,eng_Latn," Singapore is generally an extremely safe place to be and very easy to navigate, and you can buy almost anything after arriving.",1.3705063051209185,18.84898154835571,17.75,18.5
"Translate the following sentence from English to French:
Q: But being placed in the ""high tropics"" just a few degrees north of equator you will need to deal with both heat (always) and strong sun (when the sky is clear, more rarely).
A:","But being placed in the ""high tropics"" just a few degrees north of equator you will need to deal with both heat (always) and strong sun (when the sky is clear, more rarely).","Mais, situé dans les « tropiques élevées » à seulement quelques degrés au nord de l'équateur, il faudra vous adapter à la chaleur (toujours) et à un fort rayonnement du soleil (quand le ciel est dégagé, ce qui est plus rare).","The answer to this question is ""yes"" and ""no"" respectively.",0.0,5.627805546946462,eng_Latn," But being placed in the ""high tropics"" just a few degrees north of equator you will need to deal with both heat (always) and strong sun (when the sky is clear, more rarely).",0.6651304313771182,9.470857098885723,23.5,23.375
"Translate the following sentence from English to French:
Q: There are also a few buses going north to Hebron, the traditional burial place of the Biblical patriarchs Abraham, Isaac, Jacob, and their wives.
A:","There are also a few buses going north to Hebron, the traditional burial place of the Biblical patriarchs Abraham, Isaac, Jacob, and their wives.","Il y a aussi quelques bus qui se rendent au nord à Hébron, le lieu de sépulture traditionnel des patriarches bibliques, Abraham, Isaac, Jacob et leurs épouses.","The French word for the bus is bus, and it is a common term for a bus in France.",0.9008987486947658,10.995091216342395,eng_Latn," There are also a few buses going north to Hebron, the traditional burial place of the Biblical patriarchs Abraham, Isaac, Jacob, and their wives.",2.4542387682315194,13.865638215868792,25.0,25.0
"Translate the following sentence from English to French:
Q: Check that the bus you are thinking of taking goes into Hebron and not just to the nearby Jewish settlement of Kiryat Arba.
A:",Check that the bus you are thinking of taking goes into Hebron and not just to the nearby Jewish settlement of Kiryat Arba.,Vérifiez que le bus que vous envisagez de prendre se rend à Hébron et pas seulement à la colonie juive voisine de Kyriat Arba.,The bus is a bus that is going to He-,0.4228848378822982,6.001600315412587,eng_Latn, Check that the bus you are thinking of taking goes into Hebron and not just to the nearby Jewish settlement of Kiryat Arba.,1.051651010972231,10.112849028074017,23.5,25.0
"Translate the following sentence from English to French:
Q: Inland waterways can be a good theme to base a holiday around.
A:",Inland waterways can be a good theme to base a holiday around.,Les voies navigables intérieures peuvent être un excellent thème pour des vacances.,True,0.0,1.0273972602739727,eng_Latn, Inland waterways can be a good theme to base a holiday around.,0.0,1.4423076923076923,23.875,18.75
"Translate the following sentence from English to French:
Q: For example visiting castles in the Loire Valley, the Rhine valley or taking a cruise to interesting cites on the Danube or boating along the Erie Canal.
A:","For example visiting castles in the Loire Valley, the Rhine valley or taking a cruise to interesting cites on the Danube or boating along the Erie Canal.","Par exemple, visiter des châteaux dans la vallée de la Loire, la vallée du Rhin ou faire une croisière vers des sites intéressants sur le Danube ou faire du bateau le long du canal Erie.","The French word for castle is <em>castle</em>, and the word for river is <em>river</em>.",0.7580059048461965,7.34503347184927,eng_Latn," For example visiting castles in the Loire Valley, the Rhine valley or taking a cruise to interesting cites on the Danube or boating along the Erie Canal.",1.3447695926570062,10.259680538424593,13.75,22.5
"Translate the following sentence from English to French:
Q: They also define routes for popular hiking and cycling trails.
A:",They also define routes for popular hiking and cycling trails.,Elles définissent également les itinéraires pour les sentiers de randonnée et les pistes cyclables populaires.,"The French word for route is ""route"" and it is used in the same way as the word ""trail"" in English.",1.3353534059549443,11.852052702305174,eng_Latn, They also define routes for popular hiking and cycling trails.,1.7574239156849023,20.01583047995417,5.21875,10.25
"Translate the following sentence from English to French:
Q: Christmas is one of the most important holidays of Christianity, and is celebrated as the birthday of Jesus.
A:","Christmas is one of the most important holidays of Christianity, and is celebrated as the birthday of Jesus.","Noël est l'une des fêtes les plus importantes de la chrétienté, elle célèbre la naissance de Jésus.","The French word for Christmas is <i>Christmas</i>, and the word <i>Christmas</i> is French.",1.5301683686839005,9.135556556080632,eng_Latn," Christmas is one of the most important holidays of Christianity, and is celebrated as the birthday of Jesus.",4.1858747270392405,24.123801141928418,20.875,19.125
"Translate the following sentence from English to French:
Q: Many of the traditions surrounding the holiday have been adopted also by non-believers in Christian countries and non-Christians around the world.
A:",Many of the traditions surrounding the holiday have been adopted also by non-believers in Christian countries and non-Christians around the world.,De nombreuses traditions liées à ces fêtes ont été également adoptées par des non-croyants dans les pays chrétiens et par les non-chrétiens dans le monde entier.,"The French word for the holiday is <i>Saint-Jacques</i>, which means “the day of the dead” in French.",1.1084161789319897,8.258446779036818,eng_Latn, Many of the traditions surrounding the holiday have been adopted also by non-believers in Christian countries and non-Christians around the world.,3.773564529272586,19.01401261682482,22.125,24.5
"Translate the following sentence from English to French:
Q: There's a tradition to pass the Easter night awake at some exposed point to see the sunrise.
A:",There's a tradition to pass the Easter night awake at some exposed point to see the sunrise.,Il est de tradition de passer la nuit de Pâques éveillé à un endroit à découvert pour voir le lever du soleil.,,0.0,0.0,eng_Latn, There's a tradition to pass the Easter night awake at some exposed point to see the sunrise.,0.0,0.0,21.625,20.0
"Translate the following sentence from English to French:
Q: There are of course Christian theological explanations for this tradition, but it may well be a pre-Christian Spring and Fertility ritual.
A:","There are of course Christian theological explanations for this tradition, but it may well be a pre-Christian Spring and Fertility ritual.","Il existe bien évidemment des explications théologiques chrétiennes pour cette tradition, mais il se pourrait bien qu’il s’agisse d’un rituel préchrétien de printemps et de fertilité.",The French translation of the Springtime and the Christian tradition are not the same.,0.4460049660795569,12.416692833277173,eng_Latn," There are of course Christian theological explanations for this tradition, but it may well be a pre-Christian Spring and Fertility ritual.",1.7145461293160869,25.128865252427758,21.125,24.125
"Translate the following sentence from English to French:
Q: More traditional churches often hold an Easter Vigil on Saturday night during the Easter weekend, with the congregations often breaking into celebration at the stroke of midnight to celebrate Christ's resurrection.
A:","More traditional churches often hold an Easter Vigil on Saturday night during the Easter weekend, with the congregations often breaking into celebration at the stroke of midnight to celebrate Christ's resurrection.","Les églises plus traditionnelles organisent souvent une veillée pascale le samedi soir pendant le week-end de Pâques, les congrégations faisant souvent irruption dans la fête au coup de minuit pour célébrer la résurrection du Christ.","The church in the picture above is a traditional church, and it is a place where the French language is spoken.",0.41747023775294395,11.285746812970231,eng_Latn," More traditional churches often hold an Easter Vigil on Saturday night during the Easter weekend, with the congregations often breaking into celebration at the stroke of midnight to celebrate Christ's resurrection.",1.0224455192249078,16.891727787188522,24.875,24.75
"Translate the following sentence from English to French:
Q: All animals that originally arrived in the islands came here either by swimming, flying or floating.
A:","All animals that originally arrived in the islands came here either by swimming, flying or floating.","Tous les animaux qui sont arrivés sur ces îles l'ont fait à l'origine par les eaux, à la nage ou à bord d'objets flottants, ou par les airs.",,0.0,0.0,eng_Latn," All animals that originally arrived in the islands came here either by swimming, flying or floating.",0.0,0.0,20.875,20.875
"Translate the following sentence from English to French:
Q: Due to the long distance from the continent mammals were unable to make the journey making the giant tortoise the primary grazing animal in the Galapagos.
A:",Due to the long distance from the continent mammals were unable to make the journey making the giant tortoise the primary grazing animal in the Galapagos.,"En raison de la grande distance qui les sépare du continent, les mammifères n’ont pas pu aller au bout du voyage, faisant de la tortue géante le principal animal de pâturage des Galapagos.",The Galapagos tortoise is a species of tortoise that is native to the Galapagos Islands.,2.6571217077126974,12.41161598667604,eng_Latn, Due to the long distance from the continent mammals were unable to make the journey making the giant tortoise the primary grazing animal in the Galapagos.,10.187919836578097,21.291175222292154,4.125,18.875
"Translate the following sentence from English to French:
Q: Since the arrival of man to the Galapagos, many mammals have been introduced including goats, horses, cows, rats, cats and dogs.
A:","Since the arrival of man to the Galapagos, many mammals have been introduced including goats, horses, cows, rats, cats and dogs.","Depuis l’arrivée de l’homme aux Galapagos, de nombreux mammifères ont été introduits, notamment des chèvres, des chevaux, des vaches, des rats, des chats et des chiens.",,0.0,0.0,eng_Latn," Since the arrival of man to the Galapagos, many mammals have been introduced including goats, horses, cows, rats, cats and dogs.",0.0,0.0,25.0,18.375
"Translate the following sentence from English to French:
Q: If you visit the Arctic or Antarctic areas in the winter you will experience the polar night, which means that the sun doesn't rise above the horizon.
A:","If you visit the Arctic or Antarctic areas in the winter you will experience the polar night, which means that the sun doesn't rise above the horizon.","Si vous visitez les régions arctiques ou antarctiques en hiver, vous pourrez découvrir la nuit polaire, durant laquelle le soleil ne se lève pas au-dessus de l'horizon.",The polar bear is a species of bear that is found in the Arctic and the Antarctic.,0.5430829222531142,10.281930739029747,eng_Latn," If you visit the Arctic or Antarctic areas in the winter you will experience the polar night, which means that the sun doesn't rise above the horizon.",3.7146100673051095,24.89540466865979,16.625,25.0
"Translate the following sentence from English to French:
Q: This offers a good opportunity to see the Aurora borealis, as the sky will be dark more or less around the clock.
A:","This offers a good opportunity to see the Aurora borealis, as the sky will be dark more or less around the clock.","C'est une bonne occasion d'admirer les aurores boréales, car le ciel sera sombre pratiquement toute la journée.",This is a translation of the word Aurora into French.,0.6662369217577299,9.320814790950879,eng_Latn," This offers a good opportunity to see the Aurora borealis, as the sky will be dark more or less around the clock.",1.433165893068607,13.796085158965163,18.875,21.75
"Translate the following sentence from English to French:
Q: As the areas are sparsely populated, and light pollution therefore often not a problem, you will also be able to enjoy the stars.
A:","As the areas are sparsely populated, and light pollution therefore often not a problem, you will also be able to enjoy the stars.","Comme les régions sont peu peuplées, et que la pollution lumineuse n'est donc souvent pas un problème, vous pourrez également profiter des étoiles.",The answer is:,0.0,1.2231385053118031,eng_Latn," As the areas are sparsely populated, and light pollution therefore often not a problem, you will also be able to enjoy the stars.",0.0,2.140648926439005,25.0,23.5
"Translate the following sentence from English to French:
Q: Japanese work culture is more hierarchical and formal that what Westerners may be used to.
A:",Japanese work culture is more hierarchical and formal that what Westerners may be used to.,La culture de travail japonaise est plus hiérarchique et formelle que celle à laquelle les Occidentaux peuvent être habitués.,"The French are more likely to be in the middle of the hierarchy, but they are also more likely to be in the middle of the work.",1.199348129252962,11.61795614043282,eng_Latn, Japanese work culture is more hierarchical and formal that what Westerners may be used to.,3.2808945250121395,21.237572352362704,24.625,25.0
"Translate the following sentence from English to French:
Q: Suits are standard business attire, and coworkers call each other by their family names or by job titles.
A:","Suits are standard business attire, and coworkers call each other by their family names or by job titles.","Les costumes sont des tenues de travail classiques, et les collaborateurs se font appeler par leur nom de famille ou par leur fonction.","The word family is a common word in French, and it is used to describe the workplace.",1.3809851504530963,10.696206424240906,eng_Latn," Suits are standard business attire, and coworkers call each other by their family names or by job titles.",3.5464400665002405,18.627327008734,22.5,22.75
"Translate the following sentence from English to French:
Q: Workplace harmony is crucial, emphasizing group effort rather than praising individual accomplishments.
A:","Workplace harmony is crucial, emphasizing group effort rather than praising individual accomplishments.","L’harmonie au lieu de travail est cruciale, car elle met l’accent sur l’effort collectif plutôt que de faire l’éloge des réalisations individuelles.",Workplace harmony is a term that describes the way in which people work together in a workplace.,0.7282426437682401,11.026830401285928,eng_Latn," Workplace harmony is crucial, emphasizing group effort rather than praising individual accomplishments.",16.923267918690044,27.86906640753507,5.59375,19.75
"Translate the following sentence from English to French:
Q: Workers must often get their superiors' approval for any decisions they make, and are expected to obey their superiors' instructions without question.
A:","Workers must often get their superiors' approval for any decisions they make, and are expected to obey their superiors' instructions without question.",Les travailleurs doivent souvent obtenir l'accord de leurs supérieurs pour toute décision qu'ils prennent et sont censés obéir aux instructions de leurs supérieurs sans poser de questions.,"The French word for ""approval"" is ""laissez-faire"" and it is used in a very positive way.",0.8603489932235281,7.785805511632976,eng_Latn," Workers must often get their superiors' approval for any decisions they make, and are expected to obey their superiors' instructions without question.",1.62293446078038,12.863675837446035,7.53125,14.4375
