prompt,query,reference,generation_ablation,bleu_ablation,chrf_ablation,ablation_lang,reference_lang,bleu_ablation_lang,chrf_ablation_lang,metricx_qe_ablation,metricx_ablation
"Translate the following sentence from Hindi to English:
Q: उन्होंने कहा “कि अब हमारे पास 4 महीने उम्र वाले चूहे हैं जिन्हें मधुमेह नहीं है जो मधुमेह के रोगी थे। ”
A:",उन्होंने कहा “कि अब हमारे पास 4 महीने उम्र वाले चूहे हैं जिन्हें मधुमेह नहीं है जो मधुमेह के रोगी थे। ”,"""We now have 4-month-old mice that are non-diabetic that used to be diabetic,"" he added.",They said that they have 4 months old mice which are not diabetic.,3.6502497084320753,28.251541597599932,eng_Latn," ""We now have 4-month-old mice that are non-diabetic that used to be diabetic,"" he added.",3.6502497084320753,28.251541597599932,6.28125,7.15625
"Translate the following sentence from Hindi to English:
Q: डॉ. एहुड उर, नोवा स्कोटिया के हैलिफ़ैक्स में डलहौज़ी विश्वविद्यालय में चिकित्सा के प्रोफ़ेसर और कनाडाई डायबिटीज़ एसोसिएशन के नैदानिक ​​और वैज्ञानिक विभाग के अध्यक्ष ने आगाह किया कि शोध अभी भी अपने शुरुआती दिनों में है.
A:","डॉ. एहुड उर, नोवा स्कोटिया के हैलिफ़ैक्स में डलहौज़ी विश्वविद्यालय में चिकित्सा के प्रोफ़ेसर और कनाडाई डायबिटीज़ एसोसिएशन के नैदानिक ​​और वैज्ञानिक विभाग के अध्यक्ष ने आगाह किया कि शोध अभी भी अपने शुरुआती दिनों में है.","Dr. Ehud Ur, professor of medicine at Dalhousie University in Halifax, Nova Scotia and chair of the clinical and scientific division of the Canadian Diabetes Association cautioned that the research is still in its early days.","Dr. Ehud Ur, Halifax, Nova Scotia, Canada",5.7439160822024675,18.311654509548354,por_Latn," O Médico Ehud Ur, um professor de medicina na Universidade de Dalhousie em Halifax, Nova Escócia, e presidente da divisão clínica e científica da Canadian Diabetes Association disse que o estudo ainda está dando seus primeiros passos.",2.3191489206653424,13.214938097519822,22.75,21.125
"Translate the following sentence from Hindi to English:
Q: कुछ अन्य विशेषज्ञों की तरह, उन्हें इस बात पर संदेह है कि क्या मधुमेह को ठीक किया जा सकता है, यह देखते हुए कि इन निष्कर्षों की उन लोगों के लिए कोई प्रासंगिकता नहीं है जिन्हें पहले से ही टाइप 1 मधुमेह है.
A:","कुछ अन्य विशेषज्ञों की तरह, उन्हें इस बात पर संदेह है कि क्या मधुमेह को ठीक किया जा सकता है, यह देखते हुए कि इन निष्कर्षों की उन लोगों के लिए कोई प्रासंगिकता नहीं है जिन्हें पहले से ही टाइप 1 मधुमेह है.","Like some other experts, he is skeptical about whether diabetes can be cured, noting that these findings have no relevance to people who already have Type 1 diabetes.","As per the given information, the sentence can be translated as:",1.3058212443902324,12.05045519233611,eng_Latn," Like some other experts, he is skeptical about whether diabetes can be cured, noting that these findings have no relevance to people who already have Type 1 diabetes.",1.3058212443902324,12.05045519233611,22.625,22.625
"Translate the following sentence from Hindi to English:
Q: सोमवार को स्वीडिश अकादमी में साहित्य के लिए नोबेल समिति के स्थायी सचिव, सारा डेनियस, स्वीडन समिति में सेवरिज रेडियो पर एक रेडियो कार्यक्रम के दौरान सार्वजनिक रूप से घोषणा की, कि साहित्य में 2016 के नोबेल पुरस्कार जीतने को लेकर सीधे बॉब डायलन तक पहुँचने में असमर्थ होकर, अपने प्रयासों को छोड़ चुके थे.
A:","सोमवार को स्वीडिश अकादमी में साहित्य के लिए नोबेल समिति के स्थायी सचिव, सारा डेनियस, स्वीडन समिति में सेवरिज रेडियो पर एक रेडियो कार्यक्रम के दौरान सार्वजनिक रूप से घोषणा की, कि साहित्य में 2016 के नोबेल पुरस्कार जीतने को लेकर सीधे बॉब डायलन तक पहुँचने में असमर्थ होकर, अपने प्रयासों को छोड़ चुके थे.","On Monday, Sara Danius, permanent secretary of the Nobel Committee for Literature at the Swedish Academy, publicly announced during a radio program on Sveriges Radio in Sweden the committee, unable to reach Bob Dylan directly about winning the 2016 Nobel Prize in Literature, had abandoned its efforts to reach him.",The Nobel Prize in Literature 2016 was awarded to Bob Dylan for his contribution to the world of literature.,3.3613868756770473,19.876678924016193,eng_Latn," On Monday, Sara Danius, permanent secretary of the Nobel Committee for Literature at the Swedish Academy, publicly announced during a radio program on Sveriges Radio in Sweden the committee, unable to reach Bob Dylan directly about winning the 2016 Nobel Prize in Literature, had abandoned its efforts to reach him.",3.3613868756770473,19.876678924016193,15.0,13.75
"Translate the following sentence from Hindi to English:
Q: डेनियस ने कहा, “फ़िलहाल हम कुछ नहीं कर रहे हैं. मैंने अपने साथ काम करने वाले लोगों को ईमेल भेजे हैं और उसने उनके फ्रेंडली जवाब भेजे हैं. अभी के लिए, बस इतना ही बताना चाहूँगा.”
A:","डेनियस ने कहा, “फ़िलहाल हम कुछ नहीं कर रहे हैं. मैंने अपने साथ काम करने वाले लोगों को ईमेल भेजे हैं और उसने उनके फ्रेंडली जवाब भेजे हैं. अभी के लिए, बस इतना ही बताना चाहूँगा.”","Danius said, ""Right now we are doing nothing. I have called and sent emails to his closest collaborator and received very friendly replies. For now, that is certainly enough.""","Denius said, “We are not doing anything right now.”",2.2155181870915857,14.533194982531422,eng_Latn," Danius said, ""Right now we are doing nothing. I have called and sent emails to his closest collaborator and received very friendly replies. For now, that is certainly enough.""",2.2155181870915857,14.533194982531422,21.875,20.5
"Translate the following sentence from Hindi to English:
Q: इससे पहले, रिंग के सीईओ, जेमी सिमिनॉफ ने बताया था कि कंपनी तब शुरू हुई जब उसके दरवाज़े की घंटी उसके गेराज में स्थित दुकान से सुनाई नहीं देती थी।
A:","इससे पहले, रिंग के सीईओ, जेमी सिमिनॉफ ने बताया था कि कंपनी तब शुरू हुई जब उसके दरवाज़े की घंटी उसके गेराज में स्थित दुकान से सुनाई नहीं देती थी।","Previously, Ring's CEO, Jamie Siminoff, remarked the company started when his doorbell wasn't audible from his shop in his garage.","Before this, the CEO of the company, Jamie Siminoff, had said that the company started when the doorbell rang.",22.66178279126213,41.9086835405415,eng_Latn," Previously, Ring's CEO, Jamie Siminoff, remarked the company started when his doorbell wasn't audible from his shop in his garage.",22.66178279126213,41.9086835405415,13.375,11.9375
"Translate the following sentence from Hindi to English:
Q: उन्होंने (जेमी सिमिनॉफ़) कहा, कि उन्होंने एक वाईफ़ाई डोर बेल बनाई है.
A:","उन्होंने (जेमी सिमिनॉफ़) कहा, कि उन्होंने एक वाईफ़ाई डोर बेल बनाई है.","He built a WiFi door bell, he said.",They said that they have created a WiFi doorbell.,15.851165692617155,41.108269947113435,eng_Latn," He built a WiFi door bell, he said.",15.851165692617155,41.108269947113435,4.375,4.90625
"Translate the following sentence from Hindi to English:
Q: सिमिनॉफ़ ने कहा कि 2013 में शार्क टैंक एपिसोड में उनके दिखने के बाद बिक्री में बढ़ोतरी हुई, जहाँ शो पैनल ने स्टार्टअप को पूँजी लगाने से मना कर दिया.
A:","सिमिनॉफ़ ने कहा कि 2013 में शार्क टैंक एपिसोड में उनके दिखने के बाद बिक्री में बढ़ोतरी हुई, जहाँ शो पैनल ने स्टार्टअप को पूँजी लगाने से मना कर दिया.",Siminoff said sales boosted after his 2013 appearance in a Shark Tank episode where the show panel declined funding the startup.,"Siminof said that after the Shark Tank episode in 2013, there was a significant increase in sales.",10.685953479470333,35.06660092576785,eng_Latn, Siminoff said sales boosted after his 2013 appearance in a Shark Tank episode where the show panel declined funding the startup.,10.685953479470333,35.06660092576785,7.78125,5.34375
"Translate the following sentence from Hindi to English:
Q: 2017 के अंत में, सिमिनॉफ़ शॉपिंग टेलीविज़न चैनल QVC में दिखाई दिए.
A:","2017 के अंत में, सिमिनॉफ़ शॉपिंग टेलीविज़न चैनल QVC में दिखाई दिए.","In late 2017, Siminoff appeared on shopping television channel QVC.","At the end of 2017, Simonoff appeared on the QVC shopping channel.",14.62806365365753,50.23210374835975,eng_Latn," In late 2017, Siminoff appeared on shopping television channel QVC.",14.62806365365753,50.23210374835975,1.7421875,1.8515625
"Translate the following sentence from Hindi to English:
Q: रिंग ने अपनी प्रतिस्पर्धी कंपनी ADT कॉर्पोरेशन के साथ एक मुकदमा निपटाया है.
A:",रिंग ने अपनी प्रतिस्पर्धी कंपनी ADT कॉर्पोरेशन के साथ एक मुकदमा निपटाया है.,"Ring also settled a lawsuit with competing security company, the ADT Corporation.",Ring has settled a lawsuit with its competitor ADT Corporation.,42.16244124923305,55.22160591398497,eng_Latn," Ring also settled a lawsuit with competing security company, the ADT Corporation.",42.16244124923305,55.22160591398497,1.2734375,0.85546875
"Translate the following sentence from Hindi to English:
Q: जबकि एक प्रायोगिक वैक्सीन इबोला से मृत्यु दर में कमी हो सकती है, अब तक, कोई भी ड्रग्स स्पष्ट रूप से संक्रमण का इलाज करने के लिए प्रमाणितनहीं हुआ है.
A:","जबकि एक प्रायोगिक वैक्सीन इबोला से मृत्यु दर में कमी हो सकती है, अब तक, कोई भी ड्रग्स स्पष्ट रूप से संक्रमण का इलाज करने के लिए प्रमाणितनहीं हुआ है.","While one experimental vaccine appears able to reduce Ebola mortality, up until now, no drugs have been clearly demonstrated suitable for treating existing infection.","While a vaccine can reduce the mortality rate, no drug has been proven to cure the disease.",4.133984688360409,24.22008284117268,eng_Latn," While one experimental vaccine appears able to reduce Ebola mortality, up until now, no drugs have been clearly demonstrated suitable for treating existing infection.",4.133984688360409,24.22008284117268,3.75,4.25
"Translate the following sentence from Hindi to English:
Q: एक एंटीबॉडी कॉकटेल, ZMapp, ने शुरुआत में इस क्षेत्र में विश्वास दिखाया था, लेकिन औपचारिक अध्ययनों ने संकेत दिया कि मौत को रोकने में प्रत्याशित लाभ की तुलना में इसका लाभ कम था।
A:","एक एंटीबॉडी कॉकटेल, ZMapp, ने शुरुआत में इस क्षेत्र में विश्वास दिखाया था, लेकिन औपचारिक अध्ययनों ने संकेत दिया कि मौत को रोकने में प्रत्याशित लाभ की तुलना में इसका लाभ कम था।","One antibody cocktail, ZMapp, initially showed promise in the field, but formal studies indicated it had less benefit than sought in preventing death.","An antibody cocktail, ZMapp, initially showed promise in this area, but formal studies have shown that the benefits of ZMapp are less than expected.",46.575793908279884,59.068812838527016,eng_Latn," One antibody cocktail, ZMapp, initially showed promise in the field, but formal studies indicated it had less benefit than sought in preventing death.",46.575793908279884,59.068812838527016,4.40625,3.625
"Translate the following sentence from Hindi to English:
Q: PALM परीक्षण में, ZMapp ने एक नियंत्रण के रूप में कार्य किया, जिसका अर्थ है कि वैज्ञानिकों ने इसे बेसलाइन के रूप में इस्तेमाल किया और इसके साथ तीन अन्य उपचारों की तुलना की.
A:","PALM परीक्षण में, ZMapp ने एक नियंत्रण के रूप में कार्य किया, जिसका अर्थ है कि वैज्ञानिकों ने इसे बेसलाइन के रूप में इस्तेमाल किया और इसके साथ तीन अन्य उपचारों की तुलना की.","In the PALM trial, ZMapp served as a control, meaning scientists used it as a baseline and compared the three other treatments to it.","In the placebo-controlled trial, ZMapp was used as a control.",13.628380647489188,28.50341605059132,eng_Latn," In the PALM trial, ZMapp served as a control, meaning scientists used it as a baseline and compared the three other treatments to it.",13.628380647489188,28.50341605059132,13.5625,12.5625
"Translate the following sentence from Hindi to English:
Q: अमेरिकी जिमनास्टिक्स, संयुक्त राज्य ओलंपिक समिति के पत्र का समर्थन करता है. साथ ही, सभी एथलीटों को एक सुरक्षित माहौल देने के लिए, ओलंपिक परिवार के होने की अहमियत स्वीकार करता है.
A:","अमेरिकी जिमनास्टिक्स, संयुक्त राज्य ओलंपिक समिति के पत्र का समर्थन करता है. साथ ही, सभी एथलीटों को एक सुरक्षित माहौल देने के लिए, ओलंपिक परिवार के होने की अहमियत स्वीकार करता है.",USA Gymnastics supports the United States Olympic Committee's letter and accepts the absolute need of the Olympic family to promote a safe environment for all of our athletes.,The US Olympic Committee (USOC) has said that it is in support of the International Olympic Committee (IOC) and the International Paralympic Committee (IPC) in their efforts to ensure that the Olympic Games are held in a safe environment.,4.824768341573766,36.958830599564074,eng_Latn, USA Gymnastics supports the United States Olympic Committee's letter and accepts the absolute need of the Olympic family to promote a safe environment for all of our athletes.,4.824768341573766,36.958830599564074,7.09375,6.96875
"Translate the following sentence from Hindi to English:
Q: हम USOC के इस कथन से सहमत हैं कि हमारे एथलीटों और क्लबों और उनके खेल, हमारे संगठन के भीतर सार्थक बदलाव के साथ आगे बढ़ कर बेहतर सेवा की जा सकती है ना की विप्रमाणन से |
A:","हम USOC के इस कथन से सहमत हैं कि हमारे एथलीटों और क्लबों और उनके खेल, हमारे संगठन के भीतर सार्थक बदलाव के साथ आगे बढ़ कर बेहतर सेवा की जा सकती है ना की विप्रमाणन से |","We agree with the USOC's statement that the interests of our athletes and clubs, and their sport, may be better served by moving forward with meaningful change within our organization, rather than decertification.",We agree with the statement that our athletes and clubs and their sports can be better served by the USOC.,20.477582223439583,43.063662421301544,eng_Latn," We agree with the USOC's statement that the interests of our athletes and clubs, and their sport, may be better served by moving forward with meaningful change within our organization, rather than decertification.",20.477582223439583,43.063662421301544,12.875,11.25
"Translate the following sentence from Hindi to English:
Q: यूएसए जिमनास्टिक्स एक स्वतंत्र जाँच का समर्थन करता है जो इस बात पर प्रकाश डाल सकता है कि लैरी नासर के बचे लोगों द्वारा इतनी हिम्मत से बताए गए प्रपोर्शन का दुरुपयोग इतने लंबे समय तक चल सकता था और किसी भी आवश्यक और उचित परिवर्तन को अपना सकता है.
A:",यूएसए जिमनास्टिक्स एक स्वतंत्र जाँच का समर्थन करता है जो इस बात पर प्रकाश डाल सकता है कि लैरी नासर के बचे लोगों द्वारा इतनी हिम्मत से बताए गए प्रपोर्शन का दुरुपयोग इतने लंबे समय तक चल सकता था और किसी भी आवश्यक और उचित परिवर्तन को अपना सकता है.,USA Gymnastics supports an independent investigation that may shine light on how abuse of the proportion described so courageously by the survivors of Larry Nassar could have gone undetected for so long and embraces any necessary and appropriate changes.,The US Gymnastics Federation has supported the independent investigation.,0.6685534717699531,19.290777897218227,eng_Latn, USA Gymnastics supports an independent investigation that may shine light on how abuse of the proportion described so courageously by the survivors of Larry Nassar could have gone undetected for so long and embraces any necessary and appropriate changes.,0.6685534717699531,19.290777897218227,15.0,17.875
"Translate the following sentence from Hindi to English:
Q: यूएसए जिमनास्टिक्स और यूएसओसी का एक ही लक्ष्य है — एथलीटों को सुरक्षित, सकारात्मक और सशक्त वातावरण में अपने सपनों का अनुसरण करने के लिए जिमनास्टिक्स और अन्य लोगों के खेल को जितना संभव हो सके उतना सुरक्षित बनाना.
A:","यूएसए जिमनास्टिक्स और यूएसओसी का एक ही लक्ष्य है — एथलीटों को सुरक्षित, सकारात्मक और सशक्त वातावरण में अपने सपनों का अनुसरण करने के लिए जिमनास्टिक्स और अन्य लोगों के खेल को जितना संभव हो सके उतना सुरक्षित बनाना.","USA Gymnastics and the USOC have the same goal — making the sport of gymnastics, and others, as safe as possible for athletes to follow their dreams in a safe, positive and empowered environment.",The USOC and USA Gymnastics have the same goal — to make the sport as safe as possible.,16.76983760793639,35.8557488392046,eng_Latn," USA Gymnastics and the USOC have the same goal — making the sport of gymnastics, and others, as safe as possible for athletes to follow their dreams in a safe, positive and empowered environment.",16.76983760793639,35.8557488392046,7.28125,9.0625
"Translate the following sentence from Hindi to English:
Q: 1960 के दशक के दौरान, ब्रेझिन्स्की ने जॉन एफ कैनेडी के सलाहकार के तौर पर और उसके बाद लिंडन बी जॉनसन के प्रशासन के लिए काम किया.
A:","1960 के दशक के दौरान, ब्रेझिन्स्की ने जॉन एफ कैनेडी के सलाहकार के तौर पर और उसके बाद लिंडन बी जॉनसन के प्रशासन के लिए काम किया.","Throughout 1960s, Brzezinski worked for John F. Kennedy as his advisor and then the Lyndon B. Johnson administration.","During the 1960s, Brezhnev worked as an advisor to John F. Kennedy and later as an advisor to Lyndon B. Johnson.",29.066145742597676,48.949946145040485,eng_Latn," Throughout 1960s, Brzezinski worked for John F. Kennedy as his advisor and then the Lyndon B. Johnson administration.",29.066145742597676,48.949946145040485,4.53125,7.21875
"Translate the following sentence from Hindi to English:
Q: 1976 चयन के दौरान उन्होंने विदेश नीति पर कार्टर को सलाह दी, फिर 1977 से लेकर 1981 तक राष्ट्रीय सुरक्षा सलाहकार (एनएसए) के रूप में हेनरी किसिंजर को सेवा दी.
A:","1976 चयन के दौरान उन्होंने विदेश नीति पर कार्टर को सलाह दी, फिर 1977 से लेकर 1981 तक राष्ट्रीय सुरक्षा सलाहकार (एनएसए) के रूप में हेनरी किसिंजर को सेवा दी.","During the 1976 selections he advised Carter on foreign policy, then served as National Security Advisor (NSA) from 1977 to 1981, succeeding Henry Kissinger.","During the selection of the 1976, he advised Carter on foreign policy, then served as National Security Advisor (NSA) from 1977 to 1981.",65.70832228246482,78.64466452847444,eng_Latn," During the 1976 selections he advised Carter on foreign policy, then served as National Security Advisor (NSA) from 1977 to 1981, succeeding Henry Kissinger.",65.70832228246482,78.64466452847444,5.9375,4.875
"Translate the following sentence from Hindi to English:
Q: एनएसए के रूप में, उन्होंने कूटनीतिक रूप से विश्व मामलों को संभालने में कार्टर की सहायता की, जैसे कि कैंप डेविड एकॉर्ड्स, 1978; 1970 के दशक के अंत में अमेरिका-चीन संबंधों को सामान्य बनाना; ईरानी क्रांति, जो ईरान बंधक संकट का कारण बनी, 1979; और अफ़गानिस्तान में सोवियत आक्रमण, 1979.
A:","एनएसए के रूप में, उन्होंने कूटनीतिक रूप से विश्व मामलों को संभालने में कार्टर की सहायता की, जैसे कि कैंप डेविड एकॉर्ड्स, 1978; 1970 के दशक के अंत में अमेरिका-चीन संबंधों को सामान्य बनाना; ईरानी क्रांति, जो ईरान बंधक संकट का कारण बनी, 1979; और अफ़गानिस्तान में सोवियत आक्रमण, 1979.","As NSA, he assisted Carter in diplomatically handling world affairs, such as the Camp David Accords, 1978; normalizing US–China relations thought the late 1970s; the Iranian Revolution, which led to the Iran hostage crisis, 1979; and the Soviet invasion in Afghanistan, 1979.","As NSA, he helped Carter in handling diplomatic matters, such as the Camp David Accords, 1978; the end of the Cold War, 1989; and the end of the Soviet Union, 1991.",21.43196708784481,40.47525659281032,eng_Latn," As NSA, he assisted Carter in diplomatically handling world affairs, such as the Camp David Accords, 1978; normalizing US–China relations thought the late 1970s; the Iranian Revolution, which led to the Iran hostage crisis, 1979; and the Soviet invasion in Afghanistan, 1979.",21.43196708784481,40.47525659281032,9.125,7.625
"Translate the following sentence from Hindi to English:
Q: जिस फिल्म में रायन गोज़लिंग और एम्मा स्टोन ने मुख्य भूमिकाएँ निभाई हैं, उसे सभी प्रमुख श्रेणियों में नॉमिनेशन किया गया है.
A:","जिस फिल्म में रायन गोज़लिंग और एम्मा स्टोन ने मुख्य भूमिकाएँ निभाई हैं, उसे सभी प्रमुख श्रेणियों में नॉमिनेशन किया गया है.","The movie, featuring Ryan Gosling and Emma Stone, received nominations in all major categories.",The film which Ryan Gosling and Emma Stone have acted in has been nominated in all the major categories.,29.270571215593964,55.98439877862382,eng_Latn," The movie, featuring Ryan Gosling and Emma Stone, received nominations in all major categories.",29.270571215593964,55.98439877862382,3.671875,3.03125
"Translate the following sentence from Hindi to English:
Q: गोसलिंग और स्टोन को क्रमशः सर्वश्रेष्ठ अभिनेता और अभिनेत्री के लिए नामांकन मिला है.
A:",गोसलिंग और स्टोन को क्रमशः सर्वश्रेष्ठ अभिनेता और अभिनेत्री के लिए नामांकन मिला है.,Gosling and Stone received nominations for Best Actor and Actress respectively.,Gosling and Stone were both nominated for the best actor and actress respectively.,29.11892337378931,56.942983436818395,eng_Latn, Gosling and Stone received nominations for Best Actor and Actress respectively.,29.11892337378931,56.942983436818395,2.984375,2.84375
"Translate the following sentence from Hindi to English:
Q: अन्य नामांकनों में बेस्ट पिक्चर, डायरेक्टर, सिनेमेटोग्राफ़ी, कॉस्ट्यूम डिज़ाइन, फ़िल्म-संपादन, मूल स्कोर, प्रोडक्शन डिज़ाइन, ध्वनि संपादन, ध्वनि मिश्रण और ओरिजनल स्क्रीनप्ले शामिल हैं.
A:","अन्य नामांकनों में बेस्ट पिक्चर, डायरेक्टर, सिनेमेटोग्राफ़ी, कॉस्ट्यूम डिज़ाइन, फ़िल्म-संपादन, मूल स्कोर, प्रोडक्शन डिज़ाइन, ध्वनि संपादन, ध्वनि मिश्रण और ओरिजनल स्क्रीनप्ले शामिल हैं.","The other nominations include Best Picture, Director, Cinematography, Costume Design, Film-editing, Original Score, Production Design, Sound Editing, Sound Mixing and Original Screenplay.","Other than the Best Picture, the other nominations are:",1.6011104375836482,19.026510310818242,eng_Latn," The other nominations include Best Picture, Director, Cinematography, Costume Design, Film-editing, Original Score, Production Design, Sound Editing, Sound Mixing and Original Screenplay.",1.6011104375836482,19.026510310818242,21.625,18.375
"Translate the following sentence from Hindi to English:
Q: ऑडिशन (द फ़ूल्स हू ड्रीम) और सिटी ऑफ़ स्टार्स के दो गानो को सर्वश्रेष्ठ मूल गीत के लिए नामांकन मिला. किसी भी अन्य स्टूडियो से ज़्यादा — लायंसगेट स्टूडियो को 26 नामांकन मिले.
A:",ऑडिशन (द फ़ूल्स हू ड्रीम) और सिटी ऑफ़ स्टार्स के दो गानो को सर्वश्रेष्ठ मूल गीत के लिए नामांकन मिला. किसी भी अन्य स्टूडियो से ज़्यादा — लायंसगेट स्टूडियो को 26 नामांकन मिले.,"Two songs from the movie, Audition (The Fools Who Dream) and City of Stars, received nominations for best original song. Lionsgate studio received 26 nominations — more than any other studio.",The two songs from The Fools Who Dream and City of Stars were nominated for Best Original Song.,8.923970677068132,32.911306685358184,eng_Latn," Two songs from the movie, Audition (The Fools Who Dream) and City of Stars, received nominations for best original song. Lionsgate studio received 26 nominations — more than any other studio.",8.923970677068132,32.911306685358184,15.1875,10.875
"Translate the following sentence from Hindi to English:
Q: रविवार को देर शाम, यूनाइटेड स्टेट्स के राष्ट्रपति डोनाल्ड ट्रंप ने प्रेस सेक्रेटरी के ज़रिए दिए बयान में बताया कि यूएस सेना सीरिया को छोड़ने वाली है.
A:","रविवार को देर शाम, यूनाइटेड स्टेट्स के राष्ट्रपति डोनाल्ड ट्रंप ने प्रेस सेक्रेटरी के ज़रिए दिए बयान में बताया कि यूएस सेना सीरिया को छोड़ने वाली है.","Late on Sunday, the United States President Donald Trump, in a statement delivered via the press secretary, announced US troops would be leaving Syria.","On Sunday evening, the US President Donald Trump said in a statement to the press that the US will leave Syria.",10.808862337382292,41.66453312069249,eng_Latn," Late on Sunday, the United States President Donald Trump, in a statement delivered via the press secretary, announced US troops would be leaving Syria.",10.808862337382292,41.66453312069249,4.75,4.8125
"Translate the following sentence from Hindi to English:
Q: तुर्की के राष्ट्रपति रजब तैयब इरदुगान के साथ ट्रंप की फ़ोन पर चर्चा होने के बाद घोषणा की गई थी.
A:",तुर्की के राष्ट्रपति रजब तैयब इरदुगान के साथ ट्रंप की फ़ोन पर चर्चा होने के बाद घोषणा की गई थी.,The announcement was made after Trump had a phone conversation with Turkish President Recep Tayyip Erdoğan.,"After the phone call between the Turkish President and the US President, it was announced that the US would be withdrawing from the UN Security Council.",3.2677968802443296,30.90907523886599,eng_Latn, The announcement was made after Trump had a phone conversation with Turkish President Recep Tayyip Erdoğan.,3.2677968802443296,30.90907523886599,8.0625,8.75
"Translate the following sentence from Hindi to English:
Q: तुर्की ने आईएसआईएस के लड़ाकों को पकड़ना और निगरानी करना शुरू कर दिया है, बयान में कहा गया है कि यूरोपीय देशों ने प्रत्यावर्तन करने से इन्कार कर दिया है.
A:","तुर्की ने आईएसआईएस के लड़ाकों को पकड़ना और निगरानी करना शुरू कर दिया है, बयान में कहा गया है कि यूरोपीय देशों ने प्रत्यावर्तन करने से इन्कार कर दिया है.","Turkey would also take over guarding captured ISIS fighters which, the statement said, European nations have refused to repatriate.","Turkey has started to detain and monitor ISIS fighters, the statement said.",15.30737142289979,33.87973483239081,eng_Latn," Turkey would also take over guarding captured ISIS fighters which, the statement said, European nations have refused to repatriate.",15.30737142289979,33.87973483239081,15.625,13.0625
"Translate the following sentence from Hindi to English:
Q: यह न केवल इसकी पुष्टि करता है कि कम से कम कुछ डायनासोर के पंख थे, एक सिद्धांत पहले से ही प्रचलित है, लेकिन यह ऐसी जानकारी प्रदान करता जो जीवाश्म आमतौर पर नहीं कर सकते, जैसे रंग और तीन आयामी अरेंजमेंट.
A:","यह न केवल इसकी पुष्टि करता है कि कम से कम कुछ डायनासोर के पंख थे, एक सिद्धांत पहले से ही प्रचलित है, लेकिन यह ऐसी जानकारी प्रदान करता जो जीवाश्म आमतौर पर नहीं कर सकते, जैसे रंग और तीन आयामी अरेंजमेंट.","This not only confirms that at least some dinosaurs had feathers, a theory already widespread, but provides details fossils generally cannot, such as color and three-dimensional arrangement.","This not only confirms that at least some dinosaurs had feathers, a theory that is already prevalent, but it provides information that fossils cannot provide, such as color and three-dimensional arrangement.",66.34086930659703,76.89653359761822,eng_Latn," This not only confirms that at least some dinosaurs had feathers, a theory already widespread, but provides details fossils generally cannot, such as color and three-dimensional arrangement.",66.34086930659703,76.89653359761822,1.5625,1.140625
"Translate the following sentence from Hindi to English:
Q: वैज्ञानिकों का यह कहना है कि इस जानवर के रोमछिद्र भूरे और कैरोटीनॉयड के नीचे का रंग भूरा-भूरा था।
A:",वैज्ञानिकों का यह कहना है कि इस जानवर के रोमछिद्र भूरे और कैरोटीनॉयड के नीचे का रंग भूरा-भूरा था।,. Scientists say this animal's plumage was chestnut-brown on top with a pale or carotenoid-colored underside.,The scientists say that the colour of the animal was brown.,1.093041179008182,23.816853133045367,eng_Latn, . Scientists say this animal's plumage was chestnut-brown on top with a pale or carotenoid-colored underside.,1.093041179008182,23.816853133045367,15.375,16.125
"Translate the following sentence from Hindi to English:
Q: यह खोज पक्षियों में पंखों के विकास की पूरी जानकारी भी प्रदान करती है.
A:",यह खोज पक्षियों में पंखों के विकास की पूरी जानकारी भी प्रदान करती है.,The find also grants insight into the evolution of feathers in birds.,This discovery also provides information about the evolution of wings in birds.,14.963996696262031,42.91097759070995,eng_Latn, The find also grants insight into the evolution of feathers in birds.,14.963996696262031,42.91097759070995,2.046875,3.765625
"Translate the following sentence from Hindi to English:
Q: हालाँकि, डायनासोर के पंखों के शाफ्ट पूरी तरह से विकसित नहीं होते हैं और उन्हें रैचिस कहा जाता है. लेकिन उनके पंखों में बार्ब्स और बार्बुल्स जैसी अन्य खूबियाँ होती हैं. शोधकर्ताओं ने अनुमान लगाया है कि डायनासोर की अन्य खूबियों की तरह शायद रैचिस भी बाद में विकसित हुए होंगे.
A:","हालाँकि, डायनासोर के पंखों के शाफ्ट पूरी तरह से विकसित नहीं होते हैं और उन्हें रैचिस कहा जाता है. लेकिन उनके पंखों में बार्ब्स और बार्बुल्स जैसी अन्य खूबियाँ होती हैं. शोधकर्ताओं ने अनुमान लगाया है कि डायनासोर की अन्य खूबियों की तरह शायद रैचिस भी बाद में विकसित हुए होंगे.","Because the dinosaur feathers do not have a well-developed shaft, called a rachis, but do have other features of feathers — barbs and barbules — the researchers inferred the rachis was likely a later evolutionary development that these other features.",,0.0,0.0,eng_Latn," Because the dinosaur feathers do not have a well-developed shaft, called a rachis, but do have other features of feathers — barbs and barbules — the researchers inferred the rachis was likely a later evolutionary development that these other features.",0.0,0.0,9.6875,20.125
"Translate the following sentence from Hindi to English:
Q: पंखों की संरचना से पता चलता है कि उनका उपयोग उड़ान में नहीं, बल्कि तापमान विनियमन या प्रदर्शन के लिए किया जाता था। शोधकर्ताओं ने सुझाव दिया कि, भले ही यह एक युवा डायनासोर की पूँछ हो, लेकिन नमूना वयस्क साहुल दर्शाता है ना कि बच्चे का निचला हिस्सा।
A:","पंखों की संरचना से पता चलता है कि उनका उपयोग उड़ान में नहीं, बल्कि तापमान विनियमन या प्रदर्शन के लिए किया जाता था। शोधकर्ताओं ने सुझाव दिया कि, भले ही यह एक युवा डायनासोर की पूँछ हो, लेकिन नमूना वयस्क साहुल दर्शाता है ना कि बच्चे का निचला हिस्सा।","The feathers' structure suggests that they were not used in flight but rather for temperature regulation or display. The researchers suggested that, even though this is the tail of a young dinosaur, the sample shows adult plumage and not a chick's down.",The structure of the wings suggests that they were used for temperature regulation or display.,6.629329641743666,32.53794121112979,eng_Latn," The feathers' structure suggests that they were not used in flight but rather for temperature regulation or display. The researchers suggested that, even though this is the tail of a young dinosaur, the sample shows adult plumage and not a chick's down.",6.629329641743666,32.53794121112979,20.75,19.375
"Translate the following sentence from Hindi to English:
Q: शोधकर्ताओं ने सुझाव दिया कि, भले ही यह किसी छोटे डायनासोर की पूंछ है, लेकिन नमूना वयस्क के पंख का लगता है ना कि किसी बच्चे का।
A:","शोधकर्ताओं ने सुझाव दिया कि, भले ही यह किसी छोटे डायनासोर की पूंछ है, लेकिन नमूना वयस्क के पंख का लगता है ना कि किसी बच्चे का।","The researchers suggested that, even though this is the tail of a young dinosaur, the sample shows adult plumage and not a chick's down.",The sample is believed to be that of a small dinosaur.,1.9699555015990413,19.037079957527965,eng_Latn," The researchers suggested that, even though this is the tail of a young dinosaur, the sample shows adult plumage and not a chick's down.",1.9699555015990413,19.037079957527965,17.75,15.1875
"Translate the following sentence from Hindi to English:
Q: कल सुबह तुर्की के गाज़ियाँटेप में पुलिस मुख्यालय में एक कार बम विस्फोट हुआ, जिसमें दो पुलिस अधिकारी मारे गए और बीस से अधिक लोग घायल हुए.
A:","कल सुबह तुर्की के गाज़ियाँटेप में पुलिस मुख्यालय में एक कार बम विस्फोट हुआ, जिसमें दो पुलिस अधिकारी मारे गए और बीस से अधिक लोग घायल हुए.","A car bomb detonated at police headquarters in Gaziantep, Turkey yesterday morning killed two police officers and injured more than twenty other people.","On the morning of 12th December 2016, a car bomb exploded in the police headquarters in Gaziantep, Turkey.",31.20893024725986,39.43775567617057,eng_Latn," A car bomb detonated at police headquarters in Gaziantep, Turkey yesterday morning killed two police officers and injured more than twenty other people.",31.20893024725986,39.43775567617057,13.0625,10.375
"Translate the following sentence from Hindi to English:
Q: राज्यपाल के कार्यालय ने बताया कि घायलों में से उन्नीस पुलिस अधिकारी थे।
A:",राज्यपाल के कार्यालय ने बताया कि घायलों में से उन्नीस पुलिस अधिकारी थे।,The governor's office said nineteen of the injured were police officers.,The Governor's office said that nineteen police officers were injured.,33.94876846686239,64.86743979415117,eng_Latn, The governor's office said nineteen of the injured were police officers.,33.94876846686239,64.86743979415117,4.71875,3.921875
"Translate the following sentence from Hindi to English:
Q: पुलिस ने कहा कि उन्हें हमले के लिए ज़िम्मेदार कथित डाएश (आईएसआईएल) लड़ाकों पर संदेह है.
A:",पुलिस ने कहा कि उन्हें हमले के लिए ज़िम्मेदार कथित डाएश (आईएसआईएल) लड़ाकों पर संदेह है.,Police said they suspect an alleged Daesh (ISIL) militant of responsibility for the attack.,The police said that they have doubts about the attackers.,4.198387697463197,24.618621270704548,eng_Latn, Police said they suspect an alleged Daesh (ISIL) militant of responsibility for the attack.,4.198387697463197,24.618621270704548,12.0,11.625
"Translate the following sentence from Hindi to English:
Q: उन्होंने पाया कि सूर्य अन्य सितारों के समान मूल सिद्धांतों पर संचालित होता है: मंडल के सभी सितारों की गतिविधि उनके प्रकाश, उनके परिक्रमण द्वारा संचालित थी, किसी और कारण से नहीं।
A:","उन्होंने पाया कि सूर्य अन्य सितारों के समान मूल सिद्धांतों पर संचालित होता है: मंडल के सभी सितारों की गतिविधि उनके प्रकाश, उनके परिक्रमण द्वारा संचालित थी, किसी और कारण से नहीं।","They found the Sun operated on the same basic principles as other stars: The activity of all stars in the system was found to be driven by their luminosity, their rotation, and nothing else.",They found that the Sun is like other stars.,0.5571894728134889,15.935017835762439,eng_Latn," They found the Sun operated on the same basic principles as other stars: The activity of all stars in the system was found to be driven by their luminosity, their rotation, and nothing else.",0.5571894728134889,15.935017835762439,16.625,18.125
"Translate the following sentence from Hindi to English:
Q: एक तारे की रॉस्बी संख्या, जो प्लाज़्मा फ़्लो से संबंधित है, का पता लगाने के लिए उसकी चमक और रोटेशन का एक साथ इस्तेमाल किया जाता है,
A:","एक तारे की रॉस्बी संख्या, जो प्लाज़्मा फ़्लो से संबंधित है, का पता लगाने के लिए उसकी चमक और रोटेशन का एक साथ इस्तेमाल किया जाता है,","The luminosity and rotation are used together to determine a star's Rossby number, which is related to plasma flow.",The rotational velocity of a star is measured by observing the Doppler shift in the light from the star.,3.802640512300087,22.117896507262234,eng_Latn," The luminosity and rotation are used together to determine a star's Rossby number, which is related to plasma flow.",3.802640512300087,22.117896507262234,11.25,9.6875
"Translate the following sentence from Hindi to English:
Q: रॉस्बी संख्या जितनी छोटी होगी, चुंबकीय उत्क्रमण के संबंध में तारा उतना ही कम सक्रिय होगा.
A:","रॉस्बी संख्या जितनी छोटी होगी, चुंबकीय उत्क्रमण के संबंध में तारा उतना ही कम सक्रिय होगा.","The smaller the Rossby number, the less active the star with respect to magnetic reversals.","The smaller the Rossby number, the less active the star will be in terms of magnetic reversal.",60.54657750562689,77.305954099069,eng_Latn," The smaller the Rossby number, the less active the star with respect to magnetic reversals.",60.54657750562689,77.305954099069,4.0625,2.0
"Translate the following sentence from Hindi to English:
Q: अपनी यात्रा के दौरान, इवासाकी कई मौकों पर परेशानियों में फंस गया था.
A:","अपनी यात्रा के दौरान, इवासाकी कई मौकों पर परेशानियों में फंस गया था.","During his trip, Iwasaki ran into trouble on many occasions.","During his journey, Iwasaki faced many difficulties.",21.152545079560706,34.60745107806502,eng_Latn," During his trip, Iwasaki ran into trouble on many occasions.",21.152545079560706,34.60745107806502,3.734375,2.671875
"Translate the following sentence from Hindi to English:
Q: उसे समुद्री डाकुओं ने लूटा था, तिब्बत में पागल कुत्ते ने हमला किया, नेपाल में शादी से भाग निकला और भारत में गिरफ्तार कर लिया गया।
A:","उसे समुद्री डाकुओं ने लूटा था, तिब्बत में पागल कुत्ते ने हमला किया, नेपाल में शादी से भाग निकला और भारत में गिरफ्तार कर लिया गया।","He was robbed by pirates, attacked in Tibet by a rabid dog, escaped marriage in Nepal and was arrested in India.","He was robbed by pirates, attacked by a mad dog, ran away from a wedding, and arrested in India.",46.11180040219959,55.940867790821756,eng_Latn," He was robbed by pirates, attacked in Tibet by a rabid dog, escaped marriage in Nepal and was arrested in India.",46.11180040219959,55.940867790821756,5.90625,4.03125
"Translate the following sentence from Hindi to English:
Q: 802.11n मानक दोनों 2.4 गीगाहर्टज़ और 5.0 गीगाहर्टज़ आवृत्तियों पर काम करता है.
A:",802.11n मानक दोनों 2.4 गीगाहर्टज़ और 5.0 गीगाहर्टज़ आवृत्तियों पर काम करता है.,The 802.11n standard operates on both the 2.4Ghz and 5.0Ghz frequencies.,802.11n is a standard that works on both 2.4 GHz and 5 GHz frequencies.,16.87239226432273,47.97297391078657,eng_Latn, The 802.11n standard operates on both the 2.4Ghz and 5.0Ghz frequencies.,16.87239226432273,47.97297391078657,0.59375,0.59765625
"Translate the following sentence from Hindi to English:
Q: यह इसे 802.11a, 802.11b और 802.11g के साथ पीछे की ओर संगत करने की अनुमति देगा, बशर्ते कि बेस स्टेशन में दोहरे रेडियो हों.
A:","यह इसे 802.11a, 802.11b और 802.11g के साथ पीछे की ओर संगत करने की अनुमति देगा, बशर्ते कि बेस स्टेशन में दोहरे रेडियो हों.","This will allow it to be backwards compatible with 802.11a, 802.11b and 802.11g, provided that the base station has dual radios.","It will allow the device to be backward compatible with 802.11a, 802.11b and 802.11g.",48.72063322955894,53.920843990897346,eng_Latn," This will allow it to be backwards compatible with 802.11a, 802.11b and 802.11g, provided that the base station has dual radios.",48.72063322955894,53.920843990897346,10.125,5.875
"Translate the following sentence from Hindi to English:
Q: 600 मेगाबिट/सेकंड के अधिकतम थियोरिटीकल थ्रोपुट के साथ 802.11n की गति अपने पहले वाले चालकों से उल्लेखनीय रूप से बहुत तेज़ है.
A:",600 मेगाबिट/सेकंड के अधिकतम थियोरिटीकल थ्रोपुट के साथ 802.11n की गति अपने पहले वाले चालकों से उल्लेखनीय रूप से बहुत तेज़ है.,The speeds of 802.11n are substantially faster than that of its predecessors with a maximum theoretical throughput of 600Mbit/s.,The speed of 802.11n is much faster than its previous versions.,8.716416952133995,26.872831621403016,eng_Latn, The speeds of 802.11n are substantially faster than that of its predecessors with a maximum theoretical throughput of 600Mbit/s.,8.716416952133995,26.872831621403016,12.9375,12.0625
"Translate the following sentence from Hindi to English:
Q: डुवैल, जो विवाहित है और उसके दो वयस्क बच्चे हैं, उसने मिलर पर बड़ा असर नहीं किया, जिस से कहानी संबंधित है.
A:","डुवैल, जो विवाहित है और उसके दो वयस्क बच्चे हैं, उसने मिलर पर बड़ा असर नहीं किया, जिस से कहानी संबंधित है.","Duvall, who is married with two adult children, did not leave a big impression on Miller, to whom the story was related.","Duvall, who is married and has two adult children, has not had a major impact on Miller, which is related to the story.",33.46080538499995,56.355268209233536,eng_Latn," Duvall, who is married with two adult children, did not leave a big impression on Miller, to whom the story was related.",33.46080538499995,56.355268209233536,4.125,3.796875
"Translate the following sentence from Hindi to English:
Q: जब टिप्पणी के लिए कहा गया, तो मिलर ने कहा, “माइक सुनते समय बहुत सारी बातें करता है ... मैं तैयार हो रहा था इसलिए वह जो कह रहा था मैं वास्तव में उसे सुन नहीं रहा था”.
A:","जब टिप्पणी के लिए कहा गया, तो मिलर ने कहा, “माइक सुनते समय बहुत सारी बातें करता है ... मैं तैयार हो रहा था इसलिए वह जो कह रहा था मैं वास्तव में उसे सुन नहीं रहा था”.","When asked for comment, Miller said, ""Mike talks a lot during the hearing...I was getting ready so I wasn't really hearing what he was saying.""","When asked for a comment, Miller said, “I was not listening to Mike”",11.769147351249309,31.936666862679154,eng_Latn," When asked for comment, Miller said, ""Mike talks a lot during the hearing...I was getting ready so I wasn't really hearing what he was saying.""",11.769147351249309,31.936666862679154,15.75,14.875
"Translate the following sentence from Hindi to English:
Q: “हू ने कहा, हम 2005 के स्तर से 2020 तक उल्लेखनीय अंतर से सकल घरेलू उत्पाद की प्रति यूनिट कार्बन डाइऑक्साइड उत्सर्जन में कटौती करने का प्रयास करेंगे.
A:","“हू ने कहा, हम 2005 के स्तर से 2020 तक उल्लेखनीय अंतर से सकल घरेलू उत्पाद की प्रति यूनिट कार्बन डाइऑक्साइड उत्सर्जन में कटौती करने का प्रयास करेंगे.","""We will endeavour to cut carbon dioxide emissions per unit of GDP by a notable margin by 2020 from the 2005 level,"" Hu said.",“We will try to reduce the carbon dioxide emissions from 2005 to 2020.”,5.527199151862513,31.167771076489103,eng_Latn," ""We will endeavour to cut carbon dioxide emissions per unit of GDP by a notable margin by 2020 from the 2005 level,"" Hu said.",5.527199151862513,31.167771076489103,12.375,12.125
"Translate the following sentence from Hindi to English:
Q: यह कहते हुए कि वे चीन के आर्थिक उत्पादन के आधार पर बनाए जाएँगे, उन्होंने कटौती के लिए कोई आँकड़ा निर्धारित नहीं किया.
A:","यह कहते हुए कि वे चीन के आर्थिक उत्पादन के आधार पर बनाए जाएँगे, उन्होंने कटौती के लिए कोई आँकड़ा निर्धारित नहीं किया.","He did not set a figure for the cuts, saying they will be made based on China's economic output.",They did not specify any figure for the reduction.,6.103262303609104,25.825082066839002,eng_Latn," He did not set a figure for the cuts, saying they will be made based on China's economic output.",6.103262303609104,25.825082066839002,13.5,11.8125
"Translate the following sentence from Hindi to English:
Q: हू ने विकासशील देशों को “ पुराने तरीकों से प्रदूषण फैलाने से रोकने और बाद में सफाई करने के लिए प्रोत्साहित किया।”
A:",हू ने विकासशील देशों को “ पुराने तरीकों से प्रदूषण फैलाने से रोकने और बाद में सफाई करने के लिए प्रोत्साहित किया।”,"Hu encouraged developing countries ""to avoid the old path of polluting first and cleaning up later.""",He encouraged the developing countries to use the old methods of pollution control.,6.256756097722329,42.63485952660015,eng_Latn," Hu encouraged developing countries ""to avoid the old path of polluting first and cleaning up later.""",6.256756097722329,42.63485952660015,8.5625,11.9375
"Translate the following sentence from Hindi to English:
Q: उन्होंने आगे कहा कि “हालाँकि, उन्हें ऐसे दायित्व लेने के लिए नहीं कहा जाना चाहिए जो उनके विकास के चरण, जिम्मेदारी और क्षमताओं से परे हैं.”
A:","उन्होंने आगे कहा कि “हालाँकि, उन्हें ऐसे दायित्व लेने के लिए नहीं कहा जाना चाहिए जो उनके विकास के चरण, जिम्मेदारी और क्षमताओं से परे हैं.”","He added that ""they should not, however, be asked to take on obligations that go beyond their development stage, responsibility and capabilities.""","They said that they should not be asked to take on responsibilities that are beyond their development stage, responsibility, and capabilities.",38.13415545749341,65.8239242164364,eng_Latn," He added that ""they should not, however, be asked to take on obligations that go beyond their development stage, responsibility and capabilities.""",38.13415545749341,65.8239242164364,3.046875,3.4375
"Translate the following sentence from Hindi to English:
Q: आज 12.00 GMT पर इराक स्टडी ग्रुप ने अपनी रिपोर्ट प्रस्तुत की.
A:",आज 12.00 GMT पर इराक स्टडी ग्रुप ने अपनी रिपोर्ट प्रस्तुत की.,The Iraq Study Group presented its report at 12.00 GMT today.,"Today at 12.00 GMT, the Iraq Study Group presented its report.",58.282339541526504,81.24168065048477,eng_Latn, The Iraq Study Group presented its report at 12.00 GMT today.,58.282339541526504,81.24168065048477,1.15625,0.609375
"Translate the following sentence from Hindi to English:
Q: यह चेतावनी देता है कि कोई भी इस बात की गारंटी नहीं दे सकता कि इस स्थिति में इराक में किसी भी तरह की कार्रवाई से सांप्रदायिक युद्ध, बढ़ती हिंसा या अराजकता पर लगाम लगेगी.
A:","यह चेतावनी देता है कि कोई भी इस बात की गारंटी नहीं दे सकता कि इस स्थिति में इराक में किसी भी तरह की कार्रवाई से सांप्रदायिक युद्ध, बढ़ती हिंसा या अराजकता पर लगाम लगेगी.","It warns No one can guarantee that any course of action in Iraq at this point will stop sectarian warfare, growing violence, or a slide toward chaos.",This warning suggests that the situation in Iraq is very volatile and that any action taken by the US or its allies could have serious consequences.,3.4187460074496236,24.789478993225256,eng_Latn," It warns No one can guarantee that any course of action in Iraq at this point will stop sectarian warfare, growing violence, or a slide toward chaos.",3.4187460074496236,24.789478993225256,5.96875,4.5
"Translate the following sentence from Hindi to English:
Q: खुली बहस और मध्य पूर्व की ओर नीति के बारे में संयुक्त राज्य अमेरिका में आम सहमति बनाने के लिए रिपोर्ट एक याचिका के साथ खुलती है.
A:",खुली बहस और मध्य पूर्व की ओर नीति के बारे में संयुक्त राज्य अमेरिका में आम सहमति बनाने के लिए रिपोर्ट एक याचिका के साथ खुलती है.,The Report opens with plea for open debate and the formation of a consensus in the United States about the policy towards the Middle East.,The report opens with a call for a debate on the Middle East.,10.475951915193733,30.893249099070992,eng_Latn, The Report opens with plea for open debate and the formation of a consensus in the United States about the policy towards the Middle East.,10.475951915193733,30.893249099070992,9.75,8.9375
"Translate the following sentence from Hindi to English:
Q: यह रिपोर्ट इराक के प्रति प्रशासन की वर्तमान नीति के लगभग सभी पहलुओं के प्रति बेहद आलोचनात्मक है और यह इसकी दिशा में तत्काल परिवर्तन का आग्रह करती है।
A:",यह रिपोर्ट इराक के प्रति प्रशासन की वर्तमान नीति के लगभग सभी पहलुओं के प्रति बेहद आलोचनात्मक है और यह इसकी दिशा में तत्काल परिवर्तन का आग्रह करती है।,The Report is highly critical of almost every aspect of the present policy of the Executive towards Iraq and it urges an immediate change of direction.,This report is highly critical of the administration's policy towards Iraq.,8.473908714512495,34.24853355733547,eng_Latn, The Report is highly critical of almost every aspect of the present policy of the Executive towards Iraq and it urges an immediate change of direction.,8.473908714512495,34.24853355733547,9.875,7.9375
"Translate the following sentence from Hindi to English:
Q: 78 सुझावों में से सबसे पहला सुझाव यह है कि शत्रुतापूर्ण हस्तक्षेपों के खिलाफ इराक की सीमाओं को सुरक्षित करने और अपने पड़ोसियों के साथ कूटनीतिक संबंधों को फिर से बनाने के लिए, ये साल खत्म होने से पहले कोई नई राजनयिक पहल की जानी चाहिए.
A:","78 सुझावों में से सबसे पहला सुझाव यह है कि शत्रुतापूर्ण हस्तक्षेपों के खिलाफ इराक की सीमाओं को सुरक्षित करने और अपने पड़ोसियों के साथ कूटनीतिक संबंधों को फिर से बनाने के लिए, ये साल खत्म होने से पहले कोई नई राजनयिक पहल की जानी चाहिए.",First among its 78 recommendations is that a new diplomatic initiative should be taken before the end of this year to secure Iraq’s borders against hostile interventions and to re-establish diplomatic relations with its neighbors.,The first suggestion is that the Iraqi government should take the initiative to restore diplomatic relations with its neighbors.,14.086251627180319,35.33477733358896,eng_Latn, First among its 78 recommendations is that a new diplomatic initiative should be taken before the end of this year to secure Iraq’s borders against hostile interventions and to re-establish diplomatic relations with its neighbors.,14.086251627180319,35.33477733358896,12.3125,10.375
"Translate the following sentence from Hindi to English:
Q: वर्तमान सीनेटर और अर्जेंटीना की प्रथम महिला क्रिस्टीना फ़र्नांडीज़ डी किर्चनेर ने कल शाम ब्यूनस आयर्स से 50 किलोमीटर (31 मील) दूर शहर ला प्लाटा में अपने राष्ट्रपति पद की उम्मीदवारी की घोषणा की.
A:",वर्तमान सीनेटर और अर्जेंटीना की प्रथम महिला क्रिस्टीना फ़र्नांडीज़ डी किर्चनेर ने कल शाम ब्यूनस आयर्स से 50 किलोमीटर (31 मील) दूर शहर ला प्लाटा में अपने राष्ट्रपति पद की उम्मीदवारी की घोषणा की.,"Current senator and Argentine First Lady Cristina Fernandez de Kirchner announced her presidential candidacy yesterday evening in La Plata, a city 50 kilometers (31 miles) away from Buenos Aires.",,0.0,0.0,eng_Latn," Current senator and Argentine First Lady Cristina Fernandez de Kirchner announced her presidential candidacy yesterday evening in La Plata, a city 50 kilometers (31 miles) away from Buenos Aires.",0.0,0.0,24.625,19.75
"Translate the following sentence from Hindi to English:
Q: श्रीमती किरचनर ने अर्जेंटीना थियेटर में राष्ट्रपति की दौड़ में शामिल होने की घोषणा की, उसी स्थान से उन्होंने ब्यूनस आयर्स प्रांत के प्रतिनिधिमंडल के सदस्य के रूप में सीनेट के लिए अपना 2005 का अभियान शुरू किया था।
A:","श्रीमती किरचनर ने अर्जेंटीना थियेटर में राष्ट्रपति की दौड़ में शामिल होने की घोषणा की, उसी स्थान से उन्होंने ब्यूनस आयर्स प्रांत के प्रतिनिधिमंडल के सदस्य के रूप में सीनेट के लिए अपना 2005 का अभियान शुरू किया था।","Mrs. Kirchner announced her intention to run for president at the Argentine Theatre, the same location she used to start her 2005 campaign for the Senate as member of the Buenos Aires province delegation.",Mrs. Kirchner announced her candidacy for the presidency of Argentina in the same place where she had announced her candidacy for the Senate in 2005.,21.678142570182303,37.94212884417873,eng_Latn," Mrs. Kirchner announced her intention to run for president at the Argentine Theatre, the same location she used to start her 2005 campaign for the Senate as member of the Buenos Aires province delegation.",21.678142570182303,37.94212884417873,4.375,3.9375
"Translate the following sentence from Hindi to English:
Q: तूफ़ान कैटरीना के मद्देनज़र राहत और पुनर्निर्माण पर चल रहे लंबे विवाद से बहस छिड़ गई थी; जिसमें कुछ राजकोषीय रूढ़िवादियों ने “बुश की न्यू ऑरलियन्स डील” का मज़ाक बनाया है.
A:",तूफ़ान कैटरीना के मद्देनज़र राहत और पुनर्निर्माण पर चल रहे लंबे विवाद से बहस छिड़ गई थी; जिसमें कुछ राजकोषीय रूढ़िवादियों ने “बुश की न्यू ऑरलियन्स डील” का मज़ाक बनाया है.,"The debate was sparked by controversy over spending on relief and reconstruction in the wake Hurricane Katrina; which some fiscal conservatives have humorously labeled ""Bush's New Orleans Deal.""",The debate over relief and reconstruction in the wake of Hurricane Katrina was long and contentious.,13.160298300536404,37.99993740345901,eng_Latn," The debate was sparked by controversy over spending on relief and reconstruction in the wake Hurricane Katrina; which some fiscal conservatives have humorously labeled ""Bush's New Orleans Deal.""",13.160298300536404,37.99993740345901,14.5625,8.6875
"Translate the following sentence from Hindi to English:
Q: पुनर्निर्माण की कोशिश की स्पष्ट आलोचना वॉशिंगटन के कथित घनिष्ट लोगों को पुनर्निर्माण के ठेके दिए जाने पर केंद्रित रही है.
A:",पुनर्निर्माण की कोशिश की स्पष्ट आलोचना वॉशिंगटन के कथित घनिष्ट लोगों को पुनर्निर्माण के ठेके दिए जाने पर केंद्रित रही है.,Liberal criticism of the reconstruction effort has focused on the awarding of reconstruction contracts to perceived Washington insiders.,The criticism of the reconstruction was focused on the fact that the reconstruction was not done properly.,29.6503790498629,47.69014446074338,eng_Latn, Liberal criticism of the reconstruction effort has focused on the awarding of reconstruction contracts to perceived Washington insiders.,29.6503790498629,47.69014446074338,12.8125,12.875
"Translate the following sentence from Hindi to English:
Q: अंतिम संस्कार में शामिल होने के लिए, चार मिलियन से ज़्यादा लोग रोम गए.
A:","अंतिम संस्कार में शामिल होने के लिए, चार मिलियन से ज़्यादा लोग रोम गए.",Over four million people went to Rome to attend the funeral.,"To attend the funeral, four million people went to Rome.",54.52469119630863,80.8839393355521,eng_Latn, Over four million people went to Rome to attend the funeral.,54.52469119630863,80.8839393355521,2.4375,2.578125
"Translate the following sentence from Hindi to English:
Q: मौजूद लोगों की संख्या इतनी बड़ी थी कि सेंट पीटर्स स्क्वायर में अंतिम संस्कार के लिए हर किसी के लिए पहुँच पाना मुमकिन नहीं था.
A:",मौजूद लोगों की संख्या इतनी बड़ी थी कि सेंट पीटर्स स्क्वायर में अंतिम संस्कार के लिए हर किसी के लिए पहुँच पाना मुमकिन नहीं था.,The number of people present was so large that it was not possible for everybody to gain access to the funeral in St. Peter's Square.,The number of people present was so large that it was not possible for everyone to reach the funeral.,46.63208622736165,67.17151152914897,eng_Latn, The number of people present was so large that it was not possible for everybody to gain access to the funeral in St. Peter's Square.,46.63208622736165,67.17151152914897,5.90625,4.28125
"Translate the following sentence from Hindi to English:
Q: रोम में अलग-अलग जगहों पर कई बड़े टेलीविज़न स्क्रीन लगाए गए ताकि लोग समारोह देख सकें.
A:",रोम में अलग-अलग जगहों पर कई बड़े टेलीविज़न स्क्रीन लगाए गए ताकि लोग समारोह देख सकें.,Several large television screens were installed in various places in Rome to let the people watch the ceremony.,There are many large television screens in Rome.,8.848232914504397,31.971792040790742,eng_Latn, Several large television screens were installed in various places in Rome to let the people watch the ceremony.,8.848232914504397,31.971792040790742,12.4375,13.875
"Translate the following sentence from Hindi to English:
Q: इटली के कई अन्य शहरों और दुनिया के बाकी हिस्सों में, खासकर पोलैंड में, इस तरह के सेटअप बनाए गए थे, जिन्हें बड़ी संख्या में लोगों ने देखा था।
A:","इटली के कई अन्य शहरों और दुनिया के बाकी हिस्सों में, खासकर पोलैंड में, इस तरह के सेटअप बनाए गए थे, जिन्हें बड़ी संख्या में लोगों ने देखा था।","In many other cities of Italy and in the rest of the world, particularly in Poland, similar setups were made, which were viewed by a great number of people.","In Italy, many other cities and the rest of the world, especially Poland, such setups were made.",23.96956913866534,45.506813409573375,eng_Latn," In many other cities of Italy and in the rest of the world, particularly in Poland, similar setups were made, which were viewed by a great number of people.",23.96956913866534,45.506813409573375,10.375,7.90625
"Translate the following sentence from Hindi to English:
Q: इतिहासकारों ने उन मामलों पर संसाधनों को केंद्रित करने के लिए एफबीआई की पिछली नीतियों की आलोचना की है जो एजेंसी की सफलता की दर को बढ़ाने के इरादे से हल करना आसान है,विशेष रूप से कार चोरी के मामलेा।
A:","इतिहासकारों ने उन मामलों पर संसाधनों को केंद्रित करने के लिए एफबीआई की पिछली नीतियों की आलोचना की है जो एजेंसी की सफलता की दर को बढ़ाने के इरादे से हल करना आसान है,विशेष रूप से कार चोरी के मामलेा।","Historians have criticized past FBI policies for focusing resources on cases which are easy to solve, especially stolen car cases, with the intent of boosting the agency's success rate.",Historians have criticized the FBI's previous policies of concentrating resources on cases that are easy to solve.,25.58128350789792,42.89943618038053,eng_Latn," Historians have criticized past FBI policies for focusing resources on cases which are easy to solve, especially stolen car cases, with the intent of boosting the agency's success rate.",25.58128350789792,42.89943618038053,7.625,6.96875
"Translate the following sentence from Hindi to English:
Q: कांग्रेस ने वित्त वर्ष 2005 में अश्लीलता के लिए निधिकरण शुरू किया और निर्दिष्ट किया कि एफबीआई को वयस्क पोर्नोग्राफी के लिए 10 एजेंटों को समर्पित करना चाहिए।
A:",कांग्रेस ने वित्त वर्ष 2005 में अश्लीलता के लिए निधिकरण शुरू किया और निर्दिष्ट किया कि एफबीआई को वयस्क पोर्नोग्राफी के लिए 10 एजेंटों को समर्पित करना चाहिए।,Congress began funding the obscenity initiative in fiscal 2005 and specified that the FBI must devote 10 agents to adult pornography.,Congress started funding for obscenity in FY 2005 and specified that the FBI should have 10 agents dedicated to adult pornography.,39.928739565091185,61.60732782914534,eng_Latn, Congress began funding the obscenity initiative in fiscal 2005 and specified that the FBI must devote 10 agents to adult pornography.,39.928739565091185,61.60732782914534,2.796875,2.28125
"Translate the following sentence from Hindi to English:
Q: रॉबिन उथप्पा ने केवल 41 गेंदों में 11 चौकों और 2 छक्कों की मदद से 70 रन बना कर पारी का सर्वोच्च स्कोर बनाया.
A:",रॉबिन उथप्पा ने केवल 41 गेंदों में 11 चौकों और 2 छक्कों की मदद से 70 रन बना कर पारी का सर्वोच्च स्कोर बनाया.,"Robin Uthappa made the innings highest score, 70 runs in just 41 balls by hitting 11 fours and 2 sixes.",Robin Uthappa made the highest score of 70 runs in 41 balls.,22.126158395485,48.73911350371883,eng_Latn," Robin Uthappa made the innings highest score, 70 runs in just 41 balls by hitting 11 fours and 2 sixes.",22.126158395485,48.73911350371883,8.8125,9.4375
"Translate the following sentence from Hindi to English:
Q: मध्य क्रम के बल्लेबाज सचिन तेंदुलकर और राहुल द्रविड़ ने अच्छा प्रदर्शन किया और शतकीय साझेदारी बनाई.
A:",मध्य क्रम के बल्लेबाज सचिन तेंदुलकर और राहुल द्रविड़ ने अच्छा प्रदर्शन किया और शतकीय साझेदारी बनाई.,"Middle order batsmen, Sachin Tendulkar and Rahul Dravid, performed well and made a hundred-run partnership.","Sachin Tendulkar and Rahul Dravid, both of whom are in the middle order, played well and made a century partnership.",50.7645330089512,64.26187202137307,eng_Latn," Middle order batsmen, Sachin Tendulkar and Rahul Dravid, performed well and made a hundred-run partnership.",50.7645330089512,64.26187202137307,3.765625,3.375
"Translate the following sentence from Hindi to English:
Q: लेकिन, कप्तान का विकेट गँवाने के बाद भारत ने पारी समाप्ति तक 7 विकेट खोकर केवल 36 रन ही बनाए।
A:","लेकिन, कप्तान का विकेट गँवाने के बाद भारत ने पारी समाप्ति तक 7 विकेट खोकर केवल 36 रन ही बनाए।","But, after losing the captain's wicket India only made 36 runs loosing 7 wickets to end the innings.","But, after losing the wicket of the captain, India scored only 36 runs in the first innings.",22.802564499479715,52.241129679722086,eng_Latn," But, after losing the captain's wicket India only made 36 runs loosing 7 wickets to end the innings.",22.802564499479715,52.241129679722086,8.375,8.125
"Translate the following sentence from Hindi to English:
Q: अमेरिकी राष्ट्रपति जॉर्ज डब्ल्यू बुश एशिया के एक हफ़्ते के दौरे की शुरुआत करते हुए 16 नवंबर की सुबह सिंगापुर पहुँचे.
A:",अमेरिकी राष्ट्रपति जॉर्ज डब्ल्यू बुश एशिया के एक हफ़्ते के दौरे की शुरुआत करते हुए 16 नवंबर की सुबह सिंगापुर पहुँचे.,"U.S. President George W. Bush arrived in Singapore the morning of November 16, beginning a week-long tour of Asia.",अमेरिकी राष्ट्रपति जॉर्ज डब्ल्यू बुश एशिया के एक हफ़्ते के दौरे की शुरुआत करते हुए 16 नवंबर की सुबह सिंगापुर पहुँचे.,1.199348129252962,1.6188049942617502,hin_Deva, अमेरिकी राष्ट्रपति जॉर्ज डब्ल्यू बुश एशिया के एक हफ़्ते के दौरे की शुरुआत करते हुए 16 नवंबर की सुबह सिंगापुर पहुँचे.,100.00000000000004,100.0,25.0,23.5
"Translate the following sentence from Hindi to English:
Q: उनका सिंगापुर के उप-प्रधान मंत्री वोंग कान सेंग ने स्वागत किया और उन्होंने सिंगापुर के प्रधानमंत्री ली सिएन लूंग के साथ व्यापार और आतंकवाद के मामले पर बातचीत की.
A:",उनका सिंगापुर के उप-प्रधान मंत्री वोंग कान सेंग ने स्वागत किया और उन्होंने सिंगापुर के प्रधानमंत्री ली सिएन लूंग के साथ व्यापार और आतंकवाद के मामले पर बातचीत की.,He was greeted by Singapore's Deputy Prime Minister Wong Kan Seng and discussed trade and terrorism issues with the Singapore Prime Minister Lee Hsien Loong.,The Singaporean Prime Minister Lee Hsien Loong and the Indian Prime Minister Narendra Modi had a meeting in New Delhi on 16th May 2015.,18.945235333331134,39.99687255041126,eng_Latn, He was greeted by Singapore's Deputy Prime Minister Wong Kan Seng and discussed trade and terrorism issues with the Singapore Prime Minister Lee Hsien Loong.,18.945235333331134,39.99687255041126,15.4375,14.3125
"Translate the following sentence from Hindi to English:
Q: मध्यावधि चुनाव में एक हफ्ते तक हारने के बाद, बुश ने लोगों को एशिया में व्यापार के विस्तार के बारे में बताया।
A:","मध्यावधि चुनाव में एक हफ्ते तक हारने के बाद, बुश ने लोगों को एशिया में व्यापार के विस्तार के बारे में बताया।","After a week of losses in the midterm election, Bush told an audience about the expansion of trade in Asia.","After a week of losing in the midterm elections, Bush told the people about the expansion of trade in Asia.",56.40009831507544,77.357934467569,eng_Latn," After a week of losses in the midterm election, Bush told an audience about the expansion of trade in Asia.",56.40009831507544,77.357934467569,4.21875,3.15625
"Translate the following sentence from Hindi to English:
Q: प्रधान मंत्री स्टीफन हार्पर ने, पीएमओ में एनडीपी नेता जैक लेटन के साथ मंगलवार की 25 मिनट की बैठक के बाद, अपनी दूसरी रीडिंग से पहले समीक्षा के लिए सरकार के 'स्वच्छ वायु अधिनियम' (क्लिन एयर ऐक्ट) को एक सर्वदलीय समिति को भेजने पर सहमति व्यक्त की है.
A:","प्रधान मंत्री स्टीफन हार्पर ने, पीएमओ में एनडीपी नेता जैक लेटन के साथ मंगलवार की 25 मिनट की बैठक के बाद, अपनी दूसरी रीडिंग से पहले समीक्षा के लिए सरकार के 'स्वच्छ वायु अधिनियम' (क्लिन एयर ऐक्ट) को एक सर्वदलीय समिति को भेजने पर सहमति व्यक्त की है.","Prime Minister Stephen Harper has agreed to send the government's 'Clean Air Act' to an all-party committee for review, before its second reading, after Tuesday's 25 minute meeting with NDP leader Jack Layton at the PMO.",Prime Minister Stephen Harper has agreed to send the Clean Air Act to a committee for review.,9.311052150231001,41.278893766704535,eng_Latn," Prime Minister Stephen Harper has agreed to send the government's 'Clean Air Act' to an all-party committee for review, before its second reading, after Tuesday's 25 minute meeting with NDP leader Jack Layton at the PMO.",9.311052150231001,41.278893766704535,12.6875,12.1875
"Translate the following sentence from Hindi to English:
Q: लेटन ने पीएम से मुलाकात के दौरान कंज़र्वेटिव पार्टी के पर्यावरण बिल में बदलाव के लिए कहा था. अब कंज़र्वेटिव पार्टी के पर्यावरण बिल को “पूरी तरह से फिर से लिखने” के लिए कहा जा रहा है.
A:",लेटन ने पीएम से मुलाकात के दौरान कंज़र्वेटिव पार्टी के पर्यावरण बिल में बदलाव के लिए कहा था. अब कंज़र्वेटिव पार्टी के पर्यावरण बिल को “पूरी तरह से फिर से लिखने” के लिए कहा जा रहा है.,"Layton had asked for changes to the conservatives' environmental bill during the meeting with the PM, asking for a ""thorough and complete rewriting"" of the Conservative party's environmental bill.",लेटन ने कहा कि कंज़र्वेटिव पार्टी के पर्यावरण बिल में बदलाव की जरूरत है.,0.5430829222531142,0.4997266681001882,hin_Deva, लेटन ने पीएम से मुलाकात के दौरान कंज़र्वेटिव पार्टी के पर्यावरण बिल में बदलाव के लिए कहा था. अब कंज़र्वेटिव पार्टी के पर्यावरण बिल को “पूरी तरह से फिर से लिखने” के लिए कहा जा रहा है.,11.144699274060393,33.31342494462971,12.6875,13.6875
"Translate the following sentence from Hindi to English:
Q: जब संघीय सरकार ने डेवोनपोर्ट, तस्मानिया में मर्सी अस्पताल का वित्तपोषण करने के लिए कदम उठाया, तब राज्य सरकार और कुछ संघीय सांसदों ने नवंबर तक बुलाए जाने वाले संघीय चुनाव की प्रस्तावना में इस कार्य की आलोचना की.
A:","जब संघीय सरकार ने डेवोनपोर्ट, तस्मानिया में मर्सी अस्पताल का वित्तपोषण करने के लिए कदम उठाया, तब राज्य सरकार और कुछ संघीय सांसदों ने नवंबर तक बुलाए जाने वाले संघीय चुनाव की प्रस्तावना में इस कार्य की आलोचना की.","Ever since the Federal Government stepped in to take over funding of the Mersey hospital in Devonport, Tasmania, the state government and some federal MPs have criticised this act as a stunt in the prelude to the federal election to be called by November.","When the federal government took the initiative to fund the hospital, the state government and some federal MPs criticized the move.",11.10348781253281,35.060761895682255,eng_Latn," Ever since the Federal Government stepped in to take over funding of the Mersey hospital in Devonport, Tasmania, the state government and some federal MPs have criticised this act as a stunt in the prelude to the federal election to be called by November.",11.10348781253281,35.060761895682255,10.375,9.3125
"Translate the following sentence from Hindi to English:
Q: लेकिन प्रधानमंत्री जॉन हॉवर्ड ने कहा है कि यह अधिनियम केवल अस्पताल की सुविधाओं को तस्मानियाई सरकार द्वारा नीचे गिरने से बचाने के लिए अतिरिक्त AUD $45 मिलियन देने के लिए था.
A:",लेकिन प्रधानमंत्री जॉन हॉवर्ड ने कहा है कि यह अधिनियम केवल अस्पताल की सुविधाओं को तस्मानियाई सरकार द्वारा नीचे गिरने से बचाने के लिए अतिरिक्त AUD $45 मिलियन देने के लिए था.,"But Prime Minister John Howard has said the act was only to safeguard the facilities of the hospital from being downgraded by the Tasmanian government, in giving an extra AUD$45 million.",But Prime Minister John Howard said that the act was only to save the hospital from falling.,13.034100539049687,41.866532265495835,eng_Latn," But Prime Minister John Howard has said the act was only to safeguard the facilities of the hospital from being downgraded by the Tasmanian government, in giving an extra AUD$45 million.",13.034100539049687,41.866532265495835,15.625,12.6875
"Translate the following sentence from Hindi to English:
Q: ताज़ा-तरीन बुलेटिन के मुताबिक, समुद्री स्तर की रीडिंग बताती है कि वहाँ सुनामी आई थी. पागो पागो और नीयू के करीब सुनामी की कुछ गतिविधि पक्के तौर पर रिकॉर्ड की गई थी.
A:","ताज़ा-तरीन बुलेटिन के मुताबिक, समुद्री स्तर की रीडिंग बताती है कि वहाँ सुनामी आई थी. पागो पागो और नीयू के करीब सुनामी की कुछ गतिविधि पक्के तौर पर रिकॉर्ड की गई थी.","According to the latest bulletin, sea level readings indicated a tsunami was generated. There was some definite tsunami activity recorded near Pago Pago and Niue.","According to the latest bulletin, the tsunami was recorded at 10:30 am on 26 December 2004.",14.315416334838389,34.760021827636535,eng_Latn," According to the latest bulletin, sea level readings indicated a tsunami was generated. There was some definite tsunami activity recorded near Pago Pago and Niue.",14.315416334838389,34.760021827636535,19.125,18.625
"Translate the following sentence from Hindi to English:
Q: टोंगा में कोई बड़ी क्षति या चोट की सूचना नहीं मिली है, लेकिन बिजली अस्थायी रूप से चली गई थी, जिसके कारण कथित तौर पर टोंगन अधिकारियों को पीटीडब्ल्यूसी द्वारा जारी सूनामी चेतावनी मिलना रुक गई थी.
A:","टोंगा में कोई बड़ी क्षति या चोट की सूचना नहीं मिली है, लेकिन बिजली अस्थायी रूप से चली गई थी, जिसके कारण कथित तौर पर टोंगन अधिकारियों को पीटीडब्ल्यूसी द्वारा जारी सूनामी चेतावनी मिलना रुक गई थी.","No major damage or injuries have been reported in Tonga, but power was temporarily lost, which reportedly prevented Tongan authorities from receiving the tsunami warning issued by the PTWC.","No information of any major damage or injury has been received from Tonga, but the electricity was temporarily cut off.",7.98019165735929,33.432531866392246,eng_Latn," No major damage or injuries have been reported in Tonga, but power was temporarily lost, which reportedly prevented Tongan authorities from receiving the tsunami warning issued by the PTWC.",7.98019165735929,33.432531866392246,12.8125,7.0
"Translate the following sentence from Hindi to English:
Q: चेतावनी हटा लिए जाने के बावजूद हवाई समुद्र तट या उसके निकट स्थित चौदह विद्यालय बुधवार को बंद कर दिए गए।
A:",चेतावनी हटा लिए जाने के बावजूद हवाई समुद्र तट या उसके निकट स्थित चौदह विद्यालय बुधवार को बंद कर दिए गए।,Fourteen schools in Hawaii located on or near coastlines were closed all of Wednesday despite the warnings being lifted.,"Despite the warning, the schools were closed.",2.354619017588452,27.76558872768968,eng_Latn, Fourteen schools in Hawaii located on or near coastlines were closed all of Wednesday despite the warnings being lifted.,2.354619017588452,27.76558872768968,15.0,14.5625
"Translate the following sentence from Hindi to English:
Q: अमेरिकी राष्ट्रपति जॉर्ज डब्ल्यू बुश ने घोषणा का स्वागत किया.
A:",अमेरिकी राष्ट्रपति जॉर्ज डब्ल्यू बुश ने घोषणा का स्वागत किया.,U.S. President George W. Bush welcomed the announcement.,अमेरिकी राष्ट्रपति जॉर्ज डब्ल्यू बुश ने घोषणा का स्वागत किया.,2.2708927002193318,1.3884970731363284,hin_Deva, अमेरिकी राष्ट्रपति जॉर्ज डब्ल्यू बुश ने घोषणा का स्वागत किया.,100.00000000000004,100.0,21.875,20.5
"Translate the following sentence from Hindi to English:
Q: बुश प्रवक्ता गॉर्डन जॉन्ड्रो ने उत्तरी कोरिया की प्रतिज्ञा को “कोरियाई प्रायद्वीप के सत्यापित किए जा सकने वाले डिन्यूक्लियराइज़ेशन को पाने की दिशा में एक महत्वपूर्ण कदम” बताया.
A:",बुश प्रवक्ता गॉर्डन जॉन्ड्रो ने उत्तरी कोरिया की प्रतिज्ञा को “कोरियाई प्रायद्वीप के सत्यापित किए जा सकने वाले डिन्यूक्लियराइज़ेशन को पाने की दिशा में एक महत्वपूर्ण कदम” बताया.,"Bush spokesman Gordon Johndroe called North Korea's pledge ""a major step towards the goal of achieving the verifiable denuclearization of the Korean peninsula.""",Bush spokesperson Gordon Johndroe said that the North Korean statement was “a significant step forward” in the direction of verifiable denuclearization.,25.597791915855005,44.340772763336275,eng_Latn," Bush spokesman Gordon Johndroe called North Korea's pledge ""a major step towards the goal of achieving the verifiable denuclearization of the Korean peninsula.""",25.597791915855005,44.340772763336275,4.84375,2.96875
"Translate the following sentence from Hindi to English:
Q: अटलांटिक तूफ़ान मौसम का दसवाँ तूफ़ान, उपोष्णकटिबंधीय तूफ़ान जेरी, आज अटलांटिक महासागर में बना है.
A:","अटलांटिक तूफ़ान मौसम का दसवाँ तूफ़ान, उपोष्णकटिबंधीय तूफ़ान जेरी, आज अटलांटिक महासागर में बना है.","The tenth named storm of the Atlantic Hurricane season, Subtropical Storm Jerry, formed in the Atlantic Ocean today.",Atlantic Hurricane Season is the tenth hurricane of the year.,11.708339080892555,30.337596846003635,eng_Latn," The tenth named storm of the Atlantic Hurricane season, Subtropical Storm Jerry, formed in the Atlantic Ocean today.",11.708339080892555,30.337596846003635,14.75,13.9375
"Translate the following sentence from Hindi to English:
Q: राष्ट्रीय तूफ़ान केंद्र (एनएचसी) का कहना है कि इस समय जैरी का ज़मीन को कोई खतरा नहीं है।
A:",राष्ट्रीय तूफ़ान केंद्र (एनएचसी) का कहना है कि इस समय जैरी का ज़मीन को कोई खतरा नहीं है।,The National Hurricane Center (NHC) says that at this point Jerry poses no threat to land.,"The National Hurricane Center (NHC) says that at this time, Hurricane Jerry is not a threat to the land.",52.60123123265,73.08446703142276,eng_Latn, The National Hurricane Center (NHC) says that at this point Jerry poses no threat to land.,52.60123123265,73.08446703142276,2.4375,1.515625
"Translate the following sentence from Hindi to English:
Q: यू.एस. कॉर्प्स ऑफ़ इंजीनियर्स ने अंदाजा लगाया कि 6 इंच बारिश पहले से क्षतिग्रस्त बांधों को तोड़ सकती है.
A:",यू.एस. कॉर्प्स ऑफ़ इंजीनियर्स ने अंदाजा लगाया कि 6 इंच बारिश पहले से क्षतिग्रस्त बांधों को तोड़ सकती है.,The U.S. Corps of Engineers estimated that 6 inches of rainfall could breach the previously damaged levees.,The US Corps of Engineers estimated that 6 inches of rain could cause a breach in the dam.,45.068450256286674,58.21949858466677,eng_Latn, The U.S. Corps of Engineers estimated that 6 inches of rainfall could breach the previously damaged levees.,45.068450256286674,58.21949858466677,5.28125,4.53125
"Translate the following sentence from Hindi to English:
Q: नौवाँ वार्ड, जो तूफ़ान कैटरीना के दौरान 20 फ़ीट तक ऊँचा देखा गया था, वह वर्तमान में कमर से ऊपर पानी में है, क्योंकि पास का बाँध ज़्यादा बढ़ गया था.
A:","नौवाँ वार्ड, जो तूफ़ान कैटरीना के दौरान 20 फ़ीट तक ऊँचा देखा गया था, वह वर्तमान में कमर से ऊपर पानी में है, क्योंकि पास का बाँध ज़्यादा बढ़ गया था.","The Ninth Ward, which saw flooding as high as 20 feet during Hurricane Katrina, is currently in waist-high water as the nearby levee was overtopped.","The ninth ward, which was seen to be 20 feet high during the storm, is currently under water.",5.279377656720439,32.934882009376324,eng_Latn," The Ninth Ward, which saw flooding as high as 20 feet during Hurricane Katrina, is currently in waist-high water as the nearby levee was overtopped.",5.279377656720439,32.934882009376324,9.75,8.875
"Translate the following sentence from Hindi to English:
Q: पानी लेवे के ऊपर एक खंड में फ़ैल रहा है जिसकी चौड़ाई 100 फ़ीट है |
A:",पानी लेवे के ऊपर एक खंड में फ़ैल रहा है जिसकी चौड़ाई 100 फ़ीट है |,Water is spilling over the levee in a section 100 feet wide.,There is a sentence in English which is translated from Hindi.,3.745640979211903,16.610561385667395,eng_Latn, Water is spilling over the levee in a section 100 feet wide.,3.745640979211903,16.610561385667395,20.5,19.875
"Translate the following sentence from Hindi to English:
Q: कॉमन्स के प्रशासक एडम क्यूर्डन ने पिछले महीने जब विकिन्यूज़ से बात की थी, तब उन्होंने अपमार्जन पर अपनी निराशा व्यक्त की थी.
A:","कॉमन्स के प्रशासक एडम क्यूर्डन ने पिछले महीने जब विकिन्यूज़ से बात की थी, तब उन्होंने अपमार्जन पर अपनी निराशा व्यक्त की थी.",Commons Administrator Adam Cuerden expressed his frustration over the deletions when he spoke to Wikinews last month.,"The Commons Administrator, Adam Curd, expressed his disappointment when he spoke to Wikinews.",33.02056718540978,53.99099684085186,eng_Latn, Commons Administrator Adam Cuerden expressed his frustration over the deletions when he spoke to Wikinews last month.,33.02056718540978,53.99099684085186,5.96875,6.59375
"Translate the following sentence from Hindi to English:
Q: “वह [वेल्स] शुरू से ही हमसे झूठ बोलता रहा है। सबसे पहले, ढोंग करते हुए कि यह कानूनी कारणों के लिए था। दूसरा, अपनी कला को हटाने के समय तक यह जताते हुए कि वह हमारी बात सुन रहा था।”
A:","“वह [वेल्स] शुरू से ही हमसे झूठ बोलता रहा है। सबसे पहले, ढोंग करते हुए कि यह कानूनी कारणों के लिए था। दूसरा, अपनी कला को हटाने के समय तक यह जताते हुए कि वह हमारी बात सुन रहा था।”","""He [Wales] basically lied to us from the start. First, by acting as if this was for legal reasons. Second, by pretending he was listening to us, right up to his art deletion.""","“He has been lying to us from the beginning. First, by pretending to be a lawyer and then by pretending to be an artist.”",13.996845480772091,29.876207433526215,eng_Latn," ""He [Wales] basically lied to us from the start. First, by acting as if this was for legal reasons. Second, by pretending he was listening to us, right up to his art deletion.""",13.996845480772091,29.876207433526215,6.5625,8.5
"Translate the following sentence from Hindi to English:
Q: सामुदायिक गुस्से के कारण उस साइट के लिए यौन विषय के बारे में एक नीति का मसौदा तैयार करने के लिए मौजूदा प्रयासों का नेतृत्व किया गया, जो लाखों खुले तौर पर लाइसेंस प्राप्त मीडिया को होस्ट करता है.
A:","सामुदायिक गुस्से के कारण उस साइट के लिए यौन विषय के बारे में एक नीति का मसौदा तैयार करने के लिए मौजूदा प्रयासों का नेतृत्व किया गया, जो लाखों खुले तौर पर लाइसेंस प्राप्त मीडिया को होस्ट करता है.",The community irritation led to current efforts to draft a policy regarding sexual content for the site which hosts millions of openly-licensed media.,The site in question is Reddit.,0.41002596960728915,8.04835058449699,eng_Latn, The community irritation led to current efforts to draft a policy regarding sexual content for the site which hosts millions of openly-licensed media.,0.41002596960728915,8.04835058449699,22.625,19.5
"Translate the following sentence from Hindi to English:
Q: किया गया अधिकांश काम सैद्धांतिक था, लेकिन सैजिटेरियस गैलेक्सी से बने ऑब्ज़र्वेशन को सिम्युलेट करने के लिए प्रोग्राम को लिखा गया था.
A:","किया गया अधिकांश काम सैद्धांतिक था, लेकिन सैजिटेरियस गैलेक्सी से बने ऑब्ज़र्वेशन को सिम्युलेट करने के लिए प्रोग्राम को लिखा गया था.","The work done was mostly theoretical, but the program was written to simulate observations made of the Sagittarius galaxy.","Most of the work was done by the computer, but the simulation was done by the computer.",7.316054592326662,29.504356119235947,eng_Latn," The work done was mostly theoretical, but the program was written to simulate observations made of the Sagittarius galaxy.",7.316054592326662,29.504356119235947,14.0,13.6875
"Translate the following sentence from Hindi to English:
Q: टीम जिस प्रभाव के तलाश में थी वह आकाशगंगा के डार्क मैटर और मिल्की वे के डार्क मैटर के बीच ज्वारीय बलों के कारण से होता होगा.
A:",टीम जिस प्रभाव के तलाश में थी वह आकाशगंगा के डार्क मैटर और मिल्की वे के डार्क मैटर के बीच ज्वारीय बलों के कारण से होता होगा.,The effect the team was looking for would be caused by tidal forces between the galaxy's dark matter and the Milky Way's dark matter.,The effect that the team was looking for is the gravitational effect of the dark matter.,14.707698202649441,41.51072819623551,eng_Latn, The effect the team was looking for would be caused by tidal forces between the galaxy's dark matter and the Milky Way's dark matter.,14.707698202649441,41.51072819623551,14.3125,10.3125
"Translate the following sentence from Hindi to English:
Q: जैसे चाँद पृथ्वी पर एक खिंचाव पैदा कर, ज्वार-भाटे का कारण बनता है, वैसे ही मिल्की वे भी धनु आकाशगंगा पर एक बल लगाता है.
A:","जैसे चाँद पृथ्वी पर एक खिंचाव पैदा कर, ज्वार-भाटे का कारण बनता है, वैसे ही मिल्की वे भी धनु आकाशगंगा पर एक बल लगाता है.","Just like the moon exerts a pull on the earth, causing tides, so does the Milky Way exert a force on the Sagittarius galaxy.","Just as the moon causes tides on the earth, the Milky Way causes tides on the earth.",15.762611412129845,38.5198901368812,eng_Latn," Just like the moon exerts a pull on the earth, causing tides, so does the Milky Way exert a force on the Sagittarius galaxy.",15.762611412129845,38.5198901368812,10.625,12.25
"Translate the following sentence from Hindi to English:
Q: वैज्ञानिक यह निष्कर्ष निकालने में सक्षम थे कि काला पदार्थ अन्य काले पदार्थ को उसी तरह प्रभावित करता है जिस तरह से आम पदार्थ करता है।
A:",वैज्ञानिक यह निष्कर्ष निकालने में सक्षम थे कि काला पदार्थ अन्य काले पदार्थ को उसी तरह प्रभावित करता है जिस तरह से आम पदार्थ करता है।,The scientists were able to conclude that the dark matter affect other dark matter in the same way regular matter does.,Scientists were able to conclude that black holes are black holes.,20.21798310727936,34.4319251667472,eng_Latn, The scientists were able to conclude that the dark matter affect other dark matter in the same way regular matter does.,20.21798310727936,34.4319251667472,16.875,16.375
"Translate the following sentence from Hindi to English:
Q: यह सिद्धांत बताता है कि आकाशगंगा के आसपास का सबसे गहरा काला पदार्थ प्रभामंडल के रूप में स्थित होता है और यह कई छोटे-छोटे कणों से बना होता है.
A:",यह सिद्धांत बताता है कि आकाशगंगा के आसपास का सबसे गहरा काला पदार्थ प्रभामंडल के रूप में स्थित होता है और यह कई छोटे-छोटे कणों से बना होता है.,"This theory says that most dark matter around a galaxy is located around a galaxy in a kind of halo, and is made of lots of small particles.",This theory states that the dark matter halo is made up of many small particles.,8.919414611802571,37.41214613969962,eng_Latn," This theory says that most dark matter around a galaxy is located around a galaxy in a kind of halo, and is made of lots of small particles.",8.919414611802571,37.41214613969962,6.59375,6.3125
"Translate the following sentence from Hindi to English:
Q: टेलीविजन रिपोर्टों में प्लांट से निकलने वाला सफेद धुआँ दिखाया गया है।
A:",टेलीविजन रिपोर्टों में प्लांट से निकलने वाला सफेद धुआँ दिखाया गया है।,Television reports show white smoke coming from the plant.,The white smoke is shown in the television reports.,10.552670315936318,49.01429883019445,eng_Latn, Television reports show white smoke coming from the plant.,10.552670315936318,49.01429883019445,6.0625,5.96875
"Translate the following sentence from Hindi to English:
Q: स्थानीय अधिकारी संयंत्र के आस-पास के क्षेत्र में निवासियों को चेतावनी दे रहे हैं कि वे घर के अंदर रहें, एयर-कंडीशनर बंद कर दें और नल का पानी न पिएँ.
A:","स्थानीय अधिकारी संयंत्र के आस-पास के क्षेत्र में निवासियों को चेतावनी दे रहे हैं कि वे घर के अंदर रहें, एयर-कंडीशनर बंद कर दें और नल का पानी न पिएँ.","Local authorities are warning residents in the vicinity of the plant to stay indoors, turn off air-conditioners and not to drink tap water.",The local authorities are warning the residents to stay indoors.,6.3313244280893,37.83117332812396,eng_Latn," Local authorities are warning residents in the vicinity of the plant to stay indoors, turn off air-conditioners and not to drink tap water.",6.3313244280893,37.83117332812396,19.625,15.125
"Translate the following sentence from Hindi to English:
Q: जापान की परमाणु एजेंसी के अनुसार, प्लांट में रेडियोधर्मी सीज़ियम और आयोडीन की पहचान की गई है.
A:","जापान की परमाणु एजेंसी के अनुसार, प्लांट में रेडियोधर्मी सीज़ियम और आयोडीन की पहचान की गई है.","According to Japan's nuclear agency, radioactive caesium and iodine has been identified at the plant.","According to the Japanese Nuclear Agency, radioactive cesium and iodine have been identified in the plant.",33.38497304403143,66.93614429019418,eng_Latn," According to Japan's nuclear agency, radioactive caesium and iodine has been identified at the plant.",33.38497304403143,66.93614429019418,2.328125,1.5703125
"Translate the following sentence from Hindi to English:
Q: अधिकारियों के अनुमान के अनुसार साइट पर यूरेनियम ईंधन रखने वाले कंटेनर टूट गए होंगे और लीक हो रहे होंगे.
A:",अधिकारियों के अनुमान के अनुसार साइट पर यूरेनियम ईंधन रखने वाले कंटेनर टूट गए होंगे और लीक हो रहे होंगे.,Authorities speculate that this indicates that containers holding uranium fuel at the site may have ruptured and are leaking.,"According to the estimates of the officials, the containers of uranium fuel will have broken and leaked.",7.28195021887759,28.431208944669734,eng_Latn, Authorities speculate that this indicates that containers holding uranium fuel at the site may have ruptured and are leaking.,7.28195021887759,28.431208944669734,4.1875,5.3125
"Translate the following sentence from Hindi to English:
Q: डॉ. टोनी मोल ने दक्षिण अफ्रीकी क्षेत्र क्वाज़ुलु-नताल में अत्यंत दवा-रोधी क्षय रोग (एक्सडीआर-टीबी) की खोज की।
A:",डॉ. टोनी मोल ने दक्षिण अफ्रीकी क्षेत्र क्वाज़ुलु-नताल में अत्यंत दवा-रोधी क्षय रोग (एक्सडीआर-टीबी) की खोज की।,Dr. Tony Moll discovered the Extremely Drug Resistant Tuberculosis (XDR-TB) in the South African region KwaZulu-Natal.,Dr. Tony Molley discovered XDR-TB in the South African region of KwaZulu-Natal.,27.40767162202416,54.3913654791265,eng_Latn, Dr. Tony Moll discovered the Extremely Drug Resistant Tuberculosis (XDR-TB) in the South African region KwaZulu-Natal.,27.40767162202416,54.3913654791265,4.0625,3.328125
"Translate the following sentence from Hindi to English:
Q: एक साक्षात्कार में, उन्होंने कहा कि नया प्रकार “बहुत ज़्यादा मृत्यु दर के कारण बहुत चिंताजनक और ख़तरनाक था”.
A:","एक साक्षात्कार में, उन्होंने कहा कि नया प्रकार “बहुत ज़्यादा मृत्यु दर के कारण बहुत चिंताजनक और ख़तरनाक था”.","In an interview, he said the new variant was ""very highly troubling and alarming because of the very high fatality rate.""","In an interview, he said that the new type was “very dangerous and very dangerous”.",19.09898068668592,36.622336336247294,eng_Latn," In an interview, he said the new variant was ""very highly troubling and alarming because of the very high fatality rate.""",19.09898068668592,36.622336336247294,9.4375,7.75
"Translate the following sentence from Hindi to English:
Q: डॉ मॉल का मानना है कि कुछ रोगियों का अस्पताल में ही संक्रमण हुआ होगा, और इन में कम से कम दो अस्पताल स्वास्थ्य कार्यकर्ता थे।
A:","डॉ मॉल का मानना है कि कुछ रोगियों का अस्पताल में ही संक्रमण हुआ होगा, और इन में कम से कम दो अस्पताल स्वास्थ्य कार्यकर्ता थे।","Some patients might have contracted the bug in the hospital, Dr. Moll thinks, and at least two were hospital health workers.",Dr. Mall's belief is that some patients were infected in the hospital.,6.8574855874831195,29.28587530104238,eng_Latn," Some patients might have contracted the bug in the hospital, Dr. Moll thinks, and at least two were hospital health workers.",6.8574855874831195,29.28587530104238,12.875,11.0
"Translate the following sentence from Hindi to English:
Q: एक साल के दौरान, एक संक्रमित व्यक्ति 10 से 15 करीबी संपर्कों को संक्रमित कर सकता है.
A:","एक साल के दौरान, एक संक्रमित व्यक्ति 10 से 15 करीबी संपर्कों को संक्रमित कर सकता है.","In one year's time, an infected person may infect 10 to 15 close contacts.","In a year, a person can infect 10 to 15 people.",13.823507236341888,35.386115063525274,eng_Latn," In one year's time, an infected person may infect 10 to 15 close contacts.",13.823507236341888,35.386115063525274,6.0,5.125
"Translate the following sentence from Hindi to English:
Q: हालाँकि, टुबर्क्युलोसिस वाले लोगों के पूरे समूह में एक्सडीआर-टीबी का प्रतिशत अभी भी कम है; दक्षिण अफ़्रीका में किसी भी विशेष समय पर कुल 330,000 लोगों में से 6,000 संक्रमित हैं.
A:","हालाँकि, टुबर्क्युलोसिस वाले लोगों के पूरे समूह में एक्सडीआर-टीबी का प्रतिशत अभी भी कम है; दक्षिण अफ़्रीका में किसी भी विशेष समय पर कुल 330,000 लोगों में से 6,000 संक्रमित हैं.","However, the percentage of XDR-TB in the entire group of people with tuberculosis still seems to be low; 6,000 of the total 330,000 people infected at any particular moment in South Africa.","However, the percentage of XDR-TB in the entire group of people with TB is still low.",28.51778109323634,43.9467510628571,eng_Latn," However, the percentage of XDR-TB in the entire group of people with tuberculosis still seems to be low; 6,000 of the total 330,000 people infected at any particular moment in South Africa.",28.51778109323634,43.9467510628571,18.25,14.75
"Translate the following sentence from Hindi to English:
Q: 1000 पाउंड से ज़्यादा वज़नी और करीब 17,500 मील प्रति घंटा की रफ़्तार से उड़ रहे दोनों सैटेलाइट धरती से 491 मील की ऊँचाई पर टकरा गए.
A:","1000 पाउंड से ज़्यादा वज़नी और करीब 17,500 मील प्रति घंटा की रफ़्तार से उड़ रहे दोनों सैटेलाइट धरती से 491 मील की ऊँचाई पर टकरा गए.","The satellites, both of which weighed in excess of 1,000 pounds, and traveling at approximately 17,500 miles per hour, collided 491 miles above the Earth.",Two satellites collided at an altitude of 491 miles.,4.669705142972933,19.073086802442724,eng_Latn," The satellites, both of which weighed in excess of 1,000 pounds, and traveling at approximately 17,500 miles per hour, collided 491 miles above the Earth.",4.669705142972933,19.073086802442724,16.0,13.25
"Translate the following sentence from Hindi to English:
Q: वैज्ञानिकों का कहना है कि टकराव के कारण हुआ विस्फोट बड़े पैमाने पर हुआ था.
A:",वैज्ञानिकों का कहना है कि टकराव के कारण हुआ विस्फोट बड़े पैमाने पर हुआ था.,Scientists say the explosion caused by the collision was massive.,Scientists say that the explosion was on a large scale.,19.242030817345817,48.645812273322,eng_Latn, Scientists say the explosion caused by the collision was massive.,19.242030817345817,48.645812273322,6.625,4.90625
"Translate the following sentence from Hindi to English:
Q: अभी भी वे यह पता लगाने की कोशिश कर रहे हैं कि क्रैश कितना बड़ा था और धरती किस तरह से प्रभावित होगी.
A:",अभी भी वे यह पता लगाने की कोशिश कर रहे हैं कि क्रैश कितना बड़ा था और धरती किस तरह से प्रभावित होगी.,They are still trying to determine just how large the crash was and how the Earth will be affected.,They are still trying to find out how big the crash was and how much it will affect the earth.,36.98609382069887,55.99907687076669,eng_Latn, They are still trying to determine just how large the crash was and how the Earth will be affected.,36.98609382069887,55.99907687076669,3.59375,3.203125
"Translate the following sentence from Hindi to English:
Q: अमेरिकी रक्षा विभाग की संयुक्त राज्य सामरिक रणनीति मलबे पर नज़र रख रही है।
A:",अमेरिकी रक्षा विभाग की संयुक्त राज्य सामरिक रणनीति मलबे पर नज़र रख रही है।,The United States Strategic Command of the U.S. Department of Defense office is tracking the debris.,The US Department of Defense is monitoring the situation.,5.261190768564946,32.963397330667604,eng_Latn, The United States Strategic Command of the U.S. Department of Defense office is tracking the debris.,5.261190768564946,32.963397330667604,10.375,8.0625
"Translate the following sentence from Hindi to English:
Q: प्लॉटिंग एनालिसिस का परिणाम पब्लिक वेबसाइट पर पोस्ट करना होगा.
A:",प्लॉटिंग एनालिसिस का परिणाम पब्लिक वेबसाइट पर पोस्ट करना होगा.,The result of plotting analysis will be posted to a public website.,The result of the plotting analysis will be posted on the public website.,49.35578819979932,81.50741681397261,eng_Latn, The result of plotting analysis will be posted to a public website.,49.35578819979932,81.50741681397261,3.625,1.53125
"Translate the following sentence from Hindi to English:
Q: ओहियो में अधिकारियों का कहना है कि एक डॉक्टर जो पिट्सबर्ग, पेंसिल्वेनिया में बच्चों के अस्पताल में काम करती थी उन पर बुधवार को अपनी कार की डिक्की में अपनी माँ के मृत पाए जाने के बाद संगीन हत्या के आरोप लगेंगे.
A:","ओहियो में अधिकारियों का कहना है कि एक डॉक्टर जो पिट्सबर्ग, पेंसिल्वेनिया में बच्चों के अस्पताल में काम करती थी उन पर बुधवार को अपनी कार की डिक्की में अपनी माँ के मृत पाए जाने के बाद संगीन हत्या के आरोप लगेंगे.","A doctor who worked at Children's Hospital of Pittsburgh, Pennsylvania will be charged with aggravated murder after her mother was found dead in the trunk of her car Wednesday, authorities in Ohio say.","ओहियो के अधिकारियों ने कहा कि एक डॉक्टर जो पिट्सबर्ग, पेंसिल्वेनिया में बच्चों के अस्पताल में काम करती थी उन पर संगीन हत्या के आरोप लगेंगे.",1.0103678726063248,0.8853251232581815,hin_Deva," ओहियो में अधिकारियों का कहना है कि एक डॉक्टर जो पिट्सबर्ग, पेंसिल्वेनिया में बच्चों के अस्पताल में काम करती थी उन पर बुधवार को अपनी कार की डिक्की में अपनी माँ के मृत पाए जाने के बाद संगीन हत्या के आरोप लगेंगे.",49.91288648916744,62.599833250644025,19.875,12.9375
"Translate the following sentence from Hindi to English:
Q: 29 वर्षीय डॉ. मलार बालासुब्रमण्यम सिनसिनाटी के उत्तर में लगभग 15 मील की दूरी पर एक उपनगर ब्लू ऐश, ओहियो में मिले, जो एक टी-शर्ट और अंडरवियर में सड़क के किनारे बहुत अधिक नशे की हालत में जमीन पर पड़े थे।
A:","29 वर्षीय डॉ. मलार बालासुब्रमण्यम सिनसिनाटी के उत्तर में लगभग 15 मील की दूरी पर एक उपनगर ब्लू ऐश, ओहियो में मिले, जो एक टी-शर्ट और अंडरवियर में सड़क के किनारे बहुत अधिक नशे की हालत में जमीन पर पड़े थे।","Dr. Malar Balasubramanian, 29, was found in Blue Ash, Ohio, a suburb approximately 15 miles north of Cincinnati lying on the ground beside the road in a T-shirt and underwear in an apparently heavily medicated state.","Dr. Malar Balasubramanian, a 29-year-old doctor, was found in a state of intoxication.",13.181714312052438,27.98491897773885,eng_Latn," Dr. Malar Balasubramanian, 29, was found in Blue Ash, Ohio, a suburb approximately 15 miles north of Cincinnati lying on the ground beside the road in a T-shirt and underwear in an apparently heavily medicated state.",13.181714312052438,27.98491897773885,16.25,13.5625
"Translate the following sentence from Hindi to English:
Q: वह अधिकारियों को अपनी काली ओल्ड्समोबाइल इंट्रीग की ओर ले गई जो 500 फीट की दूरी पर थी।
A:",वह अधिकारियों को अपनी काली ओल्ड्समोबाइल इंट्रीग की ओर ले गई जो 500 फीट की दूरी पर थी।,She directed officers to her black Oldsmobile Intrigue which was 500 feet away.,She took the officers to the oldsmobile which was 500 feet away.,31.492463625738097,55.76839241344245,eng_Latn, She directed officers to her black Oldsmobile Intrigue which was 500 feet away.,31.492463625738097,55.76839241344245,8.0,5.46875
"Translate the following sentence from Hindi to English:
Q: वहाँ, उन्हें 53 वर्षीय सरोज बालासुब्रमण्यम का शव मिला, जो खून से सने कंबलों से ढका था.
A:","वहाँ, उन्हें 53 वर्षीय सरोज बालासुब्रमण्यम का शव मिला, जो खून से सने कंबलों से ढका था.","There, they found the body of Saroja Balasubramanian, 53, covered with blood-stained blankets.","There, they found the body of 53-year-old Saroj Balasubramanyam, covered in blood.",31.777112836799446,55.28174073181583,eng_Latn," There, they found the body of Saroja Balasubramanian, 53, covered with blood-stained blankets.",31.777112836799446,55.28174073181583,4.5,4.125
"Translate the following sentence from Hindi to English:
Q: पुलिस ने कहा कि शव लगभग एक दिन पुराना है.
A:",पुलिस ने कहा कि शव लगभग एक दिन पुराना है.,Police said that the body appeared to have been there for about a day.,The police said that the body was almost a day old.,20.406535362301735,41.25491195501761,eng_Latn, Police said that the body appeared to have been there for about a day.,20.406535362301735,41.25491195501761,2.4375,3.890625
"Translate the following sentence from Hindi to English:
Q: इस सीज़न में बीमारी के शुरुआती मामले जुलाई के आखिर में सामने आए थे.
A:",इस सीज़न में बीमारी के शुरुआती मामले जुलाई के आखिर में सामने आए थे.,The first cases of the disease this season were reported in late July.,The initial cases of the disease were reported in the last week of July.,27.22589423069702,58.088762262681904,eng_Latn, The first cases of the disease this season were reported in late July.,27.22589423069702,58.088762262681904,4.25,3.9375
"Translate the following sentence from Hindi to English:
Q: यह बीमारी सूअरों के कारण होती है, जो बाद में मच्छरों के माध्यम से मनुष्यों में आती है।
A:","यह बीमारी सूअरों के कारण होती है, जो बाद में मच्छरों के माध्यम से मनुष्यों में आती है।","The disease is carried by pigs, which then migrates to humans through mosquitos.","This disease is caused by pigs, which then spread to humans through mosquitoes.",47.90714250659132,68.81332767347124,eng_Latn," The disease is carried by pigs, which then migrates to humans through mosquitos.",47.90714250659132,68.81332767347124,2.671875,2.765625
"Translate the following sentence from Hindi to English:
Q: प्रकोप ने भारत सरकार को गंभीर रूप से प्रभावित क्षेत्रों में सुअर पकड़ने वालों की तैनाती, हज़ारों मच्छरदानी वितरित करने और कीटनाशकों के छिड़काव जैसे उपाय करने के लिए मजबूर कर दिया है.
A:","प्रकोप ने भारत सरकार को गंभीर रूप से प्रभावित क्षेत्रों में सुअर पकड़ने वालों की तैनाती, हज़ारों मच्छरदानी वितरित करने और कीटनाशकों के छिड़काव जैसे उपाय करने के लिए मजबूर कर दिया है.","The outbreak has prompted the Indian government to undertake such measures as deployment of pig catchers in seriously affected areas, distributing thousands of mosquito curtains and spraying pesticides.","The outbreak has forced the Indian government to take measures such as deploying swine catchers, distributing thousands of mosquito nets, and spraying insecticides.",36.68204622699994,58.209500465450915,eng_Latn," The outbreak has prompted the Indian government to undertake such measures as deployment of pig catchers in seriously affected areas, distributing thousands of mosquito curtains and spraying pesticides.",36.68204622699994,58.209500465450915,5.0625,3.984375
"Translate the following sentence from Hindi to English:
Q: सरकार ने इंसेफेलाइटिस वैक्सीन के कई मिलियन वायल का वादा किया है, जो अगले साल स्वास्थ्य एजेंसियों को तैयार करने में मदद करेगी.
A:","सरकार ने इंसेफेलाइटिस वैक्सीन के कई मिलियन वायल का वादा किया है, जो अगले साल स्वास्थ्य एजेंसियों को तैयार करने में मदद करेगी.","Several million vials of encephalitis vaccine have also been promised by the government, which will help prepare health agencies for next year.",The government has promised many million vials of the vaccine.,6.54353387099268,29.798449756538954,eng_Latn," Several million vials of encephalitis vaccine have also been promised by the government, which will help prepare health agencies for next year.",6.54353387099268,29.798449756538954,14.6875,12.625
"Translate the following sentence from Hindi to English:
Q: टीकों को इस वर्ष ऐतिहासिक रूप से सबसे अधिक प्रभावित क्षेत्रों में पहुँचाने में धन की कमी और अन्य बीमारियों के सापेक्ष कम प्राथमिकता के कारण देरी हुई।
A:",टीकों को इस वर्ष ऐतिहासिक रूप से सबसे अधिक प्रभावित क्षेत्रों में पहुँचाने में धन की कमी और अन्य बीमारियों के सापेक्ष कम प्राथमिकता के कारण देरी हुई।,Plans for vaccines to be delivered to the historically most affected areas this year were delayed due to lack of funds and low prioritisation relative to other diseases.,The delay in the delivery of vaccines to the most affected areas was due to a lack of funds and other reasons.,14.371573602083727,41.5518612260618,eng_Latn, Plans for vaccines to be delivered to the historically most affected areas this year were delayed due to lack of funds and low prioritisation relative to other diseases.,14.371573602083727,41.5518612260618,6.65625,5.59375
"Translate the following sentence from Hindi to English:
Q: 1956 में सोलेनिया स्वीडन चले गए, जहाँ तीन साल बाद उन्होंने स्वीडिश डाक घर के लिए काम करना शुरू किया और उनके मुख्य उकेरक बन गए।
A:","1956 में सोलेनिया स्वीडन चले गए, जहाँ तीन साल बाद उन्होंने स्वीडिश डाक घर के लिए काम करना शुरू किया और उनके मुख्य उकेरक बन गए।","In 1956 Słania moved to Sweden, where three years later he began work for the Swedish Post Office and became their chief engraver.","In 1956, Solenia moved to Sweden, where she worked for the Swedish Post Office for three years and became the main postmaster.",31.593691975975,61.37729866267115,eng_Latn," In 1956 Słania moved to Sweden, where three years later he began work for the Swedish Post Office and became their chief engraver.",31.593691975975,61.37729866267115,5.96875,8.625
"Translate the following sentence from Hindi to English:
Q: उन्होंने स्वीडन और 28 दूसरे देशों के लिए 1,000 से ज़्यादा स्टैम्प बनाए.
A:","उन्होंने स्वीडन और 28 दूसरे देशों के लिए 1,000 से ज़्यादा स्टैम्प बनाए.","He produced over 1,000 stamps for Sweden and 28 other countries.","They have created more than 1,000 stamps for Sweden and 28 other countries.",62.628449627654696,73.06170656842247,eng_Latn," He produced over 1,000 stamps for Sweden and 28 other countries.",62.628449627654696,73.06170656842247,2.734375,3.96875
"Translate the following sentence from Hindi to English:
Q: उनका काम ऐसी गुणवत्ता और विस्तार के पहचान का है कि वह टिकट संग्रहकर्ताओं के बीच बहुत कम “घरेलू नामों” में से एक है. कुछ उनके काम को अकेले बटोरने में माहिर हैं.
A:",उनका काम ऐसी गुणवत्ता और विस्तार के पहचान का है कि वह टिकट संग्रहकर्ताओं के बीच बहुत कम “घरेलू नामों” में से एक है. कुछ उनके काम को अकेले बटोरने में माहिर हैं.,"His work is of such recognized quality and detail that he is one of the very few ""household names"" among philatelists. Some specialize in collecting his work alone.",Their work is such that it is recognized by collectors.,1.3409731340838311,17.9042607395098,eng_Latn," His work is of such recognized quality and detail that he is one of the very few ""household names"" among philatelists. Some specialize in collecting his work alone.",1.3409731340838311,17.9042607395098,15.875,15.125
"Translate the following sentence from Hindi to English:
Q: डेविड क्लोकर एरेनस्ट्रॉल ने 2000 में अपना 1000वाँ शानदार स्टैंप “ग्रेट डीड्स बाय स्वीडिश किंग्स” बनाया था. इसे गिनीज बुक ऑफ़ वर्ल्ड रिकॉर्ड में शामिल किया गया है.
A:",डेविड क्लोकर एरेनस्ट्रॉल ने 2000 में अपना 1000वाँ शानदार स्टैंप “ग्रेट डीड्स बाय स्वीडिश किंग्स” बनाया था. इसे गिनीज बुक ऑफ़ वर्ल्ड रिकॉर्ड में शामिल किया गया है.,"His 1,000th stamp was the magnificent ""Great Deeds by Swedish Kings"" by David Klöcker Ehrenstrahl in 2000, which is listed in the Guinness Book of World Records.","David Clark, a stamp collector, has been collecting stamps for 20 years. He has collected 1000 stamps. He has also collected 10000 stamps. He has also collected 100000 stamps. He has also collected 1000000 stamps. He has also collected 10000000 stamps. He has also collected 100000000 stamps. He has also",0.600452721165399,12.96281188978812,eng_Latn," His 1,000th stamp was the magnificent ""Great Deeds by Swedish Kings"" by David Klöcker Ehrenstrahl in 2000, which is listed in the Guinness Book of World Records.",0.600452721165399,12.96281188978812,14.4375,24.375
"Translate the following sentence from Hindi to English:
Q: वे कई देशों के बैंक नोटों को भी उकेरने में शामिल थे, हाल ही में नए कनाडाई $5 और $100 बिलों के सामने वाले हिस्से में प्रधानमंत्री के चित्र उनके हाल के कामों के कुछ उदाहरण हैं.
A:","वे कई देशों के बैंक नोटों को भी उकेरने में शामिल थे, हाल ही में नए कनाडाई $5 और $100 बिलों के सामने वाले हिस्से में प्रधानमंत्री के चित्र उनके हाल के कामों के कुछ उदाहरण हैं.","He was also engaged in engraving banknotes for many countries, recent examples of his work including the Prime Ministerial portraits on the front of the new Canadian $5 and $100 bills.",They were also involved in the design of many countries' banknotes.,2.262058377117632,18.545598310281417,eng_Latn," He was also engaged in engraving banknotes for many countries, recent examples of his work including the Prime Ministerial portraits on the front of the new Canadian $5 and $100 bills.",2.262058377117632,18.545598310281417,15.5,12.9375
"Translate the following sentence from Hindi to English:
Q: दुर्घटना के बाद, गिब्सन को अस्पताल पहुँचाया गया लेकिन कुछ ही समय बाद उनकी मृत्यु हो गई.
A:","दुर्घटना के बाद, गिब्सन को अस्पताल पहुँचाया गया लेकिन कुछ ही समय बाद उनकी मृत्यु हो गई.","After the accident occurred, Gibson was transported to a hospital but died shortly afterwards.","After the accident, Gibson was taken to the hospital but he died a few hours later.",15.128633539909213,49.96292553713375,eng_Latn," After the accident occurred, Gibson was transported to a hospital but died shortly afterwards.",15.128633539909213,49.96292553713375,1.6640625,2.1875
"Translate the following sentence from Hindi to English:
Q: ट्रक चालक, जिसकी उम्र 64 साल है, दुर्घटना में घायल नहीं हुआ था.
A:","ट्रक चालक, जिसकी उम्र 64 साल है, दुर्घटना में घायल नहीं हुआ था.","The truck driver, who is aged 64, was not injured in the crash.","The truck driver, whose age is 64 years, was not injured in the accident.",42.08598069524091,68.51981139151414,eng_Latn," The truck driver, who is aged 64, was not injured in the crash.",42.08598069524091,68.51981139151414,0.52734375,0.421875
"Translate the following sentence from Hindi to English:
Q: वाहन को उसी दिन तकरीबन 1200 GMT के समय पर दुर्घटनास्थल से दूर ले जाया गया.
A:",वाहन को उसी दिन तकरीबन 1200 GMT के समय पर दुर्घटनास्थल से दूर ले जाया गया.,The vehicle itself was taken away from the scene of the accident at approximately 1200 GMT on the same day.,The car was taken away from the accident site at around 1200 GMT on the same day.,51.278921095469805,58.496923708893256,eng_Latn, The vehicle itself was taken away from the scene of the accident at approximately 1200 GMT on the same day.,51.278921095469805,58.496923708893256,2.453125,2.015625
"Translate the following sentence from Hindi to English:
Q: दुर्घटना की जगह के पास गैरेज में काम कर रहे व्यक्ति ने बताया: “वहाँ सड़क पार करने का इंतज़ार कर रहे बच्चे थे, वे सब चिल्ला रहे थे और रो रहे थे.”
A:","दुर्घटना की जगह के पास गैरेज में काम कर रहे व्यक्ति ने बताया: “वहाँ सड़क पार करने का इंतज़ार कर रहे बच्चे थे, वे सब चिल्ला रहे थे और रो रहे थे.”","A person working in a garage near where the accident occurred said: ""There were children waiting to cross the road and they were all screaming and crying.""",The man who was working in the garage near the accident site said: “There were children waiting to cross the road.”,25.995521563650755,50.56838440863699,eng_Latn," A person working in a garage near where the accident occurred said: ""There were children waiting to cross the road and they were all screaming and crying.""",25.995521563650755,50.56838440863699,7.28125,6.0
"Translate the following sentence from Hindi to English:
Q: वे सभी वहाँ से भाग गए जहाँ दुर्घटना हुई थी।
A:",वे सभी वहाँ से भाग गए जहाँ दुर्घटना हुई थी।,They all ran back from where the accident had happened.,They all ran away from where the accident happened.,38.312604050508575,76.0919677280179,eng_Latn, They all ran back from where the accident had happened.,38.312604050508575,76.0919677280179,1.3359375,1.109375
"Translate the following sentence from Hindi to English:
Q: बाली में इस एजेंडे के अन्य विषयों में दुनिया के बचे हुए जंगलों को बचाने, और ऐसी तकनीकों का आदान प्रदान करना का विषय शामिल है जिससे कि विकासशील देशों को कम प्रदूषणकारी तरीकों से आगे बढ़ने में मदद मिले।
A:","बाली में इस एजेंडे के अन्य विषयों में दुनिया के बचे हुए जंगलों को बचाने, और ऐसी तकनीकों का आदान प्रदान करना का विषय शामिल है जिससे कि विकासशील देशों को कम प्रदूषणकारी तरीकों से आगे बढ़ने में मदद मिले।","Other subjects on the agenda in Bali include saving the world's remaining forests, and sharing technologies to help developing nations grow in less-polluting ways.","In Bali, the other subjects in this agenda include saving the remaining forests in the world, and sharing technologies that help developing countries to move forward in a cleaner way.",23.258263248238105,60.08424047355039,eng_Latn," Other subjects on the agenda in Bali include saving the world's remaining forests, and sharing technologies to help developing nations grow in less-polluting ways.",23.258263248238105,60.08424047355039,3.09375,2.828125
"Translate the following sentence from Hindi to English:
Q: साथ ही संयुक्त राष्ट्र संघ वैश्विक तापवृद्धि (ग्लोबल वार्मिंग) से प्रभावित देशों को इसके प्रभावों से निपटने में सहायता करने के लिए एक निधि को एकत्र करने की आशा करता है।
A:",साथ ही संयुक्त राष्ट्र संघ वैश्विक तापवृद्धि (ग्लोबल वार्मिंग) से प्रभावित देशों को इसके प्रभावों से निपटने में सहायता करने के लिए एक निधि को एकत्र करने की आशा करता है।,The U.N. also hopes to finalize a fund to help countries affected by global warming to cope with the impacts.,"Along with this, the United Nations hopes to collect a fund to help countries affected by global warming.",36.46886971712207,59.89313844348024,eng_Latn, The U.N. also hopes to finalize a fund to help countries affected by global warming to cope with the impacts.,36.46886971712207,59.89313844348024,4.15625,5.0625
"Translate the following sentence from Hindi to English:
Q: पैसों का उपयोग बाढ़-रोधी घरों, बेहतर जल प्रबंधन और फसल विविधीकरण के लिए किया जा सकता है।
A:","पैसों का उपयोग बाढ़-रोधी घरों, बेहतर जल प्रबंधन और फसल विविधीकरण के लिए किया जा सकता है।","The money could go toward flood-proof houses, better water management, and crop diversification.","Money can be used for flood-proof houses, better water management and crop diversification.",62.71302899050549,71.08265476497789,eng_Latn," The money could go toward flood-proof houses, better water management, and crop diversification.",62.71302899050549,71.08265476497789,3.375,3.046875
"Translate the following sentence from Hindi to English:
Q: फ्लूक ने लिखा है कि कुछ लोगों ने महिलाओं द्वारा महिलाओं के स्वास्थ्य के बारे में बुलवाने का प्रयास किया जिसमें वे असफल रहे।
A:",फ्लूक ने लिखा है कि कुछ लोगों ने महिलाओं द्वारा महिलाओं के स्वास्थ्य के बारे में बुलवाने का प्रयास किया जिसमें वे असफल रहे।,Fluke wrote that the efforts by some to drown out women from speaking out about women’s health were unsuccessful.,Fluke has written that some people have tried to bully women by calling them names.,3.4853156852362996,20.14143167449907,eng_Latn, Fluke wrote that the efforts by some to drown out women from speaking out about women’s health were unsuccessful.,3.4853156852362996,20.14143167449907,11.0,10.5
"Translate the following sentence from Hindi to English:
Q: महिला और पुरुष, दोनों की ओर से बड़ी संख्या में मिले सकारात्मक कमेंट और प्रोत्साहन की वजह से वे इस नतीजे पर पहुँची कि गर्भनिरोधक दवाओं को ज़रूरी दवाओं के तौर पर स्वीकार किया जाना चाहिए.
A:","महिला और पुरुष, दोनों की ओर से बड़ी संख्या में मिले सकारात्मक कमेंट और प्रोत्साहन की वजह से वे इस नतीजे पर पहुँची कि गर्भनिरोधक दवाओं को ज़रूरी दवाओं के तौर पर स्वीकार किया जाना चाहिए.",She came to this conclusion due to the multitude of positive comments and encouragement sent to her by both female and male individuals urging that contraception medication be considered a medical necessity.,Both men and women have been very supportive of the idea of making contraceptives available to all.,1.1927641495683354,15.199374111835482,eng_Latn, She came to this conclusion due to the multitude of positive comments and encouragement sent to her by both female and male individuals urging that contraception medication be considered a medical necessity.,1.1927641495683354,15.199374111835482,7.875,7.84375
"Translate the following sentence from Hindi to English:
Q: जब घायलों को लड़ाई बंद होने के बाद अस्पताल ले जाया गया, तो लगभग 40 अन्य बचे हुए कैदी यार्ड में रुके और अपनी कोठरियों में लौटने से इनकार कर दिया.
A:","जब घायलों को लड़ाई बंद होने के बाद अस्पताल ले जाया गया, तो लगभग 40 अन्य बचे हुए कैदी यार्ड में रुके और अपनी कोठरियों में लौटने से इनकार कर दिया.","When the fighting ceased after the wounded were transported to the hospital, about 40 of the other remaining inmates stayed in the yard and refused to return to their cells.","When the injured were taken to the hospital, the remaining prisoners refused to return to their cells.",22.22040436028799,44.20476515152576,eng_Latn," When the fighting ceased after the wounded were transported to the hospital, about 40 of the other remaining inmates stayed in the yard and refused to return to their cells.",22.22040436028799,44.20476515152576,6.625,7.3125
"Translate the following sentence from Hindi to English:
Q: बातचीत करने वालों ने स्थिति को सुधारने की कोशिश की, लेकिन कैदियों की माँग स्पष्ट नहीं है.
A:","बातचीत करने वालों ने स्थिति को सुधारने की कोशिश की, लेकिन कैदियों की माँग स्पष्ट नहीं है.","Negotiators tried to rectify the situation, but the prisoners' demands are not clear.",The prisoners' demands are not clear.,29.296374760181582,45.97348324696705,eng_Latn," Negotiators tried to rectify the situation, but the prisoners' demands are not clear.",29.296374760181582,45.97348324696705,15.5,13.6875
"Translate the following sentence from Hindi to English:
Q: 10: 00-11: 00 बजे एमडीटी के बीच, यार्ड में कैदियों द्वारा आग लगा दी गई थी.
A:","10: 00-11: 00 बजे एमडीटी के बीच, यार्ड में कैदियों द्वारा आग लगा दी गई थी.","Between 10:00-11:00 pm MDT, a fire was started by the inmates in the yard.","At 10:00 am, the fire was started by the prisoners in the yard.",26.0358045592143,52.29556171667195,eng_Latn," Between 10:00-11:00 pm MDT, a fire was started by the inmates in the yard.",26.0358045592143,52.29556171667195,7.8125,7.75
"Translate the following sentence from Hindi to English:
Q: जल्द ही, दंगा संबंधी उपकरणों से लैस अधिकारियों ने अहाते में प्रवेश किया और कैदियों को आंसू गैस की मदद से काबू में कर लिया।
A:","जल्द ही, दंगा संबंधी उपकरणों से लैस अधिकारियों ने अहाते में प्रवेश किया और कैदियों को आंसू गैस की मदद से काबू में कर लिया।","Soon, officers equipped with riot gear entered the yard and cornered the inmates with tear gas.","Soon, the officials equipped with riot gear entered the jail and controlled the situation.",31.206443054890038,52.72163312530325,eng_Latn," Soon, officers equipped with riot gear entered the yard and cornered the inmates with tear gas.",31.206443054890038,52.72163312530325,5.71875,4.9375
"Translate the following sentence from Hindi to English:
Q: 11:35 बजे अग्नि बचाव दल ने अंततः आग बुझा दी थी.
A:",11:35 बजे अग्नि बचाव दल ने अंततः आग बुझा दी थी.,Fire rescue crews eventually doused the fire by 11:35 pm.,"At 11:35 am, the fire brigade had finally put out the fire.",7.3140318268287645,26.423690814642715,eng_Latn, Fire rescue crews eventually doused the fire by 11:35 pm.,7.3140318268287645,26.423690814642715,2.609375,4.5
"Translate the following sentence from Hindi to English:
Q: 1963 में बाँध बनने के बाद, मौसमी बाढ़ जो पूरे नदी में तलछट फैला देगी वह रुक गई थी.
A:","1963 में बाँध बनने के बाद, मौसमी बाढ़ जो पूरे नदी में तलछट फैला देगी वह रुक गई थी.","After the dam was built in 1963, the seasonal floods that would spread sediment throughout the river were halted.","After the dam was built in 1963, the seasonal floods that spread silt in the river were stopped.",58.82443128784922,69.44507136902628,eng_Latn," After the dam was built in 1963, the seasonal floods that would spread sediment throughout the river were halted.",58.82443128784922,69.44507136902628,1.7109375,1.734375
"Translate the following sentence from Hindi to English:
Q: वाइल्डलाइफ़ हैबिटेंट्स के रूप में काम करने वाली रेती और तटों को बनाने के लिए गाद ज़रूरी थी.
A:",वाइल्डलाइफ़ हैबिटेंट्स के रूप में काम करने वाली रेती और तटों को बनाने के लिए गाद ज़रूरी थी.,"This sediment was necessary for creating sandbars and beaches, which served as wildlife habitats.",Mud was necessary to make the sand dunes and beaches.,7.870504894650056,28.261618063437744,eng_Latn," This sediment was necessary for creating sandbars and beaches, which served as wildlife habitats.",7.870504894650056,28.261618063437744,9.5,9.0625
"Translate the following sentence from Hindi to English:
Q: जिस कारण, दो मछली की प्रजातियाँ विलुप्त हो गई हैं और अन्य दो लुप्तप्राय हो गई हैं, जिसमें हंपबैक चूब भी शामिल है.
A:","जिस कारण, दो मछली की प्रजातियाँ विलुप्त हो गई हैं और अन्य दो लुप्तप्राय हो गई हैं, जिसमें हंपबैक चूब भी शामिल है.","As a result, two fish species have become extinct, and two others have become endangered, including the humpback chub.",The two fish species that have become extinct are the Humpback Chub and the Humpback Chub.,18.11750987241071,38.98466959694764,eng_Latn," As a result, two fish species have become extinct, and two others have become endangered, including the humpback chub.",18.11750987241071,38.98466959694764,13.375,12.8125
"Translate the following sentence from Hindi to English:
Q: हालाँकि, बाढ़ के बाद पानी का स्तर सिर्फ़ कुछ ही फ़ीट बढ़ेगा, लेकिन अधिकारी उम्मीद कर रहे हैं कि यह निचले स्तर के सैंडबार्स को फिर से बहाल करने के लिए काफ़ी होगा.
A:","हालाँकि, बाढ़ के बाद पानी का स्तर सिर्फ़ कुछ ही फ़ीट बढ़ेगा, लेकिन अधिकारी उम्मीद कर रहे हैं कि यह निचले स्तर के सैंडबार्स को फिर से बहाल करने के लिए काफ़ी होगा.","Although the water level will only rise a few feet after the flood, officials are hoping it will be enough to restore eroded sandbars downstream.","However, the water level will rise only a few feet after the flood, but the officials are hoping that it will be enough to restore the lower sandbars.",52.47369414760864,69.98373165425811,eng_Latn," Although the water level will only rise a few feet after the flood, officials are hoping it will be enough to restore eroded sandbars downstream.",52.47369414760864,69.98373165425811,2.390625,3.03125
"Translate the following sentence from Hindi to English:
Q: कोई सुनामी की चेतावनी जारी नहीं की गई है, और जकार्ता भूभौतिकी एजेंसी के अनुसार, कोई सुनामी की चेतावनी जारी भी नहीं की जाएगी क्योंकि भूकंप 6.5 की आवश्यकता को पूरा नहीं करता था।
A:","कोई सुनामी की चेतावनी जारी नहीं की गई है, और जकार्ता भूभौतिकी एजेंसी के अनुसार, कोई सुनामी की चेतावनी जारी भी नहीं की जाएगी क्योंकि भूकंप 6.5 की आवश्यकता को पूरा नहीं करता था।","No tsunami warning has been issued, and according to the Jakarta geophysics agency, no tsunami warning will be issued because the quake did not meet the magnitude 6.5 requirement.","No tsunami warning was issued, and no tsunami will be issued.",4.620499071120964,32.03864606787927,eng_Latn," No tsunami warning has been issued, and according to the Jakarta geophysics agency, no tsunami warning will be issued because the quake did not meet the magnitude 6.5 requirement.",4.620499071120964,32.03864606787927,17.25,16.0
"Translate the following sentence from Hindi to English:
Q: सुनामी का कोई खतरा नहीं होने के बावजूद भी निवासियों को जान जाने का डर था. इस वजह से उन्होंने अपने कारोबार और घरों को छोड़ना शुरू कर दिया.
A:",सुनामी का कोई खतरा नहीं होने के बावजूद भी निवासियों को जान जाने का डर था. इस वजह से उन्होंने अपने कारोबार और घरों को छोड़ना शुरू कर दिया.,"Despite there being no tsunami threat, residents started to panic and began to leave their businesses and homes.","Despite the fact that there was no tsunami, the residents were afraid of the tsunami.",5.7844816405783,30.04000415111595,eng_Latn," Despite there being no tsunami threat, residents started to panic and began to leave their businesses and homes.",5.7844816405783,30.04000415111595,15.5625,8.6875
"Translate the following sentence from Hindi to English:
Q: हालाँकि विदाई के समय विन्फ़्रे की आँखों में आँसू थे उन्होंने अपने प्रशंसकों को स्पष्ट किया कि वे वापस आएँगी.
A:",हालाँकि विदाई के समय विन्फ़्रे की आँखों में आँसू थे उन्होंने अपने प्रशंसकों को स्पष्ट किया कि वे वापस आएँगी.,"Although Winfrey was tearful in her farewell, she made it clear to her fans she will be back.","Although there were tears in Vinfrey's eyes at the time of farewell, she made it clear to her fans that she would return.",33.50807606544567,56.03544131188751,eng_Latn," Although Winfrey was tearful in her farewell, she made it clear to her fans she will be back.",33.50807606544567,56.03544131188751,2.0625,2.546875
"Translate the following sentence from Hindi to English:
Q: “यह खत्म होने नहीं जा रहा है। यह एक अध्याय का समापन और एक नए अध्याय का उद्घाटन है।”
A:",“यह खत्म होने नहीं जा रहा है। यह एक अध्याय का समापन और एक नए अध्याय का उद्घाटन है।”,"""This is not going to be goodbye. This is the closing of one chapter and the opening of a new one.""",“It is not going to end. It is the end of an era.”,10.732544951044636,25.757018200629044,eng_Latn," ""This is not going to be goodbye. This is the closing of one chapter and the opening of a new one.""",10.732544951044636,25.757018200629044,11.75,10.5
"Translate the following sentence from Hindi to English:
Q: नाम्बियाई राष्ट्रपति और संसदीय चुनावों के अंतिम नतीजों से यह संकेत मिले हैं कि पदासीन राष्ट्रपति हिफ़िकेपून्ये पोहाम्बा बड़े अंतर से दोबारा चुने गए हैं.
A:",नाम्बियाई राष्ट्रपति और संसदीय चुनावों के अंतिम नतीजों से यह संकेत मिले हैं कि पदासीन राष्ट्रपति हिफ़िकेपून्ये पोहाम्बा बड़े अंतर से दोबारा चुने गए हैं.,"Final results from Namibian presidential and parliamentary elections have indicated that the incumbent president, Hifikepunye Pohamba, has been reelected by a large margin.",The President of Namibia and the final results of the parliamentary elections have shown that the incumbent President Hifikepunye Pohamba has been re-elected with a large majority.,38.18997691183005,58.98618983314895,eng_Latn," Final results from Namibian presidential and parliamentary elections have indicated that the incumbent president, Hifikepunye Pohamba, has been reelected by a large margin.",38.18997691183005,58.98618983314895,4.71875,4.5625
"Translate the following sentence from Hindi to English:
Q: सत्ताधारी दल साउथ वेस्ट अफ्रीका पीपल आर्गेनाइजेशन (स्वापो) ने संसदीय चुनाव में बहुमत पाया.
A:",सत्ताधारी दल साउथ वेस्ट अफ्रीका पीपल आर्गेनाइजेशन (स्वापो) ने संसदीय चुनाव में बहुमत पाया.,"The ruling party, South West Africa People's Organisation (SWAPO), also retained a majority in the parliamentary elections.",The ruling party has won the majority in the election.,7.073746279065925,31.539040699143438,eng_Latn," The ruling party, South West Africa People's Organisation (SWAPO), also retained a majority in the parliamentary elections.",7.073746279065925,31.539040699143438,10.0,8.625
"Translate the following sentence from Hindi to English:
Q: संयुक्त सेना और अफगान सैनिक समूह साइट को सुरक्षित करने के लिए इलाके में चले गए और दूसरी संयुक्त सेना विमानों को सहायता के लिए भेजा गया.
A:",संयुक्त सेना और अफगान सैनिक समूह साइट को सुरक्षित करने के लिए इलाके में चले गए और दूसरी संयुक्त सेना विमानों को सहायता के लिए भेजा गया.,Coalition and Afghan troops moved into the area to secure the site and other coalition aircraft have been sent to assist.,The joint army and Afghan forces went to the area to secure the site and the second joint army aircraft were sent to provide assistance.,27.59324170203423,50.09684435804085,eng_Latn, Coalition and Afghan troops moved into the area to secure the site and other coalition aircraft have been sent to assist.,27.59324170203423,50.09684435804085,4.15625,4.71875
"Translate the following sentence from Hindi to English:
Q: पहाड़ी इलाकों में ज़्यादा दुर्घटना हुई. इसकी वजह आपसी दुश्मनी को माना जाता है.
A:",पहाड़ी इलाकों में ज़्यादा दुर्घटना हुई. इसकी वजह आपसी दुश्मनी को माना जाता है.,"The crash occurred high up in mountainous terrain, and is believed to have been the result of hostile fire.","In hilly areas, more accidents have been reported. The reason is given as mutual enmity.",3.6423853365183545,21.202287075404534,eng_Latn," The crash occurred high up in mountainous terrain, and is believed to have been the result of hostile fire.",3.6423853365183545,21.202287075404534,3.4375,6.34375
"Translate the following sentence from Hindi to English:
Q: खराब मौसम और कठोर इलाकेे में दुर्घटना स्थल की तलाश के प्रयास किए जा रहे हैं।
A:",खराब मौसम और कठोर इलाकेे में दुर्घटना स्थल की तलाश के प्रयास किए जा रहे हैं।,Efforts to search for the crash site are being met by bad weather and harsh terrain.,Efforts are being made to find the accident site in bad weather and difficult terrain.,16.15420318961244,46.621701776929655,eng_Latn, Efforts to search for the crash site are being met by bad weather and harsh terrain.,16.15420318961244,46.621701776929655,3.28125,2.828125
"Translate the following sentence from Hindi to English:
Q: मेडिकल चैरिटी मैंगोला, मेडिसिन सेंस फ़्रंटियर और विश्व स्वास्थ्य संगठन का कहना है कि यह देश में दर्ज सबसे ख़राब प्रकोप है.
A:","मेडिकल चैरिटी मैंगोला, मेडिसिन सेंस फ़्रंटियर और विश्व स्वास्थ्य संगठन का कहना है कि यह देश में दर्ज सबसे ख़राब प्रकोप है.","The medical charity Mangola, Medecines Sans Frontieres and the World Health Organisation say it is the worst outbreak recorded in the country.","The medical charity, Mangola, says that this is the worst outbreak ever recorded in the country.",33.91325986006416,52.58124570777173,eng_Latn," The medical charity Mangola, Medecines Sans Frontieres and the World Health Organisation say it is the worst outbreak recorded in the country.",33.91325986006416,52.58124570777173,8.125,6.84375
"Translate the following sentence from Hindi to English:
Q: मेडिसिनेस सेंस फ्रोंटियर के प्रवक्ता रिचर्ड वीरमन ने कहा: “अंगोला में महामारी फैलने की रफ़्तार अब तक के सबसे बुरे दौर में पहुँच गई है और वहाँ के हालात बहुत खराब हैं.”
A:",मेडिसिनेस सेंस फ्रोंटियर के प्रवक्ता रिचर्ड वीरमन ने कहा: “अंगोला में महामारी फैलने की रफ़्तार अब तक के सबसे बुरे दौर में पहुँच गई है और वहाँ के हालात बहुत खराब हैं.”,"Spokesman for Medecines Sans Frontiere Richard Veerman said: ""Angola is heading for its worst ever outbreak and the situation remains very bad in Angola,"" he said.",The spokesperson for the World Health Organization (WHO) said: “The situation in Angola is very bad.”,3.544237177070781,25.951273319033813,eng_Latn," Spokesman for Medecines Sans Frontiere Richard Veerman said: ""Angola is heading for its worst ever outbreak and the situation remains very bad in Angola,"" he said.",3.544237177070781,25.951273319033813,11.5,11.0625
"Translate the following sentence from Hindi to English:
Q: खेल सुबह 10:00 बजे बहुत बढ़िया मौसम के साथ शुरू हुआ और सुबह-सुबह की रिमझिम फुहारें, जो जल्दी ही ख़त्म हो गई थीं, के अलावा यह 7वे रग्बी के लिए शानदार दिन था.
A:","खेल सुबह 10:00 बजे बहुत बढ़िया मौसम के साथ शुरू हुआ और सुबह-सुबह की रिमझिम फुहारें, जो जल्दी ही ख़त्म हो गई थीं, के अलावा यह 7वे रग्बी के लिए शानदार दिन था.","The games kicked off at 10:00am with great weather and apart from mid morning drizzle which quickly cleared up, it was a perfect day for 7's rugby.",The sentence is translated as:,0.10427139613379695,4.939968908839245,eng_Latn," The games kicked off at 10:00am with great weather and apart from mid morning drizzle which quickly cleared up, it was a perfect day for 7's rugby.",0.10427139613379695,4.939968908839245,23.375,23.75
"Translate the following sentence from Hindi to English:
Q: टूर्नामेंट के शीर्ष सीड्स दक्षिण अफ़्रीका ने सही नोट पर शुरू किया, जब उनके पास 5वीं वरीयता प्राप्त ज़ांबिया के ख़िलाफ़ 26 - 00 की आसान जीत थी.
A:","टूर्नामेंट के शीर्ष सीड्स दक्षिण अफ़्रीका ने सही नोट पर शुरू किया, जब उनके पास 5वीं वरीयता प्राप्त ज़ांबिया के ख़िलाफ़ 26 - 00 की आसान जीत थी.",Tournament top seeds South Africa started on the right note when they had a comfortable 26 - 00 win against 5th seeded Zambia.,The top seeds in the tournament are South Africa.,4.323551986599335,25.441230255583015,eng_Latn, Tournament top seeds South Africa started on the right note when they had a comfortable 26 - 00 win against 5th seeded Zambia.,4.323551986599335,25.441230255583015,20.25,19.125
"Translate the following sentence from Hindi to English:
Q: अपनी सदर्न सिस्टर्स के खिलाफ़ खेल में निर्णायक रूप से कमज़ोर दिखाई दे रही, फिर भी लगातार दक्षिण अफ़्रीका ने टूर्नामेंट के आगे बढ़ने पर सुधार किया है.
A:","अपनी सदर्न सिस्टर्स के खिलाफ़ खेल में निर्णायक रूप से कमज़ोर दिखाई दे रही, फिर भी लगातार दक्षिण अफ़्रीका ने टूर्नामेंट के आगे बढ़ने पर सुधार किया है.","Looking decidedly rusty in the game against their southern sisters, South Africa however steadily improved as the tournament progressed.","Despite the fact that South Africa has been consistently improving in the tournament, they have been consistently losing to the West Indies.",7.182419285062101,34.550083030114784,eng_Latn," Looking decidedly rusty in the game against their southern sisters, South Africa however steadily improved as the tournament progressed.",7.182419285062101,34.550083030114784,7.4375,8.9375
"Translate the following sentence from Hindi to English:
Q: उनकी अनुशासित रक्षा, गेंदबाजी की कला और टीम के अच्छे काम ने उन्हें बाहर खड़ा कर दिया और अब यह साफ हो गया था की ये टीम टक्कर देगी ।
A:","उनकी अनुशासित रक्षा, गेंदबाजी की कला और टीम के अच्छे काम ने उन्हें बाहर खड़ा कर दिया और अब यह साफ हो गया था की ये टीम टक्कर देगी ।","Their disciplined defence, ball handling skills and excellent team work made them stand out and it was clear that this was the team to beat.","Their disciplined defense, bowling and team work has made them stand out and now it is clear that this team will give a tough fight.",22.27760460609411,53.4392377274838,eng_Latn," Their disciplined defence, ball handling skills and excellent team work made them stand out and it was clear that this was the team to beat.",22.27760460609411,53.4392377274838,2.40625,4.0
"Translate the following sentence from Hindi to English:
Q: एम्स्टर्डम शहर और ऐनी फ्रैंक संग्रहालय राज्य के अधिकारियों का कहना है कि पेड़ एक कवक से संक्रमित है और एक सार्वजनिक स्वास्थ्य खतरा पैदा करता है क्योंकि उनका तर्क है कि उसके गिरने का पूरा खतरा था।
A:",एम्स्टर्डम शहर और ऐनी फ्रैंक संग्रहालय राज्य के अधिकारियों का कहना है कि पेड़ एक कवक से संक्रमित है और एक सार्वजनिक स्वास्थ्य खतरा पैदा करता है क्योंकि उनका तर्क है कि उसके गिरने का पूरा खतरा था।,Officials for the city of Amsterdam and the Anne Frank Museum state that the tree is infected with a fungus and poses a public health hazard as they argue that it was in imminent danger of falling over.,The city of Amsterdam and the Anne Frank Museum have said that the tree is infected with a fungus and poses a public health risk because of its falling.,43.45807179290829,60.90802371549995,eng_Latn, Officials for the city of Amsterdam and the Anne Frank Museum state that the tree is infected with a fungus and poses a public health hazard as they argue that it was in imminent danger of falling over.,43.45807179290829,60.90802371549995,4.625,5.46875
"Translate the following sentence from Hindi to English:
Q: इसे मंगलवार को काटना तय किया गया था, लेकिन एक आपातकालीन अदालत के फ़ैसले के बाद इसे बचा लिया गया था.
A:","इसे मंगलवार को काटना तय किया गया था, लेकिन एक आपातकालीन अदालत के फ़ैसले के बाद इसे बचा लिया गया था.","It had been scheduled to be cut down on Tuesday, but was saved after an emergency court ruling.","It was decided to cut the tree on Tuesday, but it was saved after a decision by the emergency court.",19.1072229574376,52.623615346664096,eng_Latn," It had been scheduled to be cut down on Tuesday, but was saved after an emergency court ruling.",19.1072229574376,52.623615346664096,3.171875,3.65625
"Translate the following sentence from Hindi to English:
Q: सभी गुफाओं, जिनका नाम “सात बहनें” रखा गया, में घुसने की जगह का डायमीटर कम से कम 100 से 250 मीटर (328 से 820 फ़ीट) है.
A:","सभी गुफाओं, जिनका नाम “सात बहनें” रखा गया, में घुसने की जगह का डायमीटर कम से कम 100 से 250 मीटर (328 से 820 फ़ीट) है.","All of the cave entrances, which were named ""The Seven Sisters"", are at least 100 to 250 meters (328 to 820 feet) in diameter.",All caves with the name “Seven Sisters” have a diameter of at least 100 meters.,6.118069881849188,33.41632272707995,eng_Latn," All of the cave entrances, which were named ""The Seven Sisters"", are at least 100 to 250 meters (328 to 820 feet) in diameter.",6.118069881849188,33.41632272707995,7.03125,5.6875
"Translate the following sentence from Hindi to English:
Q: इन्फ़्रारेड चित्र दिखाते हैं कि रात और दिन के बदले तापमान से वे कुछ-कुछ गुफ़ाएँ जैसी हैं.
A:",इन्फ़्रारेड चित्र दिखाते हैं कि रात और दिन के बदले तापमान से वे कुछ-कुछ गुफ़ाएँ जैसी हैं.,Infrared images show that the temperature variations from night and day show that they are likely caves.,Infrared images show that the temperature of the Earth is not uniform.,30.733266333161755,44.530688622734395,eng_Latn, Infrared images show that the temperature variations from night and day show that they are likely caves.,30.733266333161755,44.530688622734395,8.4375,11.5
"Translate the following sentence from Hindi to English:
Q: “दिन में ये आस-पास की सतहों से ज़्यादा ठंडी और रात में गर्म होती हैं.
A:",“दिन में ये आस-पास की सतहों से ज़्यादा ठंडी और रात में गर्म होती हैं.,"""They are cooler than the surrounding surface in the day and warmer at night.",“They are cooler during the day and warmer at night.”,49.957965997369094,52.891053676915455,eng_Latn," ""They are cooler than the surrounding surface in the day and warmer at night.",49.957965997369094,52.891053676915455,6.375,5.5
"Translate the following sentence from Hindi to English:
Q: उनका ऊष्मीय व्यवहार पृथ्वी की बड़ी गुफाओं जैसा स्थिर नहीं है जो अक्सर काफी स्थिर तापमान बनाए रखती हैं, लेकिन यह जमीन के इन गहरे छेद के अनुरूप है,” यूनाइटेड स्टेट्स जियोलॉजिकल सर्वे (यूएसजीएस) की भूगर्भीय टीम और फ्लैगस्टाफ, एरिजोना में स्थित उत्तरी एरिजोना विश्वविद्यालय के ग्लेन कुशिंग ने कहा।
A:","उनका ऊष्मीय व्यवहार पृथ्वी की बड़ी गुफाओं जैसा स्थिर नहीं है जो अक्सर काफी स्थिर तापमान बनाए रखती हैं, लेकिन यह जमीन के इन गहरे छेद के अनुरूप है,” यूनाइटेड स्टेट्स जियोलॉजिकल सर्वे (यूएसजीएस) की भूगर्भीय टीम और फ्लैगस्टाफ, एरिजोना में स्थित उत्तरी एरिजोना विश्वविद्यालय के ग्लेन कुशिंग ने कहा।","Their thermal behavior is not as steady as large caves on Earth that often maintain a fairly constant temperature, but it is consistent with these being deep holes in the ground,"" said Glen Cushing of the United States Geological Survey (USGS) Astrogeology Team and of Northern Arizona University located in Flagstaff, Arizona.","“Their thermal behavior is not as stable as the earth’s deep holes, which are called geysers.”",4.76937661030925,18.17926788722442,eng_Latn," Their thermal behavior is not as steady as large caves on Earth that often maintain a fairly constant temperature, but it is consistent with these being deep holes in the ground,"" said Glen Cushing of the United States Geological Survey (USGS) Astrogeology Team and of Northern Arizona University located in Flagstaff, Arizona.",4.76937661030925,18.17926788722442,14.875,15.0625
"Translate the following sentence from Hindi to English:
Q: फ्रांस में, मतदान परंपरागत रूप से एक कम तकनीक वाला अनुभव रहा है: मतदाता खुद को बूथ में अलग-थलग कर लेते हैं, एक कागज की एक पूर्व-मुद्रित शीट डालते हैं जो लिफाफे में उनकी पसंद के उम्मीदवार को दर्शाती है।
A:","फ्रांस में, मतदान परंपरागत रूप से एक कम तकनीक वाला अनुभव रहा है: मतदाता खुद को बूथ में अलग-थलग कर लेते हैं, एक कागज की एक पूर्व-मुद्रित शीट डालते हैं जो लिफाफे में उनकी पसंद के उम्मीदवार को दर्शाती है।","In France, voting has traditionally been a low-tech experience: voters isolate themselves in a booth, put a pre-printed sheet of paper indicating their candidate of choice into an envelope.","In France, voting has traditionally been a low-tech experience: voters have traditionally been able to vote for a candidate of their choice.",36.211763198422645,53.06552671057534,eng_Latn," In France, voting has traditionally been a low-tech experience: voters isolate themselves in a booth, put a pre-printed sheet of paper indicating their candidate of choice into an envelope.",36.211763198422645,53.06552671057534,6.8125,6.34375
"Translate the following sentence from Hindi to English:
Q: जब अधिकारी मतदाता की पहचान की पुष्टि कर लेते हैं, तब मतदाता लिफ़ाफ़े को बैलट बॉक्स में डालता है और वोटिंग रोल पर हस्ताक्षर कर देता है.
A:","जब अधिकारी मतदाता की पहचान की पुष्टि कर लेते हैं, तब मतदाता लिफ़ाफ़े को बैलट बॉक्स में डालता है और वोटिंग रोल पर हस्ताक्षर कर देता है.","After officials verify the voter's identity, the voter drops the envelope into the ballot box and signs the voting roll.","When the officer confirms the identity of the voter, the voter puts the ballot box in the ballot box and signs the voting roll.",42.61863499529063,58.061367152623575,eng_Latn," After officials verify the voter's identity, the voter drops the envelope into the ballot box and signs the voting roll.",42.61863499529063,58.061367152623575,3.125,4.15625
"Translate the following sentence from Hindi to English:
Q: फ़्रांस का चुनावी कानून, कार्यवाही को सख्ती से सांकेतिक शब्दों में बदलता है.
A:","फ़्रांस का चुनावी कानून, कार्यवाही को सख्ती से सांकेतिक शब्दों में बदलता है.",French electoral law rather strictly codifies the proceedings.,"The French electoral law, which is very strict, is a very good example of the fact that the French electoral law is very strict.",6.143498010483918,38.027778702178836,eng_Latn, French electoral law rather strictly codifies the proceedings.,6.143498010483918,38.027778702178836,9.0625,8.375
"Translate the following sentence from Hindi to English:
Q: 1988 के बाद से, मतपेटियांपारदर्शी होनी चाहिए थीं ताकि मतदाता और पर्यवेक्षक यह देख सकें कि मत के शुरू होने से पहले मतपेटी में कोई लिफ़ाफ़ा तो मौजूद नहीं है और वैध मतों के अलवा कोई अन्य मत तो नहीं दिया गया है.
A:","1988 के बाद से, मतपेटियांपारदर्शी होनी चाहिए थीं ताकि मतदाता और पर्यवेक्षक यह देख सकें कि मत के शुरू होने से पहले मतपेटी में कोई लिफ़ाफ़ा तो मौजूद नहीं है और वैध मतों के अलवा कोई अन्य मत तो नहीं दिया गया है.","Since 1988, ballot boxes must be transparent so that voters and observers can witness that no envelopes are present at the start of the vote and that no envelopes are added except those of the duly counted and authorized voters.","Since 1988, ballot boxes should have been transparent so that voters and observers could see that no ballot papers were present in the ballot box before the start of the vote.",28.565667727339598,48.534725409675545,eng_Latn," Since 1988, ballot boxes must be transparent so that voters and observers can witness that no envelopes are present at the start of the vote and that no envelopes are added except those of the duly counted and authorized voters.",28.565667727339598,48.534725409675545,5.84375,4.75
"Translate the following sentence from Hindi to English:
Q: उम्मीदवार प्रक्रिया के हर हिस्से को देखने के लिए प्रतिनिधि भेज सकते हैं. शाम को, स्वयंसेवकों द्वारा विशिष्ट प्रक्रियाओं का पालन करते हुए कड़ी निगरानी में मतों की गिनती की जाती है.
A:","उम्मीदवार प्रक्रिया के हर हिस्से को देखने के लिए प्रतिनिधि भेज सकते हैं. शाम को, स्वयंसेवकों द्वारा विशिष्ट प्रक्रियाओं का पालन करते हुए कड़ी निगरानी में मतों की गिनती की जाती है.","Candidates can send representatives to witness every part of the process. In the evening, votes are counted by volunteers under heavy supervision, following specific procedures.","Candidates can send representatives to observe every part of the process. At night, the counting of votes is done under strict supervision by volunteers.",42.08763516473974,56.50490813610147,eng_Latn," Candidates can send representatives to witness every part of the process. In the evening, votes are counted by volunteers under heavy supervision, following specific procedures.",42.08763516473974,56.50490813610147,2.703125,2.78125
"Translate the following sentence from Hindi to English:
Q: बचत और सुविधा को ध्यान में रखते हुए, ASUS Eee PC को दुनियाभर में पेश किया गया, यह बात 2007 ताइपे आईटी महीने में चर्चा में रही.
A:","बचत और सुविधा को ध्यान में रखते हुए, ASUS Eee PC को दुनियाभर में पेश किया गया, यह बात 2007 ताइपे आईटी महीने में चर्चा में रही.","ASUS Eee PC, earlier launched world-wide for cost-saving and functionality factors, became a hot topic in 2007 Taipei IT Month.","Keeping in mind the savings and convenience, ASUS Eee PC was launched worldwide, this was the talk of the town in 2007 Taipei IT month.",22.553917613063714,39.88229017756541,eng_Latn," ASUS Eee PC, earlier launched world-wide for cost-saving and functionality factors, became a hot topic in 2007 Taipei IT Month.",22.553917613063714,39.88229017756541,2.234375,2.703125
"Translate the following sentence from Hindi to English:
Q: लेकिन लैपटॉप कंप्यूटर पर उपभोक्ता बाज़ार मौलिक रूप से विविधतापूर्ण होगा और चीनी गणराज्य के कार्यकारी युआन द्वारा 2007 में ASUS को ताइवान सस्टैनबल अवॉर्ड से सम्मानित किए जाने के बाद बदल जाएगा.
A:",लेकिन लैपटॉप कंप्यूटर पर उपभोक्ता बाज़ार मौलिक रूप से विविधतापूर्ण होगा और चीनी गणराज्य के कार्यकारी युआन द्वारा 2007 में ASUS को ताइवान सस्टैनबल अवॉर्ड से सम्मानित किए जाने के बाद बदल जाएगा.,But the consumer market on laptop computer will be radically varied and changed after ASUS was awarded in the 2007 Taiwan Sustainable Award by Executive Yuan of the Republic of China.,But the laptop computer will be a fundamental change in the consumer market.,6.057004181431982,32.45160135571044,eng_Latn, But the consumer market on laptop computer will be radically varied and changed after ASUS was awarded in the 2007 Taiwan Sustainable Award by Executive Yuan of the Republic of China.,6.057004181431982,32.45160135571044,17.125,14.5625
"Translate the following sentence from Hindi to English:
Q: स्टेशन की वेबसाइट ने शो को “नए और ख़राब तरीके से अव्यवस्थित घुमाव के साथ पुराने समय के रेडियो थिएटर” के रूप में बताया है.
A:",स्टेशन की वेबसाइट ने शो को “नए और ख़राब तरीके से अव्यवस्थित घुमाव के साथ पुराने समय के रेडियो थिएटर” के रूप में बताया है.,"The station's web site describes the show as ""old school radio theater with a new and outrageous geeky spin!""",The website of the station has described the show as “new and bad”,5.3147518423487785,31.943622518646425,eng_Latn," The station's web site describes the show as ""old school radio theater with a new and outrageous geeky spin!""",5.3147518423487785,31.943622518646425,15.875,14.4375
"Translate the following sentence from Hindi to English:
Q: इसके शुरुआती दिनों में, इस शो को केवल लंबे समय तक चलने वाली इंटरनेट रेडियो साइट TogiNet रेडियो, टॉक रेडियो पर केंद्रित एक साइट पर फ़ीचर किया गया था.
A:","इसके शुरुआती दिनों में, इस शो को केवल लंबे समय तक चलने वाली इंटरनेट रेडियो साइट TogiNet रेडियो, टॉक रेडियो पर केंद्रित एक साइट पर फ़ीचर किया गया था.","In its early days, the show was featured solely at the long-running internet radio site TogiNet Radio, a site focused on talk radio.","In its early days, this show was featured on the long-running internet radio site TogiNet Radio.",50.761320179025,67.78595573688419,eng_Latn," In its early days, the show was featured solely at the long-running internet radio site TogiNet Radio, a site focused on talk radio.",50.761320179025,67.78595573688419,5.59375,3.59375
"Translate the following sentence from Hindi to English:
Q: 2015 के आखिर में, TogiNet ने एक सहयोगी स्टेशन के रूप में AstroNet रेडियो की स्थापना की.
A:","2015 के आखिर में, TogiNet ने एक सहयोगी स्टेशन के रूप में AstroNet रेडियो की स्थापना की.","In late 2015, TogiNet established AstroNet Radio as a subsidiary station.","At the end of 2015, TogiNet established a sister station called AstroNet Radio.",36.19174049405417,60.53828773912798,eng_Latn," In late 2015, TogiNet established AstroNet Radio as a subsidiary station.",36.19174049405417,60.53828773912798,1.5,2.09375
"Translate the following sentence from Hindi to English:
Q: शो में मूल रूप से पूर्वी टैक्सास के स्थानीय शौकिया वॉइस एक्टर्स को शामिल किया गया है.
A:",शो में मूल रूप से पूर्वी टैक्सास के स्थानीय शौकिया वॉइस एक्टर्स को शामिल किया गया है.,"The show originally featured amateur voice actors, local to East Texas.",The show originally featured local amateur voice actors from East Texas.,61.54318428980355,79.51044232998524,eng_Latn," The show originally featured amateur voice actors, local to East Texas.",61.54318428980355,79.51044232998524,2.234375,1.109375
"Translate the following sentence from Hindi to English:
Q: चूँकि बिशकेक की गलियों में कानून लागू करने वाले अधिकारी मौजूद नहीं थे, तो पूरी रात बड़े पैमाने पर लूट जारी रहने की सूचना मिली है.
A:","चूँकि बिशकेक की गलियों में कानून लागू करने वाले अधिकारी मौजूद नहीं थे, तो पूरी रात बड़े पैमाने पर लूट जारी रहने की सूचना मिली है.","Widespread looting reportedly continued overnight, as law enforcement officers were not present on Bishkek's streets.","Since there were no law enforcement officers in Bishkek, the looting continued all night.",17.706550403644172,42.628765906880886,eng_Latn," Widespread looting reportedly continued overnight, as law enforcement officers were not present on Bishkek's streets.",17.706550403644172,42.628765906880886,4.625,4.34375
"Translate the following sentence from Hindi to English:
Q: एक विश्लेषक के अनुसार बिश्केक अराजकता में जा रहा है, क्योंकि लोगों के झुंड सड़कों पर दुकानें लूट रहे हैं.
A:","एक विश्लेषक के अनुसार बिश्केक अराजकता में जा रहा है, क्योंकि लोगों के झुंड सड़कों पर दुकानें लूट रहे हैं.","Bishkek was described as sinking into a state of ""anarchy"" by one observer, as gangs of people roamed the streets and plundered stores of consumer goods.","According to an analyst, Bishkek is going to be a mess because people are looting shops on the streets.",5.877642617830619,23.760708902422255,eng_Latn," Bishkek was described as sinking into a state of ""anarchy"" by one observer, as gangs of people roamed the streets and plundered stores of consumer goods.",5.877642617830619,23.760708902422255,3.765625,5.28125
"Translate the following sentence from Hindi to English:
Q: कई बिश्केक निवासियों ने दक्षिण के प्रदर्शनकारियों को इस अराजकता के लिए दोषी ठहराया।
A:",कई बिश्केक निवासियों ने दक्षिण के प्रदर्शनकारियों को इस अराजकता के लिए दोषी ठहराया।,Several Bishkek residents blamed protesters from the south for the lawlessness.,Many Bishkek residents have blamed the South for this chaos.,18.852916188854532,38.88850585592176,eng_Latn, Several Bishkek residents blamed protesters from the south for the lawlessness.,18.852916188854532,38.88850585592176,4.84375,4.15625
"Translate the following sentence from Hindi to English:
Q: साउथ अफ्रीका के रस्टेनबर्ग स्थित रॉयल बेफोकेंग स्टेडियम में एक रग्बी यूनियन ट्राई नेशन्स मैच में साउथ अफ्रीका ने ऑल ब्लैक्स (न्यूज़ीलैंड) को हराया है.
A:",साउथ अफ्रीका के रस्टेनबर्ग स्थित रॉयल बेफोकेंग स्टेडियम में एक रग्बी यूनियन ट्राई नेशन्स मैच में साउथ अफ्रीका ने ऑल ब्लैक्स (न्यूज़ीलैंड) को हराया है.,"South Africa have defeated the All Blacks (New Zealand) in a rugby union Tri Nations match at the Royal Bafokeng Stadium in Rustenburg, South Africa.","In the match, South Africa scored 21 points and New Zealand scored 14 points.",3.6349367731521243,22.47305516730414,eng_Latn," South Africa have defeated the All Blacks (New Zealand) in a rugby union Tri Nations match at the Royal Bafokeng Stadium in Rustenburg, South Africa.",3.6349367731521243,22.47305516730414,15.3125,13.25
"Translate the following sentence from Hindi to English:
Q: अंतिम स्कोर एक अंक की जीत थी, 21 और 20, ऑल ब्लैक्स का 15 गेम लगातार जीतने का सिलसिला समाप्त हुआ ।
A:","अंतिम स्कोर एक अंक की जीत थी, 21 और 20, ऑल ब्लैक्स का 15 गेम लगातार जीतने का सिलसिला समाप्त हुआ ।","The final score was a one-point victory, 21 to 20, ending the All Blacks' 15 game winning streak.","The last score was a one-point win, 21 and 20, the All Blacks' 15-game winning streak ended.",42.7981537352224,61.13504561832288,eng_Latn," The final score was a one-point victory, 21 to 20, ending the All Blacks' 15 game winning streak.",42.7981537352224,61.13504561832288,3.078125,3.296875
"Translate the following sentence from Hindi to English:
Q: स्प्रिंगबोक्स के लिए, इसने पांच-मैचों की हार का सिलसिला समाप्त कर दिया.
A:","स्प्रिंगबोक्स के लिए, इसने पांच-मैचों की हार का सिलसिला समाप्त कर दिया.","For the Springboks, it ended a five-match losing streak.",It has ended the five-match losing streak for the springboks.,41.41238765665521,59.971237668666646,eng_Latn," For the Springboks, it ended a five-match losing streak.",41.41238765665521,59.971237668666646,2.96875,2.3125
"Translate the following sentence from Hindi to English:
Q: अभी दो हफ़्ते पहले ही इस ट्रॉफ़ी को अपने नाम कर चुकी 'ऑल ब्लैक्स' टीम का यह फ़ाइनल मैच था.
A:",अभी दो हफ़्ते पहले ही इस ट्रॉफ़ी को अपने नाम कर चुकी 'ऑल ब्लैक्स' टीम का यह फ़ाइनल मैच था.,"It was the final match for the All Blacks, who had already won the trophy two weeks ago.",The final match was of the All Blacks.,10.110764178360254,32.40379673904281,eng_Latn," It was the final match for the All Blacks, who had already won the trophy two weeks ago.",10.110764178360254,32.40379673904281,15.6875,15.4375
"Translate the following sentence from Hindi to English:
Q: इस सीरीज़ का फ़ाइनल मैच स्प्रिंगबोक्स और ऑस्ट्रेलिया के बीच, अगले हफ़्ते जोहान्सबर्ग के एलिस पार्क में खेला जाएगा.
A:","इस सीरीज़ का फ़ाइनल मैच स्प्रिंगबोक्स और ऑस्ट्रेलिया के बीच, अगले हफ़्ते जोहान्सबर्ग के एलिस पार्क में खेला जाएगा.","The final match of the series will take place at Ellis Park in Johannesburg next week, when the Springboks play Australia.",This series' final match will be played between the Springboks and Australia next week at the Johannesburg's Ellis Park.,16.10023073611186,54.17629831388807,eng_Latn," The final match of the series will take place at Ellis Park in Johannesburg next week, when the Springboks play Australia.",16.10023073611186,54.17629831388807,2.953125,2.75
"Translate the following sentence from Hindi to English:
Q: सोमवार, 10:08 बजे एक मामूली भूकंप ने पश्चिमी मोंटाना को हिला दिया।
A:","सोमवार, 10:08 बजे एक मामूली भूकंप ने पश्चिमी मोंटाना को हिला दिया।",A moderate earthquake shook western Montana at 10:08 p.m. on Monday.,"On Monday, at 10:08 am, a minor earthquake shook western Montana.",41.22868806605696,61.33266589852657,eng_Latn, A moderate earthquake shook western Montana at 10:08 p.m. on Monday.,41.22868806605696,61.33266589852657,1.4609375,6.46875
"Translate the following sentence from Hindi to English:
Q: यूनाइटेड स्टेट्स जियोलॉजिकल सर्वे (यूएसजीएस) और इसके नेशनल अर्थक्वेक इंन्फ़ॉर्मेशन सेंटर द्वारा नुकसान की कोई तत्काल रिपोर्ट नहीं मिली है.
A:",यूनाइटेड स्टेट्स जियोलॉजिकल सर्वे (यूएसजीएस) और इसके नेशनल अर्थक्वेक इंन्फ़ॉर्मेशन सेंटर द्वारा नुकसान की कोई तत्काल रिपोर्ट नहीं मिली है.,No immediate reports of damage have been received by the United States Geological Survey (USGS) and its National Earthquake Information Center.,There is no immediate report of damage from USGS or its National Earthquake Information Center.,26.57773742462513,48.46198774723479,eng_Latn, No immediate reports of damage have been received by the United States Geological Survey (USGS) and its National Earthquake Information Center.,26.57773742462513,48.46198774723479,3.78125,3.734375
"Translate the following sentence from Hindi to English:
Q: भूकंप डिलन के उत्तर-उत्तर पूर्व में लगभग 20 किमी (15 मील) और ब्यूट के दक्षिण में लगभग 65 किमी (40 मील) की दूरी पर केंद्रित था.
A:",भूकंप डिलन के उत्तर-उत्तर पूर्व में लगभग 20 किमी (15 मील) और ब्यूट के दक्षिण में लगभग 65 किमी (40 मील) की दूरी पर केंद्रित था.,"The earthquake was centered about 20 km (15 miles) north-northeast of Dillon, and about 65 km (40 miles) south of Butte.",The earthquake was centered about 20 km (15 miles) north-northeast of Delhi.,50.57531891609247,61.81543047453927,eng_Latn," The earthquake was centered about 20 km (15 miles) north-northeast of Dillon, and about 65 km (40 miles) south of Butte.",50.57531891609247,61.81543047453927,18.0,14.875
"Translate the following sentence from Hindi to English:
Q: H5N1, मनुष्यों को बर्ड फ्लू के घातक होने की पुष्टि की गई है, जो सोमवार को फ्रांस के पूर्व में ल्योन के पास दलदली भूमि में पाया गया है।
A:","H5N1, मनुष्यों को बर्ड फ्लू के घातक होने की पुष्टि की गई है, जो सोमवार को फ्रांस के पूर्व में ल्योन के पास दलदली भूमि में पाया गया है।","The strain of bird flu lethal to humans, H5N1, has been confirmed to have infected a dead wild duck, found on Monday, in marshland near Lyon in the east of France.","H5N1, मनुष्यों को बर्ड फ्लू के घातक होने की पुष्टि की गई है, जो सोमवार को फ्रांस के पूर्व में ल्योन के पास दलदली भूमि में पाया गया है।",5.508606419495828,3.022799915043075,hin_Deva," H5N1, मनुष्यों को बर्ड फ्लू के घातक होने की पुष्टि की गई है, जो सोमवार को फ्रांस के पूर्व में ल्योन के पास दलदली भूमि में पाया गया है।",100.00000000000004,100.0,24.125,21.5
"Translate the following sentence from Hindi to English:
Q: ऑस्ट्रेलिया, जर्मनी, स्लोवेनिया, बुल्गारिया, ग्रीस और इटली के बाद फ़्रांस यूरोपियन संघ का सातवाँ देश है, जो इस वायरस की मार झेल रहा है.
A:","ऑस्ट्रेलिया, जर्मनी, स्लोवेनिया, बुल्गारिया, ग्रीस और इटली के बाद फ़्रांस यूरोपियन संघ का सातवाँ देश है, जो इस वायरस की मार झेल रहा है.","France is the seventh country in the European Union to suffer this virus; following Austria, Germany, Slovenia, Bulgaria, Greece and Italy.","After France, the European Union is also facing the wrath of the virus.",5.530988645505065,24.851856743714922,eng_Latn," France is the seventh country in the European Union to suffer this virus; following Austria, Germany, Slovenia, Bulgaria, Greece and Italy.",5.530988645505065,24.851856743714922,15.5,12.5
"Translate the following sentence from Hindi to English:
Q: क्रोएशिया और डेनमार्क में H5N1 के संदिग्ध मामले अपुष्ट बने हुए हैं.
A:",क्रोएशिया और डेनमार्क में H5N1 के संदिग्ध मामले अपुष्ट बने हुए हैं.,Suspected cases of H5N1 in Croatia and Denmark remain unconfirmed.,The suspected cases of H5N1 in Croatia and Denmark have been confirmed.,55.44187603702077,76.2527734864169,eng_Latn, Suspected cases of H5N1 in Croatia and Denmark remain unconfirmed.,55.44187603702077,76.2527734864169,8.875,12.5
"Translate the following sentence from Hindi to English:
Q: चैंबर्स ने “व्यापक मौत, विनाश और पृथ्वी के लाखों निवासी पर आतंक के लिए भगवान पर मुकदमा चलाया था।”
A:","चैंबर्स ने “व्यापक मौत, विनाश और पृथ्वी के लाखों निवासी पर आतंक के लिए भगवान पर मुकदमा चलाया था।”","Chambers had sued God for ""widespread death, destruction and terrorization of millions upon millions of the Earth's inhabitants.""",Chambers ने कहा था कि “The Lord” का अर्थ है “God” है।,1.9990208927009636,6.6235643751123385,hin_Deva," चैंबर्स ने “व्यापक मौत, विनाश और पृथ्वी के लाखों निवासी पर आतंक के लिए भगवान पर मुकदमा चलाया था।”",2.630859448232831,4.5359863400168,20.0,17.125
"Translate the following sentence from Hindi to English:
Q: एक संशयवादी चेंबर्स की दलील थी कि उसका मुकदमा “तुच्छ” है और “कोई भी किसी पर भी मुकदमा ठोंक सकता है”.
A:",एक संशयवादी चेंबर्स की दलील थी कि उसका मुकदमा “तुच्छ” है और “कोई भी किसी पर भी मुकदमा ठोंक सकता है”.,"Chambers, an agnostic, argues that his lawsuit is ""frivolous"" and ""anybody can sue anybody.""",A skeptic argued that his case was “trivial” and “anyone can file a case against anyone”.,3.5247856198478895,20.7549963038535,eng_Latn," Chambers, an agnostic, argues that his lawsuit is ""frivolous"" and ""anybody can sue anybody.""",3.5247856198478895,20.7549963038535,4.625,5.53125
"Translate the following sentence from Hindi to English:
Q: केमिली सेंट-सेंस द्वारा, फ्रेंच ऑपेरा में प्रस्तुत कहानी, एक कलाकार की है “जिसका जीवन ड्रग्स के लिए प्यार और जापान से दर्शाया जाता है।”
A:","केमिली सेंट-सेंस द्वारा, फ्रेंच ऑपेरा में प्रस्तुत कहानी, एक कलाकार की है “जिसका जीवन ड्रग्स के लिए प्यार और जापान से दर्शाया जाता है।”","The story presented in the French opera, by Camille Saint-Saens, is of an artist ""whose life is dictated by a love for drugs and Japan.""",The story is about a drug addict who is shown to be a drug addict.,2.079637628673006,14.740288263787571,eng_Latn," The story presented in the French opera, by Camille Saint-Saens, is of an artist ""whose life is dictated by a love for drugs and Japan.""",2.079637628673006,14.740288263787571,16.875,16.5
"Translate the following sentence from Hindi to English:
Q: जिसके परिणामस्वरूप, मंच पर कलाकार गांजे भरी सिगरटें पीते हैं और ये थिएटर खुद दर्शकों को भी इसमें साथ शामिल होने के लिए प्रेरित करते हैं.
A:","जिसके परिणामस्वरूप, मंच पर कलाकार गांजे भरी सिगरटें पीते हैं और ये थिएटर खुद दर्शकों को भी इसमें साथ शामिल होने के लिए प्रेरित करते हैं.","As a result, the performers smoke cannabis joints on stage, and the theatre itself is encouraging the audience to join in.","As a result, the artists on the stage smoke ganja and the audience also smokes ganja.",17.298606537419616,37.73668060184252,eng_Latn," As a result, the performers smoke cannabis joints on stage, and the theatre itself is encouraging the audience to join in.",17.298606537419616,37.73668060184252,7.3125,6.625
"Translate the following sentence from Hindi to English:
Q: पूर्व हाउस स्पीकर न्यूट गिंग्रिच, टेक्सास के गर्वनर रिक पैरी, और कांग्रेसवुमन मिशेल बैचमैन ने क्रमश: चौथा, पाँचवाँ और छठा स्थान हासिल किया.
A:","पूर्व हाउस स्पीकर न्यूट गिंग्रिच, टेक्सास के गर्वनर रिक पैरी, और कांग्रेसवुमन मिशेल बैचमैन ने क्रमश: चौथा, पाँचवाँ और छठा स्थान हासिल किया.","Former House Speaker Newt Gingrich, Texas governor Rick Perry, and Congresswoman Michele Bachmann finished in fourth, fifth, and sixth place, respectively.","The fourth, fifth and sixth places were taken by the former Speaker of the House, the Governor of Texas and the Congresswoman.",11.378092556779524,38.48358706164338,eng_Latn," Former House Speaker Newt Gingrich, Texas governor Rick Perry, and Congresswoman Michele Bachmann finished in fourth, fifth, and sixth place, respectively.",11.378092556779524,38.48358706164338,6.46875,6.28125
"Translate the following sentence from Hindi to English:
Q: नतीजा आने के बाद गिंगरिच ने सेंटोरम की तारीफ की, लेकिन रोमनी की निंदा की जिनकी ओर से आयोवा में गिंगरिच के खिलाफ दुष्प्रचार किया गया था.
A:","नतीजा आने के बाद गिंगरिच ने सेंटोरम की तारीफ की, लेकिन रोमनी की निंदा की जिनकी ओर से आयोवा में गिंगरिच के खिलाफ दुष्प्रचार किया गया था.","After the results came in, Gingrich lauded Santorum, but had tough words for Romney, on whose behalf negative campaign advertisements were aired in Iowa against Gingrich.","After the results came out, Gingrich praised Centorami, but condemned Romney, who was the subject of a smear campaign in Iowa.",13.747995359241044,37.30726379817689,eng_Latn," After the results came in, Gingrich lauded Santorum, but had tough words for Romney, on whose behalf negative campaign advertisements were aired in Iowa against Gingrich.",13.747995359241044,37.30726379817689,6.0625,7.53125
"Translate the following sentence from Hindi to English:
Q: पैरी ने कहा था कि वे “यह आकलन करने टैक्सास लौटेंगे कि आज के कॉकस के क्या परिणाम हैं, ताकि वे यह निर्धारित कर सकें कि इस दौड़ में उनके खुद के लिए आगे क्या राह है”, लेकिन बाद में उन्होंने कहा कि वे दौड़ में बने रहेंगे और 21 जनवरी को मुख्य रूप से साउथ कैरोलिना में मुकाबला करेंगे.
A:","पैरी ने कहा था कि वे “यह आकलन करने टैक्सास लौटेंगे कि आज के कॉकस के क्या परिणाम हैं, ताकि वे यह निर्धारित कर सकें कि इस दौड़ में उनके खुद के लिए आगे क्या राह है”, लेकिन बाद में उन्होंने कहा कि वे दौड़ में बने रहेंगे और 21 जनवरी को मुख्य रूप से साउथ कैरोलिना में मुकाबला करेंगे.","Perry stated that he would ""return to Texas to assess the results of tonight's caucus, determine whether there is a path forward for myself in this race"", but later said that he would remain in the race and compete in the January 21 South Carolina primary.","Perry said that they would return to Texas to assess the results of today’s caucus, but later said that they would stay in the race and compete in the primary.",31.45079028175472,49.948925170851744,eng_Latn," Perry stated that he would ""return to Texas to assess the results of tonight's caucus, determine whether there is a path forward for myself in this race"", but later said that he would remain in the race and compete in the January 21 South Carolina primary.",31.45079028175472,49.948925170851744,7.28125,6.90625
"Translate the following sentence from Hindi to English:
Q: अगस्त में ऐम्स स्ट्रॉ पोल को जीतने वाली बेकमन ने अपना कैंपेन खत्म करने का फ़ैसला लिया.
A:",अगस्त में ऐम्स स्ट्रॉ पोल को जीतने वाली बेकमन ने अपना कैंपेन खत्म करने का फ़ैसला लिया.,"Bachmann, who won the Ames Straw Poll in August, decided to end her campaign.","In August, Beckham won the AMS Straw Poll.",10.198817016870752,32.15069002175458,eng_Latn," Bachmann, who won the Ames Straw Poll in August, decided to end her campaign.",10.198817016870752,32.15069002175458,13.75,13.4375
"Translate the following sentence from Hindi to English:
Q: फ़ोटोग्राफ़र को रोनाल्ड रीगन यूसीएलए मेडिकल सेंटर ले जाया गया, जहाँ बाद में उसकी मौत हो गई.
A:","फ़ोटोग्राफ़र को रोनाल्ड रीगन यूसीएलए मेडिकल सेंटर ले जाया गया, जहाँ बाद में उसकी मौत हो गई.","The photographer was transported to Ronald Reagan UCLA Medical Center, where he subsequently died.","The photographer was taken to Ronald Reagan UCLA Medical Center, where he died later.",57.24429659479037,72.55533939641504,eng_Latn," The photographer was transported to Ronald Reagan UCLA Medical Center, where he subsequently died.",57.24429659479037,72.55533939641504,1.90625,1.2109375
"Translate the following sentence from Hindi to English:
Q: कहा जाता है कि वह 20 साल की उम्र में ही जीर्ण हो गया था। एक बयान में बीबर ने कहा, “हांलांकि मैं मौजूद नहीं था और न ही सीधे इस दुखद दुर्घटना से जुड़ा हुआ था, मेरी संवेदनाएं और प्रार्थनाएं पीड़ित के परिवार के साथ हैं।”
A:","कहा जाता है कि वह 20 साल की उम्र में ही जीर्ण हो गया था। एक बयान में बीबर ने कहा, “हांलांकि मैं मौजूद नहीं था और न ही सीधे इस दुखद दुर्घटना से जुड़ा हुआ था, मेरी संवेदनाएं और प्रार्थनाएं पीड़ित के परिवार के साथ हैं।”","He was reportedly aged in his 20s. In a statement, Bieber said ""[w]hile I was not present nor directly involved with this tragic accident, my thoughts and prayers are with the family of the victim.""",It is said that he was dead by the age of 20.,0.21937707499625642,7.646738888973034,eng_Latn," He was reportedly aged in his 20s. In a statement, Bieber said ""[w]hile I was not present nor directly involved with this tragic accident, my thoughts and prayers are with the family of the victim.""",0.21937707499625642,7.646738888973034,21.125,21.0
"Translate the following sentence from Hindi to English:
Q: एंटरटेनमेंट न्यूज़ वेबसाइट TMZ का मानना है कि फ़ोटोग्राफर ने अपना वाहन सेपुलवेडा बुलेवार्ड की दूसरी तरफ रोका था और सड़क पार करने और जारी रखने से पहले पुलिस स्टॉप की फ़ोटो लेने की कोशिश की. कैलिफोर्निया हाईवे पेट्रोल पुलिस अधिकारी ने ट्रैफिक स्टॉप का संचालन करते हुए उसे रोकने के लिए दो बार आदेश दिया.
A:",एंटरटेनमेंट न्यूज़ वेबसाइट TMZ का मानना है कि फ़ोटोग्राफर ने अपना वाहन सेपुलवेडा बुलेवार्ड की दूसरी तरफ रोका था और सड़क पार करने और जारी रखने से पहले पुलिस स्टॉप की फ़ोटो लेने की कोशिश की. कैलिफोर्निया हाईवे पेट्रोल पुलिस अधिकारी ने ट्रैफिक स्टॉप का संचालन करते हुए उसे रोकने के लिए दो बार आदेश दिया.,"Entertainment news website TMZ understands the photographer stopped his vehicle on the other side of Sepulveda Boulevard and attempted to take pictures of the police stop before crossing the road and continuing, prompting the California Highway Patrol police officer conducting the traffic stop to order him back across, twice.",TMZ believes that the photographer was stopped by the police for a traffic violation.,1.020472589475717,15.00471700157985,eng_Latn," Entertainment news website TMZ understands the photographer stopped his vehicle on the other side of Sepulveda Boulevard and attempted to take pictures of the police stop before crossing the road and continuing, prompting the California Highway Patrol police officer conducting the traffic stop to order him back across, twice.",1.020472589475717,15.00471700157985,16.875,16.875
"Translate the following sentence from Hindi to English:
Q: पुलिस के मुताबिक, फ़ोटोग्राफर को टक्कर मारने वाले वाहन चालक पर आपराधिक आरोप लगने की संभावना बहुत कम है.
A:","पुलिस के मुताबिक, फ़ोटोग्राफर को टक्कर मारने वाले वाहन चालक पर आपराधिक आरोप लगने की संभावना बहुत कम है.","According to police, the driver of the vehicle that hit the photographer is unlikely to face criminal charges.","According to the police, the driver of the vehicle that hit the photographer is unlikely to face criminal charges.",89.21616972156076,96.51648111910653,eng_Latn," According to police, the driver of the vehicle that hit the photographer is unlikely to face criminal charges.",89.21616972156076,96.51648111910653,1.9453125,0.90234375
"Translate the following sentence from Hindi to English:
Q: एक दिन में केवल अठारह मैडल उपलब्ध होने के कारण, कई देश मैडल पोडियम पर चढ़ने में विफल रहे.
A:","एक दिन में केवल अठारह मैडल उपलब्ध होने के कारण, कई देश मैडल पोडियम पर चढ़ने में विफल रहे.","With only eighteen medals available a day, a number of countries have failed to make the medal podium.","Due to the limited number of medals, many countries failed to reach the podium.",10.186671924174707,38.120782525698154,eng_Latn," With only eighteen medals available a day, a number of countries have failed to make the medal podium.",10.186671924174707,38.120782525698154,5.625,5.59375
"Translate the following sentence from Hindi to English:
Q: वे नीदरलैंड में शामिल हैं, जो अन्ना जोचेमसेन के साथ कल सुपर-जी में महिलाओं के स्टैंडिंग क्लास में नौवें स्थान पर रहा और फ़िनलैंड उसी प्रतियोगिता में काटजा सरीनन के साथ दसवें स्थान पर रहा.
A:","वे नीदरलैंड में शामिल हैं, जो अन्ना जोचेमसेन के साथ कल सुपर-जी में महिलाओं के स्टैंडिंग क्लास में नौवें स्थान पर रहा और फ़िनलैंड उसी प्रतियोगिता में काटजा सरीनन के साथ दसवें स्थान पर रहा.","They include the Netherlands, with Anna Jochemsen finishing ninth in the women's standing class in the Super-G yesterday, and Finland with Katja Saarinen finishing tenth in the same event.",They are the ones who are included in the list of the top 100 players in the world.,1.7330497671427925,17.003316938994796,eng_Latn," They include the Netherlands, with Anna Jochemsen finishing ninth in the women's standing class in the Super-G yesterday, and Finland with Katja Saarinen finishing tenth in the same event.",1.7330497671427925,17.003316938994796,18.75,18.375
"Translate the following sentence from Hindi to English:
Q: पुरुषों के स्टैंडिंग सुपर-जी में ऑस्ट्रेलिया के मिशेल गौरले ग्यारहवें स्थान पर रहे. चेक प्रतियोगी ओल्डरिच जेलिनेक पुरुषों के सिटिंग सुपर-जी में सोलहवें स्थान पर रहे.
A:",पुरुषों के स्टैंडिंग सुपर-जी में ऑस्ट्रेलिया के मिशेल गौरले ग्यारहवें स्थान पर रहे. चेक प्रतियोगी ओल्डरिच जेलिनेक पुरुषों के सिटिंग सुपर-जी में सोलहवें स्थान पर रहे.,Australia's Mitchell Gourley finished eleventh in the men's standing Super-G. Czech competitor Oldrich Jelinek finished sixteenth in the men's sitting Super-G.,"In the standing super-G, the men's event, the Australian skier, Michael Gourgouris, finished in eleventh place. In the sitting super-G, the men's event, the Australian skier, Michael Gourgouris, finished in eleventh place.",12.089554896446389,40.544431872612755,eng_Latn, Australia's Mitchell Gourley finished eleventh in the men's standing Super-G. Czech competitor Oldrich Jelinek finished sixteenth in the men's sitting Super-G.,12.089554896446389,40.544431872612755,16.125,16.25
"Translate the following sentence from Hindi to English:
Q: पुरुषों के सिटिंग सुपर-जी में मैक्सिको के अर्ली वेलास्केज़ पंद्रहवें स्थान पर रहे. पुरुषों के स्टैंडिंग सुपर-जी में न्यूज़ीलैंड के एडम हॉल नौवें स्थान पर रहे.
A:",पुरुषों के सिटिंग सुपर-जी में मैक्सिको के अर्ली वेलास्केज़ पंद्रहवें स्थान पर रहे. पुरुषों के स्टैंडिंग सुपर-जी में न्यूज़ीलैंड के एडम हॉल नौवें स्थान पर रहे.,Arly Velasquez of Mexico finished fifteenth in the men's sitting Super-G. New Zealand's Adam Hall finished ninth in the men's standing Super-G.,"In the men's standing super-G, the top 30 skiers are ranked by their total time in the super-G and downhill combined.",11.873204063470313,27.32660201045872,eng_Latn, Arly Velasquez of Mexico finished fifteenth in the men's sitting Super-G. New Zealand's Adam Hall finished ninth in the men's standing Super-G.,11.873204063470313,27.32660201045872,19.125,17.75
"Translate the following sentence from Hindi to English:
Q: पोलैंड निवासी नेत्रहीन पुरुष, मैकीज क्रेज़ेल और उनकी गाइड ऐना ऑगर्ज़िनस्का ने सुपर-जी मुकाबले में तेरहवाँ स्थान हासिल किया. इसके अलावा, दक्षिण कोरिया के जोंग सिऑर्क पार्क इस मुकाबले में चौबीसवें स्थान पर रहे.
A:","पोलैंड निवासी नेत्रहीन पुरुष, मैकीज क्रेज़ेल और उनकी गाइड ऐना ऑगर्ज़िनस्का ने सुपर-जी मुकाबले में तेरहवाँ स्थान हासिल किया. इसके अलावा, दक्षिण कोरिया के जोंग सिऑर्क पार्क इस मुकाबले में चौबीसवें स्थान पर रहे.",Poland's men's visually impaired skier Maciej Krezel and guide Anna Ogarzynska finished thirteenth in the Super-G. South Korea's Jong Seork Park finished twenty-fourth in the men's sitting Super-G.,"Polish blind man, Maciej Krezel and his guide Anna Orzginska finished 13th in the Super-G race.",10.991366470160113,30.494141254143344,eng_Latn, Poland's men's visually impaired skier Maciej Krezel and guide Anna Ogarzynska finished thirteenth in the Super-G. South Korea's Jong Seork Park finished twenty-fourth in the men's sitting Super-G.,10.991366470160113,30.494141254143344,11.75,10.875
"Translate the following sentence from Hindi to English:
Q: 2010 के भूकंप के बाद हैती में पहुँचे संयुक्त राष्ट्र के शांति सैनिकों को उस बीमारी को फैलाने के लिए दोषी ठहराया जा रहा है जो सेना के शिविर के पास शुरू हुई थी.
A:",2010 के भूकंप के बाद हैती में पहुँचे संयुक्त राष्ट्र के शांति सैनिकों को उस बीमारी को फैलाने के लिए दोषी ठहराया जा रहा है जो सेना के शिविर के पास शुरू हुई थी.,"UN peacekeepers, whom arrived in Haiti after the 2010 earthquake, are being blamed for the spread of the disease which started near the troop's encampment.","After the earthquake in 2010, Haiti was hit by a cholera epidemic.",2.7195845985620757,18.341964078324033,eng_Latn," UN peacekeepers, whom arrived in Haiti after the 2010 earthquake, are being blamed for the spread of the disease which started near the troop's encampment.",2.7195845985620757,18.341964078324033,15.5,11.6875
"Translate the following sentence from Hindi to English:
Q: मुकदमे के अनुसार, संयुक्त राष्ट्र के शिविर से निकलने वाले कचरे को अच्छी तरह से साफ़ नहीं किया गया था, जिस कारण बैक्टीरिया हैती की सबसे बड़ी, आर्टिबोनिट नदी की सहायक नदी में प्रवेश कर गया.
A:","मुकदमे के अनुसार, संयुक्त राष्ट्र के शिविर से निकलने वाले कचरे को अच्छी तरह से साफ़ नहीं किया गया था, जिस कारण बैक्टीरिया हैती की सबसे बड़ी, आर्टिबोनिट नदी की सहायक नदी में प्रवेश कर गया.","According to the lawsuit, waste from the UN camp was not properly sanitized, causing bacteria to enter the tributary of the Artibonite River, one of Haiti's largest.","According to the court, the garbage was not properly disposed of.",3.530651794935475,24.53370155235811,eng_Latn," According to the lawsuit, waste from the UN camp was not properly sanitized, causing bacteria to enter the tributary of the Artibonite River, one of Haiti's largest.",3.530651794935475,24.53370155235811,19.75,17.625
"Translate the following sentence from Hindi to English:
Q: टुकड़ियों के पहुँचने से पहले, 1800 के दशक से हैती का कभी-भी बीमारियों से जुड़ी समस्याओं से सामना नहीं हुआ था.
A:","टुकड़ियों के पहुँचने से पहले, 1800 के दशक से हैती का कभी-भी बीमारियों से जुड़ी समस्याओं से सामना नहीं हुआ था.","Prior to the arrival of troops, Haiti had not encountered problems related to the disease since the 1800s.","Before the arrival of the troops, Haiti had never faced any problems related to diseases.",29.61090576273125,55.60334862490305,eng_Latn," Prior to the arrival of troops, Haiti had not encountered problems related to the disease since the 1800s.",29.61090576273125,55.60334862490305,9.75,6.90625
"Translate the following sentence from Hindi to English:
Q: हैतियन इंस्टीट्यूट फ़ॉर जस्टिस एंड डेमोक्रेसी ने स्वतंत्र अध्ययनों का हवाला देते हुए सुझाव दिया है कि नेपाली संयुक्त राष्ट्र शांति रक्षा बटालियन अनजाने में हैती में बीमारी लेकर आई है.
A:",हैतियन इंस्टीट्यूट फ़ॉर जस्टिस एंड डेमोक्रेसी ने स्वतंत्र अध्ययनों का हवाला देते हुए सुझाव दिया है कि नेपाली संयुक्त राष्ट्र शांति रक्षा बटालियन अनजाने में हैती में बीमारी लेकर आई है.,The Haitian Institute for Justice and Democracy has referenced independent studies that suggest the Nepalese UN peacekeeping battalion unknowingly brought the disease to Haiti.,The Haitian Institute for Justice and Democracy (HIJD) has suggested that the Nepali UN peacekeepers may have brought the disease to Haiti.,37.52536504199468,59.374540193754235,eng_Latn, The Haitian Institute for Justice and Democracy has referenced independent studies that suggest the Nepalese UN peacekeeping battalion unknowingly brought the disease to Haiti.,37.52536504199468,59.374540193754235,5.34375,4.0625
"Translate the following sentence from Hindi to English:
Q: इस बीमारी पर संयुक्त राष्ट्र के विशेषज्ञ डेनिएल लैंटगेन ने कहा कि इसका प्रकोप का कारण शांति रखने वाले हैं |
A:",इस बीमारी पर संयुक्त राष्ट्र के विशेषज्ञ डेनिएल लैंटगेन ने कहा कि इसका प्रकोप का कारण शांति रखने वाले हैं |,"Danielle Lantagne, a UN expert on the disease, stated the outbreak was likely caused by the peacekeepers.",The UN expert on the disease said that the disease is spreading due to peacekeepers.,25.869864501792847,40.1744108509504,eng_Latn," Danielle Lantagne, a UN expert on the disease, stated the outbreak was likely caused by the peacekeepers.",25.869864501792847,40.1744108509504,8.1875,6.40625
"Translate the following sentence from Hindi to English:
Q: हैमिल्टन ने पुष्टि की कि हॉवर्ड यूनिवर्सिटी अस्पताल ने मरीज को स्थिर हालत में भर्ती किया।
A:",हैमिल्टन ने पुष्टि की कि हॉवर्ड यूनिवर्सिटी अस्पताल ने मरीज को स्थिर हालत में भर्ती किया।,Hamilton confirmed Howard University Hospital admitted the patient in stable condition.,Hamilton confirmed that Howard University Hospital admitted the patient in stable condition.,80.91067115702207,95.13152720652249,eng_Latn, Hamilton confirmed Howard University Hospital admitted the patient in stable condition.,80.91067115702207,95.13152720652249,2.453125,1.078125
"Translate the following sentence from Hindi to English:
Q: मरीज नाइजीरिया गया था, जहाँ इबोला वायरस के कुछ मामले सामने आए हैं.
A:","मरीज नाइजीरिया गया था, जहाँ इबोला वायरस के कुछ मामले सामने आए हैं.","The patient had been to Nigeria, where some cases of the Ebola virus have occurred.","The patient went to Nigeria, where Ebola virus cases were reported.",18.80764158634575,51.32413522798595,eng_Latn," The patient had been to Nigeria, where some cases of the Ebola virus have occurred.",18.80764158634575,51.32413522798595,2.734375,2.96875
"Translate the following sentence from Hindi to English:
Q: अस्पताल ने संक्रमण नियंत्रण के लिए नियमों का पालन किया है, इन नियमों में दूसरों के संभावित संक्रमण को रोकने के लिए रोगी को दूसरों से अलग करना शामिल है।
A:","अस्पताल ने संक्रमण नियंत्रण के लिए नियमों का पालन किया है, इन नियमों में दूसरों के संभावित संक्रमण को रोकने के लिए रोगी को दूसरों से अलग करना शामिल है।","The hospital has followed protocol for infection control, including separating the patient from others to prevent possible infection of others.","The hospital has followed the rules for infection control, which include separating the patient from others.",43.41745846020317,61.71475019393989,eng_Latn," The hospital has followed protocol for infection control, including separating the patient from others to prevent possible infection of others.",43.41745846020317,61.71475019393989,3.046875,2.859375
"Translate the following sentence from Hindi to English:
Q: द सिंपसन के पहले साइमन ने कई शोज़ के कई पोज़िशन्स में काम किया था.
A:",द सिंपसन के पहले साइमन ने कई शोज़ के कई पोज़िशन्स में काम किया था.,Before The Simpsons Simon had worked on several shows in various positions.,The Simpsons के पहले साइमन ने कई शोज़ के कई पोज़िशन्स में काम किया था.,6.908895196867149,14.5933586997296,hin_Deva, द सिंपसन के पहले साइमन ने कई शोज़ के कई पोज़िशन्स में काम किया था.,81.52704497814402,85.14348135549092,19.375,13.8125
"Translate the following sentence from Hindi to English:
Q: 1980 के दशक के दौरान उन्होंने टैक्सी, चीयर्स, और द ट्रेसी उल्मैन शो जैसे शो में काम किया था.
A:","1980 के दशक के दौरान उन्होंने टैक्सी, चीयर्स, और द ट्रेसी उल्मैन शो जैसे शो में काम किया था.","During the 1980s he worked on shows such as Taxi, Cheers, and The Tracy Ullman Show.","In the 1980s, he worked on shows like Taxi, Cheers, and The Tracey Ullman Show.",54.16124426311164,71.3680822129393,eng_Latn," During the 1980s he worked on shows such as Taxi, Cheers, and The Tracy Ullman Show.",54.16124426311164,71.3680822129393,4.125,1.734375
"Translate the following sentence from Hindi to English:
Q: 1989 में उसने ब्रुक्स और ग्रोएनिंग के साथ द सिम्पसन को रचने में मदद की और वह शो की पहली राइटिंग टीम को नियुक्त करने के लिए उत्तरदायी था.
A:",1989 में उसने ब्रुक्स और ग्रोएनिंग के साथ द सिम्पसन को रचने में मदद की और वह शो की पहली राइटिंग टीम को नियुक्त करने के लिए उत्तरदायी था.,"In 1989 he helped create The Simpsons with Brooks and Groening, and was responsible for hiring the show's first writing team.","In 1989, he helped write the first episode of the show, ""The Simpsons"".",4.590471739522151,29.91887365487827,eng_Latn," In 1989 he helped create The Simpsons with Brooks and Groening, and was responsible for hiring the show's first writing team.",4.590471739522151,29.91887365487827,16.25,13.8125
"Translate the following sentence from Hindi to English:
Q: 1993 में शो छोड़ने के बाद भी वे एग्जीक्यूटिव प्रोड्यूसर के पद पर बने रहे और हर सीज़न में लाखों-करोड़ों डॉलर की रॉयल्टी लेते रहे.
A:",1993 में शो छोड़ने के बाद भी वे एग्जीक्यूटिव प्रोड्यूसर के पद पर बने रहे और हर सीज़न में लाखों-करोड़ों डॉलर की रॉयल्टी लेते रहे.,"Despite leaving the show in 1993 he kept the title of executive producer, and continued to receive tens of millions of dollars every season in royalties.","After leaving the show in 1993, he continued to be an executive producer and received millions of dollars in royalties every season.",19.299322073312325,63.083425880869235,eng_Latn," Despite leaving the show in 1993 he kept the title of executive producer, and continued to receive tens of millions of dollars every season in royalties.",19.299322073312325,63.083425880869235,2.9375,2.171875
"Translate the following sentence from Hindi to English:
Q: इससे पहले चीनी समाचार एजेंसी शिन्हुआ ने एक विमान के अपहरण की सूचना दी थी.
A:",इससे पहले चीनी समाचार एजेंसी शिन्हुआ ने एक विमान के अपहरण की सूचना दी थी.,Earlier the Chinese news agency Xinhua reported a plane to be hijacked.,"Before the hijacking, Xinhua had reported that a plane had been hijacked.",13.32358437599213,39.96706050710755,eng_Latn, Earlier the Chinese news agency Xinhua reported a plane to be hijacked.,13.32358437599213,39.96706050710755,5.4375,7.125
"Translate the following sentence from Hindi to English:
Q: फिर बाद की रिपोर्ट्स में कहा गया था कि प्लेन को बम के ख़तरे की जानकारी मिली थी और उसे अफ़गानिस्तान की तरफ़ मोड़कर कांधार में उतारा गया था.
A:",फिर बाद की रिपोर्ट्स में कहा गया था कि प्लेन को बम के ख़तरे की जानकारी मिली थी और उसे अफ़गानिस्तान की तरफ़ मोड़कर कांधार में उतारा गया था.,"Later reports then stated the plane received a bomb threat and was diverted back to Afghanistan, landing in Kandahar.","Then, in later reports, it was said that the plane was hit by a bomb.",5.3308643946501215,26.658781214079003,eng_Latn," Later reports then stated the plane received a bomb threat and was diverted back to Afghanistan, landing in Kandahar.",5.3308643946501215,26.658781214079003,15.8125,13.625
"Translate the following sentence from Hindi to English:
Q: शुरुआती रिपोर्ट कहती है कि उरूमकी में आपातकालीन लैंडिंग से इनकार कर देने के बाद विमान को अफ़गानिस्तान वापस ले जाया गया था.
A:",शुरुआती रिपोर्ट कहती है कि उरूमकी में आपातकालीन लैंडिंग से इनकार कर देने के बाद विमान को अफ़गानिस्तान वापस ले जाया गया था.,The early reports say the plane was diverted back to Afghanistan after being denied an emergency landing in Ürümqi.,The initial reports say that the plane was taken back to Afghanistan after the emergency landing.,17.91911541495773,58.058232621077686,eng_Latn, The early reports say the plane was diverted back to Afghanistan after being denied an emergency landing in Ürümqi.,17.91911541495773,58.058232621077686,10.0,8.375
"Translate the following sentence from Hindi to English:
Q: इरान में हवाई दुर्घटनाएँ सामान्य हैं, जिसके पास बरसों पुराने हवाई जहाज़ हैं जिनका सिविल और मिलिट्री ऑपरेशन्स में सही तरीके से मेनटेन नहीं किया गया.
A:","इरान में हवाई दुर्घटनाएँ सामान्य हैं, जिसके पास बरसों पुराने हवाई जहाज़ हैं जिनका सिविल और मिलिट्री ऑपरेशन्स में सही तरीके से मेनटेन नहीं किया गया.","Air accidents are common in Iran, which has an aging fleet that is poorly maintained both for civil and military operations.",Iran has a large number of old aircrafts which are not maintained properly.,3.370886533041371,22.033939256966704,eng_Latn," Air accidents are common in Iran, which has an aging fleet that is poorly maintained both for civil and military operations.",3.370886533041371,22.033939256966704,10.125,8.125
"Translate the following sentence from Hindi to English:
Q: अंतर्राष्ट्रीय प्रतिबंधों का मतलब है कि नए विमान नहीं खरीदे जा सकते.
A:",अंतर्राष्ट्रीय प्रतिबंधों का मतलब है कि नए विमान नहीं खरीदे जा सकते.,International sanctions have meant that new aircraft cannot be purchased.,The meaning of international sanctions is that new aircraft cannot be purchased.,52.025568808075846,77.8737515938906,eng_Latn, International sanctions have meant that new aircraft cannot be purchased.,52.025568808075846,77.8737515938906,2.75,2.4375
"Translate the following sentence from Hindi to English:
Q: इस हफ्ते की शुरुआत में, एक पुलिस हेलीकॉप्टर दुर्घटना में तीन लोगों की मौत हो गई और तीन और घायल हो गए.
A:","इस हफ्ते की शुरुआत में, एक पुलिस हेलीकॉप्टर दुर्घटना में तीन लोगों की मौत हो गई और तीन और घायल हो गए.","Earlier this week, a police helicopter crash killed three people and wounded three more.","On the first day of this week, a police helicopter crashed in the city of Kanpur, Uttar Pradesh.",26.57251941599823,43.54157977378177,eng_Latn," Earlier this week, a police helicopter crash killed three people and wounded three more.",26.57251941599823,43.54157977378177,10.5,8.5625
"Translate the following sentence from Hindi to English:
Q: पिछले महीने ईरान में कई वर्षो बाद एक बेहद खराब हवाई हादसा हुआ, जब आर्मीनिया जा रहा एक विमान दुर्घटनाग्रस्त हो गया था, जिस पर सवार 168 लोगों की मौत हो गयी.
A:","पिछले महीने ईरान में कई वर्षो बाद एक बेहद खराब हवाई हादसा हुआ, जब आर्मीनिया जा रहा एक विमान दुर्घटनाग्रस्त हो गया था, जिस पर सवार 168 लोगों की मौत हो गयी.","Last month Iran saw its worst air disaster in years when an airliner heading to Armenia crashed, killing the 168 on board.","Last month, a very bad air accident happened in Iran, when an army plane was going to Armenia.",5.245323907990617,31.998686855155483,eng_Latn," Last month Iran saw its worst air disaster in years when an airliner heading to Armenia crashed, killing the 168 on board.",5.245323907990617,31.998686855155483,10.75,9.4375
"Translate the following sentence from Hindi to English:
Q: उसी महीने एक अन्य विमान मशहद के एक रनवे से आगे निकल गया और एक दीवार से टकरा गया, जिसमें सत्रह की मौत हो गई।
A:","उसी महीने एक अन्य विमान मशहद के एक रनवे से आगे निकल गया और एक दीवार से टकरा गया, जिसमें सत्रह की मौत हो गई।","The same month saw another airliner overrun a runway at Mashhad and strike a wall, killing seventeen.","On the same day, another plane took off from the same runway and crashed into a wall, killing seventeen people.",22.15212161545071,44.02395184518065,eng_Latn," The same month saw another airliner overrun a runway at Mashhad and strike a wall, killing seventeen.",22.15212161545071,44.02395184518065,6.75,5.59375
"Translate the following sentence from Hindi to English:
Q: एरोस्मिथ ने अपने दौरे के अपने शेष संगीत कार्यक्रमों को रद्द कर दिया है.
A:",एरोस्मिथ ने अपने दौरे के अपने शेष संगीत कार्यक्रमों को रद्द कर दिया है.,Aerosmith have cancelled their remaining concerts on their tour.,Aerosmith has canceled the rest of its tour.,18.327655405515756,34.315365447244815,eng_Latn, Aerosmith have cancelled their remaining concerts on their tour.,18.327655405515756,34.315365447244815,2.734375,1.8984375
"Translate the following sentence from Hindi to English:
Q: 16 सितंबर तक रॉक बैंड को अमेरिका और कनाडा की यात्रा करनी थी.
A:",16 सितंबर तक रॉक बैंड को अमेरिका और कनाडा की यात्रा करनी थी.,The rock band was due to tour the United States and Canada until September 16.,16 September तक रॉक बैंड को अमेरिका और कनाडा की यात्रा करनी थी.,2.445593937240363,11.444922977211199,hin_Deva, 16 सितंबर तक रॉक बैंड को अमेरिका और कनाडा की यात्रा करनी थी.,87.61560783209455,83.96151722392274,23.125,20.75
"Translate the following sentence from Hindi to English:
Q: 5 अगस्त को प्रदर्शन के दौरान प्रमुख गायक स्टीवन टायलर के मंच से गिर कर घायल होने के बाद उन्होंने दौरे को रद्द कर दिया है.
A:",5 अगस्त को प्रदर्शन के दौरान प्रमुख गायक स्टीवन टायलर के मंच से गिर कर घायल होने के बाद उन्होंने दौरे को रद्द कर दिया है.,They have cancelled the tour after lead singer Steven Tyler was injured after he fell off stage while performing on August 5.,"On August 5, the concert was cancelled after the singer was injured.",7.82983824772345,32.576951694282,eng_Latn, They have cancelled the tour after lead singer Steven Tyler was injured after he fell off stage while performing on August 5.,7.82983824772345,32.576951694282,9.0,7.96875
"Translate the following sentence from Hindi to English:
Q: सेट में एक-एक सर्विस दोनों पुरुषों के पास रहने के बाद मरे टाई ब्रेकर में पहला सेट हार गया.
A:",सेट में एक-एक सर्विस दोनों पुरुषों के पास रहने के बाद मरे टाई ब्रेकर में पहला सेट हार गया.,Murray lost the first set in a tie break after both men held each and every serve in the set.,"In the first set, the service was with the server.",6.7657746655658375,24.571012163171055,eng_Latn, Murray lost the first set in a tie break after both men held each and every serve in the set.,6.7657746655658375,24.571012163171055,19.5,17.125
"Translate the following sentence from Hindi to English:
Q: डेल पोत्रो के पास दूसरे सेट की शुरुआत में एडवांटेज था, लेकिन 6-6 पर पहुँचने के बाद इसमें भी टाई ब्रेक की आवश्यकता थी.
A:","डेल पोत्रो के पास दूसरे सेट की शुरुआत में एडवांटेज था, लेकिन 6-6 पर पहुँचने के बाद इसमें भी टाई ब्रेक की आवश्यकता थी.","Del Potro had the early advantage in the second set, but this too required a tie break after reaching 6-6.","Del Potro had an advantage in the first set, but he lost it in the second set.",26.602110813969947,47.14254448573124,eng_Latn," Del Potro had the early advantage in the second set, but this too required a tie break after reaching 6-6.",26.602110813969947,47.14254448573124,11.6875,10.0625
"Translate the following sentence from Hindi to English:
Q: पोट्रो ने इस पॉइंट पर अपने कंधे का इलाज करवाया लेकिन खेल में वापसी करने में कामयाब रहे.
A:",पोट्रो ने इस पॉइंट पर अपने कंधे का इलाज करवाया लेकिन खेल में वापसी करने में कामयाब रहे.,Potro received treatment to his shoulder at this point but managed to return to the game.,Potro had his shoulder treated at this point but was able to return to play.,25.951513696289453,49.944259740794315,eng_Latn, Potro received treatment to his shoulder at this point but managed to return to the game.,25.951513696289453,49.944259740794315,3.015625,1.8828125
"Translate the following sentence from Hindi to English:
Q: कार्यक्रम सुबह 8:30 बजे शुरू हुआ था। स्थानीय समय (15.00 UTC)।
A:",कार्यक्रम सुबह 8:30 बजे शुरू हुआ था। स्थानीय समय (15.00 UTC)।,The program started at 8:30 p.m. local time (15.00 UTC).,The program started at 8:30 am local time.,29.73582416604642,62.277796706502485,eng_Latn, The program started at 8:30 p.m. local time (15.00 UTC).,29.73582416604642,62.277796706502485,7.125,7.96875
"Translate the following sentence from Hindi to English:
Q: देशभर के लोकप्रिय गायक श्री श्याम के चरणों में भजन या भक्तिगीत पेश करते हैं.
A:",देशभर के लोकप्रिय गायक श्री श्याम के चरणों में भजन या भक्तिगीत पेश करते हैं.,"Famous singers across the country presented bhajans, or devotional songs, to Shri Shyam's feet.","The popular singer of the country, Shri Shyam, presents bhajans or devotional songs at the feet of the people.",26.518122980477767,51.4653673367772,eng_Latn," Famous singers across the country presented bhajans, or devotional songs, to Shri Shyam's feet.",26.518122980477767,51.4653673367772,10.4375,10.8125
"Translate the following sentence from Hindi to English:
Q: गायक संजू शर्मा ने शाम की शुरुआत की, उसके बाद जय शंकर चौधरी ने छप्पन भोग भजन भी गाया, गायक, राजू खंडेलवाल ने उनका साथ दिया।
A:","गायक संजू शर्मा ने शाम की शुरुआत की, उसके बाद जय शंकर चौधरी ने छप्पन भोग भजन भी गाया, गायक, राजू खंडेलवाल ने उनका साथ दिया।","Singer Sanju Sharma started the evening, followed by Jai Shankar Choudhary. esented the chhappan bhog bhajan as well. Singer, Raju Khandelwal was accompanying him.","Singer Sanju Sharma started the evening, then Jay Shankar Chaudhary sang the bhajan. Singer Raju Khandewal sang the bhajan.",27.171249042325925,47.03904148629751,eng_Latn," Singer Sanju Sharma started the evening, followed by Jai Shankar Choudhary. esented the chhappan bhog bhajan as well. Singer, Raju Khandelwal was accompanying him.",27.171249042325925,47.03904148629751,7.90625,7.46875
"Translate the following sentence from Hindi to English:
Q: फिर, लक्खा सिंह ने भजन गायकी की कमान संभाली.
A:","फिर, लक्खा सिंह ने भजन गायकी की कमान संभाली.","Then, Lakkha Singh took the lead in singing the bhajans.","Then, Lakhsmi Singh took over the reins of the band.",7.955891555490758,38.7503337118256,eng_Latn," Then, Lakkha Singh took the lead in singing the bhajans.",7.955891555490758,38.7503337118256,9.5625,10.0625
"Translate the following sentence from Hindi to English:
Q: बाबा श्याम को छप्पन भोग (हिंदू धर्म में, 56 अलग-अलग खाद्य पदार्थ, जैसे, मिठाई, फल, मेवा, व्यंजन आदि जो देवता को चढ़ाए जाते हैं) की 108 थाली परोसी गईं.
A:","बाबा श्याम को छप्पन भोग (हिंदू धर्म में, 56 अलग-अलग खाद्य पदार्थ, जैसे, मिठाई, फल, मेवा, व्यंजन आदि जो देवता को चढ़ाए जाते हैं) की 108 थाली परोसी गईं.","108 plates of Chhappan Bhog (in Hinduism, 56 different edible items, like, sweets, fruits, nuts, dishes etc. which are offered to deity) were served to Baba Shyam.",Baba Shyam was served 108 thalis of 56 different dishes.,2.550107641226692,20.986841298226185,eng_Latn," 108 plates of Chhappan Bhog (in Hinduism, 56 different edible items, like, sweets, fruits, nuts, dishes etc. which are offered to deity) were served to Baba Shyam.",2.550107641226692,20.986841298226185,9.5,9.75
"Translate the following sentence from Hindi to English:
Q: लक्खा सिंह ने छप्पन भोग भजन भी प्रस्तुत किया। गायक, राजू खंडेलवाल उनके साथ थे।
A:","लक्खा सिंह ने छप्पन भोग भजन भी प्रस्तुत किया। गायक, राजू खंडेलवाल उनके साथ थे।","Lakkha Singh presented the chhappan bhog bhajan as well. Singer, Raju Khandelwal was accompanying him.",Lakkha Singh sang the bhajan.,2.036793448355394,19.480912005095018,eng_Latn," Lakkha Singh presented the chhappan bhog bhajan as well. Singer, Raju Khandelwal was accompanying him.",2.036793448355394,19.480912005095018,18.0,19.375
"Translate the following sentence from Hindi to English:
Q: टोक्यो गेम शो में गुरूवार को निन्टेन्डो के अध्यक्ष सटोरू इवाता ने कंपनी के रिवोल्यूशन कंसोल के लिए कंट्रोलर डिजाइन का अनावरण किया.
A:",टोक्यो गेम शो में गुरूवार को निन्टेन्डो के अध्यक्ष सटोरू इवाता ने कंपनी के रिवोल्यूशन कंसोल के लिए कंट्रोलर डिजाइन का अनावरण किया.,"At Thursday's keynote presentation of the Tokyo Game Show, Nintendo president Satoru Iwata unveiled the controller design for the company's new Nintendo Revolution console.","On Thursday, Nintendo's president Satoru Iwata unveiled the controller design for the company's new console.",50.45176059427861,57.762871315443945,eng_Latn," At Thursday's keynote presentation of the Tokyo Game Show, Nintendo president Satoru Iwata unveiled the controller design for the company's new Nintendo Revolution console.",50.45176059427861,57.762871315443945,4.21875,5.625
"Translate the following sentence from Hindi to English:
Q: टेलीविज़न रिमोट से मिलता-जुलता, कंट्रोलर तीन-आयामी स्पेस में अपनी स्थिति को त्रिभुजाकार बनाने के लिए उपयोगकर्ता के टेलीविज़न के पास रखे गए दो सेंसर का उपयोग करता है.
A:","टेलीविज़न रिमोट से मिलता-जुलता, कंट्रोलर तीन-आयामी स्पेस में अपनी स्थिति को त्रिभुजाकार बनाने के लिए उपयोगकर्ता के टेलीविज़न के पास रखे गए दो सेंसर का उपयोग करता है.","Resembling a television remote, the controller uses two sensors placed near the user's television to triangulate its position in three-dimensional space.",The controller uses two sensors to determine its position in three-dimensional space.,32.067797264282696,49.82754113863644,eng_Latn," Resembling a television remote, the controller uses two sensors placed near the user's television to triangulate its position in three-dimensional space.",32.067797264282696,49.82754113863644,9.125,6.78125
"Translate the following sentence from Hindi to English:
Q: यह डिवाइस को हवा में मूव करके खिलाड़ियों को एक्शन और मूवमेंट कंट्रोल करने की अनुमति देगा.
A:",यह डिवाइस को हवा में मूव करके खिलाड़ियों को एक्शन और मूवमेंट कंट्रोल करने की अनुमति देगा.,This will allow players to control actions and movements in video games by moving the device through the air.,This device will allow players to control the action and movement of the players by moving the device in the air.,34.30008334736235,64.71005353985055,eng_Latn, This will allow players to control actions and movements in video games by moving the device through the air.,34.30008334736235,64.71005353985055,3.984375,4.09375
"Translate the following sentence from Hindi to English:
Q: जियानकार्लो फिशिचेला ने अपनी कार पर नियंत्रण खो दिया और शुरू करने के कुछ समय बाद ही दौड़ समाप्त कर दी.
A:",जियानकार्लो फिशिचेला ने अपनी कार पर नियंत्रण खो दिया और शुरू करने के कुछ समय बाद ही दौड़ समाप्त कर दी.,Giancarlo Fisichella lost control of his car and ended the race very soon after the start.,Ziancarlo Fisichella lost control of his car and finished the race in a few seconds.,55.25597097969377,62.12995216511772,eng_Latn, Giancarlo Fisichella lost control of his car and ended the race very soon after the start.,55.25597097969377,62.12995216511772,7.125,7.625
"Translate the following sentence from Hindi to English:
Q: उनकी टीम के साथी फ़र्नांडो अलोंसो अधिकांश दौड़ में आगे थे, लेकिन अपने अल्प-विराम के ठीक बाद इसे रोक दिया, शायद इसलिए क्योंकि सामने वाला पहिया बुरी तरह से सिकुड़ गया था.
A:","उनकी टीम के साथी फ़र्नांडो अलोंसो अधिकांश दौड़ में आगे थे, लेकिन अपने अल्प-विराम के ठीक बाद इसे रोक दिया, शायद इसलिए क्योंकि सामने वाला पहिया बुरी तरह से सिकुड़ गया था.","His teammate Fernando Alonso was in the lead for most of the race, but ended it right after his pit-stop, probably because a badly tucked right front wheel.","Their team mate Fernando Alonso was ahead in most of the races, but he was stopped just after the pit stop.",7.35089520535905,37.32134718683124,eng_Latn," His teammate Fernando Alonso was in the lead for most of the race, but ended it right after his pit-stop, probably because a badly tucked right front wheel.",7.35089520535905,37.32134718683124,13.125,8.8125
"Translate the following sentence from Hindi to English:
Q: माइकल शूमाकर ने अलोंसो के कुछ समय बाद ही अपनी रेस समाप्त कर दी थी कयोंकि रेस के दौरान कई संघर्षों में सस्पेंशन को क्षति पहुँची थी।
A:",माइकल शूमाकर ने अलोंसो के कुछ समय बाद ही अपनी रेस समाप्त कर दी थी कयोंकि रेस के दौरान कई संघर्षों में सस्पेंशन को क्षति पहुँची थी।,"Michael Schumacher ended his race not long after Alonso, because of the suspension damage in the numerous battles during the race.",Michael Schumacher had to retire from the race because of the damage to his suspension.,15.562424073537096,41.58819094388279,eng_Latn," Michael Schumacher ended his race not long after Alonso, because of the suspension damage in the numerous battles during the race.",15.562424073537096,41.58819094388279,7.3125,6.8125
"Translate the following sentence from Hindi to English:
Q: “उन्होंने न्यूज़ कॉन्फ़्रेंस की एक ट्रांसक्रिप्ट में कहा कि वह बहुत प्यारी है और काफी अच्छा गाती भी है.”
A:",“उन्होंने न्यूज़ कॉन्फ़्रेंस की एक ट्रांसक्रिप्ट में कहा कि वह बहुत प्यारी है और काफी अच्छा गाती भी है.”,"""She’s very cute and sings quite well, too,"" he said according to a transcript of the news conference.",“He said in a news conference that he is very sweet and sings very well.”,7.691156732422094,32.86216377183157,eng_Latn," ""She’s very cute and sings quite well, too,"" he said according to a transcript of the news conference.",7.691156732422094,32.86216377183157,8.8125,10.625
"Translate the following sentence from Hindi to English:
Q: “हर बार जब हम इस पर अभ्यास करते थे, तो मैं अपने दिल से भावविभोर हो जाता था।”
A:","“हर बार जब हम इस पर अभ्यास करते थे, तो मैं अपने दिल से भावविभोर हो जाता था।”","""I was moved every time we did a rehearsal on this, from the bottom of my heart.""","“Every time we practiced this, I was moved to tears.”",6.0556363960709225,33.57198427752136,eng_Latn," ""I was moved every time we did a rehearsal on this, from the bottom of my heart.""",6.0556363960709225,33.57198427752136,2.390625,2.8125
"Translate the following sentence from Hindi to English:
Q: लॉन्च के लगभग 3 मिनट बाद, एक ऑन-बोर्ड कैमरा ने ईंधन टैंक से इन्सुलेशन फ़ोम के कई टुकड़े दिखाए.
A:","लॉन्च के लगभग 3 मिनट बाद, एक ऑन-बोर्ड कैमरा ने ईंधन टैंक से इन्सुलेशन फ़ोम के कई टुकड़े दिखाए.","Around 3 minutes into the launch, an on-board camera showed numerous pieces of insulation foam break away from the fuel tank.","लगभग 3 मिनट के बाद, एक ऑन-बोर्ड कैमरा ने ईंधन टैंक से इन्सुलेशन फ़ोम के कई टुकड़े दिखाए.",1.5883027492953543,2.1867628333020375,hin_Deva," लॉन्च के लगभग 3 मिनट बाद, एक ऑन-बोर्ड कैमरा ने ईंधन टैंक से इन्सुलेशन फ़ोम के कई टुकड़े दिखाए.",89.7934148127798,89.41528805599883,22.5,20.5
"Translate the following sentence from Hindi to English:
Q: हालाँकि, उन्होंने शटल में किसी तरह के नुकसान होने के बारे में नहीं सोचा.
A:","हालाँकि, उन्होंने शटल में किसी तरह के नुकसान होने के बारे में नहीं सोचा.","However, they are not thought to have caused any damage to the shuttle.","However, they did not think about any kind of damage to the shuttle.",40.325042950627804,54.777610040025124,eng_Latn," However, they are not thought to have caused any damage to the shuttle.",40.325042950627804,54.777610040025124,4.375,7.28125
"Translate the following sentence from Hindi to English:
Q: नासा के शटल कार्यक्रम के प्रमुख एन. वेन हेल जूनियर ने कहा कि “जिस समय की हम चिंता कर रहे थे”, उसके बाद फोम गिरा था।
A:","नासा के शटल कार्यक्रम के प्रमुख एन. वेन हेल जूनियर ने कहा कि “जिस समय की हम चिंता कर रहे थे”, उसके बाद फोम गिरा था।","NASA's shuttle program chief N. Wayne Hale Jr. said the foam had fallen ""after the time we are concerned about.""",The foam fell after the shuttle program was cancelled.,4.593584592469372,27.10878829474873,eng_Latn," NASA's shuttle program chief N. Wayne Hale Jr. said the foam had fallen ""after the time we are concerned about.""",4.593584592469372,27.10878829474873,16.625,14.9375
"Translate the following sentence from Hindi to English:
Q: प्रदर्शन चालू होने के पाँच मिनट में हवा शुरू हो जाती है, लगभग एक मिनट बाद, हवा 70 किमी/घंटा तक पहुँच रही है... फिर बारिश आती है, लेकिन इतनी तेज़ और इतनी बड़ी बूँदें कि यह आपकी त्वचा को सुई की तरह चुभती है, फिर आकाश से ओले गिरते हैं, लोग घबराते हैं, चिल्लाते हैं और अफरातफरी मच जाती है।
A:","प्रदर्शन चालू होने के पाँच मिनट में हवा शुरू हो जाती है, लगभग एक मिनट बाद, हवा 70 किमी/घंटा तक पहुँच रही है... फिर बारिश आती है, लेकिन इतनी तेज़ और इतनी बड़ी बूँदें कि यह आपकी त्वचा को सुई की तरह चुभती है, फिर आकाश से ओले गिरते हैं, लोग घबराते हैं, चिल्लाते हैं और अफरातफरी मच जाती है।","Five minutes into the display a wind starts rolling in, about a minute later, the wind is reaching 70km/h... then the rain comes, but so hard and so large that it slaps your skin like a needle, then hail fell from the sky, people panicking and screaming and running over each other.",The rain starts after 5 minutes of the start of the show.,0.06509632919717426,8.707719376901956,eng_Latn," Five minutes into the display a wind starts rolling in, about a minute later, the wind is reaching 70km/h... then the rain comes, but so hard and so large that it slaps your skin like a needle, then hail fell from the sky, people panicking and screaming and running over each other.",0.06509632919717426,8.707719376901956,22.125,23.0
"Translate the following sentence from Hindi to English:
Q: आर्मंड वर्सास ने कहा, मैंने अपनी बहन और उसकी दोस्त को खो दिया, और रास्ते में व्हीलचेयर में दो दिव्यांग लोग थे, और लोग उनपर उछल रहे थे और उन्हें धक्का दे रहे थे”।
A:","आर्मंड वर्सास ने कहा, मैंने अपनी बहन और उसकी दोस्त को खो दिया, और रास्ते में व्हीलचेयर में दो दिव्यांग लोग थे, और लोग उनपर उछल रहे थे और उन्हें धक्का दे रहे थे”।","I lost my sister and her friend, and on my way there were two disabled people in wheelchairs, people just jumping over and pushing them,"" Armand Versace said.","Armand Versas said, “I lost my sister and her friend on the way”.",11.01915328564402,31.359361272731732,eng_Latn," I lost my sister and her friend, and on my way there were two disabled people in wheelchairs, people just jumping over and pushing them,"" Armand Versace said.",11.01915328564402,31.359361272731732,18.75,15.8125
"Translate the following sentence from Hindi to English:
Q: एनएचके ने भी सूचना दी कि निगाता प्रांत में काशीवाज़की करिवा परमाणु ऊर्जा संयंत्र सामान्य रूप से काम कर रहा था.
A:",एनएचके ने भी सूचना दी कि निगाता प्रांत में काशीवाज़की करिवा परमाणु ऊर्जा संयंत्र सामान्य रूप से काम कर रहा था.,NHK also reported that the Kashiwazaki Kariwa nuclear power plant in Niigata prefecture was operating normally.,NHK also reported that the Kashiwazaki-Kariwa nuclear power plant was operating normally.,54.877529210539045,74.58887827911404,eng_Latn, NHK also reported that the Kashiwazaki Kariwa nuclear power plant in Niigata prefecture was operating normally.,54.877529210539045,74.58887827911404,3.453125,2.578125
"Translate the following sentence from Hindi to English:
Q: होकूरिकू इलेक्ट्रिक पॉवर कंपनी ने रिपोर्ट दी कि भूकंप का कोई असर नहीं हुआ है. यह भी बताया कि इसके शिका न्यूक्लियर पावर प्लांट के रिएक्टर नंबर 1 और 2 बंद कर दिए गए थे.
A:",होकूरिकू इलेक्ट्रिक पॉवर कंपनी ने रिपोर्ट दी कि भूकंप का कोई असर नहीं हुआ है. यह भी बताया कि इसके शिका न्यूक्लियर पावर प्लांट के रिएक्टर नंबर 1 और 2 बंद कर दिए गए थे.,Hokuriku Electric Power Co. reported no effects from the earthquake and that the Number 1 and 2 reactors at its Shika nuclear power plant were shut down.,The earthquake did not affect the power plant.,2.1531011478968534,19.296344989429095,eng_Latn, Hokuriku Electric Power Co. reported no effects from the earthquake and that the Number 1 and 2 reactors at its Shika nuclear power plant were shut down.,2.1531011478968534,19.296344989429095,20.625,17.125
"Translate the following sentence from Hindi to English:
Q: एक रिपोर्ट मे बताया गया है कि इस क्षेत्र 9400 घर पानी की कमी से जूझ रहे है और लगभग 100 बिजली की कमी से ।
A:",एक रिपोर्ट मे बताया गया है कि इस क्षेत्र 9400 घर पानी की कमी से जूझ रहे है और लगभग 100 बिजली की कमी से ।,It is reported that some 9400 homes in the region are without water and approximately 100 without electricity.,"It is reported that in this area, 9400 houses are facing water shortage and almost 100 are facing electricity shortage.",12.078743167681099,41.0882714895675,eng_Latn, It is reported that some 9400 homes in the region are without water and approximately 100 without electricity.,12.078743167681099,41.0882714895675,2.765625,2.65625
"Translate the following sentence from Hindi to English:
Q: कुछ सड़कें क्षतिग्रस्त हो गई हैं, प्रभावित क्षेत्रों में रेल सेवा बाधित हुई, और इशिकावा प्रांत में नोटो हवाई अड्डा बंद है.
A:","कुछ सड़कें क्षतिग्रस्त हो गई हैं, प्रभावित क्षेत्रों में रेल सेवा बाधित हुई, और इशिकावा प्रांत में नोटो हवाई अड्डा बंद है.","Some roads have been damaged, railway service interrupted in the affected areas, and the Noto Airport in Ishikawa prefecture remains closed.","Some roads have been damaged, train service has been disrupted in affected areas, and Noto Airport has been closed.",36.169370736516825,56.73281019188978,eng_Latn," Some roads have been damaged, railway service interrupted in the affected areas, and the Noto Airport in Ishikawa prefecture remains closed.",36.169370736516825,56.73281019188978,4.625,2.71875
"Translate the following sentence from Hindi to English:
Q: एक बम गवर्नर जनरल के कार्यालय के बाहर फटा था.
A:",एक बम गवर्नर जनरल के कार्यालय के बाहर फटा था.,One bomb exploded outside the governor general's office.,A bomb had exploded outside the Governor General's office.,43.33207865423753,67.2964065053556,eng_Latn, One bomb exploded outside the governor general's office.,43.33207865423753,67.2964065053556,3.203125,3.484375
"Translate the following sentence from Hindi to English:
Q: दो घंटों में सरकारी इमारतों के पास दो बम विस्फोट हुए.
A:",दो घंटों में सरकारी इमारतों के पास दो बम विस्फोट हुए.,Three more bombs exploded near government buildings in a period of two hours.,Two bombs exploded in two hours.,26.869350295429584,34.077400041033975,eng_Latn, Three more bombs exploded near government buildings in a period of two hours.,26.869350295429584,34.077400041033975,11.3125,12.625
"Translate the following sentence from Hindi to English:
Q: कुछ रिपोर्ट आधिकारिक मृत्यु दर आठ बताती हैं, और आधिकारिक रिपोर्टों से पुष्टि होती है कि 30 तक घायल हुए हैं; लेकिन अंतिम संख्या अभी तक ज्ञात नहीं हैं।
A:","कुछ रिपोर्ट आधिकारिक मृत्यु दर आठ बताती हैं, और आधिकारिक रिपोर्टों से पुष्टि होती है कि 30 तक घायल हुए हैं; लेकिन अंतिम संख्या अभी तक ज्ञात नहीं हैं।","Some reports put the official death toll at eight, and official reports confirm that up to 30 were injured; but final numbers are not yet known.","Some reports say that 8 people died, and some reports say that 30 people were injured.",6.9506155921685995,27.23294790458739,eng_Latn," Some reports put the official death toll at eight, and official reports confirm that up to 30 were injured; but final numbers are not yet known.",6.9506155921685995,27.23294790458739,12.4375,9.25
"Translate the following sentence from Hindi to English:
Q: सायन्यूरिक एसिड और मेलामाइन दोनों ही पालतू जानवरों के मूत्र के नमूनों में पाए गए जो दूषित पालतू भोजन के सेवन के बाद मर गए.
A:",सायन्यूरिक एसिड और मेलामाइन दोनों ही पालतू जानवरों के मूत्र के नमूनों में पाए गए जो दूषित पालतू भोजन के सेवन के बाद मर गए.,Both cyanuric acid and melamine were found in urine samples from pets that died after consuming contaminated pet food.,Cyanuric acid and melamine were found in the samples of the food.,34.24276697533261,44.49201234693767,eng_Latn, Both cyanuric acid and melamine were found in urine samples from pets that died after consuming contaminated pet food.,34.24276697533261,44.49201234693767,13.0,11.9375
"Translate the following sentence from Hindi to English:
Q: विश्वविद्यालय के शोधकर्ताओं ने कहा कि दो कम्पाउन्ड एक दूसरे के साथ मिलकर क्रिस्टल बनाते हैं जो किडनी की कार्यप्रणाली को रोक कर सकते हैं.
A:",विश्वविद्यालय के शोधकर्ताओं ने कहा कि दो कम्पाउन्ड एक दूसरे के साथ मिलकर क्रिस्टल बनाते हैं जो किडनी की कार्यप्रणाली को रोक कर सकते हैं.,"The two compounds react with one another to form crystals that may block kidney function, researchers at the university said.",The researchers at the university said that two compounds together form a crystal that can stop the kidney from functioning.,22.393902413160337,54.55783620449775,eng_Latn," The two compounds react with one another to form crystals that may block kidney function, researchers at the university said.",22.393902413160337,54.55783620449775,2.625,2.734375
"Translate the following sentence from Hindi to English:
Q: शोधकर्ताओं ने मेलामाइन और सियानुरिक एसिड को मिलाने से बिल्ली के मूत्र में क्रिस्टल्स को बनते देखा.
A:",शोधकर्ताओं ने मेलामाइन और सियानुरिक एसिड को मिलाने से बिल्ली के मूत्र में क्रिस्टल्स को बनते देखा.,The researchers observed crystals formed in cat urine by the addition of melamine and cyanuric acid.,Researchers observed crystals in cat urine by mixing melamine and cyanuric acid.,61.931762451996576,67.14858272897132,eng_Latn, The researchers observed crystals formed in cat urine by the addition of melamine and cyanuric acid.,61.931762451996576,67.14858272897132,2.65625,1.6953125
"Translate the following sentence from Hindi to English:
Q: जब इंफ्रारेड स्पेक्ट्रोस्कोपी (ऍफ़टीआईआर) से इन क्रिस्टलों की संरचना की तुलना की गई, तो वे प्रभावित पालतू जानवरों के मूत्र में पाए क्रिस्टल से मेल खाते हैं।
A:","जब इंफ्रारेड स्पेक्ट्रोस्कोपी (ऍफ़टीआईआर) से इन क्रिस्टलों की संरचना की तुलना की गई, तो वे प्रभावित पालतू जानवरों के मूत्र में पाए क्रिस्टल से मेल खाते हैं।",The composition of these crystals matches those found in the urine of affected pets when compared by infrared spectroscopy (FTIR).,"When the structure of these crystals was compared with the crystals found in the urine of affected animals, they were found to be similar.",27.36893541394041,46.523201282998514,eng_Latn, The composition of these crystals matches those found in the urine of affected pets when compared by infrared spectroscopy (FTIR).,27.36893541394041,46.523201282998514,4.53125,3.171875
"Translate the following sentence from Hindi to English:
Q: मुझे नहीं पता आपने इसपर ध्यान दिया है कि नहीं लेकिन, सेंट्रल अमेरिका से इस देश में आए ज़्यादातर प्रोडक्ट पर टैक्स नहीं लगाया जाता.
A:","मुझे नहीं पता आपने इसपर ध्यान दिया है कि नहीं लेकिन, सेंट्रल अमेरिका से इस देश में आए ज़्यादातर प्रोडक्ट पर टैक्स नहीं लगाया जाता.","I don't know if you realize it or not, but most of the goods from Central America came into this country duty-free.","I don't know if you have noticed this but, most of the products from Central America are not taxed.",31.835879666035137,49.625448703235136,eng_Latn," I don't know if you realize it or not, but most of the goods from Central America came into this country duty-free.",31.835879666035137,49.625448703235136,2.4375,2.484375
"Translate the following sentence from Hindi to English:
Q: जबकी हमारे माल के अस्सी प्रतिशत पर केंद्रीय अमेरिकन देशों द्वारा कर लगाया गया। फिर भी हम आपका इलाज करते हैं।
A:",जबकी हमारे माल के अस्सी प्रतिशत पर केंद्रीय अमेरिकन देशों द्वारा कर लगाया गया। फिर भी हम आपका इलाज करते हैं।,Yet eighty percent of our goods were taxed through tariffs in Central American countries. we treat you.,"Although our goods are taxed by Central American countries on 80% of the goods, we still treat you well.",11.433361115787452,47.46589203060913,eng_Latn, Yet eighty percent of our goods were taxed through tariffs in Central American countries. we treat you.,11.433361115787452,47.46589203060913,5.0625,4.8125
"Translate the following sentence from Hindi to English:
Q: यह मुझे समझ में नहीं आया; यह निश्चित रूप से उचित नहीं था।
A:",यह मुझे समझ में नहीं आया; यह निश्चित रूप से उचित नहीं था।,That didn't seem to make sense to me; it certainly wasn't fair.,I don't understand this; it's not right.,6.581989038465537,11.797610366178564,eng_Latn, That didn't seem to make sense to me; it certainly wasn't fair.,6.581989038465537,11.797610366178564,0.72265625,1.5390625
"Translate the following sentence from Hindi to English:
Q: सभी लोगों से मेरा बस यही कहना है की आप हमारे साथ वैसा ही व्यवहार करें जैसा हम आपसे करते हैं |
A:",सभी लोगों से मेरा बस यही कहना है की आप हमारे साथ वैसा ही व्यवहार करें जैसा हम आपसे करते हैं |,All I say to people is you treat us the way we treat you.,"All people, I say, is that you treat us as we treat you.",26.518122980477767,57.59078173185566,eng_Latn, All I say to people is you treat us the way we treat you.,26.518122980477767,57.59078173185566,5.78125,5.59375
"Translate the following sentence from Hindi to English:
Q: कैलिफोर्निया के गवर्नर अर्नोल्ड श्वार्ज़नेगर ने कानून में एक बिल पर हस्ताक्षर किए, जो नाबालिगों को हिंसक वीडियो गेम उन्हें बेचने या किराये पर देने से प्रतिबंध लगाता है।
A:","कैलिफोर्निया के गवर्नर अर्नोल्ड श्वार्ज़नेगर ने कानून में एक बिल पर हस्ताक्षर किए, जो नाबालिगों को हिंसक वीडियो गेम उन्हें बेचने या किराये पर देने से प्रतिबंध लगाता है।",California Governor Arnold Schwarzenegger signed into law a bill that bans the sale or rental of violent video games to minors.,The bill was signed by Governor Schwarzenegger.,7.354780310359354,22.572981927297796,eng_Latn, California Governor Arnold Schwarzenegger signed into law a bill that bans the sale or rental of violent video games to minors.,7.354780310359354,22.572981927297796,18.5,17.75
"Translate the following sentence from Hindi to English:
Q: बिल के अनुसार कैलिफोर्निया राज्य में बेचे जाने वाले हिंसक वीडियो गेम को “18” की डीकैल रीडिंग से लेबल किया जाए और यह उनकी बिक्री नाबालिग को किए जाने को 1000 डॉलर प्रति अपराध के हिसाब से दंड योग्य बनाता है।
A:",बिल के अनुसार कैलिफोर्निया राज्य में बेचे जाने वाले हिंसक वीडियो गेम को “18” की डीकैल रीडिंग से लेबल किया जाए और यह उनकी बिक्री नाबालिग को किए जाने को 1000 डॉलर प्रति अपराध के हिसाब से दंड योग्य बनाता है।,"The bill requires violent video games sold in the state of California to be labeled with a decal reading ""18"" and makes their sale to a minor punishable by a fine of $1000 per offense.","According to the bill, violent video games are labeled with a “18” rating and are not sold to minors.",7.918941056818003,29.359128391976824,eng_Latn," The bill requires violent video games sold in the state of California to be labeled with a decal reading ""18"" and makes their sale to a minor punishable by a fine of $1000 per offense.",7.918941056818003,29.359128391976824,9.5625,7.375
"Translate the following sentence from Hindi to English:
Q: लोक अभियोजन निदेशक, केइर स्टारर क्यूसी ने आज सुबह एक बयान दिया, जिसमें फोन और मूल्य दोनों पर मुकदमा चलाने की घोषणा की गई।
A:","लोक अभियोजन निदेशक, केइर स्टारर क्यूसी ने आज सुबह एक बयान दिया, जिसमें फोन और मूल्य दोनों पर मुकदमा चलाने की घोषणा की गई।","The Director of Public Prosecutions, Kier Starmer QC, gave a statement this morning announcing the prosecution of both Huhne and Pryce.",The prosecution director announced that the prosecution will be filed against the accused.,3.7343910590132587,28.377035648819525,eng_Latn," The Director of Public Prosecutions, Kier Starmer QC, gave a statement this morning announcing the prosecution of both Huhne and Pryce.",3.7343910590132587,28.377035648819525,12.25,11.0
"Translate the following sentence from Hindi to English:
Q: हुन ने इस्तीफा दे दिया है. मंत्रिमंडल में उनकी जगह सांसद एड डेवी लेंगे. सांसद नॉर्मन लैंब के व्यापार मंत्री बनने की उम्मीद है. यह पद डेवी के मंत्रिमंडल में जाने की वजह से खाली हुई है.
A:",हुन ने इस्तीफा दे दिया है. मंत्रिमंडल में उनकी जगह सांसद एड डेवी लेंगे. सांसद नॉर्मन लैंब के व्यापार मंत्री बनने की उम्मीद है. यह पद डेवी के मंत्रिमंडल में जाने की वजह से खाली हुई है.,Huhne has resigned and he will be replaced in the Cabinet by Ed Davey MP. Norman Lamb MP is expected to take the Business Minister job Davey is vacating.,,0.0,0.0,eng_Latn, Huhne has resigned and he will be replaced in the Cabinet by Ed Davey MP. Norman Lamb MP is expected to take the Business Minister job Davey is vacating.,0.0,0.0,19.0,18.5
"Translate the following sentence from Hindi to English:
Q: हुन और प्राइस को 16 फरवरी को वेस्टमिंस्टर मजिस्ट्रेट कोर्ट में पेश होना है.
A:",हुन और प्राइस को 16 फरवरी को वेस्टमिंस्टर मजिस्ट्रेट कोर्ट में पेश होना है.,Huhne and Pryce are scheduled to appear at the Westminster Magistrates Court on February 16.,,0.0,0.0,eng_Latn, Huhne and Pryce are scheduled to appear at the Westminster Magistrates Court on February 16.,0.0,0.0,24.875,19.75
"Translate the following sentence from Hindi to English:
Q: मरने वालों में 25 साल का निकोलस एल्डन और 21 साल का ज़ेचरी कडबैक शामिल था. कडबैक ड्राइवर था.
A:",मरने वालों में 25 साल का निकोलस एल्डन और 21 साल का ज़ेचरी कडबैक शामिल था. कडबैक ड्राइवर था.,"The fatalities were Nicholas Alden, 25, and Zachary Cuddeback, 21. Cuddeback had been the driver.",The sentence means that the two people died in the accident.,1.3878876602910812,12.079676821559243,eng_Latn," The fatalities were Nicholas Alden, 25, and Zachary Cuddeback, 21. Cuddeback had been the driver.",1.3878876602910812,12.079676821559243,17.375,15.4375
"Translate the following sentence from Hindi to English:
Q: एडगर वेगुइला के हाथ और जबड़े जख्मि हो गये, जबकि क्रिस्टोफ़र श्नाइडर को चेहरे की पुनर्निर्माण सर्जरी की आवश्यकता थी।
A:","एडगर वेगुइला के हाथ और जबड़े जख्मि हो गये, जबकि क्रिस्टोफ़र श्नाइडर को चेहरे की पुनर्निर्माण सर्जरी की आवश्यकता थी।",Edgar Veguilla received arm and jaw wounds while Kristoffer Schneider was left requiring reconstructive surgery for his face.,Edgar Vega and Christopher Schneider were injured in the accident.,2.8578945586315685,21.709616882546545,eng_Latn, Edgar Veguilla received arm and jaw wounds while Kristoffer Schneider was left requiring reconstructive surgery for his face.,2.8578945586315685,21.709616882546545,14.875,10.9375
"Translate the following sentence from Hindi to English:
Q: उका का हथियार तब विफल हो गया जब पाँचवें व्यक्ति के सिर पर निशाना लगया. श्नाइडर को दर्द बना हुआ है, एक आँख में अंधापन, खोपड़ी का एक गायब भाग और टाइटेनियम से एक चेहरा फिर से बनाया गया है.
A:","उका का हथियार तब विफल हो गया जब पाँचवें व्यक्ति के सिर पर निशाना लगया. श्नाइडर को दर्द बना हुआ है, एक आँख में अंधापन, खोपड़ी का एक गायब भाग और टाइटेनियम से एक चेहरा फिर से बनाया गया है.","Uka's weapon failed whilst pointed at a fifth man's head. Schneider has ongoing pain, blindness in one eye, a missing section of skull and a face rebuilt from titanium.",The weapon of the fifth person was a knife.,0.4823574235899858,9.72847549180992,eng_Latn," Uka's weapon failed whilst pointed at a fifth man's head. Schneider has ongoing pain, blindness in one eye, a missing section of skull and a face rebuilt from titanium.",0.4823574235899858,9.72847549180992,23.375,23.625
"Translate the following sentence from Hindi to English:
Q: श्नाइडर ने अपनी मातृभूमि में एक USAF बेस से वीडियो लिंक के माध्यम से गवाही दी.
A:",श्नाइडर ने अपनी मातृभूमि में एक USAF बेस से वीडियो लिंक के माध्यम से गवाही दी.,Schneider testified via videolink from a USAF base in his homeland.,The video link was established between the base and the court.,2.4426495029761353,21.497245806934583,eng_Latn, Schneider testified via videolink from a USAF base in his homeland.,2.4426495029761353,21.497245806934583,12.3125,10.8125
"Translate the following sentence from Hindi to English:
Q: बुधवार के आयोजन के बाद, कारपानेडो ने चैंपियनशिप में दो इंडिविज़ुअल रेस में हिस्सा लिया.
A:","बुधवार के आयोजन के बाद, कारपानेडो ने चैंपियनशिप में दो इंडिविज़ुअल रेस में हिस्सा लिया.","Beyond Wednesday's event, Carpanedo competed in two individual races at the Championships.","After the Wednesday event, Carpanedo participated in two individual races.",41.24031409925812,56.46472099873405,eng_Latn," Beyond Wednesday's event, Carpanedo competed in two individual races at the Championships.",41.24031409925812,56.46472099873405,5.65625,5.71875
"Translate the following sentence from Hindi to English:
Q: उसका पहला स्लैलम था, जहाँ उसने अपने पहले चक्र मे दौड़ को पूरा ना कर सका ।इस दौड़ में 116 प्रतियोगियों में से 36 खिलाड़ियों ने एक ही स्थान प्राप्त किया ।
A:","उसका पहला स्लैलम था, जहाँ उसने अपने पहले चक्र मे दौड़ को पूरा ना कर सका ।इस दौड़ में 116 प्रतियोगियों में से 36 खिलाड़ियों ने एक ही स्थान प्राप्त किया ।","Her first was the Slalom, where she earned a Did Not Finish in her first run. 36 of the 116 competitors had the same result in that race.",He was the first to complete the race.,0.664873433223125,14.550545190200081,eng_Latn," Her first was the Slalom, where she earned a Did Not Finish in her first run. 36 of the 116 competitors had the same result in that race.",0.664873433223125,14.550545190200081,21.5,21.25
"Translate the following sentence from Hindi to English:
Q: उनकी दूसरी दौड़, विशाल स्लैलम, महिलाओं के समूह में 4: 41.30, 2: 11.60 मिनट के संयुक्त कार्यावधि के साथ पहले स्थान के फ़िनिशर ऑस्ट्रियन क्लाउडिया लोएश की तुलना में और 1: 09.02 मिनट हंगरी के नौवें स्थान के फ़िनिशर ग्नोगी दानी से दसवें स्थान पर धीमी गति से समाप्त हुई.
A:","उनकी दूसरी दौड़, विशाल स्लैलम, महिलाओं के समूह में 4: 41.30, 2: 11.60 मिनट के संयुक्त कार्यावधि के साथ पहले स्थान के फ़िनिशर ऑस्ट्रियन क्लाउडिया लोएश की तुलना में और 1: 09.02 मिनट हंगरी के नौवें स्थान के फ़िनिशर ग्नोगी दानी से दसवें स्थान पर धीमी गति से समाप्त हुई.","Her other race, the Giant Slalom, saw her finish in tenth in the women's sitting group with a combined run time of 4:41.30, 2:11.60 minutes slower than first place finisher Austrian Claudia Loesch and 1:09.02 minutes slower than the ninth place finisher Gyöngyi Dani of Hungary.",The sentence is in the past tense.,0.010753651039610061,4.741674689235651,eng_Latn," Her other race, the Giant Slalom, saw her finish in tenth in the women's sitting group with a combined run time of 4:41.30, 2:11.60 minutes slower than first place finisher Austrian Claudia Loesch and 1:09.02 minutes slower than the ninth place finisher Gyöngyi Dani of Hungary.",0.010753651039610061,4.741674689235651,23.125,23.375
"Translate the following sentence from Hindi to English:
Q: महिलाओं के वर्तमान समूह में चार स्कीयर अपना रन पूरा करने में असफल रहे और जायंट स्लैलम में कुल 117 में से 45 स्कीयर इस रेस में स्थान पाने में असफल रहे.
A:",महिलाओं के वर्तमान समूह में चार स्कीयर अपना रन पूरा करने में असफल रहे और जायंट स्लैलम में कुल 117 में से 45 स्कीयर इस रेस में स्थान पाने में असफल रहे.,"Four skiers in the women's sitting group failed to finish their runs, and 45 of the 117 total skiers in the Giant Slalom failed to rank in the race.",The number of skiers who failed to complete the run was 45.,1.4132265827891366,16.00212744391312,eng_Latn," Four skiers in the women's sitting group failed to finish their runs, and 45 of the 117 total skiers in the Giant Slalom failed to rank in the race.",1.4132265827891366,16.00212744391312,18.875,16.5
"Translate the following sentence from Hindi to English:
Q: मध्य प्रदेश पुलिस ने चोरी हुए लैपटॉप और मोबाइल फ़ोन हासिल किए.
A:",मध्य प्रदेश पुलिस ने चोरी हुए लैपटॉप और मोबाइल फ़ोन हासिल किए.,The Madhya Pradesh Police recovered the stolen laptop and mobile phone.,Madhya Pradesh police has recovered stolen laptops and mobile phones.,29.08402945446887,62.18066689910574,eng_Latn, The Madhya Pradesh Police recovered the stolen laptop and mobile phone.,29.08402945446887,62.18066689910574,1.59375,1.484375
"Translate the following sentence from Hindi to English:
Q: डिप्टी इंस्पेक्टर डी के आर्य ने कहा, “हमने स्विस महिला के साथ बलात्कार करने वाले पाँच लोगों को गिरफ्तार किया है और उनसे उस महिला का मोबाइल और लैपटॉप बरामद किया है”.
A:","डिप्टी इंस्पेक्टर डी के आर्य ने कहा, “हमने स्विस महिला के साथ बलात्कार करने वाले पाँच लोगों को गिरफ्तार किया है और उनसे उस महिला का मोबाइल और लैपटॉप बरामद किया है”.","Deputy Inspector General D K Arya said, ""We have arrested five persons who raped the Swiss woman and recovered her mobile and laptop"".",The police have arrested five people and recovered a mobile phone and a laptop from them.,13.551607408810353,35.502745133599696,eng_Latn," Deputy Inspector General D K Arya said, ""We have arrested five persons who raped the Swiss woman and recovered her mobile and laptop"".",13.551607408810353,35.502745133599696,11.3125,9.875
"Translate the following sentence from Hindi to English:
Q: आरोपियों के नाम बाबा कंजर, भूथा कंजर, रामप्रो कंजर, गाज़ा कंजर और विष्णु कंजर हैं।
A:","आरोपियों के नाम बाबा कंजर, भूथा कंजर, रामप्रो कंजर, गाज़ा कंजर और विष्णु कंजर हैं।","The accused are named as Baba Kanjar, Bhutha Kanjar, Rampro Kanjar, Gaza Kanjar and Vishnu Kanjar.","The names of the accused are Baba Kanjer, Bhuta Kanjer, Rampro Kanjer, Gaja Kanjer and Vishnu Kanjer.",28.487594977117578,54.96205040900167,eng_Latn," The accused are named as Baba Kanjar, Bhutha Kanjar, Rampro Kanjar, Gaza Kanjar and Vishnu Kanjar.",28.487594977117578,54.96205040900167,2.40625,2.578125
"Translate the following sentence from Hindi to English:
Q: पुलिस अधीक्षक चंद्र शेखर सोलंकी ने कहा कि आरोपी ढके हुए चेहरे के साथ अदालत में पेश हुए थे.
A:",पुलिस अधीक्षक चंद्र शेखर सोलंकी ने कहा कि आरोपी ढके हुए चेहरे के साथ अदालत में पेश हुए थे.,Police superintendent Chandra Shekhar Solanki said the accused appeared in court with covered faces.,The accused were wearing masks.,1.8744693473806615,12.620499017326361,eng_Latn, Police superintendent Chandra Shekhar Solanki said the accused appeared in court with covered faces.,1.8744693473806615,12.620499017326361,15.4375,14.5625
"Translate the following sentence from Hindi to English:
Q: हालांकि तीन लोग घर के अन्दर थे फिर भी जब कार टकराई तब किसी को भी चोट नहीं आई।
A:",हालांकि तीन लोग घर के अन्दर थे फिर भी जब कार टकराई तब किसी को भी चोट नहीं आई।,"Although three people were inside the house when the car impacted it, none of them were hurt.","Although three people were in the house, no one was injured when the car hit them.",20.826058354833847,55.54395958641888,eng_Latn," Although three people were inside the house when the car impacted it, none of them were hurt.",20.826058354833847,55.54395958641888,1.453125,1.2890625
"Translate the following sentence from Hindi to English:
Q: हालाँकि, ड्राइवर के सिर में गंभीर चोटें आई थी.
A:","हालाँकि, ड्राइवर के सिर में गंभीर चोटें आई थी.","However, the driver sustained serious injuries to the head.","However, the driver had serious injuries.",25.60797001652275,60.7907977659565,eng_Latn," However, the driver sustained serious injuries to the head.",25.60797001652275,60.7907977659565,5.125,3.84375
"Translate the following sentence from Hindi to English:
Q: जिस सड़क पर दुर्घटना हुई उसे कुछ समय के लिए बंद कर दिया गया था, जबकि आपाताकालीन सेवाओं ने ड्राइवर को लाल रंग की Audi TT से निकाल दिया था.
A:","जिस सड़क पर दुर्घटना हुई उसे कुछ समय के लिए बंद कर दिया गया था, जबकि आपाताकालीन सेवाओं ने ड्राइवर को लाल रंग की Audi TT से निकाल दिया था.",The road where the crash happened was temporarily closed while emergency services freed the driver from the red Audi TT.,The road on which the accident took place was closed for some time.,3.9302002257140725,18.42663861187787,eng_Latn, The road where the crash happened was temporarily closed while emergency services freed the driver from the red Audi TT.,3.9302002257140725,18.42663861187787,13.5,8.4375
"Translate the following sentence from Hindi to English:
Q: पहले उसे ग्रेट यारमोथ के जेम्स पैगट अस्पताल में भर्ती किया गया था.
A:",पहले उसे ग्रेट यारमोथ के जेम्स पैगट अस्पताल में भर्ती किया गया था.,He was initially hospitalised in the James Paget Hospital in Great Yarmouth.,He was first admitted to the James Paget Hospital in Great Yarmouth.,55.26941281008063,65.84516718155582,eng_Latn, He was initially hospitalised in the James Paget Hospital in Great Yarmouth.,55.26941281008063,65.84516718155582,4.28125,3.1875
"Translate the following sentence from Hindi to English:
Q: बाद में उन्हें कैम्ब्रिज में एडेनब्रुक के अस्पताल में स्थानांतरित कर दिया गया.
A:",बाद में उन्हें कैम्ब्रिज में एडेनब्रुक के अस्पताल में स्थानांतरित कर दिया गया.,He was subsequently relocated to Addenbrooke's Hospital in Cambridge.,They were transferred to the hospital in Cambridge.,7.541743856652242,35.86403066615074,eng_Latn, He was subsequently relocated to Addenbrooke's Hospital in Cambridge.,7.541743856652242,35.86403066615074,8.3125,9.4375
"Translate the following sentence from Hindi to English:
Q: तब से एडेकोया अपने बेटे की हत्या के आरोप में एडिनबर्ग शेरिफ कोर्ट में है।
A:",तब से एडेकोया अपने बेटे की हत्या के आरोप में एडिनबर्ग शेरिफ कोर्ट में है।,Adekoya has since been in Edinburgh Sheriff Court charged with murdering her son.,"Since then, Adekoja has been in the Edinburgh Sheriff Court on charges of killing his son.",17.41103680976952,50.106799915924164,eng_Latn, Adekoya has since been in Edinburgh Sheriff Court charged with murdering her son.,17.41103680976952,50.106799915924164,4.84375,5.3125
"Translate the following sentence from Hindi to English:
Q: वह अभियोग और मुकदमा लंबित है, लेकिन किसी भी चश्मदीद गवाह को प्रभावित किया जा सकता है, क्योंकि उसकी छवि व्यापक रूप से प्रकाशित हुई है.
A:","वह अभियोग और मुकदमा लंबित है, लेकिन किसी भी चश्मदीद गवाह को प्रभावित किया जा सकता है, क्योंकि उसकी छवि व्यापक रूप से प्रकाशित हुई है.","She is in custody pending indictment and trial, but any eyewitness evidence may be tainted because her image has been widely published.","The case is pending, but the witness can be influenced because his image is widely published.",10.069058791608642,37.44566544003264,eng_Latn," She is in custody pending indictment and trial, but any eyewitness evidence may be tainted because her image has been widely published.",10.069058791608642,37.44566544003264,4.875,7.15625
"Translate the following sentence from Hindi to English:
Q: यह ब्रिटेन में कहीं और आम बात है लेकिन स्कॉटिश न्याय अलग तरीके से काम करता है और अदालतों ने तस्वीरों के प्रकाशन को संभावित नुक़सानदेह के रूप मे देखा हैं |
A:",यह ब्रिटेन में कहीं और आम बात है लेकिन स्कॉटिश न्याय अलग तरीके से काम करता है और अदालतों ने तस्वीरों के प्रकाशन को संभावित नुक़सानदेह के रूप मे देखा हैं |,This is common practice elsewhere in the UK but Scottish justice works differently and courts have viewed publication of photos as potentially prejudicial.,It is common in Britain but not in Scotland.,1.2922423154208276,12.273372632353725,eng_Latn, This is common practice elsewhere in the UK but Scottish justice works differently and courts have viewed publication of photos as potentially prejudicial.,1.2922423154208276,12.273372632353725,15.875,15.0625
"Translate the following sentence from Hindi to English:
Q: यूनिवर्सिटी ऑफ़ डंडी के प्रोफ़ेसर पामेला फ़र्ग्यूसन लिखते हैं, “अगर संदिग्धों के फ़ोटो आदि प्रकाशित होते हैं तो पत्रकारों को यह ख़तरनाक मार्ग पर चलना लगता है”.
A:","यूनिवर्सिटी ऑफ़ डंडी के प्रोफ़ेसर पामेला फ़र्ग्यूसन लिखते हैं, “अगर संदिग्धों के फ़ोटो आदि प्रकाशित होते हैं तो पत्रकारों को यह ख़तरनाक मार्ग पर चलना लगता है”.","Professor Pamela Ferguson of the University of Dundee notes ""journalists do seem to be walking a dangerous line if publishing photos etc of suspects.""","If the photographs of the suspects are published, then the journalists are in danger.",2.87746465401725,22.981903885279003,eng_Latn," Professor Pamela Ferguson of the University of Dundee notes ""journalists do seem to be walking a dangerous line if publishing photos etc of suspects.""",2.87746465401725,22.981903885279003,13.9375,13.25
"Translate the following sentence from Hindi to English:
Q: क्राउन ऑफिस, जो कि अभियोग पक्ष के लिए ज़िम्मेदार है, ने पत्रकारों को संकेत दिया है कि कम से कम अभियोग लगने तक कोई टिप्पणी नहीं की जाएगी।
A:","क्राउन ऑफिस, जो कि अभियोग पक्ष के लिए ज़िम्मेदार है, ने पत्रकारों को संकेत दिया है कि कम से कम अभियोग लगने तक कोई टिप्पणी नहीं की जाएगी।","Crown Office, which is in overall charge of prosecutions, has indicated to journalists that no further comment will be made at least until indictment.","The Crown Office, which is responsible for the prosecution, has indicated to the press that no comment will be made until the case is heard.",31.04981374460793,53.509114473140826,eng_Latn," Crown Office, which is in overall charge of prosecutions, has indicated to journalists that no further comment will be made at least until indictment.",31.04981374460793,53.509114473140826,4.40625,5.28125
"Translate the following sentence from Hindi to English:
Q: लीक के अनुसार, दस्तावेज़, सीमा विवाद को संदर्भित करेगा, जो फ़िलिस्तीन 1967 के मध्यपूर्व युद्ध से पहले सीमाओं के आधार पर चाहता है.
A:","लीक के अनुसार, दस्तावेज़, सीमा विवाद को संदर्भित करेगा, जो फ़िलिस्तीन 1967 के मध्यपूर्व युद्ध से पहले सीमाओं के आधार पर चाहता है.","The document, according to the leak, will refer to the borders dispute, which Palestine wants based on the borders before the 1967 Mideast War.","According to leaks, the document will refer to the border dispute, which is the main issue between India and Pakistan.",15.396133521514699,42.89444081343706,eng_Latn," The document, according to the leak, will refer to the borders dispute, which Palestine wants based on the borders before the 1967 Mideast War.",15.396133521514699,42.89444081343706,11.375,11.75
"Translate the following sentence from Hindi to English:
Q: कथित तौर पर शामिल किए गए अन्य विषयों में यरुशलम की भविष्य की स्थिति शामिल है जो दोनों देशों और जॉर्डन घाटी समस्या के लिए पवित्र है.
A:",कथित तौर पर शामिल किए गए अन्य विषयों में यरुशलम की भविष्य की स्थिति शामिल है जो दोनों देशों और जॉर्डन घाटी समस्या के लिए पवित्र है.,Other topics covered reportedly include the future state of Jerusalem which is sacred to both nations and the Jordan Valley issue.,"It is alleged that the other subjects included in the treaty are the future status of Jerusalem, the status of the Holy Land, and the future status of the Holy City.",3.7090912438063195,33.51867171222381,eng_Latn, Other topics covered reportedly include the future state of Jerusalem which is sacred to both nations and the Jordan Valley issue.,3.7090912438063195,33.51867171222381,6.9375,7.46875
"Translate the following sentence from Hindi to English:
Q: किसी समझौते पर हस्ताक्षर होने के बाद इज़राइल, वर्तमान सैन्य स्थिति को अगले दस सालों तक बनाए रखने की मांग करता है, जबकि पीए वर्तमान सैन्य स्थिति को केवल पांच साल तक जारी रखने के लिए सहमत है।
A:","किसी समझौते पर हस्ताक्षर होने के बाद इज़राइल, वर्तमान सैन्य स्थिति को अगले दस सालों तक बनाए रखने की मांग करता है, जबकि पीए वर्तमान सैन्य स्थिति को केवल पांच साल तक जारी रखने के लिए सहमत है।",Israel demands an ongoing military presence in the valley for ten years once an agreement is signed while the PA agrees to leave such presence only for five years.,"After the signing of the agreement, Israel demands that the current military situation be maintained for the next ten years, while the PA demands that the current military situation be maintained for the next five years.",8.47400567745194,39.64452511632888,eng_Latn, Israel demands an ongoing military presence in the valley for ten years once an agreement is signed while the PA agrees to leave such presence only for five years.,8.47400567745194,39.64452511632888,4.84375,5.0
"Translate the following sentence from Hindi to English:
Q: जैसा कि परीक्षण की निगरानी की गई थी और इसकी प्रभावशीलता का मूल्यांकन किया गया था, उसी तरह पूरक कीट नियंत्रण परीक्षण में निशानेबाज़ों की रेंजरों द्वारा बारीकी से निगरानी की जानी थी.
A:","जैसा कि परीक्षण की निगरानी की गई थी और इसकी प्रभावशीलता का मूल्यांकन किया गया था, उसी तरह पूरक कीट नियंत्रण परीक्षण में निशानेबाज़ों की रेंजरों द्वारा बारीकी से निगरानी की जानी थी.","Shooters in the supplementary pest control trial were to be closely supervised by rangers, as the trial was monitored and its effectiveness evaluated.","As the test was monitored and its effectiveness was evaluated, so too should the supplemental pest control test be monitored.",25.558555521689033,50.17439404729986,eng_Latn," Shooters in the supplementary pest control trial were to be closely supervised by rangers, as the trial was monitored and its effectiveness evaluated.",25.558555521689033,50.17439404729986,7.46875,6.9375
"Translate the following sentence from Hindi to English:
Q: NPWS और ऑस्ट्रेलिया के स्पोर्टिंग शूटर्स एसोसिएशन (NSW) के बीच साझेदारी में टैलेंट हंटिंग शो के तहत काबिल स्वयंसेवकों की भर्ती की गई थी.
A:",NPWS और ऑस्ट्रेलिया के स्पोर्टिंग शूटर्स एसोसिएशन (NSW) के बीच साझेदारी में टैलेंट हंटिंग शो के तहत काबिल स्वयंसेवकों की भर्ती की गई थी.,"In a partnership of NPWS and the Sporting Shooters Association of Australia (NSW) Inc, qualified volunteers were recruited, under the Sporting Shooters Association's hunting program.",The recruitment of volunteers was done under the talent hunting show.,2.7774953537737517,19.469519531475093,eng_Latn," In a partnership of NPWS and the Sporting Shooters Association of Australia (NSW) Inc, qualified volunteers were recruited, under the Sporting Shooters Association's hunting program.",2.7774953537737517,19.469519531475093,15.125,14.4375
"Translate the following sentence from Hindi to English:
Q: NPWS के उद्यान संरक्षण और विरासत के कार्यवाहक निदेशक, मिक ओफ्लिन के अनुसार, शूटिंग ऑपरेशन के लिए चुने गए पहले चार निशानेबाजों को सुरक्षा और प्रशिक्षण से जुड़े व्यापक निर्देश मिले हैं.
A:","NPWS के उद्यान संरक्षण और विरासत के कार्यवाहक निदेशक, मिक ओफ्लिन के अनुसार, शूटिंग ऑपरेशन के लिए चुने गए पहले चार निशानेबाजों को सुरक्षा और प्रशिक्षण से जुड़े व्यापक निर्देश मिले हैं.","According to Mick O'Flynn, the Acting Director Park Conservation and Heritage with the NPWS, the four shooters selected for the first shooting operation received comprehensive safety and training instruction.",The four shooters selected for the operation are being trained by the National Park Service (NPS) and the National Park Service (NPS) is responsible for the protection of the national parks.,12.747221756832312,33.482614644636406,eng_Latn," According to Mick O'Flynn, the Acting Director Park Conservation and Heritage with the NPWS, the four shooters selected for the first shooting operation received comprehensive safety and training instruction.",12.747221756832312,33.482614644636406,9.8125,8.3125
"Translate the following sentence from Hindi to English:
Q: मार्टेली ने कल नौ सदस्यों के एक नए अनंतिम चुनाव परिषद (CEP) में शपथ ली.
A:",मार्टेली ने कल नौ सदस्यों के एक नए अनंतिम चुनाव परिषद (CEP) में शपथ ली.,Martelly swore in a new Provisional Electoral Council (CEP) of nine members yesterday.,Martelli took oath on Monday.,1.293173069803834,10.883234673314815,eng_Latn, Martelly swore in a new Provisional Electoral Council (CEP) of nine members yesterday.,1.293173069803834,10.883234673314815,18.75,16.375
"Translate the following sentence from Hindi to English:
Q: चार साल में यह मार्टेली का पांचवां सीईपी है।
A:",चार साल में यह मार्टेली का पांचवां सीईपी है।,It is Martelly's fifth CEP in four years.,This is the fifth CEP in four years.,53.209625959695856,62.80765887664911,eng_Latn, It is Martelly's fifth CEP in four years.,53.209625959695856,62.80765887664911,7.53125,5.40625
"Translate the following sentence from Hindi to English:
Q: पिछले महीने एक प्रेसिडेंशियल कमीशन ने देश को नए चुनावों की ओर बढ़ने के उपाय के पैकेज के एक हिस्से के रूप में सीईपी के पूर्व त्यागपत्र की अनुशंसा की.
A:",पिछले महीने एक प्रेसिडेंशियल कमीशन ने देश को नए चुनावों की ओर बढ़ने के उपाय के पैकेज के एक हिस्से के रूप में सीईपी के पूर्व त्यागपत्र की अनुशंसा की.,Last month a presidential commission recommended the prior CEP's resignation as part of a package of measures to move the country towards new elections.,The Commission recommended the resignation of the Chief Election Commissioner (CEC) and the Election Commissioners (ECs) in the year 2013.,6.106432774355543,30.428399882293405,eng_Latn, Last month a presidential commission recommended the prior CEP's resignation as part of a package of measures to move the country towards new elections.,6.106432774355543,30.428399882293405,13.125,11.6875
"Translate the following sentence from Hindi to English:
Q: अक्टूबर में शुरू हुए व्यापक शासन विरोधी प्रदर्शनों के लिए आयोग का गठन मार्टेली की प्रतिक्रिया स्वरूप हुआ था.
A:",अक्टूबर में शुरू हुए व्यापक शासन विरोधी प्रदर्शनों के लिए आयोग का गठन मार्टेली की प्रतिक्रिया स्वरूप हुआ था.,The commission was Martelly's response to widespread anti-regime protests that started in October.,The commission was set up in response to the widespread protests in October.,20.623370300159785,54.441323501632176,eng_Latn, The commission was Martelly's response to widespread anti-regime protests that started in October.,20.623370300159785,54.441323501632176,7.65625,4.9375
"Translate the following sentence from Hindi to English:
Q: 2011 के बाद से, कभी-कभी चुनाव कराने में रहने की वजह से हिंसक विरोध शुरू हो गया था.
A:","2011 के बाद से, कभी-कभी चुनाव कराने में रहने की वजह से हिंसक विरोध शुरू हो गया था.","The sometimes-violent protests were triggered by failure to hold elections, some due since 2011.","Since 2011, there has been a violent protest in the country.",0.0,24.56851374362899,eng_Latn," The sometimes-violent protests were triggered by failure to hold elections, some due since 2011.",0.0,24.56851374362899,10.75,10.1875
"Translate the following sentence from Hindi to English:
Q: आईपॉड ओवरहीटिंग में खराबी के लगभग 60 मामले सामने आए हैं, जिससे कुल छह बार आग लगी और चार लोग मामूली रूप से जल गए।
A:","आईपॉड ओवरहीटिंग में खराबी के लगभग 60 मामले सामने आए हैं, जिससे कुल छह बार आग लगी और चार लोग मामूली रूप से जल गए।","Around 60 cases of malfunctioning iPods overheating have been reported, causing a total of six fires and leaving four people with minor burns.","iPod overheating problems have been reported in 60 cases, resulting in six fires and four minor injuries.",14.16766983582357,41.714237182985336,eng_Latn," Around 60 cases of malfunctioning iPods overheating have been reported, causing a total of six fires and leaving four people with minor burns.",14.16766983582357,41.714237182985336,2.515625,2.625
"Translate the following sentence from Hindi to English:
Q: जापान के अर्थव्यवस्था, व्यापार और उद्योग मंत्रालय (METI) ने कहा कि उसे उपकरणों से संबंधित 27 दुर्घटनाओं की जानकारी थी.
A:","जापान के अर्थव्यवस्था, व्यापार और उद्योग मंत्रालय (METI) ने कहा कि उसे उपकरणों से संबंधित 27 दुर्घटनाओं की जानकारी थी.","Japan's Ministry of Economy, Trade and Industry (METI) said that it had been aware of 27 accidents related to the devices.",The METI said that it had received information about 27 accidents in the last 10 years.,11.231568620500596,30.699387131582977,eng_Latn," Japan's Ministry of Economy, Trade and Industry (METI) said that it had been aware of 27 accidents related to the devices.",11.231568620500596,30.699387131582977,9.1875,8.0625
"Translate the following sentence from Hindi to English:
Q: पिछले हफ्ते, METI ने घोषणा की कि Apple ने 34 ओवरहीटिंग के मामले सामने आये है , जिसे कंपनी ने गंभीरता से नहीं लिया ।
A:","पिछले हफ्ते, METI ने घोषणा की कि Apple ने 34 ओवरहीटिंग के मामले सामने आये है , जिसे कंपनी ने गंभीरता से नहीं लिया ।","Last week, METI announced that Apple had informed it of 34 additional overheating incidents, which the company called ""non-serious.""","Last week, METI announced that Apple has been found to have 34 overheating cases, which the company has not taken seriously.",33.41634815976493,55.6930945073849,eng_Latn," Last week, METI announced that Apple had informed it of 34 additional overheating incidents, which the company called ""non-serious.""",33.41634815976493,55.6930945073849,1.96875,3.296875
"Translate the following sentence from Hindi to English:
Q: मंत्रालय ने एप्पल की रिपोर्ट के स्थगन को यह कहते हुए प्रतिक्रिया दी है कि वह “यकीनन पछतावे के योग्य है.”
A:",मंत्रालय ने एप्पल की रिपोर्ट के स्थगन को यह कहते हुए प्रतिक्रिया दी है कि वह “यकीनन पछतावे के योग्य है.”,"The ministry responded by calling Apple's postponement of the report ""truly regrettable.""",The Ministry has responded to the report by saying that it is “undoubtedly regretful.”,5.538696232597744,33.98091260039764,eng_Latn," The ministry responded by calling Apple's postponement of the report ""truly regrettable.""",5.538696232597744,33.98091260039764,6.8125,6.40625
"Translate the following sentence from Hindi to English:
Q: मारियाना में भूकंप का झटका स्थानीय समयानुसार सुबह 07:19 बजे (09:19 बजे जीएमटी शुक्रवार) आया।
A:",मारियाना में भूकंप का झटका स्थानीय समयानुसार सुबह 07:19 बजे (09:19 बजे जीएमटी शुक्रवार) आया।,The eathquake struck Mariana at 07:19 a.m. local time (09:19 p.m. GMT Friday).,The earthquake was felt at 07:19 am (09:19 am GMT) on Friday.,10.261595187195619,35.064170531850365,eng_Latn, The eathquake struck Mariana at 07:19 a.m. local time (09:19 p.m. GMT Friday).,10.261595187195619,35.064170531850365,7.46875,6.1875
"Translate the following sentence from Hindi to English:
Q: उत्तरी मैरिएनस इमरजेंसी प्रबंधन कार्यलय की ओर से कहा गया कि राष्ट्र में नुकसान की कोई सूचना प्राप्त नहीं हुई थी.
A:",उत्तरी मैरिएनस इमरजेंसी प्रबंधन कार्यलय की ओर से कहा गया कि राष्ट्र में नुकसान की कोई सूचना प्राप्त नहीं हुई थी.,The Northern Marianas emergency management office said that there were no damages reported in the nation.,The National Disaster Management Authority (NDMA) has said that the earthquake was of a low intensity.,3.9566236357113054,27.869732042306406,eng_Latn, The Northern Marianas emergency management office said that there were no damages reported in the nation.,3.9566236357113054,27.869732042306406,14.5625,14.0625
"Translate the following sentence from Hindi to English:
Q: पैसिफ़िक सुनामी चेतावनी केंद्र ने भी यह कहा कि सुनामी के कोई संकेत नहीं हैं.
A:",पैसिफ़िक सुनामी चेतावनी केंद्र ने भी यह कहा कि सुनामी के कोई संकेत नहीं हैं.,Also the Pacific Tsunami Warning Center said that there was no Tsunami indication.,The Pacific Tsunami Warning Center has said that there are no signs of a tsunami.,35.412968165085736,60.70808411571576,eng_Latn, Also the Pacific Tsunami Warning Center said that there was no Tsunami indication.,35.412968165085736,60.70808411571576,2.6875,2.96875
"Translate the following sentence from Hindi to English:
Q: फिलीपींस के राजधानी मनीला में एक पूर्व फिलिपिनो पुलिसकर्मी ने उनकी बस को अपहरण करके हांगकांग के पर्यटकों को बंधक बना रखा है।
A:",फिलीपींस के राजधानी मनीला में एक पूर्व फिलिपिनो पुलिसकर्मी ने उनकी बस को अपहरण करके हांगकांग के पर्यटकों को बंधक बना रखा है।,"A former Filipino policeman has kept Hong Kong tourists hostage by hijacking their bus in Manila, the capital of the Philippines.","In Manila, the capital of the Philippines, a former police officer has taken a bus hostage.",26.501694278350488,46.3452449803291,eng_Latn," A former Filipino policeman has kept Hong Kong tourists hostage by hijacking their bus in Manila, the capital of the Philippines.",26.501694278350488,46.3452449803291,6.625,6.3125
"Translate the following sentence from Hindi to English:
Q: रोलैंडो मेंडोज़ा ने अपनी M16 राइफल से पर्यटकों के ऊपर फायर किया।
A:",रोलैंडो मेंडोज़ा ने अपनी M16 राइफल से पर्यटकों के ऊपर फायर किया।,Rolando Mendoza fired his M16 rifle at the tourists.,Roland Mendosa fired his M16 rifle at tourists.,53.42227899599143,70.59227527229962,eng_Latn, Rolando Mendoza fired his M16 rifle at the tourists.,53.42227899599143,70.59227527229962,3.75,2.203125
"Translate the following sentence from Hindi to English:
Q: अभी तक कई बंधकों को बचा लिया गया है और कम से कम छह के मारे जाने की पुष्टि हुई है.
A:",अभी तक कई बंधकों को बचा लिया गया है और कम से कम छह के मारे जाने की पुष्टि हुई है.,Several hostages have been rescued and least six have been confirmed dead so far.,Many hostages have been rescued so far and at least six have been killed.,52.08133637886651,63.19765633170263,eng_Latn, Several hostages have been rescued and least six have been confirmed dead so far.,52.08133637886651,63.19765633170263,3.171875,3.171875
"Translate the following sentence from Hindi to English:
Q: बच्चों और बुजुर्गों सहित छह बंधकों को जल्दी छोड़ दिया गया, और फिलिपिनो फोटोग्राफरों को भी।
A:","बच्चों और बुजुर्गों सहित छह बंधकों को जल्दी छोड़ दिया गया, और फिलिपिनो फोटोग्राफरों को भी।","Six hostages, including the children and elderly, were released early, as were the Filipino photographers.","Six hostages were released quickly, including children and the elderly, and Filipino photographers were also released.",24.454199238430874,66.45788999458853,eng_Latn," Six hostages, including the children and elderly, were released early, as were the Filipino photographers.",24.454199238430874,66.45788999458853,2.453125,2.0625
"Translate the following sentence from Hindi to English:
Q: फ़ोटोग्राफ़रों ने बाद में एक वृद्ध महिला की जगह ले ली, क्योंकि उसे शौचालय जाना ज़रूरी था. मेंडोज़ा को गोली मार दी गई थी.
A:","फ़ोटोग्राफ़रों ने बाद में एक वृद्ध महिला की जगह ले ली, क्योंकि उसे शौचालय जाना ज़रूरी था. मेंडोज़ा को गोली मार दी गई थी.",The photographers later took the place of an aged lady as she needed the lavatory. Mendoza was gunned down.,"The photographers took the place of the elderly woman later, because she had to go to the toilet. Mendoza was shot.",23.10325762059593,48.26611472830587,eng_Latn, The photographers later took the place of an aged lady as she needed the lavatory. Mendoza was gunned down.,23.10325762059593,48.26611472830587,4.8125,4.34375
"Translate the following sentence from Hindi to English:
Q: लिगिंन्स ने अपने पिता की तरह चिकित्सा के क्षेत्र में अपने कैरियर की शुरूआत की.
A:",लिगिंन्स ने अपने पिता की तरह चिकित्सा के क्षेत्र में अपने कैरियर की शुरूआत की.,Liggins followed in his father’s footsteps and entered a career in medicine.,The sentence means that the person started his career in the field of medicine.,6.434764150483398,31.76296997578607,eng_Latn, Liggins followed in his father’s footsteps and entered a career in medicine.,6.434764150483398,31.76296997578607,13.4375,13.3125
"Translate the following sentence from Hindi to English:
Q: उन्हें एक प्रसूति विशेषज्ञ के रूप में प्रशिक्षित किया गया और 1959 में उन्होंने ऑकलैंड के राष्ट्रीय महिला अस्पताल में काम करना शुरू किया।
A:",उन्हें एक प्रसूति विशेषज्ञ के रूप में प्रशिक्षित किया गया और 1959 में उन्होंने ऑकलैंड के राष्ट्रीय महिला अस्पताल में काम करना शुरू किया।,He trained as an obstetrician and began to work at the Auckland's National Women's Hospital in 1959.,They were trained as a midwife and in 1959 they started working at the National Women's Hospital in Auckland.,28.295596283263514,54.51032196030968,eng_Latn, He trained as an obstetrician and began to work at the Auckland's National Women's Hospital in 1959.,28.295596283263514,54.51032196030968,3.1875,6.84375
"Translate the following sentence from Hindi to English:
Q: अस्पताल में काम करते हुए, लिगिन्स ने अपने खाली समय के दौरान समय से पहले प्रसव की जाँच शुरू कर दी.
A:","अस्पताल में काम करते हुए, लिगिन्स ने अपने खाली समय के दौरान समय से पहले प्रसव की जाँच शुरू कर दी.",While he was working at the hospital Liggins began to investigate premature labor during his spare time.,"During the time of the pandemic, the hospital was understaffed and the staff was overworked.",4.141141330484801,25.34710500526739,eng_Latn, While he was working at the hospital Liggins began to investigate premature labor during his spare time.,4.141141330484801,25.34710500526739,21.5,19.875
"Translate the following sentence from Hindi to English:
Q: उनके शोध से पता चला कि अगर हार्मोन को प्रभाव में लाया जाए तो यह बच्चे के भ्रूण के फेफड़ों की परिपक्वता को गति देगा.
A:",उनके शोध से पता चला कि अगर हार्मोन को प्रभाव में लाया जाए तो यह बच्चे के भ्रूण के फेफड़ों की परिपक्वता को गति देगा.,His research showed that if a hormone was administered it would speed up the baby's foetal lung maturation.,"Their research showed that if the hormone is brought into effect, it will accelerate the maturity of the lungs of the fetus.",10.640850690356462,35.98920262268108,eng_Latn, His research showed that if a hormone was administered it would speed up the baby's foetal lung maturation.,10.640850690356462,35.98920262268108,2.890625,3.515625
"Translate the following sentence from Hindi to English:
Q: शिन्हुआ ने बताया कि सरकारी जाँचकर्ताओं ने बुधवार को दो 'ब्लैक बॉक्स' फ़्लाइट रिकॉर्डर बरामद किए हैं.
A:",शिन्हुआ ने बताया कि सरकारी जाँचकर्ताओं ने बुधवार को दो 'ब्लैक बॉक्स' फ़्लाइट रिकॉर्डर बरामद किए हैं.,Xinhua reported that government investigators recovered two 'black box' flight recorders on Wednesday.,"Xinhua reported that the government investigators had recovered two ""black boxes"" from the crash site.",26.512298021756184,56.6041663412237,eng_Latn, Xinhua reported that government investigators recovered two 'black box' flight recorders on Wednesday.,26.512298021756184,56.6041663412237,4.5,3.640625
"Translate the following sentence from Hindi to English:
Q: लूना को साथी पहलवानों ने भी श्रद्धांजलि दी.
A:",लूना को साथी पहलवानों ने भी श्रद्धांजलि दी.,Fellow wrestlers also paid tribute to Luna.,Luna was also paid tribute by the wrestlers.,32.649710286280516,60.34743522759064,eng_Latn, Fellow wrestlers also paid tribute to Luna.,32.649710286280516,60.34743522759064,5.28125,3.953125
"Translate the following sentence from Hindi to English:
Q: टॉमी ड्रीमर ने कहा “लूना पहली क्वीन ऑफ़ एक्सट्रीम थी. मेरी पहली मैनेजर. लूना की मृत्यु दो चाँद वाली मशहूर रात में हुई थी. वह रात उसकी तरह ही ख़ास थी. वह बेहद शक्तिशाली महिला थी.”
A:",टॉमी ड्रीमर ने कहा “लूना पहली क्वीन ऑफ़ एक्सट्रीम थी. मेरी पहली मैनेजर. लूना की मृत्यु दो चाँद वाली मशहूर रात में हुई थी. वह रात उसकी तरह ही ख़ास थी. वह बेहद शक्तिशाली महिला थी.”,"Tommy Dreamer said ""Luna was the first Queen of Extreme. My first manager. Luna passed away on the night of two moons. Pretty unique just like her. Strong woman.""",Tommy Dreamer said “Luna was the first Queen of Extreme. My first manager. Luna was the first woman to be a wrestler in the ring. Luna was the first woman to be a wrestler in the ring. Luna was the first woman to be a wrestler in the ring. Luna was the first woman to be a wrestler in the ring. Luna was the first woman to be a wrestler in the ring. Luna was the first woman to be a wrestler in the ring. Luna was the first woman,15.562535385646605,41.53584156780843,eng_Latn," Tommy Dreamer said ""Luna was the first Queen of Extreme. My first manager. Luna passed away on the night of two moons. Pretty unique just like her. Strong woman.""",15.562535385646605,41.53584156780843,24.125,24.25
"Translate the following sentence from Hindi to English:
Q: डस्टिन “गोल्डस्ट” रनअल्स ने टिप्पणी की कि “लूना मेरे जैसी ही अजीब थी...शायद मुझसे भी अधिक...उसे प्यार करता हूँ और उसकी याद आएगी...आशा है कि वह एक बेहतर जगह में है।”
A:",डस्टिन “गोल्डस्ट” रनअल्स ने टिप्पणी की कि “लूना मेरे जैसी ही अजीब थी...शायद मुझसे भी अधिक...उसे प्यार करता हूँ और उसकी याद आएगी...आशा है कि वह एक बेहतर जगह में है।”,"Dustin ""Goldust"" Runnels commented that ""Luna was as freaky as me...maybe even more...love her and will miss her...hopefully she's in a better place.""",“Luna” is a nickname for the moon.,0.5803277546205358,5.44417114234938,eng_Latn," Dustin ""Goldust"" Runnels commented that ""Luna was as freaky as me...maybe even more...love her and will miss her...hopefully she's in a better place.""",0.5803277546205358,5.44417114234938,20.25,19.875
"Translate the following sentence from Hindi to English:
Q: 2010 के संघीय चुनाव से पहले 1,400 लोगों ने मतदान किया, 2008 से जो लोग ऑस्ट्रेलिया के गणतंत्र बनने का विरोध करते हैं उनमें 8 प्रतिशत की वृद्धि हुई.
A:","2010 के संघीय चुनाव से पहले 1,400 लोगों ने मतदान किया, 2008 से जो लोग ऑस्ट्रेलिया के गणतंत्र बनने का विरोध करते हैं उनमें 8 प्रतिशत की वृद्धि हुई.","Out of 1,400 people polled prior to the 2010 federal election, those who oppose Australia becoming a republic grew by 8 per cent since 2008.","Before the 2010 federal election, 1,400 people voted, and 8% of them were from the 2008 federal election.",15.661898439968072,35.54167795576485,eng_Latn," Out of 1,400 people polled prior to the 2010 federal election, those who oppose Australia becoming a republic grew by 8 per cent since 2008.",15.661898439968072,35.54167795576485,14.5625,13.75
"Translate the following sentence from Hindi to English:
Q: कार्यवाहक प्रधानमंत्री जूलिया गिलार्ड ने 2010 के संघीय चुनाव के कैंपेन के दौरान दावा किया कि वह मानती हैं कि रानी एलिजाबेथ द्वितीय के शासनकाल के अंत में ऑस्ट्रेलिया को एक गणतंत्र बनना चाहिए.
A:",कार्यवाहक प्रधानमंत्री जूलिया गिलार्ड ने 2010 के संघीय चुनाव के कैंपेन के दौरान दावा किया कि वह मानती हैं कि रानी एलिजाबेथ द्वितीय के शासनकाल के अंत में ऑस्ट्रेलिया को एक गणतंत्र बनना चाहिए.,Caretaker Prime Minister Julia Gillard claimed during the campaign of the 2010 federal election that she believed Australia should become a republic at the end of Queen Elizabeth II's reign.,The Gillard government has announced that it will hold a referendum on the issue of a republic in 2013.,2.532317887288605,18.789256539110706,eng_Latn, Caretaker Prime Minister Julia Gillard claimed during the campaign of the 2010 federal election that she believed Australia should become a republic at the end of Queen Elizabeth II's reign.,2.532317887288605,18.789256539110706,13.6875,11.75
"Translate the following sentence from Hindi to English:
Q: उनमें से 34 फ़ीसदी लोगों ने मतदान में यह मत साझा करते हुए इच्छा जताई, कि वे क्वीन एलिज़ाबेथ द्वितीय को ऑस्ट्रेलिया की आखिरी रानी बनाना चाहते हैं.
A:","उनमें से 34 फ़ीसदी लोगों ने मतदान में यह मत साझा करते हुए इच्छा जताई, कि वे क्वीन एलिज़ाबेथ द्वितीय को ऑस्ट्रेलिया की आखिरी रानी बनाना चाहते हैं.","34 per cent of those in the poll share this view, wanting Queen Elizabeth II to be Australia's last monarch.",34% of the people in the survey said that they want Queen Elizabeth II to remain as the head of state.,12.225747967276977,34.32673849035191,eng_Latn," 34 per cent of those in the poll share this view, wanting Queen Elizabeth II to be Australia's last monarch.",12.225747967276977,34.32673849035191,8.1875,6.5
"Translate the following sentence from Hindi to English:
Q: सर्वे के नतीजे के मुताबिक, सर्वे में शामिल 29 प्रतिशत लोगों का मानना है कि ऑस्ट्रेलिया को जल्द से जल्द एक गणतंत्र बन जाना चाहिए, जबकि 31 प्रतिशत लोगों का मानना है कि ऑस्ट्रेलिया को कभी भी गणतंत्र नहीं बनना चाहिए.
A:","सर्वे के नतीजे के मुताबिक, सर्वे में शामिल 29 प्रतिशत लोगों का मानना है कि ऑस्ट्रेलिया को जल्द से जल्द एक गणतंत्र बन जाना चाहिए, जबकि 31 प्रतिशत लोगों का मानना है कि ऑस्ट्रेलिया को कभी भी गणतंत्र नहीं बनना चाहिए.","At the extremes of the poll, 29 per cent of those surveyed believe Australia should become a republic as soon as possible, while 31 per cent believe Australia should never become a republic.","According to the results of the survey, 29% of the people surveyed believe that Australia should become a republic as soon as possible.",26.713890504369996,47.45961767819951,eng_Latn," At the extremes of the poll, 29 per cent of those surveyed believe Australia should become a republic as soon as possible, while 31 per cent believe Australia should never become a republic.",26.713890504369996,47.45961767819951,11.625,11.125
"Translate the following sentence from Hindi to English:
Q: ओलंपिक स्वर्ण पदक विजेता राष्ट्रमंडल खेलों में 100 मीटर और 200 मीटर फ़्रीस्टाइल और तीन रिले में तैरने वाला था, लेकिन उसकी शिकायतों के कारण उसकी स्वस्थता संदेह में रही है।
A:","ओलंपिक स्वर्ण पदक विजेता राष्ट्रमंडल खेलों में 100 मीटर और 200 मीटर फ़्रीस्टाइल और तीन रिले में तैरने वाला था, लेकिन उसकी शिकायतों के कारण उसकी स्वस्थता संदेह में रही है।","The Olympic gold medalist was due to swim in the 100m and 200m freestyle and in three relays at the Commonwealth Games, but due to his complaints his fitness has been in doubt.","The athlete was to swim in the 100m and 200m freestyle, and the relay events.",24.61677035014023,32.1083582515191,eng_Latn," The Olympic gold medalist was due to swim in the 100m and 200m freestyle and in three relays at the Commonwealth Games, but due to his complaints his fitness has been in doubt.",24.61677035014023,32.1083582515191,16.5,13.1875
"Translate the following sentence from Hindi to English:
Q: अपने दर्द को दूर करने के लिए वे ज़रूरी दवाओं को लेने में असमर्थ हो गए क्योंकि वे दवाइयाँ खेलों में प्रतिबंधित थीं.
A:",अपने दर्द को दूर करने के लिए वे ज़रूरी दवाओं को लेने में असमर्थ हो गए क्योंकि वे दवाइयाँ खेलों में प्रतिबंधित थीं.,He has been unable to take the drugs needed to overcome his pain as they are banned from the Games.,They were unable to take the necessary medicines because they were banned in sports.,16.917954480308723,33.69983419133618,eng_Latn, He has been unable to take the drugs needed to overcome his pain as they are banned from the Games.,16.917954480308723,33.69983419133618,4.21875,6.40625
"Translate the following sentence from Hindi to English:
Q: कर्टिस कूपर, सेंट्रल मिसौरी विश्वविद्यालय में एक गणितज्ञ और कंप्यूटर विज्ञान के प्रोफेसर ने 25 जनवरी को अब तक की सबसे बड़ी ज्ञात प्राइम संख्या की खोज की है।
A:","कर्टिस कूपर, सेंट्रल मिसौरी विश्वविद्यालय में एक गणितज्ञ और कंप्यूटर विज्ञान के प्रोफेसर ने 25 जनवरी को अब तक की सबसे बड़ी ज्ञात प्राइम संख्या की खोज की है।","Curtis Cooper, a mathematician and computer science professor at the University of Central Missouri, has discovered the largest known prime number to date on January 25.","Curtis Cooper, a professor of mathematics and computer science at Central Missouri University, discovered the largest known prime number on January 25, 2023.",32.93364086471654,72.3853142595674,eng_Latn," Curtis Cooper, a mathematician and computer science professor at the University of Central Missouri, has discovered the largest known prime number to date on January 25.",32.93364086471654,72.3853142595674,5.59375,4.3125
"Translate the following sentence from Hindi to English:
Q: कई लोगों ने फरवरी की शुरुआत में कई हार्डवेयर और सॉफ़्टवेयर इस्तेमाल करके खोज की पुष्टि की है और मंगलवार को इसकी घोषणा की गई थी.
A:",कई लोगों ने फरवरी की शुरुआत में कई हार्डवेयर और सॉफ़्टवेयर इस्तेमाल करके खोज की पुष्टि की है और मंगलवार को इसकी घोषणा की गई थी.,Several people verified the discovery using different hardware and software by the beginning of February and it was announced on Tuesday.,Many people have confirmed the search by using many hardware and software in the beginning of February.,15.081434793301442,45.50012900296371,eng_Latn, Several people verified the discovery using different hardware and software by the beginning of February and it was announced on Tuesday.,15.081434793301442,45.50012900296371,8.6875,6.71875
"Translate the following sentence from Hindi to English:
Q: धूमकेतु अंग के साथ संभवतः पृथ्वी पर जल वितरण का स्रोत हो सकता है|”
A:",धूमकेतु अंग के साथ संभवतः पृथ्वी पर जल वितरण का स्रोत हो सकता है|”,Comets may possibly have been a source of water delivery to the earth along with organic matter that can form proteins and support life.,Comet may be a source of water on Earth.,5.753718974442219,19.571579473117836,eng_Latn, Comets may possibly have been a source of water delivery to the earth along with organic matter that can form proteins and support life.,5.753718974442219,19.571579473117836,8.5,12.0625
"Translate the following sentence from Hindi to English:
Q: वैज्ञानिकों को यह समझने की उम्मीद है कि ग्रह कैसे बनते हैं, खासकर पृथ्वी कैसे बनी, चूँकि धूमकेतु पृथ्वी से बहुत पहले टकरा चुके थे.
A:","वैज्ञानिकों को यह समझने की उम्मीद है कि ग्रह कैसे बनते हैं, खासकर पृथ्वी कैसे बनी, चूँकि धूमकेतु पृथ्वी से बहुत पहले टकरा चुके थे.","Scientists hope to understand how planets form, especially how the Earth formed, since comets collided with the Earth long ago.","Scientists hope to understand how planets are formed, especially Earth, because comets hit Earth long before the Earth was formed.",34.406749771769455,61.83205437493148,eng_Latn," Scientists hope to understand how planets form, especially how the Earth formed, since comets collided with the Earth long ago.",34.406749771769455,61.83205437493148,4.125,5.40625
"Translate the following sentence from Hindi to English:
Q: इस साल की शुरुआत में 53 साल के कुओमो ने अपना शासनकाल शुरू किया और पिछले महीने समलैंगिक विवाह को वैध बनाने वाले बिल पर हस्ताक्षर किए.
A:",इस साल की शुरुआत में 53 साल के कुओमो ने अपना शासनकाल शुरू किया और पिछले महीने समलैंगिक विवाह को वैध बनाने वाले बिल पर हस्ताक्षर किए.,"Cuomo, 53, began his governorship earlier this year and signed a bill last month legalizing same-sex marriage.","In the beginning of this year, 53-year-old Cuomo signed a bill that made same-sex marriage legal in New York.",15.35259783865636,43.176390437379176,eng_Latn," Cuomo, 53, began his governorship earlier this year and signed a bill last month legalizing same-sex marriage.",15.35259783865636,43.176390437379176,4.75,4.5625
"Translate the following sentence from Hindi to English:
Q: उन्होंने अफवाहों को “राजनीतिक बकवास और मूर्खतापूर्ण” कहा.
A:",उन्होंने अफवाहों को “राजनीतिक बकवास और मूर्खतापूर्ण” कहा.,"He referred to the rumors as ""political chatter and silliness"".",They called the rumours “political nonsense and foolishness”.,5.10809933294318,28.551346761978998,eng_Latn," He referred to the rumors as ""political chatter and silliness"".",5.10809933294318,28.551346761978998,5.65625,6.5
"Translate the following sentence from Hindi to English:
Q: उन्होंने 2016 में राष्ट्रपति पद के लिए जीत हासिल करने का अनुमान लगाया है.
A:",उन्होंने 2016 में राष्ट्रपति पद के लिए जीत हासिल करने का अनुमान लगाया है.,He is speculated to make a run for president in 2016.,They estimated that they would win the election in 2016.,6.844195245453219,25.167413510993235,eng_Latn, He is speculated to make a run for president in 2016.,6.844195245453219,25.167413510993235,5.40625,8.0625
"Translate the following sentence from Hindi to English:
Q: नेक्स्टजेन प्रणाली बारे में एफएए का दावा है कि इससे विमान को छोटे मार्गों से उड़ाना और हर साल लाखों गैलन ईंधन बचाना संभव होगा और इससे कार्बन उत्सर्जन में भी कमी आएगी।
A:",नेक्स्टजेन प्रणाली बारे में एफएए का दावा है कि इससे विमान को छोटे मार्गों से उड़ाना और हर साल लाखों गैलन ईंधन बचाना संभव होगा और इससे कार्बन उत्सर्जन में भी कमी आएगी।,NextGen is a system the FAA claims would allow aircraft to fly shorter routes and save millions of gallons of fuel each year and cut carbon emissions.,The FAA claims that the NextGen system will make it possible to fly smaller routes and save millions of gallons of fuel every year.,36.30779098227892,52.33997751499746,eng_Latn, NextGen is a system the FAA claims would allow aircraft to fly shorter routes and save millions of gallons of fuel each year and cut carbon emissions.,36.30779098227892,52.33997751499746,7.125,6.40625
"Translate the following sentence from Hindi to English:
Q: यह उपग्रह-आधारित प्रौद्योगिकी का उपयोग करता है, जो पुराने ज़मीनी-रडार-आधारित तकनीक के विपरीत है, जिससे हवाई यातायात नियंत्रकों को अधिक सटीकता के साथ विमान को चलाने और पायलटों को अधिक सटीक जानकारी देने में मदद मिलती है.
A:","यह उपग्रह-आधारित प्रौद्योगिकी का उपयोग करता है, जो पुराने ज़मीनी-रडार-आधारित तकनीक के विपरीत है, जिससे हवाई यातायात नियंत्रकों को अधिक सटीकता के साथ विमान को चलाने और पायलटों को अधिक सटीक जानकारी देने में मदद मिलती है.",It uses satellite-based technology as opposed to older ground-radar-based technology to allow air traffic controllers to pinpoint aircraft with greater precision and give pilots more accurate information.,This satellite-based technology uses a combination of GPS and radar to provide more accurate information to pilots and controllers.,13.427807075916846,39.224536893823654,eng_Latn, It uses satellite-based technology as opposed to older ground-radar-based technology to allow air traffic controllers to pinpoint aircraft with greater precision and give pilots more accurate information.,13.427807075916846,39.224536893823654,8.4375,7.40625
"Translate the following sentence from Hindi to English:
Q: कोई अतिरिक्त परिवहन नहीं लगाया जा रहा है और वेम्बली में ओवरग्राउंड ट्रेनें नहीं रुकेंगी, और ग्राउंड पर कार पार्किंग तथा पार्क और सवारी की सुविधाएँ उपलब्ध नहीं होंगी.
A:","कोई अतिरिक्त परिवहन नहीं लगाया जा रहा है और वेम्बली में ओवरग्राउंड ट्रेनें नहीं रुकेंगी, और ग्राउंड पर कार पार्किंग तथा पार्क और सवारी की सुविधाएँ उपलब्ध नहीं होंगी.","No extra transport is being put on and overground trains will not stop at Wembley, and car parking and park-and-ride facilities are unavailable at the ground.",No additional transport will be provided and no underground trains will stop at Wembley.,12.14737179362822,32.42536887879595,eng_Latn," No extra transport is being put on and overground trains will not stop at Wembley, and car parking and park-and-ride facilities are unavailable at the ground.",12.14737179362822,32.42536887879595,12.4375,8.8125
"Translate the following sentence from Hindi to English:
Q: ट्रांसपोर्टेशन की कमी के डर ने यह संभावना बढ़ाई कि खेल टीम के समर्थकों के बिना बंद दरवाज़े के पीछे खेले जाने की मजबूरी होगी.
A:",ट्रांसपोर्टेशन की कमी के डर ने यह संभावना बढ़ाई कि खेल टीम के समर्थकों के बिना बंद दरवाज़े के पीछे खेले जाने की मजबूरी होगी.,Fears of lack of transportation raised the possibility that the game would be forced to play behind closed doors without the team's supporters.,The fear of transportation has increased the possibility that the game will be played behind closed doors.,18.225352417799662,51.8722581110333,eng_Latn, Fears of lack of transportation raised the possibility that the game would be forced to play behind closed doors without the team's supporters.,18.225352417799662,51.8722581110333,6.8125,5.53125
"Translate the following sentence from Hindi to English:
Q: जर्नल साइंस में गुरूवार को प्रकाशित एक अध्ययन ने इक्वाडोरियन गैलापागोस आइलैंड पर एक नई पक्षी प्रजाति के निर्माण की सूचना दी.
A:",जर्नल साइंस में गुरूवार को प्रकाशित एक अध्ययन ने इक्वाडोरियन गैलापागोस आइलैंड पर एक नई पक्षी प्रजाति के निर्माण की सूचना दी.,A study published on Thursday in the journal Science reported on formation of a new bird species on the Ecuadorean Galápagos Islands.,A new species of bird has been discovered on the Galapagos Islands.,4.090478089617788,27.15856631898467,eng_Latn, A study published on Thursday in the journal Science reported on formation of a new bird species on the Ecuadorean Galápagos Islands.,4.090478089617788,27.15856631898467,7.5625,6.84375
"Translate the following sentence from Hindi to English:
Q: संयुक्त राज्य अमेरिका में प्रिंसटन विश्वविद्यालय और स्वीडन में उप्साला विश्वविद्यालय के शोधकर्ताओं ने बताया कि नई प्रजातियाँ सिर्फ दो पीढ़ियों में विकसित हुईं, हालाँकि एक स्थानिक डार्विन फिंच, जियोस्पाइज़ा फोर्टेस और अप्रवासी कैक्टस फिंच, जिओस्पिज़ा कोनिरोस्ट्रिस के बीच प्रजनन के कारण इस प्रक्रिया में काफी समय लगने की बात कही गई थी.
A:","संयुक्त राज्य अमेरिका में प्रिंसटन विश्वविद्यालय और स्वीडन में उप्साला विश्वविद्यालय के शोधकर्ताओं ने बताया कि नई प्रजातियाँ सिर्फ दो पीढ़ियों में विकसित हुईं, हालाँकि एक स्थानिक डार्विन फिंच, जियोस्पाइज़ा फोर्टेस और अप्रवासी कैक्टस फिंच, जिओस्पिज़ा कोनिरोस्ट्रिस के बीच प्रजनन के कारण इस प्रक्रिया में काफी समय लगने की बात कही गई थी.","Researchers from Princeton University in the United States and Uppsala University in Sweden reported the new species evolved in just two generations, though this process had been believed to take much longer, due to breeding between an endemic Darwin finch, Geospiza fortes, and the immigrant cactus finch, Geospiza conirostris.",The researchers at Princeton University and Uppsala University have found that the new species have evolved in just two generations.,5.490257440095309,31.58643661894776,eng_Latn," Researchers from Princeton University in the United States and Uppsala University in Sweden reported the new species evolved in just two generations, though this process had been believed to take much longer, due to breeding between an endemic Darwin finch, Geospiza fortes, and the immigrant cactus finch, Geospiza conirostris.",5.490257440095309,31.58643661894776,14.0625,13.625
"Translate the following sentence from Hindi to English:
Q: सोना हर तरह के आकार में काम कर सकता है. इसे छोटे आकार में मोड़ा जा सकता है.
A:",सोना हर तरह के आकार में काम कर सकता है. इसे छोटे आकार में मोड़ा जा सकता है.,Gold may be worked into all sorts of shapes. It can be rolled into tiny shapes.,Gold can be molded into any shape.,2.828201224655601,23.98431039820121,eng_Latn, Gold may be worked into all sorts of shapes. It can be rolled into tiny shapes.,2.828201224655601,23.98431039820121,4.78125,4.6875
"Translate the following sentence from Hindi to English:
Q: इसे पतले तार में खींचा जा सकता है, जिसे मोड़ा और गूंथा जा सकता है। इसे पीटा जा सकता है या शीट बनाई जा सकती हैं।
A:","इसे पतले तार में खींचा जा सकता है, जिसे मोड़ा और गूंथा जा सकता है। इसे पीटा जा सकता है या शीट बनाई जा सकती हैं।","It can be pulled into thin wire, which can be twisted and plaited. It can be hammered or rolled into sheets.","It can be drawn into a thin wire, which can be bent and beaten.",19.733408361073362,36.443082051138596,eng_Latn," It can be pulled into thin wire, which can be twisted and plaited. It can be hammered or rolled into sheets.",19.733408361073362,36.443082051138596,8.8125,8.0
"Translate the following sentence from Hindi to English:
Q: इसे काफ़ी पतला बनाया जा सकता है और दूसरी धातु पर लगाया जा सकता है. इसे इतना पतला बनाया जा सकता है कि इसे कभी-कभी “प्रकाशित पांडुलिपियाँ” नामक किताबों में हाथ से बनाए गए चित्रों को सजाने के लिए इस्तेमाल किया जाता था.
A:",इसे काफ़ी पतला बनाया जा सकता है और दूसरी धातु पर लगाया जा सकता है. इसे इतना पतला बनाया जा सकता है कि इसे कभी-कभी “प्रकाशित पांडुलिपियाँ” नामक किताबों में हाथ से बनाए गए चित्रों को सजाने के लिए इस्तेमाल किया जाता था.,"It can be made very thin, and stuck onto other metal. It can be made so thin that it was sometimes used to decorate the hand-painted pictures in books called ""illuminated manuscripts"".",It can be made very thin and can be applied to another metal. It can be made so thin that it can be used to decorate the pictures in the books.,39.231211994152474,56.9238587627996,eng_Latn," It can be made very thin, and stuck onto other metal. It can be made so thin that it was sometimes used to decorate the hand-painted pictures in books called ""illuminated manuscripts"".",39.231211994152474,56.9238587627996,5.15625,4.53125
"Translate the following sentence from Hindi to English:
Q: इसे केमिकल का pH कहा जाता है. आप लाल गोभी के जूस का इस्तेमाल करके एक संकेतक बना सकते हैं.
A:",इसे केमिकल का pH कहा जाता है. आप लाल गोभी के जूस का इस्तेमाल करके एक संकेतक बना सकते हैं.,This is called a chemical's pH. You can make an indicator using red cabbage juice.,This is called the pH of the juice. You can make an indicator by using red cabbage juice.,54.48364887050658,74.22652689963137,eng_Latn, This is called a chemical's pH. You can make an indicator using red cabbage juice.,54.48364887050658,74.22652689963137,2.578125,2.609375
"Translate the following sentence from Hindi to English:
Q: गोभी का जूस अम्लीय या आधारभूत (क्षारीय) रसायन के आधार पर रंग बदलता है.
A:",गोभी का जूस अम्लीय या आधारभूत (क्षारीय) रसायन के आधार पर रंग बदलता है.,The cabbage juice changes color depending on how acidic or basic (alkaline) the chemical is.,The juice of cabbage changes colour on the basis of the acid or base.,4.805626880385592,33.33827643480562,eng_Latn, The cabbage juice changes color depending on how acidic or basic (alkaline) the chemical is.,4.805626880385592,33.33827643480562,2.515625,3.34375
"Translate the following sentence from Hindi to English:
Q: पीएच (pH) स्तर हाइड्रोजन (पीएच में मौजूद एच) कण के आधार पर बनता है.
A:",पीएच (pH) स्तर हाइड्रोजन (पीएच में मौजूद एच) कण के आधार पर बनता है.,The pH level is indicated by the amount of Hydrogen (the H in pH) ions in the tested chemical.,The pH level is formed on the basis of the number of hydrogen ions present in the water.,13.658351810423966,34.89730688728125,eng_Latn, The pH level is indicated by the amount of Hydrogen (the H in pH) ions in the tested chemical.,13.658351810423966,34.89730688728125,1.8984375,4.8125
"Translate the following sentence from Hindi to English:
Q: हाइड्रोजन आयन वे प्रोटोन्स हैं जिनके इलेक्ट्रॉन्स ने उन्हें हटा दिया (क्योंकि हाइड्रोजन एटम एक प्रोटान और एक इलेक्ट्रॉन से मिल कर बना होता है).
A:",हाइड्रोजन आयन वे प्रोटोन्स हैं जिनके इलेक्ट्रॉन्स ने उन्हें हटा दिया (क्योंकि हाइड्रोजन एटम एक प्रोटान और एक इलेक्ट्रॉन से मिल कर बना होता है).,Hydrogen ions are protons that had their electrons stripped off them (since Hydrogen atoms consist of one proton and one electron).,Hydrogen ions are protons that have lost their electrons.,15.862251298490612,37.980170502946315,eng_Latn, Hydrogen ions are protons that had their electrons stripped off them (since Hydrogen atoms consist of one proton and one electron).,15.862251298490612,37.980170502946315,9.4375,4.71875
"Translate the following sentence from Hindi to English:
Q: दोनों सूखे चूर्णों को एक साथ मिला लें और फिर साफ़ गीले हाथों से, एक गोले में निचोड़ लें.
A:","दोनों सूखे चूर्णों को एक साथ मिला लें और फिर साफ़ गीले हाथों से, एक गोले में निचोड़ लें.","Swirl the two dry powders together and then, with clean wet hands, squeeze them into a ball.",Mix the powders together and then press into a ball.,18.454722784572443,42.72680108426084,eng_Latn," Swirl the two dry powders together and then, with clean wet hands, squeeze them into a ball.",18.454722784572443,42.72680108426084,7.65625,6.3125
"Translate the following sentence from Hindi to English:
Q: आपके हाथों की नमी बाहरी परतों के साथ क्रिया करेगी, जो अजीब महसूस करेगी और एक तरह का आवरण बनाएगी.
A:","आपके हाथों की नमी बाहरी परतों के साथ क्रिया करेगी, जो अजीब महसूस करेगी और एक तरह का आवरण बनाएगी.","The moisture on your hands will react with the outer layers, which will feel funny and form a sort of shell.",Your hands will be moisturized by the water.,2.7942122699693663,21.068703304780676,eng_Latn," The moisture on your hands will react with the outer layers, which will feel funny and form a sort of shell.",2.7942122699693663,21.068703304780676,15.375,15.0
"Translate the following sentence from Hindi to English:
Q: हड़प्पा और मोहन-जोदड़ो के शहरों में लगभग हर घर में एक फ़्लश शौचालय था, जो एक परिष्कृत सीवेज सिस्टम से जुड़ा था.
A:","हड़प्पा और मोहन-जोदड़ो के शहरों में लगभग हर घर में एक फ़्लश शौचालय था, जो एक परिष्कृत सीवेज सिस्टम से जुड़ा था.","The cities of Harappa and Mohenjo-daro had a flush toilet in almost every house, attached to a sophisticated sewage system.","In Harappa and Mohenjo-daro, every house had a flush toilet.",30.413306864551892,43.75879978105963,eng_Latn," The cities of Harappa and Mohenjo-daro had a flush toilet in almost every house, attached to a sophisticated sewage system.",30.413306864551892,43.75879978105963,10.375,8.5625
"Translate the following sentence from Hindi to English:
Q: ग्रीस में मिनोअन सिटीज़ ऑफ़ क्रेटे एंड सांटोरिनी के घरों में सिवेज सिस्टम्स के अवशेष पाए गए हैं.
A:",ग्रीस में मिनोअन सिटीज़ ऑफ़ क्रेटे एंड सांटोरिनी के घरों में सिवेज सिस्टम्स के अवशेष पाए गए हैं.,Remains of sewage systems have been found in the houses of the Minoan cities of Crete and Santorini in Greece.,"In Greece, the Minoan cities of Crete and Santorini were built in the 2nd millennium BCE.",39.325697406215404,47.966798736505666,eng_Latn, Remains of sewage systems have been found in the houses of the Minoan cities of Crete and Santorini in Greece.,39.325697406215404,47.966798736505666,12.875,10.125
"Translate the following sentence from Hindi to English:
Q: प्राचीन मिस्र, पर्शिया और चीन में शौचालय भी थे. रोमन सभ्यता में शौचालय स्नान घरों का हिस्सा होते थे, जिन्हें पुरुष और महिलाएँ दोनों ही समूह में एक साथ इस्तेमाल करते थे.
A:","प्राचीन मिस्र, पर्शिया और चीन में शौचालय भी थे. रोमन सभ्यता में शौचालय स्नान घरों का हिस्सा होते थे, जिन्हें पुरुष और महिलाएँ दोनों ही समूह में एक साथ इस्तेमाल करते थे.","There were also toilets in ancient Egypt, Persia and China. In Roman civilization, toilets were sometimes part of public bath houses where men and women were together in mixed company.","In ancient Rome, toilets were not a separate room, but a part of the bathroom.",6.743407095202194,20.823724199239717,eng_Latn," There were also toilets in ancient Egypt, Persia and China. In Roman civilization, toilets were sometimes part of public bath houses where men and women were together in mixed company.",6.743407095202194,20.823724199239717,14.875,14.5625
"Translate the following sentence from Hindi to English:
Q: हज़ारों मील दूर किसी को कॉल करने के लिए, आप सैटेलाइट इस्तेमाल करते हैं.
A:","हज़ारों मील दूर किसी को कॉल करने के लिए, आप सैटेलाइट इस्तेमाल करते हैं.","When you call someone who is thousands of miles away, you are using a satellite.","To call someone thousands of miles away, you use a satellite.",38.71551944619038,63.6484231758187,eng_Latn," When you call someone who is thousands of miles away, you are using a satellite.",38.71551944619038,63.6484231758187,0.88671875,0.75390625
"Translate the following sentence from Hindi to English:
Q: अंतरिक्ष में उपग्रह को कॉल मिलता है और फिर इसे वापस नीचे, उसी समय परावर्तित करता है.
A:","अंतरिक्ष में उपग्रह को कॉल मिलता है और फिर इसे वापस नीचे, उसी समय परावर्तित करता है.","The satellite in space gets the call and then reflects it back down, almost instantly.",The satellite is called a reflector.,3.320934179608466,24.81227089523341,eng_Latn," The satellite in space gets the call and then reflects it back down, almost instantly.",3.320934179608466,24.81227089523341,15.375,16.375
"Translate the following sentence from Hindi to English:
Q: उपग्रह को एक रॉकेट से अंतरिक्ष में भेजा गया था. वैज्ञानिक अंतरिक्ष में दूरबीनों का उपयोग करते हैं क्योंकि पृथ्वी का वायुमंडल हमारे कुछ प्रकाश और दृश्य को अशुद्ध करता है.
A:",उपग्रह को एक रॉकेट से अंतरिक्ष में भेजा गया था. वैज्ञानिक अंतरिक्ष में दूरबीनों का उपयोग करते हैं क्योंकि पृथ्वी का वायुमंडल हमारे कुछ प्रकाश और दृश्य को अशुद्ध करता है.,The satellite was sent into space by a rocket. Scientists use telescopes in space because the Earth’s atmosphere distorts some of our light and view.,The satellite was launched by a rocket. Scientists use telescopes in space because the atmosphere of the Earth distorts some of our light and vision.,64.1228935105793,78.58840257096088,eng_Latn, The satellite was sent into space by a rocket. Scientists use telescopes in space because the Earth’s atmosphere distorts some of our light and view.,64.1228935105793,78.58840257096088,1.6171875,1.1328125
"Translate the following sentence from Hindi to English:
Q: स्पेस में सैटेलाइट या दूरबीन रखने के लिए 100 फ़ीट से ज़्यादा ऊँचे बड़े रॉकेट की ज़रूरत होती है.
A:",स्पेस में सैटेलाइट या दूरबीन रखने के लिए 100 फ़ीट से ज़्यादा ऊँचे बड़े रॉकेट की ज़रूरत होती है.,It takes a giant rocket over a 100 feet high to put a satellite or telescope in space.,It takes a rocket to launch a satellite or a telescope into space.,14.958065505437034,50.266263776502704,eng_Latn, It takes a giant rocket over a 100 feet high to put a satellite or telescope in space.,14.958065505437034,50.266263776502704,13.1875,10.0625
"Translate the following sentence from Hindi to English:
Q: पहिये ने विश्व को असाधारण रूप से बदला है. सबसे बड़ी बात यह है कि पहिये ने हमें ज़्यादा आसान और तेज़ ट्रांस्पोर्टेशन देने का काम किया है.
A:",पहिये ने विश्व को असाधारण रूप से बदला है. सबसे बड़ी बात यह है कि पहिये ने हमें ज़्यादा आसान और तेज़ ट्रांस्पोर्टेशन देने का काम किया है.,The wheel has changed the world in incredible ways. The biggest thing that the wheel has done for us is given us much easier and faster transportation.,The wheel has changed the world in an extraordinary way. The most important thing is that the wheel has given us easier and faster transportation.,45.5677928971967,65.71864101385579,eng_Latn, The wheel has changed the world in incredible ways. The biggest thing that the wheel has done for us is given us much easier and faster transportation.,45.5677928971967,65.71864101385579,1.1171875,1.0234375
"Translate the following sentence from Hindi to English:
Q: इसने हमें ट्रेन, कार और इसी प्रकार के कई अन्य परिवहन के साधन दिए हैंं।
A:","इसने हमें ट्रेन, कार और इसी प्रकार के कई अन्य परिवहन के साधन दिए हैंं।","It has brought us the train, the car, and many other transportation devices.","It has given us trains, cars and many other means of transport.",12.469284614528092,39.89739895956857,eng_Latn," It has brought us the train, the car, and many other transportation devices.",12.469284614528092,39.89739895956857,2.4375,1.90625
"Translate the following sentence from Hindi to English:
Q: उनके अंतर्गत अधिक मध्यम आकार की बिल्लियाँ होती हैं जो खरगोशों से लेकर मृगों और हिरणों तक के मध्यम आकार के शिकार खाती हैं.
A:",उनके अंतर्गत अधिक मध्यम आकार की बिल्लियाँ होती हैं जो खरगोशों से लेकर मृगों और हिरणों तक के मध्यम आकार के शिकार खाती हैं.,Under them are more medium sized cats that eat medium sized prey ranging from rabbits to antelopes and deer.,"They have a wide range of sizes, from small to large.",1.354252440940174,12.353226274718905,eng_Latn, Under them are more medium sized cats that eat medium sized prey ranging from rabbits to antelopes and deer.,1.354252440940174,12.353226274718905,15.875,15.75
"Translate the following sentence from Hindi to English:
Q: अंत में, कई ऐसी छोटी बिल्लियाँ (लूज़ पेट कैट्स सहित) हैं जो कीट, रोडंट्स, छिपकलियों और पक्षियों जैसे कई छोटे जीवों को खाती हैं.
A:","अंत में, कई ऐसी छोटी बिल्लियाँ (लूज़ पेट कैट्स सहित) हैं जो कीट, रोडंट्स, छिपकलियों और पक्षियों जैसे कई छोटे जीवों को खाती हैं.","Finally, there are many small cats (including loose pet cats) that eat the far more numerous small prey like insects, rodents, lizards, and birds.","At the end, there are many small cats (including loose-bellied cats) that eat insects, rodents, lizards and birds.",57.73601919023003,64.12419919180007,eng_Latn," Finally, there are many small cats (including loose pet cats) that eat the far more numerous small prey like insects, rodents, lizards, and birds.",57.73601919023003,64.12419919180007,4.8125,5.71875
"Translate the following sentence from Hindi to English:
Q: प्रत्येक बिल्ली के पास एक ख़ास काम रहता है जो उसे दूसरों के साथ प्रतिस्पर्धा करने से रोकता है.
A:",प्रत्येक बिल्ली के पास एक ख़ास काम रहता है जो उसे दूसरों के साथ प्रतिस्पर्धा करने से रोकता है.,"The secret to their success is the concept of the niche, a special job each cat holds that keeps it from competing with others.",Each cat has a special job that prevents it from competing with others.,21.265994377449953,42.55680589548075,eng_Latn," The secret to their success is the concept of the niche, a special job each cat holds that keeps it from competing with others.",21.265994377449953,42.55680589548075,2.421875,6.53125
"Translate the following sentence from Hindi to English:
Q: शेर प्राइड नामक बड़े समूहों में रहने वाली सबसे बड़ी सामाजिक बिल्लियाँ हैं.
A:",शेर प्राइड नामक बड़े समूहों में रहने वाली सबसे बड़ी सामाजिक बिल्लियाँ हैं.,"Lions are the most social cats, living in large groups called prides.",Lions are the largest social cats.,18.34891231707335,40.623460864673326,eng_Latn," Lions are the most social cats, living in large groups called prides.",18.34891231707335,40.623460864673326,14.0625,8.9375
"Translate the following sentence from Hindi to English:
Q: शेरों का समूह वयस्क नर के साथ-साथ तीस से ज़्यादा मादा और शावकों के साथ एक से तीन तक का बना होता है.
A:",शेरों का समूह वयस्क नर के साथ-साथ तीस से ज़्यादा मादा और शावकों के साथ एक से तीन तक का बना होता है.,"Prides are made up of one to three related adult males, along with as many as thirty females and cubs.","A pride of lions consists of a male lion, a few females and cubs.",22.12854973928175,26.129035817032097,eng_Latn," Prides are made up of one to three related adult males, along with as many as thirty females and cubs.",22.12854973928175,26.129035817032097,10.125,11.25
"Translate the following sentence from Hindi to English:
Q: बहनों और बेटियों का एक बड़ा परिवार होने के नाते, मादाएँ आमतौर पर एक-दूसरे के करीब जुड़ी होती हैं.
A:","बहनों और बेटियों का एक बड़ा परिवार होने के नाते, मादाएँ आमतौर पर एक-दूसरे के करीब जुड़ी होती हैं.","The females are usually closely related to each other, being a large family of sisters and daughters.","As a large family of sisters and daughters, females are usually close to each other.",57.18839190796756,72.61226799704737,eng_Latn," The females are usually closely related to each other, being a large family of sisters and daughters.",57.18839190796756,72.61226799704737,4.4375,3.90625
"Translate the following sentence from Hindi to English:
Q: शेरों का समूह काफी हद तक भेड़ियों या कुत्तों के झुंड की तरह काम करता है, जो जानवर व्यवहार में आश्चर्यजनक रूप से शेरों (लेकिन अन्य बड़ी बिल्लियों) के समान होते हैं, और अपने शिकार के लिए बहुत घातक भी होते हैं।
A:","शेरों का समूह काफी हद तक भेड़ियों या कुत्तों के झुंड की तरह काम करता है, जो जानवर व्यवहार में आश्चर्यजनक रूप से शेरों (लेकिन अन्य बड़ी बिल्लियों) के समान होते हैं, और अपने शिकार के लिए बहुत घातक भी होते हैं।","Lion prides act much like packs of wolves or dogs, animals surprisingly similar to lions (but not other big cats) in behavior, and also very deadly to their prey.",A pride of lions is a group of lions.,0.6082904235726465,7.423482197724468,eng_Latn," Lion prides act much like packs of wolves or dogs, animals surprisingly similar to lions (but not other big cats) in behavior, and also very deadly to their prey.",0.6082904235726465,7.423482197724468,21.375,20.5
"Translate the following sentence from Hindi to English:
Q: एक पूरी तरह से विकसित एथलीट की तरह, बाघ चढ़ाई कर सकता है (हालाँकि अच्छी तरह से नहीं), तैर सकता है, बड़ी दूरी तक छलांग लगा सकता है और एक शक्तिशाली मनुष्य के पाँच गुना बल के साथ खींच सकता है.
A:","एक पूरी तरह से विकसित एथलीट की तरह, बाघ चढ़ाई कर सकता है (हालाँकि अच्छी तरह से नहीं), तैर सकता है, बड़ी दूरी तक छलांग लगा सकता है और एक शक्तिशाली मनुष्य के पाँच गुना बल के साथ खींच सकता है.","A well rounded athlete, the tiger can climb (though not well), swim, leap great distances and pull with five times the force of a strong human.","Like a fully developed athlete, a tiger can climb, swim, jump and pull.",14.622949989654328,29.761213238817735,eng_Latn," A well rounded athlete, the tiger can climb (though not well), swim, leap great distances and pull with five times the force of a strong human.",14.622949989654328,29.761213238817735,13.8125,9.625
"Translate the following sentence from Hindi to English:
Q: बाघों, तेंदुओं, और जगुआर की ही तरह, शेर भी उसी समूह (जीनस पैंथेरा) का है। केवल ये चार ही बिल्लियाँ हैं जो गर्जन कर सकती हैं।
A:","बाघों, तेंदुओं, और जगुआर की ही तरह, शेर भी उसी समूह (जीनस पैंथेरा) का है। केवल ये चार ही बिल्लियाँ हैं जो गर्जन कर सकती हैं।","The tiger is in the same group (Genus Panthera) as lions, leopards, and jaguars. These four cats are the only ones who can roar.","Just as tigers, leopards, and jaguars roar, so do lions.",18.818732390787737,28.418180944554152,eng_Latn," The tiger is in the same group (Genus Panthera) as lions, leopards, and jaguars. These four cats are the only ones who can roar.",18.818732390787737,28.418180944554152,8.75,11.4375
"Translate the following sentence from Hindi to English:
Q: बाघ की दहाड़ किसी शेर की तेज़ आवाज़ वाली दहाड़ की तरह नहीं होती है, लेकिन उसकी बँधी हुई, चिल्लाने जैसी होती है.
A:","बाघ की दहाड़ किसी शेर की तेज़ आवाज़ वाली दहाड़ की तरह नहीं होती है, लेकिन उसकी बँधी हुई, चिल्लाने जैसी होती है.","The tiger's roar is not like the full-voiced roar of a lion, but more like a sentence of snarly, shouted words.","The roar of a tiger is not like the roar of a lion, but it is like the roar of a lion.",26.587637908140596,42.594992965220754,eng_Latn," The tiger's roar is not like the full-voiced roar of a lion, but more like a sentence of snarly, shouted words.",26.587637908140596,42.594992965220754,11.125,12.0
"Translate the following sentence from Hindi to English:
Q: औसीलट छोटे जानवरों को खाना पसंद करते हैं। यदि वे पकड़ सकें, तो वे बंदरों, साँपों, कृन्तकों और पक्षियों को पकड़ लेंगे। लगभग सभी जानवर जो औसीलट का शिकार होते हैं, इनसे बहुत छोटे होते हैं।
A:","औसीलट छोटे जानवरों को खाना पसंद करते हैं। यदि वे पकड़ सकें, तो वे बंदरों, साँपों, कृन्तकों और पक्षियों को पकड़ लेंगे। लगभग सभी जानवर जो औसीलट का शिकार होते हैं, इनसे बहुत छोटे होते हैं।","Ocelots like to eat small animals. They will catch monkeys, snakes, rodents and birds if they can. Almost all of the animals that the ocelot hunts are far smaller than it is.",The sentence means that the animals that are smaller than the mouse are the ones that are eaten by the mouse.,3.280977054597972,25.79885621700348,eng_Latn," Ocelots like to eat small animals. They will catch monkeys, snakes, rodents and birds if they can. Almost all of the animals that the ocelot hunts are far smaller than it is.",3.280977054597972,25.79885621700348,15.5,19.5
"Translate the following sentence from Hindi to English:
Q: वैज्ञानिकों का मानना है कि ओसेलोट्स गंध के द्वारा जानवरों का पीछा करते और खाते (शिकार) हैं, यह सूँघते हुए कि वे ज़मीन पर कहाँ रहे होंगे।
A:","वैज्ञानिकों का मानना है कि ओसेलोट्स गंध के द्वारा जानवरों का पीछा करते और खाते (शिकार) हैं, यह सूँघते हुए कि वे ज़मीन पर कहाँ रहे होंगे।","Scientists think that ocelots follow and find animals to eat (prey) by smell, sniffing for where they've been on the ground.",Scientists believe that the Ocelot is a solitary animal.,1.974376871653831,19.050135987828035,eng_Latn," Scientists think that ocelots follow and find animals to eat (prey) by smell, sniffing for where they've been on the ground.",1.974376871653831,19.050135987828035,14.5625,13.8125
"Translate the following sentence from Hindi to English:
Q: वे रात के अंधेरे में बहुत अच्छी तरह से देख सकते हैं, और बहुत ही चुपके से आगे बढ़ सकते हैं. औसीलट अपने आस-पास के क्षेत्र में घूमकर फिर अपने शिकार पर झपट्टा मारकर अपना शिकार करते हैं.
A:","वे रात के अंधेरे में बहुत अच्छी तरह से देख सकते हैं, और बहुत ही चुपके से आगे बढ़ सकते हैं. औसीलट अपने आस-पास के क्षेत्र में घूमकर फिर अपने शिकार पर झपट्टा मारकर अपना शिकार करते हैं.","They can see very well in the dark with night vision, and move very stealthily, too. Ocelots hunt their prey by blending in with their surroundings then pouncing on their prey.",They can see very well in the dark and can move very quietly.,7.369248214162883,28.12952578597445,eng_Latn," They can see very well in the dark with night vision, and move very stealthily, too. Ocelots hunt their prey by blending in with their surroundings then pouncing on their prey.",7.369248214162883,28.12952578597445,16.875,17.0
"Translate the following sentence from Hindi to English:
Q: जब जीवित चीजों का एक छोटा समूह (छोटी आबादी) मुख्य आबादी के उस हिस्से से अलग हो जाता है जहाँ से वे आए हैं (जैसे कि अगर वे किसी पर्वत श्रृंखला या नदी से आए हैं या अगर वे किसी नए द्वीप पर जाते हैं ताकि वे आसानी से पीछे न हट सकें), तो वे अक्सर खुद को एक अलग माहौल में पाते हैं.
A:","जब जीवित चीजों का एक छोटा समूह (छोटी आबादी) मुख्य आबादी के उस हिस्से से अलग हो जाता है जहाँ से वे आए हैं (जैसे कि अगर वे किसी पर्वत श्रृंखला या नदी से आए हैं या अगर वे किसी नए द्वीप पर जाते हैं ताकि वे आसानी से पीछे न हट सकें), तो वे अक्सर खुद को एक अलग माहौल में पाते हैं.","When a small group of living things (a small population) gets separated from the main population that they came from (like if they move over a mountain range or a river, or if they move to a new island so that they can't easily move back) they will often find themselves in a different environment than they were in before.","When a small group of living things (small population) separates from the main population, they often find themselves in a different environment.",13.39038539755717,43.593989480525096,eng_Latn," When a small group of living things (a small population) gets separated from the main population that they came from (like if they move over a mountain range or a river, or if they move to a new island so that they can't easily move back) they will often find themselves in a different environment than they were in before.",13.39038539755717,43.593989480525096,9.75,6.375
"Translate the following sentence from Hindi to English:
Q: इस नई जगह में अलग-अलग संसाधन और प्रतियोगी हैं, इसलिए नई आबादी को पहले के मुकाबले एक मजबूत प्रतियोगी बनने के लिए अलग-अलग खासियत या बदलाव अपनाने की ज़रूरत होगी.
A:","इस नई जगह में अलग-अलग संसाधन और प्रतियोगी हैं, इसलिए नई आबादी को पहले के मुकाबले एक मजबूत प्रतियोगी बनने के लिए अलग-अलग खासियत या बदलाव अपनाने की ज़रूरत होगी.","This new environment has different resources and different competitors, so the new population will need different features or adaptations to be a strong competitor than what they had needed before.","In this new place, there are different resources and competitors, so the new population will have to adapt to different characteristics or changes to become a stronger competitor.",30.769500104198997,51.399032890148874,eng_Latn," This new environment has different resources and different competitors, so the new population will need different features or adaptations to be a strong competitor than what they had needed before.",30.769500104198997,51.399032890148874,2.5625,2.3125
"Translate the following sentence from Hindi to English:
Q: मूल आबादी में किसी तरह का बदलाव नहीं हुआ है, अभी भी वह पहले की तरह ही अनुकूलता चाहते हैं.
A:","मूल आबादी में किसी तरह का बदलाव नहीं हुआ है, अभी भी वह पहले की तरह ही अनुकूलता चाहते हैं.","The original population hasn't changed at all, they still need the same adaptations as before.","There has been no change in the original population, they still want to be the same.",10.871560478544021,47.182062290439646,eng_Latn," The original population hasn't changed at all, they still need the same adaptations as before.",10.871560478544021,47.182062290439646,6.4375,5.8125
"Translate the following sentence from Hindi to English:
Q: समय के साथ, जैसे-जैसे नई आबादी नए माहौल में ढलती जाती है, वह भी दूसरी आबादी की तरह अनदेखी करना शुरू कर देती है.
A:","समय के साथ, जैसे-जैसे नई आबादी नए माहौल में ढलती जाती है, वह भी दूसरी आबादी की तरह अनदेखी करना शुरू कर देती है.","Over time, as the new population begins to adapt to their new environment, they start to look less and less like the other population.","As time passes, the new population becomes like the old population.",6.5370732137923095,34.30455547935645,eng_Latn," Over time, as the new population begins to adapt to their new environment, they start to look less and less like the other population.",6.5370732137923095,34.30455547935645,8.75,10.3125
"Translate the following sentence from Hindi to English:
Q: अंततः, हजारों या लाखों साल बाद, दोनों आबादियाँ इतनी अलग दिखाई देंगी कि उन्हें एक ही प्रजाति नहीं कहा जा सकेगा.
A:","अंततः, हजारों या लाखों साल बाद, दोनों आबादियाँ इतनी अलग दिखाई देंगी कि उन्हें एक ही प्रजाति नहीं कहा जा सकेगा.","Eventually, after thousands or even millions of years, the two populations will look so different that they can't be called the same species.","Ultimately, after thousands or millions of years, both populations will look so different that they will not be considered the same species.",45.36183491568793,71.55023469607987,eng_Latn," Eventually, after thousands or even millions of years, the two populations will look so different that they can't be called the same species.",45.36183491568793,71.55023469607987,1.9296875,0.94140625
"Translate the following sentence from Hindi to English:
Q: हम इस प्रक्रिया को प्रजातिकरण कहते हैं, जिसका अर्थ है नई प्रजातियों का गठन। प्रजातिकरण एक अच्छा कदम है और विकास का एक बहुत महत्वपूर्ण हिस्सा है।
A:","हम इस प्रक्रिया को प्रजातिकरण कहते हैं, जिसका अर्थ है नई प्रजातियों का गठन। प्रजातिकरण एक अच्छा कदम है और विकास का एक बहुत महत्वपूर्ण हिस्सा है।","We call this process speciation, which just means the formation of new species. Speciation is an unavoidable consequence and a very important part of evolution.","We call this process speciation, which means the formation of new species. Speciation is a good step and an important part of evolution.",57.1772394935815,75.45310717202638,eng_Latn," We call this process speciation, which just means the formation of new species. Speciation is an unavoidable consequence and a very important part of evolution.",57.1772394935815,75.45310717202638,0.4296875,1.703125
"Translate the following sentence from Hindi to English:
Q: पौधे ऑक्सीजन बनाते हैं जिसका उपयोग मनुष्य साँस लेने में करते हैं और वे कार्बन-डाइऑक्साइड लेते हैं जो मनुष्य साँस से छोड़ते हैं (यानी साँस छोड़ते हैं).
A:",पौधे ऑक्सीजन बनाते हैं जिसका उपयोग मनुष्य साँस लेने में करते हैं और वे कार्बन-डाइऑक्साइड लेते हैं जो मनुष्य साँस से छोड़ते हैं (यानी साँस छोड़ते हैं).,"Plants make oxygen which humans breathe, and they take in carbon-dioxide which humans exhale (that is, breathe out).",Plants make oxygen which is used by humans for respiration and they take in carbon dioxide which is released by humans.,24.953900111092526,54.3007270249637,eng_Latn," Plants make oxygen which humans breathe, and they take in carbon-dioxide which humans exhale (that is, breathe out).",24.953900111092526,54.3007270249637,1.796875,2.234375
"Translate the following sentence from Hindi to English:
Q: पौधे फ़ोटोसिंथेसिस द्वारा सूर्य से अपना भोजन बनाते हैं. वह छाया भी देते हैं.
A:",पौधे फ़ोटोसिंथेसिस द्वारा सूर्य से अपना भोजन बनाते हैं. वह छाया भी देते हैं.,Plants make their food from the sun by photosynthesis. They also provide shade.,Plants make their own food by photosynthesis. They also provide shade.,70.66452455664317,78.04270778032716,eng_Latn, Plants make their food from the sun by photosynthesis. They also provide shade.,70.66452455664317,78.04270778032716,1.234375,1.015625
"Translate the following sentence from Hindi to English:
Q: हम अपने घरों को पौधों से बनाते हैं और कपड़े पौधों से बनाते हैं। अधिकतर खाद्य पदार्थ जो हम खाते हैं वो पौधे होते हैं। पौधों के बिना, जानवर जीवित नहीं रह सकते हैं।
A:","हम अपने घरों को पौधों से बनाते हैं और कपड़े पौधों से बनाते हैं। अधिकतर खाद्य पदार्थ जो हम खाते हैं वो पौधे होते हैं। पौधों के बिना, जानवर जीवित नहीं रह सकते हैं।","We make our houses from plants and make clothes from plants. Most foods that we eat are plants. Without plants, animals could not survive.","We make our homes from plants and clothes from plants. Most of the food we eat is from plants. Without plants, animals cannot survive.",41.211837513230265,70.69186900237419,eng_Latn," We make our houses from plants and make clothes from plants. Most foods that we eat are plants. Without plants, animals could not survive.",41.211837513230265,70.69186900237419,1.09375,0.76953125
"Translate the following sentence from Hindi to English:
Q: मोसासौरस अपने समय का सबसे बड़ा शिकारी था, इसलिए उसे अन्य मोसासौरस के अलावा किसी का भय नहीं था।
A:","मोसासौरस अपने समय का सबसे बड़ा शिकारी था, इसलिए उसे अन्य मोसासौरस के अलावा किसी का भय नहीं था।","Mosasaurus was the apex predator of its time, so it feared nothing, except other mosasaurs.","Mosasaurus was the largest predator of its time, so it had no fear of other Mosasaurus.",44.48164601182958,59.04724827547228,eng_Latn," Mosasaurus was the apex predator of its time, so it feared nothing, except other mosasaurs.",44.48164601182958,59.04724827547228,3.703125,3.9375
"Translate the following sentence from Hindi to English:
Q: इसके मुंह के तालु में एक अतिरिक्त सेट के साथ ही 70 से ज़्यादा रेजर की तरह नुकीले दाँतों से भरे इसके लंबे जबड़े थे, जिसका अर्थ है कि उसके रास्ते से गुज़रने वाली किसी भी चीज़ के लिए कोई बचाव नहीं था.
A:","इसके मुंह के तालु में एक अतिरिक्त सेट के साथ ही 70 से ज़्यादा रेजर की तरह नुकीले दाँतों से भरे इसके लंबे जबड़े थे, जिसका अर्थ है कि उसके रास्ते से गुज़रने वाली किसी भी चीज़ के लिए कोई बचाव नहीं था.","Its long jaws were studded with more than 70 razor-sharp teeth, along with an extra set in the roof of its mouth, meaning that there was no escape for anything that crossed its path.","Its long jaws were filled with 70+ razor-sharp teeth, which means that it was a carnivore.",16.78681816064647,29.55648718132601,eng_Latn," Its long jaws were studded with more than 70 razor-sharp teeth, along with an extra set in the roof of its mouth, meaning that there was no escape for anything that crossed its path.",16.78681816064647,29.55648718132601,5.03125,5.21875
"Translate the following sentence from Hindi to English:
Q: हम पक्के तौर पर नहीं जानते हैं, लेकिन इसकी कांटेदार जीभ हो सकती है. इसके आहार में कछुए, बड़ी मछली, दूसरे मोसासॉर शामिल थे और ये एक नरभक्षी भी हो सकता है.
A:","हम पक्के तौर पर नहीं जानते हैं, लेकिन इसकी कांटेदार जीभ हो सकती है. इसके आहार में कछुए, बड़ी मछली, दूसरे मोसासॉर शामिल थे और ये एक नरभक्षी भी हो सकता है.","We don't know for sure, but it may have had a forked tongue. Its diet included turtles, large fish, other mosasaurs, and it may even have been a cannibal.","We don't know for sure, but it could be a snake. Its diet could be a snake.",19.035328207561015,31.391271956404083,eng_Latn," We don't know for sure, but it may have had a forked tongue. Its diet included turtles, large fish, other mosasaurs, and it may even have been a cannibal.",19.035328207561015,31.391271956404083,20.875,18.125
"Translate the following sentence from Hindi to English:
Q: ये पानी में जाने वाली किसी भी चीज़ पर भी हमला किया करते थे, यहाँ तक कि टी. रेक्स जैसे विशालकाय डायनासोर का भी कोई मुकाबला नहीं होगा.
A:","ये पानी में जाने वाली किसी भी चीज़ पर भी हमला किया करते थे, यहाँ तक कि टी. रेक्स जैसे विशालकाय डायनासोर का भी कोई मुकाबला नहीं होगा.",It also attacked anything that entered the water; even a giant dinosaur such as T. rex would be no match for it.,"They would attack anything that went into the water, even the T. Rex.",4.428706763507161,30.924410297353454,eng_Latn, It also attacked anything that entered the water; even a giant dinosaur such as T. rex would be no match for it.,4.428706763507161,30.924410297353454,8.625,5.125
"Translate the following sentence from Hindi to English:
Q: जबकि उनके अधिकतर व्यंजन हमारे लिए जाने-पहचाने होंगे, रोमनों ने अपने हिस्से को अजीब या असामान्य दावत वस्तुओं में शामिल किया, जिनमें जंगली सूअर, मोर, घोंघे और एक प्रकार का रोडेंट (कृंतक) शामिल है, जिसे डॉर्महाउस कहा जाता है.
A:","जबकि उनके अधिकतर व्यंजन हमारे लिए जाने-पहचाने होंगे, रोमनों ने अपने हिस्से को अजीब या असामान्य दावत वस्तुओं में शामिल किया, जिनमें जंगली सूअर, मोर, घोंघे और एक प्रकार का रोडेंट (कृंतक) शामिल है, जिसे डॉर्महाउस कहा जाता है.","While most of their food would be familiar to us, Romans did have their share of strange or unusual feast items, including wild boar, peacock, snails, and a type of rodent called a dormouse","While their dishes are familiar to us, the Romans included strange or unusual dishes in their share, including wild boar, peacock, snails and dormouse.",35.53204745289783,54.01950915749361,eng_Latn," While most of their food would be familiar to us, Romans did have their share of strange or unusual feast items, including wild boar, peacock, snails, and a type of rodent called a dormouse",35.53204745289783,54.01950915749361,4.59375,4.8125
"Translate the following sentence from Hindi to English:
Q: एक और अंतर यह था कि जहाँ गरीब लोग और महिला कुर्सियों पर बैठकर खाना खाते थे, वहीं अमीर लोग मिलजुल कर दावतें करना पसंद करते थे और भोजन करते वक्त वे मौज मस्ती करते थे.
A:","एक और अंतर यह था कि जहाँ गरीब लोग और महिला कुर्सियों पर बैठकर खाना खाते थे, वहीं अमीर लोग मिलजुल कर दावतें करना पसंद करते थे और भोजन करते वक्त वे मौज मस्ती करते थे.","Another difference was that while the poor people and the woman ate their food while sitting in chairs, the rich men liked to have banquets together where they would lounge on their sides while they ate their meals.","There was another difference that the poor and women sat on the floor and ate, while the rich sat on the floor and ate.",3.030040815673285,27.81127508410724,eng_Latn," Another difference was that while the poor people and the woman ate their food while sitting in chairs, the rich men liked to have banquets together where they would lounge on their sides while they ate their meals.",3.030040815673285,27.81127508410724,14.1875,12.75
"Translate the following sentence from Hindi to English:
Q: प्राचीन रोमन भोजन में बाद की शताब्दियों में अमेरिका या एशिया से यूरोप आए खाद्य पदार्थ शामिल नहीं हो सकते थे.
A:",प्राचीन रोमन भोजन में बाद की शताब्दियों में अमेरिका या एशिया से यूरोप आए खाद्य पदार्थ शामिल नहीं हो सकते थे.,Ancient Roman meals couldn't have included foods that came to Europe from America or from Asia in later centuries.,Ancient Roman food could not have included food from America or Asia.,7.721627717499104,44.105153128031795,eng_Latn, Ancient Roman meals couldn't have included foods that came to Europe from America or from Asia in later centuries.,7.721627717499104,44.105153128031795,7.0,5.75
"Translate the following sentence from Hindi to English:
Q: उदाहरण के लिए, उनके पास ना तो मकई थी, न ही टमाटर, आलू, और कोकोआ था और किसी भी प्राचीन रोम वासी ने कभी भी टर्की नहीं चखा था।
A:","उदाहरण के लिए, उनके पास ना तो मकई थी, न ही टमाटर, आलू, और कोकोआ था और किसी भी प्राचीन रोम वासी ने कभी भी टर्की नहीं चखा था।","For instance, they didn't have corn, nor tomatoes, nor potatoes, nor cocoa, and no ancient Roman ever tasted a turkey.","For example, they had neither maize nor tomatoes, potatoes, and cocoa.",14.664215075709139,32.258723307568864,eng_Latn," For instance, they didn't have corn, nor tomatoes, nor potatoes, nor cocoa, and no ancient Roman ever tasted a turkey.",14.664215075709139,32.258723307568864,13.0,7.84375
"Translate the following sentence from Hindi to English:
Q: बेबीलोन के निवासियों ने अपने प्रत्येक देवता का एक प्राथमिक मंदिर बनाया जिसे देवता का घर माना जाता था.
A:",बेबीलोन के निवासियों ने अपने प्रत्येक देवता का एक प्राथमिक मंदिर बनाया जिसे देवता का घर माना जाता था.,The Babylonians built each of their gods a primary temple that was considered the home of the god.,"The inhabitants of Babylon built a primary temple for each deity, which was considered the deity's home.",11.213336822390843,48.99653587106111,eng_Latn, The Babylonians built each of their gods a primary temple that was considered the home of the god.,11.213336822390843,48.99653587106111,1.46875,1.3671875
"Translate the following sentence from Hindi to English:
Q: लोग देवताओं के लिए बलि लाते हैं और पुजारी आयोजनों और त्यौहारों में अपना समय देकर देवताओं की सेवा करते हैं.
A:",लोग देवताओं के लिए बलि लाते हैं और पुजारी आयोजनों और त्यौहारों में अपना समय देकर देवताओं की सेवा करते हैं.,People would bring sacrifices to the gods and the priests would try to attend to the needs of the gods through ceremonies and festivals.,People offer sacrifices to the gods and the priests serve the gods by spending their time in the festivals and rituals.,33.506765073534105,48.32370429199888,eng_Latn, People would bring sacrifices to the gods and the priests would try to attend to the needs of the gods through ceremonies and festivals.,33.506765073534105,48.32370429199888,2.21875,2.25
"Translate the following sentence from Hindi to English:
Q: प्रत्येक मंदिर में मंदिर का एक खुला प्रांगण था और फिर एक आंतरिक गर्भगृह था जिसमें केवल पुजारी ही प्रवेश कर सकते थे।
A:",प्रत्येक मंदिर में मंदिर का एक खुला प्रांगण था और फिर एक आंतरिक गर्भगृह था जिसमें केवल पुजारी ही प्रवेश कर सकते थे।,Each temple had an open temple courtyard and then an inner sanctuary that only the priests could enter.,Each temple had an open courtyard and then an inner sanctum.,38.75577719166466,56.3780466213432,eng_Latn, Each temple had an open temple courtyard and then an inner sanctuary that only the priests could enter.,38.75577719166466,56.3780466213432,12.125,6.1875
"Translate the following sentence from Hindi to English:
Q: खास पिरामिड के आकार के टॉवर (पगोडा) जिन्हें कभी-कभी ज़िगुरैट के नाम से भी जाना जाता था, को मंदिर के हिस्से के तौर पर बनाया गया था.
A:","खास पिरामिड के आकार के टॉवर (पगोडा) जिन्हें कभी-कभी ज़िगुरैट के नाम से भी जाना जाता था, को मंदिर के हिस्से के तौर पर बनाया गया था.","Sometimes special pyramid shaped towers, called ziggurats, were built to be a part of the temples.",The pyramids were built as temples.,4.586815489070808,24.137100719139365,eng_Latn," Sometimes special pyramid shaped towers, called ziggurats, were built to be a part of the temples.",4.586815489070808,24.137100719139365,13.5,13.625
"Translate the following sentence from Hindi to English:
Q: टॉवर का शीर्ष देवता के लिए खास गर्भगृह था.
A:",टॉवर का शीर्ष देवता के लिए खास गर्भगृह था.,The top of the tower was special sanctuary for the god.,The top of the tower was the special sanctum for the deity.,42.81818531951609,70.568835490682,eng_Latn, The top of the tower was special sanctuary for the god.,42.81818531951609,70.568835490682,4.21875,3.1875
"Translate the following sentence from Hindi to English:
Q: मध्यपूर्व की गर्म जलवायु में घर उतना ज़रूरी नहीं था.
A:",मध्यपूर्व की गर्म जलवायु में घर उतना ज़रूरी नहीं था.,"In the warm climate of the Middle East, the house was not so important.","In the hot climate of the Middle East, a house is not necessary.",36.88861558761236,55.07391141815391,eng_Latn," In the warm climate of the Middle East, the house was not so important.",36.88861558761236,55.07391141815391,2.265625,2.5625
"Translate the following sentence from Hindi to English:
Q: हिब्रू परिवार का अधिकांश जीवन खुली हवा में बिता |
A:",हिब्रू परिवार का अधिकांश जीवन खुली हवा में बिता |,Most of the life of the Hebrew family happened in the open air.,The majority of the Hebrew family spend their lives in the open air.,49.2027451538551,58.100711089012904,eng_Latn, Most of the life of the Hebrew family happened in the open air.,49.2027451538551,58.100711089012904,5.1875,5.09375
"Translate the following sentence from Hindi to English:
Q: महिलाएँ आँगन में खाना पकाती थीं; स्टोर सड़क पर खुले काउंटर दिख रहे थे. मकान बनाने में पत्थर का इस्तेमाल किया गया था.
A:",महिलाएँ आँगन में खाना पकाती थीं; स्टोर सड़क पर खुले काउंटर दिख रहे थे. मकान बनाने में पत्थर का इस्तेमाल किया गया था.,Women did the cooking in the yard; stores were just open counters looking into the street. Stone was used for building houses.,Women cooked in the courtyard; there were open counters on the street.,9.223155826297946,33.94289983622962,eng_Latn, Women did the cooking in the yard; stores were just open counters looking into the street. Stone was used for building houses.,9.223155826297946,33.94289983622962,14.5,13.4375
"Translate the following sentence from Hindi to English:
Q: कनान देश में बड़े जंगलो के न होने के चलते वहाँ लकड़ियाँ बहुत महंगी थी।
A:",कनान देश में बड़े जंगलो के न होने के चलते वहाँ लकड़ियाँ बहुत महंगी थी।,"There were no large forests in the land of Canaan, so wood was extremely expensive.","In the absence of forests, the cost of wood was very high.",7.259388368490704,24.143017588238553,eng_Latn," There were no large forests in the land of Canaan, so wood was extremely expensive.",7.259388368490704,24.143017588238553,5.46875,4.90625
"Translate the following sentence from Hindi to English:
Q: ग्रीनलैंड को बहुत कम जगह बसाया गया था. नॉर्स सगास में वे कहते हैं कि एरिक रेड हत्या के लिए आइसलैंड से निर्वासित किया गया था, और आगे पश्चिम की यात्रा करते समय, ग्रीनलैंड मिला जिसे ग्रीनलैंड नाम दिया गया.
A:","ग्रीनलैंड को बहुत कम जगह बसाया गया था. नॉर्स सगास में वे कहते हैं कि एरिक रेड हत्या के लिए आइसलैंड से निर्वासित किया गया था, और आगे पश्चिम की यात्रा करते समय, ग्रीनलैंड मिला जिसे ग्रीनलैंड नाम दिया गया.","Greenland was settled sparsely. In the Norse sagas they say that Erik the Red was exiled from Iceland for murder, and when travelling further west, found Greenland and named it Greenland.",Greenland was very sparsely populated.,0.8244250648049666,12.595630757634535,eng_Latn," Greenland was settled sparsely. In the Norse sagas they say that Erik the Red was exiled from Iceland for murder, and when travelling further west, found Greenland and named it Greenland.",0.8244250648049666,12.595630757634535,22.125,20.125
"Translate the following sentence from Hindi to English:
Q: लेकिन उनकी खोज पर ध्यान दिए बिना, एस्किमो जनजाति उस समय पहले से ही वहाँ रह रही थी.
A:","लेकिन उनकी खोज पर ध्यान दिए बिना, एस्किमो जनजाति उस समय पहले से ही वहाँ रह रही थी.","But regardless of his discovery, Eskimo tribes were already living there at the time.","But their discovery, the Eskimo tribe was already there.",13.476453986274178,38.91402961324304,eng_Latn," But regardless of his discovery, Eskimo tribes were already living there at the time.",13.476453986274178,38.91402961324304,7.96875,8.25
"Translate the following sentence from Hindi to English:
Q: हालाँकि हर देश 'स्कैंडिनेवियाई' था, लेकिन डेनमार्क, स्वीडन, नॉर्वे और आइसलैंड के लोगों, राजाओं, रीति-रिवाजों और इतिहास के बीच कई अंतर थे.
A:","हालाँकि हर देश 'स्कैंडिनेवियाई' था, लेकिन डेनमार्क, स्वीडन, नॉर्वे और आइसलैंड के लोगों, राजाओं, रीति-रिवाजों और इतिहास के बीच कई अंतर थे.","Though each country was 'Scandinavian', there were many differences between the people, kings, customs and history of Denmark, Sweden, Norway and Iceland.","Although every country was Scandinavian, there were many differences between the people, kings, and history of Denmark, Sweden, Norway, and Iceland.",60.2968674977624,80.81494793612096,eng_Latn," Though each country was 'Scandinavian', there were many differences between the people, kings, customs and history of Denmark, Sweden, Norway and Iceland.",60.2968674977624,80.81494793612096,2.71875,1.4453125
"Translate the following sentence from Hindi to English:
Q: अगर आपने फ़िल्म नेशनल ट्रेज़र देखी है, तो आपको लगेगा कि स्वतंत्रता के घोषणा-पत्र के पीछे एक ख़ज़ाने का नक्शा लिखा गया था.
A:","अगर आपने फ़िल्म नेशनल ट्रेज़र देखी है, तो आपको लगेगा कि स्वतंत्रता के घोषणा-पत्र के पीछे एक ख़ज़ाने का नक्शा लिखा गया था.","If you have watched the movie National Treasure, you may think a treasure map was written on the back of the Declaration of Independence.","If you have seen the film, you will feel that the declaration of independence was written on the back of a treasure map.",30.061097928033067,55.384692868614685,eng_Latn," If you have watched the movie National Treasure, you may think a treasure map was written on the back of the Declaration of Independence.",30.061097928033067,55.384692868614685,6.15625,5.6875
"Translate the following sentence from Hindi to English:
Q: हालाँकि, यह सच नहीं है. हालाँकि दस्तावेज़ के पीछे कुछ लिखा हुआ है, लेकिन यह कोई ख़ज़ाने का नक्शा नहीं है.
A:","हालाँकि, यह सच नहीं है. हालाँकि दस्तावेज़ के पीछे कुछ लिखा हुआ है, लेकिन यह कोई ख़ज़ाने का नक्शा नहीं है.","However, that is not true. Although there is something written on the back of the document, it is not a treasure map.","But, it is not true. But, the document is not a treasure map.",37.17862629945229,46.79915418719678,eng_Latn," However, that is not true. Although there is something written on the back of the document, it is not a treasure map.",37.17862629945229,46.79915418719678,9.6875,8.6875
"Translate the following sentence from Hindi to English:
Q: स्वतंत्रता की घोषणा की पीठ पर लिखे गए शब्द थे 4 जुलाई 1776 को स्वतंत्रता की मूल घोषणा। “पाठ दस्तावेज़ के तल पर दिखाई देता है, उल्टा।”
A:","स्वतंत्रता की घोषणा की पीठ पर लिखे गए शब्द थे 4 जुलाई 1776 को स्वतंत्रता की मूल घोषणा। “पाठ दस्तावेज़ के तल पर दिखाई देता है, उल्टा।”","Written on the back of the Declaration of Independence were the words ""Original Declaration of Independence dated 4th July 1776"". The text appears on the bottom of the document, upside down.","The words on the back of the Declaration of Independence were “We hold these truths to be self-evident, that all men are created equal.”",22.236204912272385,38.44631478591386,eng_Latn," Written on the back of the Declaration of Independence were the words ""Original Declaration of Independence dated 4th July 1776"". The text appears on the bottom of the document, upside down.",22.236204912272385,38.44631478591386,10.3125,12.5
"Translate the following sentence from Hindi to English:
Q: जबकि किसी को नहीं पता कि इसे किसने लिखा है संग्रह करने के लिए बड़े चमड़े के कागज़ के दस्तावेज़ (इसका माप 24½ इंच बटा 29¾ है) को इकठ्ठा किया था.
A:",जबकि किसी को नहीं पता कि इसे किसने लिखा है संग्रह करने के लिए बड़े चमड़े के कागज़ के दस्तावेज़ (इसका माप 24½ इंच बटा 29¾ है) को इकठ्ठा किया था.,"While no one knows for certain who wrote it, it is known that early in its life, the large parchment document (it measures 29¾ inches by 24½ inches) was rolled up for storage.",The documents were collected by the British in the 19th century.,0.40844687066917895,12.498825379412498,eng_Latn," While no one knows for certain who wrote it, it is known that early in its life, the large parchment document (it measures 29¾ inches by 24½ inches) was rolled up for storage.",0.40844687066917895,12.498825379412498,15.8125,16.625
"Translate the following sentence from Hindi to English:
Q: इसलिए, यह माना जा रहा है कि नोटेशन को सिर्फ़ एक लेबल के रूप में जोड़ा गया था.
A:","इसलिए, यह माना जा रहा है कि नोटेशन को सिर्फ़ एक लेबल के रूप में जोड़ा गया था.","So, it is likely that the notation was added simply as a label.","Therefore, it is believed that the notation was only added as a label.",46.85909905380382,60.10882235758754,eng_Latn," So, it is likely that the notation was added simply as a label.",46.85909905380382,60.10882235758754,2.90625,1.8203125
"Translate the following sentence from Hindi to English:
Q: डी-डे की लैंडिंग और उसके आगे की लड़ाइयों ने उत्तरी फ्रांस को मुक्त कर दिया था, लेकिन दक्षिण फ्रांस अभी भी मुक्त नहीं था।
A:","डी-डे की लैंडिंग और उसके आगे की लड़ाइयों ने उत्तरी फ्रांस को मुक्त कर दिया था, लेकिन दक्षिण फ्रांस अभी भी मुक्त नहीं था।","The D-Day landings and the following battles had freed the north of France, but the south still wasn't free.","The D-Day landings and the battles that followed had freed northern France, but southern France was still not free.",38.60973950960897,59.17305091805948,eng_Latn," The D-Day landings and the following battles had freed the north of France, but the south still wasn't free.",38.60973950960897,59.17305091805948,1.1796875,0.58984375
"Translate the following sentence from Hindi to English:
Q: यह “विची” फ़्रांसीसी लोगों द्वारा शासित था. ये फ़्रांसीसी लोग ही थे जिन्होंने 1940 में जर्मनों के साथ शांति स्थापित की थी और आक्रमणकारियों से लड़ने के बजाय उनके साथ काम किया था.
A:",यह “विची” फ़्रांसीसी लोगों द्वारा शासित था. ये फ़्रांसीसी लोग ही थे जिन्होंने 1940 में जर्मनों के साथ शांति स्थापित की थी और आक्रमणकारियों से लड़ने के बजाय उनके साथ काम किया था.,"It was ruled by the ""Vichy"" French. These were French people who had made peace with the Germans in 1940 and worked with the invaders instead of fighting them.",Vichy was a city in France. It was the capital of the French government in exile.,2.169426276883343,17.75345274595828,eng_Latn," It was ruled by the ""Vichy"" French. These were French people who had made peace with the Germans in 1940 and worked with the invaders instead of fighting them.",2.169426276883343,17.75345274595828,12.6875,11.3125
"Translate the following sentence from Hindi to English:
Q: 15 अगस्त 1940 को, मित्र राष्ट्र ने दक्षिणी फ़्रांस पर आक्रमण किया, आक्रमण को “ऑपरेशन ड्रैगून” कहा गया था.
A:","15 अगस्त 1940 को, मित्र राष्ट्र ने दक्षिणी फ़्रांस पर आक्रमण किया, आक्रमण को “ऑपरेशन ड्रैगून” कहा गया था.","On 15 August 1940, the Allies invaded southern France, the invasion was called ""Operation Dragoon"".","On 15 August 1940, the Allies launched an attack on Southern France.",20.378635424911778,44.979653931870246,eng_Latn," On 15 August 1940, the Allies invaded southern France, the invasion was called ""Operation Dragoon"".",20.378635424911778,44.979653931870246,6.90625,6.09375
"Translate the following sentence from Hindi to English:
Q: केवल दो हफ़्तों में अमेरिकियों और फ़्री फ़्रेंच बलों ने दक्षिणी फ़्रांस को मुक्त कर दिया था और जर्मनी की ओर बढ़ रहे थे.
A:",केवल दो हफ़्तों में अमेरिकियों और फ़्री फ़्रेंच बलों ने दक्षिणी फ़्रांस को मुक्त कर दिया था और जर्मनी की ओर बढ़ रहे थे.,In just two weeks the Americans and Free French forces had liberated southern France and were turning towards Germany.,"In just two weeks, the Americans and the Free French forces had liberated southern France.",51.73606679672656,68.87184867346342,eng_Latn, In just two weeks the Americans and Free French forces had liberated southern France and were turning towards Germany.,51.73606679672656,68.87184867346342,7.34375,6.15625
"Translate the following sentence from Hindi to English:
Q: ऐसी संस्कृति को सभ्यता कहते हैं जो लोगों के एक बड़े समूह में साझा की जाती है. यहाँ लोग आपसी सहयोग करते हुए समाज में रहते हैं और मिलकर काम करते हैं.
A:",ऐसी संस्कृति को सभ्यता कहते हैं जो लोगों के एक बड़े समूह में साझा की जाती है. यहाँ लोग आपसी सहयोग करते हुए समाज में रहते हैं और मिलकर काम करते हैं.,"A civilization is a singular culture shared by a significant large group of people who live and work co-operatively, a society.",A culture is a way of life.,1.1931685310982187,11.236288677800603,eng_Latn," A civilization is a singular culture shared by a significant large group of people who live and work co-operatively, a society.",1.1931685310982187,11.236288677800603,18.5,19.375
"Translate the following sentence from Hindi to English:
Q: सभ्यता शब्द लैटिन सिविलिस से आया है, जिसका अर्थ है नागरिक, लैटिन सिविस से संबंधित है, जिसका अर्थ है नागरिक, और सिवितास, जिसका अर्थ है शहर या शहर-राज्य, और वह एक तरह से समाज के आकार को भी परिभाषित करता है।
A:","सभ्यता शब्द लैटिन सिविलिस से आया है, जिसका अर्थ है नागरिक, लैटिन सिविस से संबंधित है, जिसका अर्थ है नागरिक, और सिवितास, जिसका अर्थ है शहर या शहर-राज्य, और वह एक तरह से समाज के आकार को भी परिभाषित करता है।","The word civilization comes from the Latin civilis, meaning civil, related to the Latin civis, meaning citizen, and civitas, meaning city or city-state, and that also somehow defines the size of the society.","The word civilization is derived from the Latin word civitas, which means city-state.",6.364025084969325,27.86020944930087,eng_Latn," The word civilization comes from the Latin civilis, meaning civil, related to the Latin civis, meaning citizen, and civitas, meaning city or city-state, and that also somehow defines the size of the society.",6.364025084969325,27.86020944930087,9.0,8.0625
"Translate the following sentence from Hindi to English:
Q: शहर-राज्य राष्ट्रों के अगुआ हैं। एक सभ्यतागत संस्कृति का अर्थ है कई पीढ़ियों में ज्ञान का पारित होना, एक टिका हुआ सांस्कृतिक पदचिह्न और निष्पक्ष प्रसार।
A:","शहर-राज्य राष्ट्रों के अगुआ हैं। एक सभ्यतागत संस्कृति का अर्थ है कई पीढ़ियों में ज्ञान का पारित होना, एक टिका हुआ सांस्कृतिक पदचिह्न और निष्पक्ष प्रसार।","City-states are the precursors of nations. A civilizational culture implies the passing on of knowledge across several generations, a lingering cultural footprint and fair dissemination.",Cities are the leaders of civilizations.,0.35847734241800694,14.714685474287045,eng_Latn," City-states are the precursors of nations. A civilizational culture implies the passing on of knowledge across several generations, a lingering cultural footprint and fair dissemination.",0.35847734241800694,14.714685474287045,20.125,21.25
"Translate the following sentence from Hindi to English:
Q: छोटी संस्कृतियां बिना बड़े ऐतिहासिक सबूतों के खत्म हो जाती हैं और उन्हें सभ्यता का दर्जा नहीं मिल पाता.
A:",छोटी संस्कृतियां बिना बड़े ऐतिहासिक सबूतों के खत्म हो जाती हैं और उन्हें सभ्यता का दर्जा नहीं मिल पाता.,Minor cultures often vanish without leaving relevant historic evidence and fail to be recognized as proper civilizations.,Small cultures disappear without leaving any historical evidence.,3.6290214780899217,30.164874179440243,eng_Latn, Minor cultures often vanish without leaving relevant historic evidence and fail to be recognized as proper civilizations.,3.6290214780899217,30.164874179440243,8.625,7.625
"Translate the following sentence from Hindi to English:
Q: कंफेडेरशन के अनुच्छेद के तहत क्रांतिकारी युद्ध के दौरान, तेरह राज्यों ने पहली बार एक कमजोर केंद्रीय सरकार का गठन किया जिसमें कांग्रेस इसका एकमात्र घटक थी.
A:","कंफेडेरशन के अनुच्छेद के तहत क्रांतिकारी युद्ध के दौरान, तेरह राज्यों ने पहली बार एक कमजोर केंद्रीय सरकार का गठन किया जिसमें कांग्रेस इसका एकमात्र घटक थी.","During the Revolutionary War, the thirteen states first formed a weak central government—with the Congress being its only component—under the Articles of Confederation.","During the Revolutionary War, the thirteen states formed a weak central government under the Articles of Confederation.",53.362037012218146,70.14596376038881,eng_Latn," During the Revolutionary War, the thirteen states first formed a weak central government—with the Congress being its only component—under the Articles of Confederation.",53.362037012218146,70.14596376038881,9.0625,5.1875
"Translate the following sentence from Hindi to English:
Q: कांग्रेस के पास टैक्स लगाने का कोई अधिकार नहीं था, क्योंकि वहाँ कोई राष्ट्रीय कार्यकारी या न्यायपालिका नहीं थी. यह राज्य के अधिकारियों पर निर्भर थे, जो अक्सर अपने सभी कार्यों को लागू करने में सहयोगी नहीं थे.
A:","कांग्रेस के पास टैक्स लगाने का कोई अधिकार नहीं था, क्योंकि वहाँ कोई राष्ट्रीय कार्यकारी या न्यायपालिका नहीं थी. यह राज्य के अधिकारियों पर निर्भर थे, जो अक्सर अपने सभी कार्यों को लागू करने में सहयोगी नहीं थे.","Congress lacked any power to impose taxes, and, because there was no national executive or judiciary, it relied on state authorities, who were often uncooperative, to enforce all its acts.",Congress had no authority to impose taxes because there was no national executive or judiciary. It was dependent on the state authorities.,26.129951324635392,49.63228611948188,eng_Latn," Congress lacked any power to impose taxes, and, because there was no national executive or judiciary, it relied on state authorities, who were often uncooperative, to enforce all its acts.",26.129951324635392,49.63228611948188,7.0,5.375
"Translate the following sentence from Hindi to English:
Q: इसके राज्यों के बीच कर कानूनों और शुल्कों को ओवरराइड करने का भी कोई अधिकार नहीं था.
A:",इसके राज्यों के बीच कर कानूनों और शुल्कों को ओवरराइड करने का भी कोई अधिकार नहीं था.,It also had no authority to override tax laws and tariffs between states.,It had no power to override the laws of the states.,20.50102460820911,37.27872336657062,eng_Latn, It also had no authority to override tax laws and tariffs between states.,20.50102460820911,37.27872336657062,8.5625,6.5625
"Translate the following sentence from Hindi to English:
Q: लेख को संशोधित करने से पहले सभी राज्यों से सर्वसम्मति से सहमति की आवश्यकता थी और राज्यों ने केंद्र सरकार को गंभीरता से नहीं लिया और उनके प्रतिनिधि अक्सर सभा में आते ही नहीं थे।
A:",लेख को संशोधित करने से पहले सभी राज्यों से सर्वसम्मति से सहमति की आवश्यकता थी और राज्यों ने केंद्र सरकार को गंभीरता से नहीं लिया और उनके प्रतिनिधि अक्सर सभा में आते ही नहीं थे।,The Articles required unanimous consent from all the states before they could be amended and states took the central government so lightly that their representatives were often absent.,"Before the amendment, the states had to agree to the amendment.",1.6475826828976743,15.540171024807641,eng_Latn, The Articles required unanimous consent from all the states before they could be amended and states took the central government so lightly that their representatives were often absent.,1.6475826828976743,15.540171024807641,17.625,13.6875
"Translate the following sentence from Hindi to English:
Q: सफलता के मामले में, जर्मनी की राष्ट्रीय फुटबॉल टीम के बाद इटली की राष्ट्रीय फुटबॉल टीम आती है, ये फीफा वर्ल्ड कप 2006 के विजेता थे.
A:","सफलता के मामले में, जर्मनी की राष्ट्रीय फुटबॉल टीम के बाद इटली की राष्ट्रीय फुटबॉल टीम आती है, ये फीफा वर्ल्ड कप 2006 के विजेता थे.","Italy's national football, along with German national football team is the second most successful team in the world and were the FIFA World Cup champions in 2006.","In terms of success, the Italian national football team is second to Germany.",6.0922250286300805,29.50114044531106,eng_Latn," Italy's national football, along with German national football team is the second most successful team in the world and were the FIFA World Cup champions in 2006.",6.0922250286300805,29.50114044531106,9.375,8.9375
"Translate the following sentence from Hindi to English:
Q: लोकप्रिय खेलों में फ़ुटबॉल, बास्केटबॉल, वॉलीबॉल, वाटर पोलो, तलवारबाज़ी, रग्बी, साइकिलिंग, आइस हॉकी, रोलर हॉकी और एफ़ 1 मोटर रेसिंग शामिल हैं.
A:","लोकप्रिय खेलों में फ़ुटबॉल, बास्केटबॉल, वॉलीबॉल, वाटर पोलो, तलवारबाज़ी, रग्बी, साइकिलिंग, आइस हॉकी, रोलर हॉकी और एफ़ 1 मोटर रेसिंग शामिल हैं.","Popular sports include football, basketball, volleyball, water-polo, fencing, rugby, cycling, ice hockey, roller hockey and F1 motor racing.","Popular sports include football, basketball, volleyball, water polo, fencing, rugby, cycling, ice hockey, roller hockey, and F1 motor racing.",86.2406427119021,94.00088982916215,eng_Latn," Popular sports include football, basketball, volleyball, water-polo, fencing, rugby, cycling, ice hockey, roller hockey and F1 motor racing.",86.2406427119021,94.00088982916215,1.4296875,0.515625
"Translate the following sentence from Hindi to English:
Q: अंतर्राष्ट्रीय खेलों और ओलंपिक स्पर्धाओं में प्रतिस्पर्धा करने वाले इटालियंस के साथ, शीतकालीन खेल उत्तरी क्षेत्रों में सबसे लोकप्रिय हैं.
A:","अंतर्राष्ट्रीय खेलों और ओलंपिक स्पर्धाओं में प्रतिस्पर्धा करने वाले इटालियंस के साथ, शीतकालीन खेल उत्तरी क्षेत्रों में सबसे लोकप्रिय हैं.","Winter sports are most popular in the Northern regions, with Italians competing in international games and Olympic events.","With Italians competing in international games and Olympics, winter sports are the most popular in the northern regions.",45.33365750044521,79.59625227516432,eng_Latn," Winter sports are most popular in the Northern regions, with Italians competing in international games and Olympic events.",45.33365750044521,79.59625227516432,2.84375,2.125
"Translate the following sentence from Hindi to English:
Q: जापान में करीब 7,000 द्वीप हैं (सबसे बड़ा द्वीप होन्शु है). यह जापान को दुनिया के 7वें सबसे बड़े द्वीप का दर्जा देता है!
A:","जापान में करीब 7,000 द्वीप हैं (सबसे बड़ा द्वीप होन्शु है). यह जापान को दुनिया के 7वें सबसे बड़े द्वीप का दर्जा देता है!","Japans holds nearly 7,000 islands (the biggest being Honshu), making Japan the 7th largest island in the world!","Japan has about 7,000 islands (the largest being Honshu) and this makes it the 7th largest island in the world.",47.901455811287484,62.22420423896698,eng_Latn," Japans holds nearly 7,000 islands (the biggest being Honshu), making Japan the 7th largest island in the world!",47.901455811287484,62.22420423896698,1.125,0.96875
"Translate the following sentence from Hindi to English:
Q: जापान के पास, द्वीपों के समूह होने के कारण, जापान को भौगोलिक रूप से अक्सर “द्वीपसमूह” के रूप में संदर्भित किया जाता है।
A:","जापान के पास, द्वीपों के समूह होने के कारण, जापान को भौगोलिक रूप से अक्सर “द्वीपसमूह” के रूप में संदर्भित किया जाता है।","Due to the cluster/group of islands Japan has, Japan is often referred to, on a geographical stance, as an ""archipelago""",Japan is often referred to as an archipelago because of the islands.,9.57986526147457,39.940029081988854,eng_Latn," Due to the cluster/group of islands Japan has, Japan is often referred to, on a geographical stance, as an ""archipelago""",9.57986526147457,39.940029081988854,4.875,4.4375
"Translate the following sentence from Hindi to English:
Q: ताइवान की खोज 15वीं शताब्दी में यूरोपीय नाविकों ने की थी. उन्होंने इस आइलैंड को इल्हा फ़ॉर्मोसा या सुंदर आइलैंड कहा था.
A:",ताइवान की खोज 15वीं शताब्दी में यूरोपीय नाविकों ने की थी. उन्होंने इस आइलैंड को इल्हा फ़ॉर्मोसा या सुंदर आइलैंड कहा था.,"Taiwan beginning start way back in 15th century where European sailors passing by record the island’s name as Ilha Formosa, or beautiful island.",The island of Taiwan was discovered by European navigators in the 15th century.,4.5251695978252755,26.99075159480341,eng_Latn," Taiwan beginning start way back in 15th century where European sailors passing by record the island’s name as Ilha Formosa, or beautiful island.",4.5251695978252755,26.99075159480341,7.4375,6.0625
"Translate the following sentence from Hindi to English:
Q: 1624 में, डच ईस्ट इंडिया कंपनी ने दक्षिण-पश्चिमी ताइवान में एक बेस की स्थापना की थी, जो आदिवासी अनाज उत्पादन के तरीको में परिवर्तन की शुरुआत कर रही थी और चीनी मजदूरों को अपने चावल और चीनी बागानों पर काम करने के लिए नियुक्त कर रही थी।
A:","1624 में, डच ईस्ट इंडिया कंपनी ने दक्षिण-पश्चिमी ताइवान में एक बेस की स्थापना की थी, जो आदिवासी अनाज उत्पादन के तरीको में परिवर्तन की शुरुआत कर रही थी और चीनी मजदूरों को अपने चावल और चीनी बागानों पर काम करने के लिए नियुक्त कर रही थी।","In 1624,Dutch East India Company establishes a base in southwestern Taiwan, initiating a transformation in aboriginal grain production practices and employing Chinese laborers to work on its rice and sugar plantations.","In 1624, the Dutch East India Company established a base in South-West Taiwan, which was called Formosa.",5.49624183918666,28.781628210430238,eng_Latn," In 1624,Dutch East India Company establishes a base in southwestern Taiwan, initiating a transformation in aboriginal grain production practices and employing Chinese laborers to work on its rice and sugar plantations.",5.49624183918666,28.781628210430238,8.125,8.75
"Translate the following sentence from Hindi to English:
Q: 1683 में चिंग राजवंश (1644-1912) ने ताइवान के पश्चिमी और उत्तरी तटीय क्षेत्रों में जबरन कब्ज़ा कर लिया और 1885 में ताइवान को साम्राज्य का प्रांत घोषित किया.
A:",1683 में चिंग राजवंश (1644-1912) ने ताइवान के पश्चिमी और उत्तरी तटीय क्षेत्रों में जबरन कब्ज़ा कर लिया और 1885 में ताइवान को साम्राज्य का प्रांत घोषित किया.,"In 1683, Qing dynasty (1644-1912) forces take control of Taiwan’s western and northern coastal areas and declared Taiwan as a province of the Qing Empire in 1885.","In 1885, the Qing dynasty (1644-1912) established the Republic of China (ROC) and the ROC government was established in Taiwan.",20.299712418943034,32.291580482680146,eng_Latn," In 1683, Qing dynasty (1644-1912) forces take control of Taiwan’s western and northern coastal areas and declared Taiwan as a province of the Qing Empire in 1885.",20.299712418943034,32.291580482680146,10.4375,8.9375
"Translate the following sentence from Hindi to English:
Q: 1895 में, प्रथम चीन-जापान युद्ध (1894-1895) में हार के बाद, चिंग सरकार शिमोनोसेकी की संधि पर हस्ताक्षर करती है, जिसके द्वारा वह ताइवान की संप्रभुता जापान को सौंप देती है, जो 1945 तक द्वीप पर राज करता है।
A:","1895 में, प्रथम चीन-जापान युद्ध (1894-1895) में हार के बाद, चिंग सरकार शिमोनोसेकी की संधि पर हस्ताक्षर करती है, जिसके द्वारा वह ताइवान की संप्रभुता जापान को सौंप देती है, जो 1945 तक द्वीप पर राज करता है।","In 1895, after defeat in the First Sino-Japanese War (1894-1895), the Qing government signs the Treaty of Shimonoseki, by which it cedes sovereignty over Taiwan to Japan, which rules the island until 1945.","In 1895, the Qing government signed the Treaty of Shimonoseki, which ceded Taiwan to Japan.",11.451224297969999,40.44849485559519,eng_Latn," In 1895, after defeat in the First Sino-Japanese War (1894-1895), the Qing government signs the Treaty of Shimonoseki, by which it cedes sovereignty over Taiwan to Japan, which rules the island until 1945.",11.451224297969999,40.44849485559519,7.28125,6.28125
"Translate the following sentence from Hindi to English:
Q: माचू पिच्चू में तीन मुख्य संरचनाएं हैं, जो कि इतिहुआताना, सूर्य का मंदिर और तीन खिड़कियों का कमरा हैं।
A:","माचू पिच्चू में तीन मुख्य संरचनाएं हैं, जो कि इतिहुआताना, सूर्य का मंदिर और तीन खिड़कियों का कमरा हैं।","Machu Picchu consist of three main structures, namely Intihuatana, the Temple of the Sun, and the Room of the Three Windows.","Machu Picchu is a city of three structures, which are the Intihuatana, the Sun Temple and the three windows.",26.213906256797173,51.34549901231823,eng_Latn," Machu Picchu consist of three main structures, namely Intihuatana, the Temple of the Sun, and the Room of the Three Windows.",26.213906256797173,51.34549901231823,7.25,6.53125
"Translate the following sentence from Hindi to English:
Q: परिसर के किनारे ज़्यादातर इमारतें फिर से बनाई गई हैं ताकि पर्यटकों को बेहतर ढंग से पता चल सके कि वे मूल रूप में कैसी दिखाई देती थी.
A:",परिसर के किनारे ज़्यादातर इमारतें फिर से बनाई गई हैं ताकि पर्यटकों को बेहतर ढंग से पता चल सके कि वे मूल रूप में कैसी दिखाई देती थी.,Most of the buildings on the edges of the complex have been rebuilt in order to give tourists a better idea of how they originally appeared.,The buildings on the edge of the campus have been rebuilt in such a way that they look like the original buildings.,24.871874711388635,42.48667067732721,eng_Latn, Most of the buildings on the edges of the complex have been rebuilt in order to give tourists a better idea of how they originally appeared.,24.871874711388635,42.48667067732721,4.9375,4.65625
"Translate the following sentence from Hindi to English:
Q: सन 1976 तक माचू पिचू के तीस प्रतिशत हिस्से का जीर्णोद्धार कर दिया गया था और जीर्णोद्धार का कार्य आज तक जारी है।
A:",सन 1976 तक माचू पिचू के तीस प्रतिशत हिस्से का जीर्णोद्धार कर दिया गया था और जीर्णोद्धार का कार्य आज तक जारी है।,"By 1976, thirty percent of Machu Picchu had been restored and restoration continues till today.","By 1976, thirty percent of Machu Picchu had been restored.",63.11002752781309,65.23187368455201,eng_Latn," By 1976, thirty percent of Machu Picchu had been restored and restoration continues till today.",63.11002752781309,65.23187368455201,14.5625,8.6875
"Translate the following sentence from Hindi to English:
Q: उदाहरण के लिए, दुनिया में सबसे ज़्यादा इस्तेमाल होने वाला फ़ोटोग्राफ़ी फ़ॉर्मेट 35mm है. यह एनालॉग फिल्म दौर के आखिर में काफी प्रचलित था.
A:","उदाहरण के लिए, दुनिया में सबसे ज़्यादा इस्तेमाल होने वाला फ़ोटोग्राफ़ी फ़ॉर्मेट 35mm है. यह एनालॉग फिल्म दौर के आखिर में काफी प्रचलित था.","For example, the most common still image photography format in the world is 35mm, which was the dominant film size at the close of the analog film era.","For example, the most popular photography format in the world is 35mm.",26.186778730031328,42.92087340223505,eng_Latn," For example, the most common still image photography format in the world is 35mm, which was the dominant film size at the close of the analog film era.",26.186778730031328,42.92087340223505,10.0625,9.3125
"Translate the following sentence from Hindi to English:
Q: यह आज भी बनाया जाता है, लेकिन इससे भी महत्वपूर्ण बात यह है कि इसका अभिमुखता अनुपात डिजिटल कैमरा इमेज सेंसर प्रारूपों द्वारा विरासत में मिला है.
A:","यह आज भी बनाया जाता है, लेकिन इससे भी महत्वपूर्ण बात यह है कि इसका अभिमुखता अनुपात डिजिटल कैमरा इमेज सेंसर प्रारूपों द्वारा विरासत में मिला है.","It is still produced today, but more importantly its aspect ratio has been inherited by digital camera image sensor formats.","It is still made, but it is more important that it is a digital camera image sensor format.",16.803519679490584,49.001041385342155,eng_Latn," It is still produced today, but more importantly its aspect ratio has been inherited by digital camera image sensor formats.",16.803519679490584,49.001041385342155,9.0625,7.28125
"Translate the following sentence from Hindi to English:
Q: 35 मिमी प्रारूप वास्तव में, थोड़ा भ्रामक है, जो ऊँचाई में 24 मिमी गुना 36 मिमी चौड़ाई में है.
A:","35 मिमी प्रारूप वास्तव में, थोड़ा भ्रामक है, जो ऊँचाई में 24 मिमी गुना 36 मिमी चौड़ाई में है.","The 35mm format is actually, somewhat confusingly, 36mm in width by 24mm in height.","35 मिमी प्रारूप वास्तव में, थोड़ा भ्रामक है, जो ऊँचाई में 24 मिमी गुना 36 मिमी चौड़ाई में है.",1.877081263233555,4.210119571390174,hin_Deva," 35 मिमी प्रारूप वास्तव में, थोड़ा भ्रामक है, जो ऊँचाई में 24 मिमी गुना 36 मिमी चौड़ाई में है.",100.00000000000004,100.0,22.5,20.875
"Translate the following sentence from Hindi to English:
Q: इस प्रारूप (सबसे सरल पूर्ण-संख्या अनुपात प्राप्त करने के लिए बारह से भाग देना) के अभिमुखता अनुपात को इसलिए 3:2 कहा जाता है।
A:",इस प्रारूप (सबसे सरल पूर्ण-संख्या अनुपात प्राप्त करने के लिए बारह से भाग देना) के अभिमुखता अनुपात को इसलिए 3:2 कहा जाता है।,The aspect ratio of this format (dividing by twelve to obtain the simplest whole-number ratio) is therefore said to be 3:2.,The ratio is called 3:2 because the ratio is 12:8.,0.9521057609476838,14.54400433605682,eng_Latn, The aspect ratio of this format (dividing by twelve to obtain the simplest whole-number ratio) is therefore said to be 3:2.,0.9521057609476838,14.54400433605682,15.4375,14.0
"Translate the following sentence from Hindi to English:
Q: कई सामान्य प्रारूप (उदाहरण के लिए, प्रारूप का APS परिवार) इस अभिमुखता अनुपात के लगभग बराबर या उसके आस-पास हैं.
A:","कई सामान्य प्रारूप (उदाहरण के लिए, प्रारूप का APS परिवार) इस अभिमुखता अनुपात के लगभग बराबर या उसके आस-पास हैं.","Many common formats (APS family of formats, for example) are equal to or closely approximate this aspect ratio.",Many common formats have an aspect ratio of 1.33:1.,6.906906666357223,28.988905102952273,eng_Latn," Many common formats (APS family of formats, for example) are equal to or closely approximate this aspect ratio.",6.906906666357223,28.988905102952273,12.1875,7.84375
"Translate the following sentence from Hindi to English:
Q: बहुत-दुर्व्यवहार और अक्सर उपहास करने वाला तीसरा नियम एक सरल दिशानिर्देश है जो एक छवि में क्रम का माप रखते हुए गतिशील बनाता है.
A:",बहुत-दुर्व्यवहार और अक्सर उपहास करने वाला तीसरा नियम एक सरल दिशानिर्देश है जो एक छवि में क्रम का माप रखते हुए गतिशील बनाता है.,The much-abused and often-ridiculed rule of thirds is a simple guideline creating dynamism while keeping a measure of order in an image.,The third rule is a simple guideline that keeps the image in order.,11.622374311976268,30.012242415429956,eng_Latn, The much-abused and often-ridiculed rule of thirds is a simple guideline creating dynamism while keeping a measure of order in an image.,11.622374311976268,30.012242415429956,14.3125,13.875
"Translate the following sentence from Hindi to English:
Q: यह बताता है कि मुख्य विषय के लिए सबसे असरदार जगह इमेज को तिरछे और क्षैतिज रूप में विभाजित करने वाली लाइनों को काटने वाली जगह पर है (उदाहरण देखें).
A:",यह बताता है कि मुख्य विषय के लिए सबसे असरदार जगह इमेज को तिरछे और क्षैतिज रूप में विभाजित करने वाली लाइनों को काटने वाली जगह पर है (उदाहरण देखें).,It states that the most effective place for the main subject is at the intersection of lines dividing the image into thirds vertically and horizontally (see example).,It tells that the most effective place for the main subject is the place where the lines intersect.,24.4651458453158,45.346830163942506,eng_Latn, It states that the most effective place for the main subject is at the intersection of lines dividing the image into thirds vertically and horizontally (see example).,24.4651458453158,45.346830163942506,12.4375,9.9375
"Translate the following sentence from Hindi to English:
Q: यूरोपीय इतिहास की इस अवधि के दौरान कैथोलिक चर्च जो समृद्ध और शक्तिशाली हो गया था, जाँच के दायरे में आ गया.
A:","यूरोपीय इतिहास की इस अवधि के दौरान कैथोलिक चर्च जो समृद्ध और शक्तिशाली हो गया था, जाँच के दायरे में आ गया.","During this period of European history, the Catholic Church, which had become rich and powerful, came under scrutiny.","During this period, the Catholic Church was in the limelight for its wealth and power.",14.836636200806485,41.10585622592845,eng_Latn," During this period of European history, the Catholic Church, which had become rich and powerful, came under scrutiny.",14.836636200806485,41.10585622592845,5.96875,5.96875
"Translate the following sentence from Hindi to English:
Q: भाषा और रीति-रिवाज़ में अंतर के बावजूद हज़ारों सालों से ईसाई धर्म ने यूरोपीय देशों को एक साथ बांधे रखा है.
A:",भाषा और रीति-रिवाज़ में अंतर के बावजूद हज़ारों सालों से ईसाई धर्म ने यूरोपीय देशों को एक साथ बांधे रखा है.,For over a thousand years the Christian religion had bound European states together despite differences in language and customs. I,"Despite the differences in language and customs, Christianity has held Europe together for thousands of years.",19.75829551377349,51.36289594078627,eng_Latn, For over a thousand years the Christian religion had bound European states together despite differences in language and customs. I,19.75829551377349,51.36289594078627,0.7265625,1.2109375
"Translate the following sentence from Hindi to English:
Q: इसकी सर्वव्यापी शक्ति ने राजा से लेकर आम तक सभी को प्रभावित किया.
A:",इसकी सर्वव्यापी शक्ति ने राजा से लेकर आम तक सभी को प्रभावित किया.,Its all-pervading power affected everyone from king to commoner.,Its all-pervasive power has affected everyone from the king to the common man.,23.287896954139942,63.021304803837744,eng_Latn, Its all-pervading power affected everyone from king to commoner.,23.287896954139942,63.021304803837744,1.7734375,1.203125
"Translate the following sentence from Hindi to English:
Q: मुख्य ईसाई सिद्धातों में से एक यह है कि धन का उपयोग दुख और गरीबी को कम करने के लिए किया जाना चाहिए और चर्च के मौद्रिक कोष विशेष रूप से इसीलिए हैं.
A:",मुख्य ईसाई सिद्धातों में से एक यह है कि धन का उपयोग दुख और गरीबी को कम करने के लिए किया जाना चाहिए और चर्च के मौद्रिक कोष विशेष रूप से इसीलिए हैं.,One of the main Christian tenets is that wealth should be used to alleviate suffering and poverty and that the monetary funds of the church are there specifically for that reason.,One of the main Christian principles is that money should be used to help the poor.,11.819597325115774,32.9841653402338,eng_Latn, One of the main Christian tenets is that wealth should be used to alleviate suffering and poverty and that the monetary funds of the church are there specifically for that reason.,11.819597325115774,32.9841653402338,6.0,5.46875
"Translate the following sentence from Hindi to English:
Q: रोम में चर्च का केंद्रीय प्राधिकरण एक हज़ार से भी ज़्यादा सालों से है और ताकत और पैसे के इस तरह एक ही जगह पर केंद्रित होने से कई लोगों के मन में सवाल है कि यह सिद्धांत पूरा हो रहा था या नहीं.
A:",रोम में चर्च का केंद्रीय प्राधिकरण एक हज़ार से भी ज़्यादा सालों से है और ताकत और पैसे के इस तरह एक ही जगह पर केंद्रित होने से कई लोगों के मन में सवाल है कि यह सिद्धांत पूरा हो रहा था या नहीं.,The central authority of the church had been in Rome for over a thousand years and this concentration of power and money led many to question whether this tenet was being met.,The central authority of the church in Rome has been in existence for more than a thousand years and the question is whether it is still in existence.,25.338976472568184,50.336366749586524,eng_Latn, The central authority of the church had been in Rome for over a thousand years and this concentration of power and money led many to question whether this tenet was being met.,25.338976472568184,50.336366749586524,9.5625,8.9375
"Translate the following sentence from Hindi to English:
Q: शत्रुता फैलाने के तुरंत बाद, ब्रिटेन ने जर्मनी की समुद्री घेराबंदी शुरू कर दी थी.
A:","शत्रुता फैलाने के तुरंत बाद, ब्रिटेन ने जर्मनी की समुद्री घेराबंदी शुरू कर दी थी.","Soon after the outbreak of hostilities, Britain initiated a naval blockade of Germany.","Immediately after spreading enmity, Britain started a naval blockade of Germany.",33.22964120883455,52.59077111116144,eng_Latn," Soon after the outbreak of hostilities, Britain initiated a naval blockade of Germany.",33.22964120883455,52.59077111116144,2.296875,2.546875
"Translate the following sentence from Hindi to English:
Q: रणनीति महत्वपूर्ण सैन्य और असैन्य आपूर्ति को काटते हुए प्रभावी साबित हुई, हालाँकि इस नाकाबंदी ने पिछले दो शताब्दियों के कई अंतरराष्ट्रीय समझौतों द्वारा आमतौर पर स्वीकृत अंतर्राष्ट्रीय कानून का उल्लंघन किया।
A:","रणनीति महत्वपूर्ण सैन्य और असैन्य आपूर्ति को काटते हुए प्रभावी साबित हुई, हालाँकि इस नाकाबंदी ने पिछले दो शताब्दियों के कई अंतरराष्ट्रीय समझौतों द्वारा आमतौर पर स्वीकृत अंतर्राष्ट्रीय कानून का उल्लंघन किया।","The strategy proved effective, cutting off vital military and civilian supplies, although this blockade violated generally accepted international law codified by several international agreements of the past two centuries.","The strategy proved effective in cutting off military and civilian supplies, although this blockade violated many international agreements.",38.66784008183962,58.487934235342124,eng_Latn," The strategy proved effective, cutting off vital military and civilian supplies, although this blockade violated generally accepted international law codified by several international agreements of the past two centuries.",38.66784008183962,58.487934235342124,5.03125,4.09375
"Translate the following sentence from Hindi to English:
Q: ब्रिटेन ने किसी भी जहाज को समुद्र के पूरे हिस्सों में प्रवेश करने से रोकने के लिए अंतरराष्ट्रीय जल का खनन किया, जिससे तट पर खड़े जहाजों के लिए भी खतरा पैदा हो गया।
A:","ब्रिटेन ने किसी भी जहाज को समुद्र के पूरे हिस्सों में प्रवेश करने से रोकने के लिए अंतरराष्ट्रीय जल का खनन किया, जिससे तट पर खड़े जहाजों के लिए भी खतरा पैदा हो गया।","Britain mined international waters to prevent any ships from entering entire sections of ocean, causing danger to even neutral ships.","Britain has banned all ships from entering the entire sea, which has created a threat to the ships on the coast.",16.47663624009691,33.15736879329171,eng_Latn," Britain mined international waters to prevent any ships from entering entire sections of ocean, causing danger to even neutral ships.",16.47663624009691,33.15736879329171,6.25,6.15625
"Translate the following sentence from Hindi to English:
Q: चूँकि इस रणनीति को सीमित प्रतिसाद ही मिला था, इसलिए जर्मनी ने अपने अप्रतिबंधित पनडुब्बी युद्ध को लेकर भी इसी तरह के प्रतिसाद की उम्मीद की थी.
A:","चूँकि इस रणनीति को सीमित प्रतिसाद ही मिला था, इसलिए जर्मनी ने अपने अप्रतिबंधित पनडुब्बी युद्ध को लेकर भी इसी तरह के प्रतिसाद की उम्मीद की थी.","Since there was limited response to this tactic, Germany expected a similar response to its unrestricted submarine warfare.","Since the German U-boat campaign was limited to the North Sea, the German High Command expected the same from the British.",3.951744928978941,28.16136726362957,eng_Latn," Since there was limited response to this tactic, Germany expected a similar response to its unrestricted submarine warfare.",3.951744928978941,28.16136726362957,8.125,10.0
"Translate the following sentence from Hindi to English:
Q: 1920 के दशक के दौरान ज़्यादातर नागरिकों और देशों में शांतिवाद और अलगाव का नज़रिया प्रचलित था.
A:",1920 के दशक के दौरान ज़्यादातर नागरिकों और देशों में शांतिवाद और अलगाव का नज़रिया प्रचलित था.,"During the 1920s, the prevailing attitudes of most citizens and nations was that of pacifism and isolation.","During the 1920s, most citizens and countries were isolationist.",18.23906073888087,41.597941617110465,eng_Latn," During the 1920s, the prevailing attitudes of most citizens and nations was that of pacifism and isolation.",18.23906073888087,41.597941617110465,5.28125,5.15625
"Translate the following sentence from Hindi to English:
Q: प्रथम विश्व युद्ध के दौरान युद्ध की भयानकता और अत्याचारों को देखने के बाद, राष्ट्र भविष्य में ऐसी स्थिति से बचने के लिए कामना करता है ।
A:","प्रथम विश्व युद्ध के दौरान युद्ध की भयानकता और अत्याचारों को देखने के बाद, राष्ट्र भविष्य में ऐसी स्थिति से बचने के लिए कामना करता है ।","After seeing the horrors and atrocities of war during World War I, nations desired to avoid such a situation again in the future.","After seeing the horrors and atrocities of the First World War, the nation wishes to avoid such a situation in the future.",55.87033923859736,69.9374531576574,eng_Latn," After seeing the horrors and atrocities of war during World War I, nations desired to avoid such a situation again in the future.",55.87033923859736,69.9374531576574,2.6875,2.203125
"Translate the following sentence from Hindi to English:
Q: 1884 में, टेस्ला न्यूयॉर्क शहर में एडिसन कंपनी के साथ नौकरी स्वीकार करने के लिए यूनाइटेड स्टेट्स ऑफ़ अमेरिका चले गए।
A:","1884 में, टेस्ला न्यूयॉर्क शहर में एडिसन कंपनी के साथ नौकरी स्वीकार करने के लिए यूनाइटेड स्टेट्स ऑफ़ अमेरिका चले गए।","In 1884, Tesla moved to the United States of America to accept a job with the Edison Company in New York City.","In 1884, Tesla left the United States for Europe.",10.76110579670023,31.022554471510194,eng_Latn," In 1884, Tesla moved to the United States of America to accept a job with the Edison Company in New York City.",10.76110579670023,31.022554471510194,18.125,18.125
"Translate the following sentence from Hindi to English:
Q: अपनी जेब में 4 सेंट्स, कविता की एक पुस्तक और उनके थॉमस एडिसन को संबोधित सिफारिशी चिट्ठी (पिछली नौकरी के मैनेजर द्वारा लिखी) लेकर वे अमरीका पहुंचे.
A:","अपनी जेब में 4 सेंट्स, कविता की एक पुस्तक और उनके थॉमस एडिसन को संबोधित सिफारिशी चिट्ठी (पिछली नौकरी के मैनेजर द्वारा लिखी) लेकर वे अमरीका पहुंचे.","He arrived in the US with 4 cents to his name, a book of poetry, and a letter of recommendation from Charles Batchelor (his manager in his previous job) to Thomas Edison.","With these items, they set out for America.",0.20340542381253468,6.19361308242665,eng_Latn," He arrived in the US with 4 cents to his name, a book of poetry, and a letter of recommendation from Charles Batchelor (his manager in his previous job) to Thomas Edison.",0.20340542381253468,6.19361308242665,22.5,22.125
"Translate the following sentence from Hindi to English:
Q: प्राचीन चीन में अलग-अलग समय अवधि दिखाने का एक अनूठा तरीका था; चीन का प्रत्येक चरण या प्रत्येक परिवार जो सत्ता में था, एक ख़ास राजवंश था.
A:","प्राचीन चीन में अलग-अलग समय अवधि दिखाने का एक अनूठा तरीका था; चीन का प्रत्येक चरण या प्रत्येक परिवार जो सत्ता में था, एक ख़ास राजवंश था.",Ancient China had a unique way of showing different time periods; each stage of China or each family that was in power was a distinctive dynasty.,"In ancient China, there was a unique way of showing different time periods; each dynasty had a different name.",36.62896223655538,54.44104791667238,eng_Latn, Ancient China had a unique way of showing different time periods; each stage of China or each family that was in power was a distinctive dynasty.,36.62896223655538,54.44104791667238,2.828125,2.640625
"Translate the following sentence from Hindi to English:
Q: इसके अलावा, यह हर राजवंशों में राज्यों के बंटवारे को लेकर अस्थिरता का दौर था. इसी काल में तीन राज्यों के बंटवारे को लेकर हान और जिन राजवंशों के बीच 60 वर्षों तक चला संघर्ष काफ़ी मशहूर है.
A:","इसके अलावा, यह हर राजवंशों में राज्यों के बंटवारे को लेकर अस्थिरता का दौर था. इसी काल में तीन राज्यों के बंटवारे को लेकर हान और जिन राजवंशों के बीच 60 वर्षों तक चला संघर्ष काफ़ी मशहूर है.",Also between each dynasty was an unstable age of divided provinces. The best-known of these periods was the Three Kingdoms epoch taking place for 60 years between the Han and the Jin Dynasty.,"In addition, this was a period of instability in the division of states in every dynasty.",3.2963705945545536,16.041427082402315,eng_Latn, Also between each dynasty was an unstable age of divided provinces. The best-known of these periods was the Three Kingdoms epoch taking place for 60 years between the Han and the Jin Dynasty.,3.2963705945545536,16.041427082402315,13.1875,10.5
"Translate the following sentence from Hindi to English:
Q: इस अवधि के दौरान सिंहासन के लिए लड़ रहे कई अमीरजादों के बीच भयंकर युद्ध हुआ।
A:",इस अवधि के दौरान सिंहासन के लिए लड़ रहे कई अमीरजादों के बीच भयंकर युद्ध हुआ।,During these periods fierce warfare took place between many nobles fighting for the throne.,"During this period, there was a fierce war between many rich people who were fighting for the throne.",30.09429889037876,55.99043838030207,eng_Latn, During these periods fierce warfare took place between many nobles fighting for the throne.,30.09429889037876,55.99043838030207,4.84375,6.25
"Translate the following sentence from Hindi to English:
Q: द थ्री किंग़डम्स प्राचीन चीन के इतिहास में सबसे खूनी धब्बों में एक युग था, हजारों लोगों की मृत्यु हो गई थी, जो शीआन में भव्य महल में सबसे ऊंची सीट पर बैठने के लिए लड़ रहे थे।
A:","द थ्री किंग़डम्स प्राचीन चीन के इतिहास में सबसे खूनी धब्बों में एक युग था, हजारों लोगों की मृत्यु हो गई थी, जो शीआन में भव्य महल में सबसे ऊंची सीट पर बैठने के लिए लड़ रहे थे।",The Three Kingdoms was one of the bloodiest eras in Ancient China’s history thousands of people died fighting to sit in the highest seat in the grand palace at Xi’an.,The Three Kingdoms was a period of time in ancient China when the Han Dynasty was in decline.,9.363390358757224,27.443488253227365,eng_Latn, The Three Kingdoms was one of the bloodiest eras in Ancient China’s history thousands of people died fighting to sit in the highest seat in the grand palace at Xi’an.,9.363390358757224,27.443488253227365,7.84375,11.4375
"Translate the following sentence from Hindi to English:
Q: मीट्रिक प्रणाली के इस्तेमाल, निरपेक्षवाद से गणतंत्रवाद, राष्ट्रवाद में बदलाव और देश का भरोसा लोगों से है किसी एक शासक से नहीं, ऐसी बातों का बहुत ज़्यादा सामाजिक और राजनैतिक असर होता है.
A:","मीट्रिक प्रणाली के इस्तेमाल, निरपेक्षवाद से गणतंत्रवाद, राष्ट्रवाद में बदलाव और देश का भरोसा लोगों से है किसी एक शासक से नहीं, ऐसी बातों का बहुत ज़्यादा सामाजिक और राजनैतिक असर होता है.","There are a lot of social and political effects such as the use of metric system, a shift from absolutism to republicanism, nationalism and the belief the country belongs to the people not to one sole ruler.",The impact of these changes is very much felt in the social and political life of the country.,2.385416201389877,22.98548142407769,eng_Latn," There are a lot of social and political effects such as the use of metric system, a shift from absolutism to republicanism, nationalism and the belief the country belongs to the people not to one sole ruler.",2.385416201389877,22.98548142407769,12.8125,9.4375
"Translate the following sentence from Hindi to English:
Q: तथा, क्रांति के बाद व्यवसाय सभी पुरुष आवेदकों के लिए खुले थे जिसमें सबसे महत्त्वाकांक्षी और सफल होने वाले सफल हो सकते थे।
A:","तथा, क्रांति के बाद व्यवसाय सभी पुरुष आवेदकों के लिए खुले थे जिसमें सबसे महत्त्वाकांक्षी और सफल होने वाले सफल हो सकते थे।",Also after the Revolution occupations were open to all male applicants allowing the most ambitious and successful to succeed.,"After the revolution, all businesses were open to all male applicants.",19.54079353247154,40.499105187825904,eng_Latn, Also after the Revolution occupations were open to all male applicants allowing the most ambitious and successful to succeed.,19.54079353247154,40.499105187825904,9.0,9.625
"Translate the following sentence from Hindi to English:
Q: यही सेना पर भी लागू होता है क्योंकि सेना की रैंकिंग वर्ण पर आधारित होने के बजाय अब योग्यता पर आधारित हैं।
A:",यही सेना पर भी लागू होता है क्योंकि सेना की रैंकिंग वर्ण पर आधारित होने के बजाय अब योग्यता पर आधारित हैं।,Same goes for the military because instead of army rankings being based on class they were now based on cailaber.,This sentence is about the Indian Army.,0.8887839864973847,8.113504824605497,eng_Latn, Same goes for the military because instead of army rankings being based on class they were now based on cailaber.,0.8887839864973847,8.113504824605497,20.375,18.25
"Translate the following sentence from Hindi to English:
Q: फ़्रांसीसी क्रांति ने दूसरे देशों में मौजूद कामगार वर्ग के कई दमित लोगों को भी अपनी-अपनी क्रांतियां शुरू करने की प्रेरणा दी.
A:",फ़्रांसीसी क्रांति ने दूसरे देशों में मौजूद कामगार वर्ग के कई दमित लोगों को भी अपनी-अपनी क्रांतियां शुरू करने की प्रेरणा दी.,The French Revolution also inspired many other repressed working class people of other country's to began their own revolutions.,The French Revolution inspired many oppressed people in other countries to start their own revolutions.,24.7130314966044,57.77095674731555,eng_Latn, The French Revolution also inspired many other repressed working class people of other country's to began their own revolutions.,24.7130314966044,57.77095674731555,2.984375,1.5703125
"Translate the following sentence from Hindi to English:
Q: मोहम्मद इस सांसारिक जीवन से परे मामलों में गहरी रुचि रखते थे। वे अक्सर चिंतन के लिए एक गुफा का उपयोग करते थे जिसे “नूर” (प्रकाश) के पर्वत पर “हीरा” के रूप में जाना जाता है।
A:",मोहम्मद इस सांसारिक जीवन से परे मामलों में गहरी रुचि रखते थे। वे अक्सर चिंतन के लिए एक गुफा का उपयोग करते थे जिसे “नूर” (प्रकाश) के पर्वत पर “हीरा” के रूप में जाना जाता है।,Muhammad was deeply interested in matters beyond this mundane life. He used to frequent a cave that became known as “Hira‘” on the Mountain of “Noor” (light) for contemplation.,Muhammad was deeply interested in the spiritual and philosophical aspects of life. He was a great lover of solitude and spent a lot of time in meditation. He was a great lover of solitude and spent a lot of time in meditation. He was a great lover of solitude and spent a lot of time in meditation. He was a great lover of solitude and spent a lot of time in meditation. He was a great lover of solitude and spent a lot of time in meditation. He was a great lover of solitude,5.403213007220734,26.998673996355667,eng_Latn, Muhammad was deeply interested in matters beyond this mundane life. He used to frequent a cave that became known as “Hira‘” on the Mountain of “Noor” (light) for contemplation.,5.403213007220734,26.998673996355667,25.0,25.0
"Translate the following sentence from Hindi to English:
Q: उन्होंने खुद को एकांत करा , जो कई समय तक रहा, यह मुहम्मद के आध्यात्मिक झुकाव की एक बहुत ही उज्ज्वल छवि देता है।
A:","उन्होंने खुद को एकांत करा , जो कई समय तक रहा, यह मुहम्मद के आध्यात्मिक झुकाव की एक बहुत ही उज्ज्वल छवि देता है।","he cave itself, which survived the times, gives a very vivid image of Muhammad’s spiritual inclinations.","They secluded themselves, which lasted for a long time, this image gives a very bright picture of the spiritual inclination of Muhammad.",10.630643627589146,48.156494355414814,eng_Latn," he cave itself, which survived the times, gives a very vivid image of Muhammad’s spiritual inclinations.",10.630643627589146,48.156494355414814,4.1875,6.09375
"Translate the following sentence from Hindi to English:
Q: मक्का के उत्तर में स्थित पहाड़ों में से एक के शीर्ष पर स्थित गुफा दुनिया के बाकी हिस्सों से पूरी तरह कटी हुई है।
A:",मक्का के उत्तर में स्थित पहाड़ों में से एक के शीर्ष पर स्थित गुफा दुनिया के बाकी हिस्सों से पूरी तरह कटी हुई है।,"Resting on the top of one of the mountains north of Mecca, the cave is completely isolated from the rest of the world.",The cave is located on the top of a mountain in the north of Mecca.,16.258649090845008,37.262486504268324,eng_Latn," Resting on the top of one of the mountains north of Mecca, the cave is completely isolated from the rest of the world.",16.258649090845008,37.262486504268324,8.125,5.75
"Translate the following sentence from Hindi to English:
Q: असल में, किसी को इसकी मौजूदगी का पता होने पर भी इसे ढूँढना बिल्कुल भी आसान नहीं है. एक बार गुफ़ा में पहुँच जाने पर, वहाँ आप एकदम अकेले हो जाते हैं.
A:","असल में, किसी को इसकी मौजूदगी का पता होने पर भी इसे ढूँढना बिल्कुल भी आसान नहीं है. एक बार गुफ़ा में पहुँच जाने पर, वहाँ आप एकदम अकेले हो जाते हैं.","In fact, it is not easy to find at all even if one knew it existed. Once inside the cave, it is a total isolation.",The cave is a place where you can be alone.,1.4468878673650292,11.468529625599905,eng_Latn," In fact, it is not easy to find at all even if one knew it existed. Once inside the cave, it is a total isolation.",1.4468878673650292,11.468529625599905,15.5,16.375
"Translate the following sentence from Hindi to English:
Q: ऊपर साफ़ वातावरण, सुंदर आसमान और आस-पास के कई पहाड़ों के अलावा और कुछ भी नहीं नज़र आता है. इसलिए इस गुफ़ा के अंदर से दुनिया का छोटा सा हिस्सा ही देखा या सुना जा सकता है.
A:","ऊपर साफ़ वातावरण, सुंदर आसमान और आस-पास के कई पहाड़ों के अलावा और कुछ भी नहीं नज़र आता है. इसलिए इस गुफ़ा के अंदर से दुनिया का छोटा सा हिस्सा ही देखा या सुना जा सकता है.","Nothing can be seen other than the clear, beautiful sky above and the many surrounding mountains. Very little of this world can be seen or heard from inside the cave.",There is nothing else to see or hear from inside the cave except for the cave itself.,6.013982290146573,23.91940183880235,eng_Latn," Nothing can be seen other than the clear, beautiful sky above and the many surrounding mountains. Very little of this world can be seen or heard from inside the cave.",6.013982290146573,23.91940183880235,15.6875,16.25
"Translate the following sentence from Hindi to English:
Q: गीज़ा में मौजूद ग्रेट पिरामिड सात अजूबा में से केवल एक है जो आज भी खड़ा है।
A:",गीज़ा में मौजूद ग्रेट पिरामिड सात अजूबा में से केवल एक है जो आज भी खड़ा है।,The Great Pyramid at Giza is the only one of the seven wonders that is still standing today.,The Great Pyramid of Giza is the only one of the seven wonders of the world that still stands today.,56.68706143897171,74.76100205319602,eng_Latn, The Great Pyramid at Giza is the only one of the seven wonders that is still standing today.,56.68706143897171,74.76100205319602,1.0234375,0.6640625
"Translate the following sentence from Hindi to English:
Q: तीसरी शताब्दी ईसा पूर्व में मिस्रियों द्वारा निर्मित, ग्रेट पिरामिड मृत फिरौन का सम्मान करने के लिए निर्मित कई बड़ी पिरामिड संरचनाओं में से एक है।
A:","तीसरी शताब्दी ईसा पूर्व में मिस्रियों द्वारा निर्मित, ग्रेट पिरामिड मृत फिरौन का सम्मान करने के लिए निर्मित कई बड़ी पिरामिड संरचनाओं में से एक है।","Built by the Egyptians in the third century BCE, the Great Pyramid is one of many large pyramid structures built to honor dead Pharaoh.",The Great Pyramid is one of the largest pyramids in Egypt.,13.533413685854692,31.001581438808135,eng_Latn," Built by the Egyptians in the third century BCE, the Great Pyramid is one of many large pyramid structures built to honor dead Pharaoh.",13.533413685854692,31.001581438808135,13.1875,12.6875
"Translate the following sentence from Hindi to English:
Q: गीज़ा पठार, “गीज़ा नेक्रोपोलिस” या मृतकों की मिस्र की घाटी में कई पिरामिड (जिनमें से द ग्रेट पिरामिड सबसे बड़ा है), कई छोटी कब्रें, कई मंदिर और महान स्फिंक्स हैं.
A:","गीज़ा पठार, “गीज़ा नेक्रोपोलिस” या मृतकों की मिस्र की घाटी में कई पिरामिड (जिनमें से द ग्रेट पिरामिड सबसे बड़ा है), कई छोटी कब्रें, कई मंदिर और महान स्फिंक्स हैं.","The Giza Plateau, or ""Giza Necropolis"" in the Egyptian Valley of the Dead contains several pyramids (of which the great pyramid is the largest), several small tombs, several temples, and the great Sphinx.",The Great Pyramid is the largest of the pyramids.,1.2954830272630016,17.50880825442436,eng_Latn," The Giza Plateau, or ""Giza Necropolis"" in the Egyptian Valley of the Dead contains several pyramids (of which the great pyramid is the largest), several small tombs, several temples, and the great Sphinx.",1.2954830272630016,17.50880825442436,19.0,18.5
"Translate the following sentence from Hindi to English:
Q: महान पिरामिड फेरो खुफू के सम्मान में बनाया गया था, और कई छोटे पिरामिड, कब्र और मंदिरों का निर्माण खुफू की पत्नियों और परिवार के सदस्यों के सम्मान में किया गया था।
A:","महान पिरामिड फेरो खुफू के सम्मान में बनाया गया था, और कई छोटे पिरामिड, कब्र और मंदिरों का निर्माण खुफू की पत्नियों और परिवार के सदस्यों के सम्मान में किया गया था।","The great pyramid was created to honor the Pharaoh Khufu, and many of the smaller pyramids, tombs, and temples were built to honor Khufu's wives and family members.","The Great Pyramid was built in honor of King Khufu, and many smaller pyramids, tombs, and temples were built in honor of his family members.",42.627106230296924,57.91986859378119,eng_Latn," The great pyramid was created to honor the Pharaoh Khufu, and many of the smaller pyramids, tombs, and temples were built to honor Khufu's wives and family members.",42.627106230296924,57.91986859378119,3.109375,2.296875
"Translate the following sentence from Hindi to English:
Q: “अप बो” चिह्न वी की तरह दिखता है और “डाउन बो” चिन्ह स्टेपल की तरह दिखता है या ऐसे चौकोर जैसा जिसका निचला हिस्सा गायब हो।
A:",“अप बो” चिह्न वी की तरह दिखता है और “डाउन बो” चिन्ह स्टेपल की तरह दिखता है या ऐसे चौकोर जैसा जिसका निचला हिस्सा गायब हो।,"The ""up bow"" mark looks like a V and the ""down bow mark"" like a staple or a square missing its bottom side.",The “up arrow” and “down arrow” are used to indicate the direction of the text flow.,2.008770214674633,13.790161191121648,eng_Latn," The ""up bow"" mark looks like a V and the ""down bow mark"" like a staple or a square missing its bottom side.",2.008770214674633,13.790161191121648,5.4375,5.4375
"Translate the following sentence from Hindi to English:
Q: आगे का मतलब यह है कि आपको शीर्ष से शुरू कर कमान को धकेलना चाहिए और पीछे का मतलब यह है कि आपको फ़्रॉग (जहां से आप हाथ से कमान को पकड़ते हैं) से शुरू कर कमान को खींचना चाहिए.
A:",आगे का मतलब यह है कि आपको शीर्ष से शुरू कर कमान को धकेलना चाहिए और पीछे का मतलब यह है कि आपको फ़्रॉग (जहां से आप हाथ से कमान को पकड़ते हैं) से शुरू कर कमान को खींचना चाहिए.,"Up means you should start at the tip and push the bow, and down means you should start at the frog (which is where your hand is holding the bow) and pull the bow.",The meaning of the sentence is that you should push the bow from the frog and pull the bow from the tip.,11.363521490420021,35.031501807903346,eng_Latn," Up means you should start at the tip and push the bow, and down means you should start at the frog (which is where your hand is holding the bow) and pull the bow.",11.363521490420021,35.031501807903346,10.1875,10.0
"Translate the following sentence from Hindi to English:
Q: एक ऊपरी-चाप आमतौर पर एक मृदु ध्वनि उत्पन्न करता है, जबकि एक निचला-चाप मजबूत और अधिक मुखर होता है।
A:","एक ऊपरी-चाप आमतौर पर एक मृदु ध्वनि उत्पन्न करता है, जबकि एक निचला-चाप मजबूत और अधिक मुखर होता है।","An up-bow usually generates a softer sound, while a down-bow is stronger and more assertive.",A higher-pitched sound is produced by a higher-pitched sound.,2.0487459614559183,12.69396496433361,eng_Latn," An up-bow usually generates a softer sound, while a down-bow is stronger and more assertive.",2.0487459614559183,12.69396496433361,17.0,19.375
"Translate the following sentence from Hindi to English:
Q: अपने खुद के मार्क्स पर लिखने के लिए स्वतंत्र महसूस करें, लेकिन याद रखें कि म्यूज़िकल कारणों से प्रिंटेड बोइंग मार्क्स भी होते हैं, इसलिए आमतौर पर उनका सम्मान करना चाहिए.
A:","अपने खुद के मार्क्स पर लिखने के लिए स्वतंत्र महसूस करें, लेकिन याद रखें कि म्यूज़िकल कारणों से प्रिंटेड बोइंग मार्क्स भी होते हैं, इसलिए आमतौर पर उनका सम्मान करना चाहिए.","Feel free to pencil in your own marks, but remember the printed bowing marks are there for a musical reason, so they should usually be respected.","You are free to write your own marks, but remember that printed marks are also given for musical reasons.",18.253114959570603,45.94808346593906,eng_Latn," Feel free to pencil in your own marks, but remember the printed bowing marks are there for a musical reason, so they should usually be respected.",18.253114959570603,45.94808346593906,7.46875,5.28125
"Translate the following sentence from Hindi to English:
Q: घबराए हुए राजा लुईस XVI, रानी मैरी एंटोनेट और उनके दो बच्चे (11 साल की मैरी थैरेस और चार साल का लुईस चार्ल्स) और राजा की बहन मैडम एलिजावेथ को 6 अक्टूबर 1789 को बाज़ार में मौजूद महिलाओं की भीड़ ने वर्साय से वापस पेरिस जाने के लिए मजबूर किया था.
A:","घबराए हुए राजा लुईस XVI, रानी मैरी एंटोनेट और उनके दो बच्चे (11 साल की मैरी थैरेस और चार साल का लुईस चार्ल्स) और राजा की बहन मैडम एलिजावेथ को 6 अक्टूबर 1789 को बाज़ार में मौजूद महिलाओं की भीड़ ने वर्साय से वापस पेरिस जाने के लिए मजबूर किया था.","The terrified King Louis XVI, Queen Marie Antoinette their two young children (11 year old Marie Therese and four year old Louis-Charles) and the King's sister, Madam Elizabeth, on the 6th October 1789 were forced back to Paris from Versailles by a mob of market women.",The crowd of women forced the royal family to return to Paris.,0.18664110077661128,10.520921826543121,eng_Latn," The terrified King Louis XVI, Queen Marie Antoinette their two young children (11 year old Marie Therese and four year old Louis-Charles) and the King's sister, Madam Elizabeth, on the 6th October 1789 were forced back to Paris from Versailles by a mob of market women.",0.18664110077661128,10.520921826543121,17.125,14.25
"Translate the following sentence from Hindi to English:
Q: महाराजा और महारानी के ख़िलाफ़ चीखते-चिल्लाते लोगों की भीड़ से घिरी एक गाड़ी में सफर करते हुए वे लोग पेरिस वापस आए.
A:",महाराजा और महारानी के ख़िलाफ़ चीखते-चिल्लाते लोगों की भीड़ से घिरी एक गाड़ी में सफर करते हुए वे लोग पेरिस वापस आए.,"In a carriage, they traveled back to Paris surrounded by a mob of people screaming and shouting threats against the King and Queen.",The crowd was shouting and screaming at the king and queen.,2.640690782576354,23.696002973693343,eng_Latn," In a carriage, they traveled back to Paris surrounded by a mob of people screaming and shouting threats against the King and Queen.",2.640690782576354,23.696002973693343,14.0,11.75
"Translate the following sentence from Hindi to English:
Q: लोगों की भीड़ ने राजा और रानी को अपनी गाड़ी की खिड़की खोलने के लिए मजबूर किया.
A:",लोगों की भीड़ ने राजा और रानी को अपनी गाड़ी की खिड़की खोलने के लिए मजबूर किया.,The mob of people forced the King And Queen to have their carriage windows wide open.,The crowd forced the king and queen to open the window of their car.,7.453337029678027,36.48554502630994,eng_Latn, The mob of people forced the King And Queen to have their carriage windows wide open.,7.453337029678027,36.48554502630994,3.328125,4.25
"Translate the following sentence from Hindi to English:
Q: एक मौके पर तो भीड़ में मौजूद किसी व्यक्ति ने घबराई हुई महारानी के सामने ही वर्सेल्स में मारे गए शाही अंगरक्षक का सिर पकड़कर हिला दिया.
A:",एक मौके पर तो भीड़ में मौजूद किसी व्यक्ति ने घबराई हुई महारानी के सामने ही वर्सेल्स में मारे गए शाही अंगरक्षक का सिर पकड़कर हिला दिया.,At one point a member of the mob waved the head of a royal guard killed at Versailles in front of the terrified Queen.,"At one time, the crowd was so large that the king had to be carried in a litter.",3.510815157658705,18.26372402192574,eng_Latn, At one point a member of the mob waved the head of a royal guard killed at Versailles in front of the terrified Queen.,3.510815157658705,18.26372402192574,21.5,16.75
"Translate the following sentence from Hindi to English:
Q: फिलीपींस की विजय में अमेरिकी साम्राज्यवाद के युद्ध व्यय का भुगतान फिलिपिनो के लोगों ने खुद किया था.
A:",फिलीपींस की विजय में अमेरिकी साम्राज्यवाद के युद्ध व्यय का भुगतान फिलिपिनो के लोगों ने खुद किया था.,The war expenditures of U.S. imperialism in the conquest of the Philippines were paid for by the Filipino people themselves.,The war expenditure of American imperialism in the Philippines was paid by the Filipino people.,21.12640314213773,57.79591892064321,eng_Latn, The war expenditures of U.S. imperialism in the conquest of the Philippines were paid for by the Filipino people themselves.,21.12640314213773,57.79591892064321,3.671875,2.9375
"Translate the following sentence from Hindi to English:
Q: वे अमेरिकी स्ट्रीट औपनिवेशिक शासन को करों का भुगतान करने के लिए मजबूर कर रहे थे, जो कि व्यय का एक बड़ा हिस्सा और फिल स्ट्रीट सरकार द्वारा वॉल स्ट्रीट बैंकिंग घरों के माध्यम से फिलीपीन सरकार के नाम पर लगाए गए बॉन्ड पर ब्याज को धोखा देने के लिए था।
A:","वे अमेरिकी स्ट्रीट औपनिवेशिक शासन को करों का भुगतान करने के लिए मजबूर कर रहे थे, जो कि व्यय का एक बड़ा हिस्सा और फिल स्ट्रीट सरकार द्वारा वॉल स्ट्रीट बैंकिंग घरों के माध्यम से फिलीपीन सरकार के नाम पर लगाए गए बॉन्ड पर ब्याज को धोखा देने के लिए था।",They were compelled to pay taxes to the U.S. colonial regime to defray a major part of the expenditures and the interest on bonds floated in the name of the Philippine government through the Wall Street banking houses.,They were forced to pay taxes to the US government.,1.0337741485859926,19.990577844172993,eng_Latn, They were compelled to pay taxes to the U.S. colonial regime to defray a major part of the expenditures and the interest on bonds floated in the name of the Philippine government through the Wall Street banking houses.,1.0337741485859926,19.990577844172993,18.625,20.125
"Translate the following sentence from Hindi to English:
Q: निश्चित रूप से, फिलिपिनो लोगों के शोषण से प्राप्त सुपरफास्टिट्स अमेरिकी साम्राज्यवाद के बुनियादी लाभ का गठन करेंगे।
A:","निश्चित रूप से, फिलिपिनो लोगों के शोषण से प्राप्त सुपरफास्टिट्स अमेरिकी साम्राज्यवाद के बुनियादी लाभ का गठन करेंगे।","Of course, the superprofits derived from the protracted exploitation of the Filipino people would constitute the basic gains of U.S. imperialism.","Certainly, the superfastists will be the basic benefits of American imperialism.",6.1186125154712805,26.960957414707792,eng_Latn," Of course, the superprofits derived from the protracted exploitation of the Filipino people would constitute the basic gains of U.S. imperialism.",6.1186125154712805,26.960957414707792,11.5,12.1875
"Translate the following sentence from Hindi to English:
Q: टेम्पलर्स को समझने के लिए वह संदर्भ समझना ज़रूरी है जिसने आदेश दिए जाने की प्रेरणा दी थी.
A:",टेम्पलर्स को समझने के लिए वह संदर्भ समझना ज़रूरी है जिसने आदेश दिए जाने की प्रेरणा दी थी.,To understand the Templars one must understand the context that prompted the creation of the order.,"To understand the Templars, one must understand the context in which they were formed.",38.983691387368935,59.488892078601964,eng_Latn, To understand the Templars one must understand the context that prompted the creation of the order.,38.983691387368935,59.488892078601964,3.453125,1.984375
"Translate the following sentence from Hindi to English:
Q: जिस समय घटनाएँ हुई उसके युग को सामान्य रूप से यूरोप के इतिहास में 11वीं, 12वीं और 13वीं सदी (AD 1000-1300) में यूरोपियन इतिहास के उच्च मध्य युग की अवधि के रूप में बताया जाता है.
A:","जिस समय घटनाएँ हुई उसके युग को सामान्य रूप से यूरोप के इतिहास में 11वीं, 12वीं और 13वीं सदी (AD 1000-1300) में यूरोपियन इतिहास के उच्च मध्य युग की अवधि के रूप में बताया जाता है.","The age where the events took place is commonly referred as the High Middle Ages the period of European history in the 11th, 12th, and 13th centuries (AD 1000–1300).","The period of high middle ages is called as the period of high middle ages because of the high level of development in the field of art, literature, science, and technology.",5.745225104593259,27.959064513515823,eng_Latn," The age where the events took place is commonly referred as the High Middle Ages the period of European history in the 11th, 12th, and 13th centuries (AD 1000–1300).",5.745225104593259,27.959064513515823,7.375,6.25
"Translate the following sentence from Hindi to English:
Q: उच्च मध्य युग आरंभिक मध्य युग से पहले हुआ था और उसके बाद आधुनिक मध्य युग आया जिसका समापन 1500 के आसपास माना जाता है।
A:",उच्च मध्य युग आरंभिक मध्य युग से पहले हुआ था और उसके बाद आधुनिक मध्य युग आया जिसका समापन 1500 के आसपास माना जाता है।,"The High Middle Ages were preceded by the Early Middle Ages and followed by the Late Middle Ages, which by convention ends around 1500.","The Middle Ages were a period of great change and development in the arts, sciences, and technology.",8.93878826461531,25.29612866318871,eng_Latn," The High Middle Ages were preceded by the Early Middle Ages and followed by the Late Middle Ages, which by convention ends around 1500.",8.93878826461531,25.29612866318871,7.875,5.71875
"Translate the following sentence from Hindi to English:
Q: टेक्नोलॉजिकल निर्धारणवाद एक ऐसा शब्द है, जो व्यवहार में विचारों की एक विस्तृत श्रृंखला को शामिल करता है, प्रौद्योगिकी-धक्का या तकनीकी अनिवार्यता से लेकर सख्त अर्थ तक कि मानव नियति वैज्ञानिक कानूनों और प्रौद्योगिकी में उनके प्रदर्शन से जुड़े एक अंतर्निहित तर्क से प्रेरित है।
A:","टेक्नोलॉजिकल निर्धारणवाद एक ऐसा शब्द है, जो व्यवहार में विचारों की एक विस्तृत श्रृंखला को शामिल करता है, प्रौद्योगिकी-धक्का या तकनीकी अनिवार्यता से लेकर सख्त अर्थ तक कि मानव नियति वैज्ञानिक कानूनों और प्रौद्योगिकी में उनके प्रदर्शन से जुड़े एक अंतर्निहित तर्क से प्रेरित है।","Technological determinism is a term that encompasses a wide range of ideas in practice, from technology-push or the technological imperative to a strict sense that human destiny is driven by an underlying logic associated with scientific laws and their manifestation in technology.","Technological determinism is a term that includes a wide range of ideas in practice, from technological determinism to strict meanings that human destiny is determined by scientific laws and technology.",32.52014792787899,58.05207965404955,eng_Latn," Technological determinism is a term that encompasses a wide range of ideas in practice, from technology-push or the technological imperative to a strict sense that human destiny is driven by an underlying logic associated with scientific laws and their manifestation in technology.",32.52014792787899,58.05207965404955,3.078125,3.15625
"Translate the following sentence from Hindi to English:
Q: तकनीकी निर्धारण की ज़्यादातर व्याख्याएँ दो सामान्य विचारों के बारे में बताती हैं: तकनीकी विकास पर सांस्कृतिक या राजनीतिक असर का कोई भी प्रभाव नहीं पड़ता है और परिणामस्वरूप सामाजिक रूप से अनुकूलित होने के बजाय वह तकनीक निहित समाजों को “प्रभावित” करती है.
A:",तकनीकी निर्धारण की ज़्यादातर व्याख्याएँ दो सामान्य विचारों के बारे में बताती हैं: तकनीकी विकास पर सांस्कृतिक या राजनीतिक असर का कोई भी प्रभाव नहीं पड़ता है और परिणामस्वरूप सामाजिक रूप से अनुकूलित होने के बजाय वह तकनीक निहित समाजों को “प्रभावित” करती है.,"Most interpretations of technological determinism share two general ideas: that the development of technology itself follows a path largely beyond cultural or political influence, and that technology in turn has ""effects"" on societies that are inherent, rather than socially conditioned.",Most interpretations of technology are about the relationship between technology and society.,1.284543321907965,22.062336439017606,eng_Latn," Most interpretations of technological determinism share two general ideas: that the development of technology itself follows a path largely beyond cultural or political influence, and that technology in turn has ""effects"" on societies that are inherent, rather than socially conditioned.",1.284543321907965,22.062336439017606,14.375,15.4375
"Translate the following sentence from Hindi to English:
Q: उदाहरण के लिए, कोई कह सकता है कि मोटर कार आवश्यक रूप से सड़कों के विकास को प्रभावित करती हैं।
A:","उदाहरण के लिए, कोई कह सकता है कि मोटर कार आवश्यक रूप से सड़कों के विकास को प्रभावित करती हैं।","For example, one might say that the motor car necessarily leads to the development of roads.","For example, one can say that motor cars are necessary for the development of roads.",39.569555015790975,62.73856593328902,eng_Latn," For example, one might say that the motor car necessarily leads to the development of roads.",39.569555015790975,62.73856593328902,6.15625,3.53125
"Translate the following sentence from Hindi to English:
Q: हालाँकि, देशभर में बिछा सड़कों का जाल सिर्फ़ मुट्ठीभर कारों के लिए किफ़ायती नहीं था, इसलिए कार खरीदने का खर्च कम करने क लिए उत्पादन के नए-नए तरीके विकसित किए गए.
A:","हालाँकि, देशभर में बिछा सड़कों का जाल सिर्फ़ मुट्ठीभर कारों के लिए किफ़ायती नहीं था, इसलिए कार खरीदने का खर्च कम करने क लिए उत्पादन के नए-नए तरीके विकसित किए गए.","However, a nationwide road network is not economically viable for just a handful of cars, so new methods of production are developed to reduce the cost of car ownership.","However, the new ways of production were developed to reduce the cost of car buying.",13.47051188657706,38.46932094264462,eng_Latn," However, a nationwide road network is not economically viable for just a handful of cars, so new methods of production are developed to reduce the cost of car ownership.",13.47051188657706,38.46932094264462,12.3125,11.0
"Translate the following sentence from Hindi to English:
Q: सड़कों पर ज़्यादा दुर्घटना की वजह बहुत ज़्यादा कार ओनरशिप है, जिससे शरीर में हुई टूट-फूट को सुधारने के लिए हेल्थकेयर में नई तकनीकों के आविष्कार को बढ़ावा मिला है.
A:","सड़कों पर ज़्यादा दुर्घटना की वजह बहुत ज़्यादा कार ओनरशिप है, जिससे शरीर में हुई टूट-फूट को सुधारने के लिए हेल्थकेयर में नई तकनीकों के आविष्कार को बढ़ावा मिला है.","Mass car ownership also leads to a higher incidence of accidents on the roads, which leads to the invention of new techniques in healthcare for repairing damaged bodies.","There is a lot of car ownership in the country, which is why there is a lot of traffic on the roads.",10.439608814818708,26.48071890551662,eng_Latn," Mass car ownership also leads to a higher incidence of accidents on the roads, which leads to the invention of new techniques in healthcare for repairing damaged bodies.",10.439608814818708,26.48071890551662,12.6875,11.0625
"Translate the following sentence from Hindi to English:
Q: रूमानियत में सांस्कृतिक नियतिवाद का बड़ा तत्व था, जो गोएथे, फिच्ते और श्लेगल जैसे लेखकों से लिया गया.
A:","रूमानियत में सांस्कृतिक नियतिवाद का बड़ा तत्व था, जो गोएथे, फिच्ते और श्लेगल जैसे लेखकों से लिया गया.","Romanticism had a large element of cultural determinism, drawn from writers such as Goethe, Fichte, and Schlegel.","Romanticism was a major element in cultural determinism, which was taken from Goethe, Fichte and Schlegel.",36.435003968662905,56.79844830991874,eng_Latn," Romanticism had a large element of cultural determinism, drawn from writers such as Goethe, Fichte, and Schlegel.",36.435003968662905,56.79844830991874,4.71875,4.6875
"Translate the following sentence from Hindi to English:
Q: स्वच्छंदतावाद के संदर्भ में, भूगोल ने व्यक्तियों को ढाला और समय के साथ-साथ उस भूगोल से जुड़े रीति-रिवाज और संस्कृति उत्पन्न हुई. समाज के स्थान के मुताबिक होने की वजह से ये लोग मनमाने ढंग से लगाए गए कानूनों से कहीं बेहतर थे.
A:","स्वच्छंदतावाद के संदर्भ में, भूगोल ने व्यक्तियों को ढाला और समय के साथ-साथ उस भूगोल से जुड़े रीति-रिवाज और संस्कृति उत्पन्न हुई. समाज के स्थान के मुताबिक होने की वजह से ये लोग मनमाने ढंग से लगाए गए कानूनों से कहीं बेहतर थे.","In the context of Romanticism, the geography molded individuals, and over time customs and culture related to that geography arose, and these, being in harmony with the place of the society, were better than arbitrarily imposed laws.","In the context of freedom, geography has shaped and created customs and cultures that are associated with it.",4.03105792357038,25.900708232824364,eng_Latn," In the context of Romanticism, the geography molded individuals, and over time customs and culture related to that geography arose, and these, being in harmony with the place of the society, were better than arbitrarily imposed laws.",4.03105792357038,25.900708232824364,12.4375,10.5625
"Translate the following sentence from Hindi to English:
Q: जिस तरह पेरिस को आज की दुनिया की फ़ैशन राजधानी के रूप में जाना जाता है उसी तरह कॉन्स्टेंटिनोपल को सामंती यूरोप की फैशन राजधानी के रूप में माना जाता था.
A:",जिस तरह पेरिस को आज की दुनिया की फ़ैशन राजधानी के रूप में जाना जाता है उसी तरह कॉन्स्टेंटिनोपल को सामंती यूरोप की फैशन राजधानी के रूप में माना जाता था.,"In the manner that Paris is known as the fashion capital of the contemporary world, Constantinople was regarded as the fashion capital of feudal Europe.","Just as Paris was the fashion capital of the world, Constantinople was the fashion capital of the world.",30.09924140407237,55.29267332270662,eng_Latn," In the manner that Paris is known as the fashion capital of the contemporary world, Constantinople was regarded as the fashion capital of feudal Europe.",30.09924140407237,55.29267332270662,8.375,7.96875
"Translate the following sentence from Hindi to English:
Q: विलासिता के एक उपरिकेंद्र होने के लिए इसको लगभग 400 A.D से  1100 A.D तक जाना गया।
A:",विलासिता के एक उपरिकेंद्र होने के लिए इसको लगभग 400 A.D से  1100 A.D तक जाना गया।,Its renown for being an epicenter of luxury began in about 400 A.D. and lasted up until about 1100 A.D.,It was believed that the city of Varanasi was the center of the world.,1.1254195166774048,13.776183491971189,eng_Latn, Its renown for being an epicenter of luxury began in about 400 A.D. and lasted up until about 1100 A.D.,1.1254195166774048,13.776183491971189,16.0,15.5
"Translate the following sentence from Hindi to English:
Q: इसकी स्थिति बारहवीं शताब्दी के दौरान मुख्य रूप से इस बात के कारण घट गई थी कि धर्म योद्धा रेशम और मसालों जैसे उपहार ले कर आए, जो कि बाइज़ेन्टिन बाजारों की पेशकश की तुलना में अधिक मूल्यवान थे।
A:","इसकी स्थिति बारहवीं शताब्दी के दौरान मुख्य रूप से इस बात के कारण घट गई थी कि धर्म योद्धा रेशम और मसालों जैसे उपहार ले कर आए, जो कि बाइज़ेन्टिन बाजारों की पेशकश की तुलना में अधिक मूल्यवान थे।",Its status declined during the twelfth century mainly due to the fact that Crusaders had returned bearing gifts such as silks and spices that were valued more than what Byzantine markets offered.,The situation of the silk route declined during the 12th century due to the fact that the silk route was no longer a profitable trade route.,14.952098429502273,31.221593176763157,eng_Latn, Its status declined during the twelfth century mainly due to the fact that Crusaders had returned bearing gifts such as silks and spices that were valued more than what Byzantine markets offered.,14.952098429502273,31.221593176763157,7.9375,6.625
"Translate the following sentence from Hindi to English:
Q: यह वो समय था जब कॉन्स्टेंटिनोपल को हटाकर पेरिस को फैशन राजधानी का खिताब दिया गया था।
A:",यह वो समय था जब कॉन्स्टेंटिनोपल को हटाकर पेरिस को फैशन राजधानी का खिताब दिया गया था।,It was at this time that the transfer of the title of Fashion Capital from Constantinople to Paris was made.,It was the time when Constantinople was removed and Paris was given the title of fashion capital.,11.443496687171514,44.3740285868878,eng_Latn, It was at this time that the transfer of the title of Fashion Capital from Constantinople to Paris was made.,11.443496687171514,44.3740285868878,3.046875,4.875
"Translate the following sentence from Hindi to English:
Q: 10वीं से लेकर 11वीं सदी के बीच और 14वीं सदी में गोथिक स्टाइल चरम पर थी.
A:",10वीं से लेकर 11वीं सदी के बीच और 14वीं सदी में गोथिक स्टाइल चरम पर थी.,Gothic style peaked in the period between the 10th - 11th centuries and the 14th century.,Gothic style was at its peak from 10th to 11th century and from 14th to 15th century.,14.476355589511376,40.04520889932642,eng_Latn, Gothic style peaked in the period between the 10th - 11th centuries and the 14th century.,14.476355589511376,40.04520889932642,2.484375,2.65625
"Translate the following sentence from Hindi to English:
Q: शुरुआत में पोशाक, पूर्व में बीजान्टिन संस्कृति से काफी प्रभावित थी।
A:","शुरुआत में पोशाक, पूर्व में बीजान्टिन संस्कृति से काफी प्रभावित थी।",At the beginning dress was heavily influenced by the Byzantine culture in the east.,"In the beginning, the dress was influenced by the Byzantine culture.",42.240463212242595,66.9935295284623,eng_Latn, At the beginning dress was heavily influenced by the Byzantine culture in the east.,42.240463212242595,66.9935295284623,3.21875,3.296875
"Translate the following sentence from Hindi to English:
Q: हालाँकि धीमे कम्युनिकेशन चैनल की वजह से पश्चिम का रहन-सहन 25-30 साल पीछे जा सकता है.
A:",हालाँकि धीमे कम्युनिकेशन चैनल की वजह से पश्चिम का रहन-सहन 25-30 साल पीछे जा सकता है.,"However, due to the slow communication channels, styles in the west could lag behind by 25 to 30 year.","Despite the slow communication channels, the West can lag behind by 25-30 years.",30.155922904344166,52.68605775090942,eng_Latn," However, due to the slow communication channels, styles in the west could lag behind by 25 to 30 year.",30.155922904344166,52.68605775090942,5.65625,5.125
"Translate the following sentence from Hindi to English:
Q: मध्य युग के अंत में पश्चिमी यूरोप ने अपनी शैली विकसित करना शुरू कर दिया. धर्मयुद्ध के परिणामस्वरूप उस समय के सबसे बड़े विकास में से एक लोगों ने कपड़ों को बाँधने के लिए बटन का उपयोग करना शुरू किया
A:",मध्य युग के अंत में पश्चिमी यूरोप ने अपनी शैली विकसित करना शुरू कर दिया. धर्मयुद्ध के परिणामस्वरूप उस समय के सबसे बड़े विकास में से एक लोगों ने कपड़ों को बाँधने के लिए बटन का उपयोग करना शुरू किया,towards the end of the Middle Ages western Europe began to develop their own style. one of the biggest developments of the time as a result of the crusades people began to use buttons to fasten clothing.,"At the end of the Middle Ages, Western Europe began to develop its own style. As a result of the Crusades, the most significant development of that time was the use of buttons to fasten clothes.",34.140444681231784,61.21508543580118,eng_Latn, towards the end of the Middle Ages western Europe began to develop their own style. one of the biggest developments of the time as a result of the crusades people began to use buttons to fasten clothing.,34.140444681231784,61.21508543580118,2.03125,1.5078125
"Translate the following sentence from Hindi to English:
Q: निर्वाह कृषि केवल कृषक तथा उसके परिवार की आवश्यकताओं को पूरा करने और पर्याप्त भोजन उत्पादन के लिए की जाती है।
A:",निर्वाह कृषि केवल कृषक तथा उसके परिवार की आवश्यकताओं को पूरा करने और पर्याप्त भोजन उत्पादन के लिए की जाती है।,Subsistence agriculture is agriculture carried out for the production of enough food to meet just the needs of the agriculturalist and his/her family.,Subsistence farming is a type of farming that is practiced in India.,7.35384910132472,14.731858679586324,eng_Latn, Subsistence agriculture is agriculture carried out for the production of enough food to meet just the needs of the agriculturalist and his/her family.,7.35384910132472,14.731858679586324,7.96875,8.125
"Translate the following sentence from Hindi to English:
Q: जीविका आधारित खेती एक आसान, अक्सर जैविक, प्रणाली है जिसमें ज़्यादा से ज़्यादा फ़सल लेने के लिए स्थानीय भौगोलिक इलाके के सहेजे गए बीज को फ़सल चक्र या दूसरी अपेक्षाकृत आसान तकनीकों का इस्तेमाल किया जाता है.
A:","जीविका आधारित खेती एक आसान, अक्सर जैविक, प्रणाली है जिसमें ज़्यादा से ज़्यादा फ़सल लेने के लिए स्थानीय भौगोलिक इलाके के सहेजे गए बीज को फ़सल चक्र या दूसरी अपेक्षाकृत आसान तकनीकों का इस्तेमाल किया जाता है.","Subsistence agriculture is a simple, often organic, system using saved seed native to the ecoregion combined with crop rotation or other relatively simple techniques to maximize yield.",,0.0,0.0,eng_Latn," Subsistence agriculture is a simple, often organic, system using saved seed native to the ecoregion combined with crop rotation or other relatively simple techniques to maximize yield.",0.0,0.0,17.625,17.75
"Translate the following sentence from Hindi to English:
Q: ऐतिहासिक रूप से ज़्यादातर किसान जीविका आधारित खेती ही करते रहे हैं और अब भी कई विकासशील देशों में यही होता है.
A:",ऐतिहासिक रूप से ज़्यादातर किसान जीविका आधारित खेती ही करते रहे हैं और अब भी कई विकासशील देशों में यही होता है.,Historically most farmers were engaged in subsistence agriculture and this is still the case in many developing nations.,"Historically, most farmers have been subsistence farmers and still are in many developing countries.",14.78385608174628,47.41863020458256,eng_Latn, Historically most farmers were engaged in subsistence agriculture and this is still the case in many developing nations.,14.78385608174628,47.41863020458256,2.34375,2.109375
"Translate the following sentence from Hindi to English:
Q: उपसंस्कृति समान विचारधारा वाले व्यक्तियों को साथ लाती है जो सामाजिक मानकों में अपने आप को पिछड़ा हुआ महसूस करते हैं और उन्हें अपनी पहचान की भावना विकसित करने की अनुमति देते हैं।
A:",उपसंस्कृति समान विचारधारा वाले व्यक्तियों को साथ लाती है जो सामाजिक मानकों में अपने आप को पिछड़ा हुआ महसूस करते हैं और उन्हें अपनी पहचान की भावना विकसित करने की अनुमति देते हैं।,Subcultures bring together like-minded individuals who feel neglected by societal standards and allow them to develop a sense of identity.,Subculture brings together people with similar ideologies who feel that they are socially backward.,3.07016157346834,26.052779662422715,eng_Latn, Subcultures bring together like-minded individuals who feel neglected by societal standards and allow them to develop a sense of identity.,3.07016157346834,26.052779662422715,7.875,5.75
"Translate the following sentence from Hindi to English:
Q: सदस्यों की आयु, नस्ल, वर्ग, स्थान, और/या लिंग की वजह से उपसंस्कृतियों में अंतर हो सकता है.
A:","सदस्यों की आयु, नस्ल, वर्ग, स्थान, और/या लिंग की वजह से उपसंस्कृतियों में अंतर हो सकता है.","Subcultures can be distinctive because of the age, ethnicity, class, location, and/or gender of the members.",Subcultures can be defined as groups of people who share a common culture.,11.763479543242735,24.191558893400693,eng_Latn," Subcultures can be distinctive because of the age, ethnicity, class, location, and/or gender of the members.",11.763479543242735,24.191558893400693,11.5625,7.6875
"Translate the following sentence from Hindi to English:
Q: वे गुण जो किसी उप-संस्कृति को अलग बनाते हैं, जैसे कि भाषा, सौंदर्य, धर्म, राजनीति, यौन, भूगोल या कई सारे कारकों का मिश्रण हो सकते हैं.
A:","वे गुण जो किसी उप-संस्कृति को अलग बनाते हैं, जैसे कि भाषा, सौंदर्य, धर्म, राजनीति, यौन, भूगोल या कई सारे कारकों का मिश्रण हो सकते हैं.","The qualities that determine a subculture as distinct may be linguistic, aesthetic, religious, political, sexual, geographical, or a combination of factors.",The qualities that make a subculture unique are:,4.857438586868735,20.845142709284126,eng_Latn," The qualities that determine a subculture as distinct may be linguistic, aesthetic, religious, political, sexual, geographical, or a combination of factors.",4.857438586868735,20.845142709284126,20.125,16.625
"Translate the following sentence from Hindi to English:
Q: एक उपसंस्कृति के सदस्य अक्सर शैली के एक विशिष्ट और प्रतीकात्मक उपयोग के माध्यम से अपनी सदस्यता का संकेत देते हैं, जिसमें फैशन, तौर-तरीके और ख़ास बोली शामिल हैं।
A:","एक उपसंस्कृति के सदस्य अक्सर शैली के एक विशिष्ट और प्रतीकात्मक उपयोग के माध्यम से अपनी सदस्यता का संकेत देते हैं, जिसमें फैशन, तौर-तरीके और ख़ास बोली शामिल हैं।","Members of a subculture often signal their membership through a distinctive and symbolic use of style, which includes fashions, mannerisms, and argot.","A subculture is a group of people who share a common set of values, beliefs, and practices. They often have a distinct style of dress, language, and behavior.",6.519263396823545,30.098872290329176,eng_Latn," Members of a subculture often signal their membership through a distinctive and symbolic use of style, which includes fashions, mannerisms, and argot.",6.519263396823545,30.098872290329176,0.83984375,1.1015625
"Translate the following sentence from Hindi to English:
Q: समाजीकरण के महत्व को स्पष्ट करने के लिए इस्तेमाल किए जाने वाले सबसे आम तरीकों में से कुछ बच्चों के दुर्भाग्यपूर्ण मामलों को आकर्षित करना है, जो बड़े होने के दौरान वयस्कों द्वारा उपेक्षित नहीं, बल्कि उपेक्षा, दुर्भाग्य या दुर्व्यवहार के माध्यम से होते थे।
A:","समाजीकरण के महत्व को स्पष्ट करने के लिए इस्तेमाल किए जाने वाले सबसे आम तरीकों में से कुछ बच्चों के दुर्भाग्यपूर्ण मामलों को आकर्षित करना है, जो बड़े होने के दौरान वयस्कों द्वारा उपेक्षित नहीं, बल्कि उपेक्षा, दुर्भाग्य या दुर्व्यवहार के माध्यम से होते थे।","One of the most common methods used to illustrate the importance of socialization is to draw upon the few unfortunate cases of children who were, through neglect, misfortune, or wilful abuse, not socialized by adults while they were growing up.",Some of the most common ways to explain the importance of socialization are to show the consequences of not socializing children.,8.623403777992607,33.203901051789295,eng_Latn," One of the most common methods used to illustrate the importance of socialization is to draw upon the few unfortunate cases of children who were, through neglect, misfortune, or wilful abuse, not socialized by adults while they were growing up.",8.623403777992607,33.203901051789295,7.53125,5.875
"Translate the following sentence from Hindi to English:
Q: ऐसे बच्चे “पाशविक प्रवृत्ति वाले” या जंगली कहलाते हैं. कुछ जंगली बच्चों को लोग (ज़्यादातार उनके माता-पिता) दुनिया से अलग रखते हैं. कुछ मामलों में बच्चों की किसी मानसिक या शारीरिक कमी की वजह से माता-पिता ऐसा करते हैं.
A:",ऐसे बच्चे “पाशविक प्रवृत्ति वाले” या जंगली कहलाते हैं. कुछ जंगली बच्चों को लोग (ज़्यादातार उनके माता-पिता) दुनिया से अलग रखते हैं. कुछ मामलों में बच्चों की किसी मानसिक या शारीरिक कमी की वजह से माता-पिता ऐसा करते हैं.,"Such children are called ""feral"" or wild. Some feral children have been confined by people (usually their own parents); in some cases this child abandonment was due to the parents' rejection of a child's severe intellectual or physical impairment.",ऐसे बच्चों को “पाशविक प्रवृत्ति वाले” या जंगली कहा जाता है.,0.24603702214666412,0.3961975671106617,hin_Deva, ऐसे बच्चे “पाशविक प्रवृत्ति वाले” या जंगली कहलाते हैं. कुछ जंगली बच्चों को लोग (ज़्यादातार उनके माता-पिता) दुनिया से अलग रखते हैं. कुछ मामलों में बच्चों की किसी मानसिक या शारीरिक कमी की वजह से माता-पिता ऐसा करते हैं.,6.50121641469904,23.724493818698438,21.875,21.125
"Translate the following sentence from Hindi to English:
Q: यह संभव है की बंदी बच्चों ने छोड़े जाने या  भागने से पहले गंभीर बाल दुर्व्यवहार या आघात का सामना करा हो |
A:",यह संभव है की बंदी बच्चों ने छोड़े जाने या  भागने से पहले गंभीर बाल दुर्व्यवहार या आघात का सामना करा हो |,Feral children may have experienced severe child abuse or trauma before being abandoned or running away.,It is possible that the children have been subjected to serious abuse or neglect before being detained.,5.538696232597744,31.478058914038208,eng_Latn, Feral children may have experienced severe child abuse or trauma before being abandoned or running away.,5.538696232597744,31.478058914038208,7.53125,7.75
"Translate the following sentence from Hindi to English:
Q: दूसरों को कथित तौर पर जानवरों से ढोकर लाया गया था; कुछ के बारे में कहा जाता है कि वे खुद ही जंगल में रह रहे थे.
A:",दूसरों को कथित तौर पर जानवरों से ढोकर लाया गया था; कुछ के बारे में कहा जाता है कि वे खुद ही जंगल में रह रहे थे.,Others are alleged to have been brought up by animals; some are said to have lived in the wild on their own.,It is said that some of them were brought to the forest by the British.,2.1292409395670777,19.84802932074837,eng_Latn, Others are alleged to have been brought up by animals; some are said to have lived in the wild on their own.,2.1292409395670777,19.84802932074837,16.375,15.125
"Translate the following sentence from Hindi to English:
Q: पूरी तरह से गैर-मानवीय जानवरों पर ढोकर लाए जाने के बाद, जंगली बच्चा करीब-करीब वैसा ही बर्ताव (शारीरिक सीमाओं के भीतर) करते हैं जैसा खास-देखभाल वाले जानवर करते हैं, जैसे कि इंसानों से डर या बेपरवाही.
A:","पूरी तरह से गैर-मानवीय जानवरों पर ढोकर लाए जाने के बाद, जंगली बच्चा करीब-करीब वैसा ही बर्ताव (शारीरिक सीमाओं के भीतर) करते हैं जैसा खास-देखभाल वाले जानवर करते हैं, जैसे कि इंसानों से डर या बेपरवाही.","When completely brought up by non-human animals, the feral child exhibits behaviors (within physical limits) almost entirely like those of the particular care-animal, such as its fear of or indifference to humans.","After being transported to a zoo, the wild child behaves like a special-care animal.",1.111653169408064,13.458874534902721,eng_Latn," When completely brought up by non-human animals, the feral child exhibits behaviors (within physical limits) almost entirely like those of the particular care-animal, such as its fear of or indifference to humans.",1.111653169408064,13.458874534902721,10.8125,10.6875
"Translate the following sentence from Hindi to English:
Q: जबकि प्रोजेक्ट आधारित लर्निंग को, लर्निंग को और आसान और अधिक दिलचस्प बनाना चाहिए, स्कैफोल्डिंग इससे भी एक कदम आगे जाती है.
A:","जबकि प्रोजेक्ट आधारित लर्निंग को, लर्निंग को और आसान और अधिक दिलचस्प बनाना चाहिए, स्कैफोल्डिंग इससे भी एक कदम आगे जाती है.","While project based learning should make learning easier and more interesting, scaffolding goes a step beyond.","While project based learning makes learning more interesting and easier, scaffolding takes it a step further.",35.55304670431184,62.68524347963085,eng_Latn," While project based learning should make learning easier and more interesting, scaffolding goes a step beyond.",35.55304670431184,62.68524347963085,1.1171875,0.84375
"Translate the following sentence from Hindi to English:
Q: स्कैफ़ोल्डिंग सीखने की एक विधि नहीं है, बल्कि ऐसे लोगों को मददगार होती है जो किसी नई चीज़ को सीख रहे हों जैसे नया कंप्यूटर प्रोग्राम चलना या एक नया प्रोजेक्ट शुरू करना.
A:","स्कैफ़ोल्डिंग सीखने की एक विधि नहीं है, बल्कि ऐसे लोगों को मददगार होती है जो किसी नई चीज़ को सीख रहे हों जैसे नया कंप्यूटर प्रोग्राम चलना या एक नया प्रोजेक्ट शुरू करना.",Scaffolding is not a method of learning but rather an aid that provides support to individuals whom are undergoing a new learning experience such as using a new computer program or beginning a new project.,"Scaffolding is not a method of learning, but it is a way of teaching.",18.061962953026825,24.53043933736316,eng_Latn, Scaffolding is not a method of learning but rather an aid that provides support to individuals whom are undergoing a new learning experience such as using a new computer program or beginning a new project.,18.061962953026825,24.53043933736316,13.875,9.25
"Translate the following sentence from Hindi to English:
Q: स्कैफ़ोल्ड वर्चुअल भी हो सकते हैं और असली भी, दूसरे शब्दों में, टीचर एक तरह के स्कैफ़ोल्ड होते हैं लेकिन Microsoft Office का पेपरक्लिप मैन भी वही है.
A:","स्कैफ़ोल्ड वर्चुअल भी हो सकते हैं और असली भी, दूसरे शब्दों में, टीचर एक तरह के स्कैफ़ोल्ड होते हैं लेकिन Microsoft Office का पेपरक्लिप मैन भी वही है.","Scaffolds can be both virtual and real, in other words, a teacher is a form of scaffold but so is the little paperclip man in Microsoft Office.","Scaffolding can be virtual or real, in other words, a teacher is a kind of scaffolding but Microsoft Office is also a kind of scaffolding.",37.54453237069206,55.685477892125746,eng_Latn," Scaffolds can be both virtual and real, in other words, a teacher is a form of scaffold but so is the little paperclip man in Microsoft Office.",37.54453237069206,55.685477892125746,6.0625,4.71875
"Translate the following sentence from Hindi to English:
Q: वर्चुअल स्कैफ़ोल्ड सॉफ़्टवेयर का ही अंदरूनी हिस्सा होते हैं और वे ऐसी प्रक्रियाओं पर सवाल उठाते हैं, उनका संकेत देते हैं और उनके बारे में जानकारी देते हैं जो छात्र के लिए अकेले संभालने में चुनौती भरी होती हैं.
A:","वर्चुअल स्कैफ़ोल्ड सॉफ़्टवेयर का ही अंदरूनी हिस्सा होते हैं और वे ऐसी प्रक्रियाओं पर सवाल उठाते हैं, उनका संकेत देते हैं और उनके बारे में जानकारी देते हैं जो छात्र के लिए अकेले संभालने में चुनौती भरी होती हैं.","Virtual Scaffolds are internalized in the software and are meant to question, prompt, and explain procedures that may have been to challenging for the student to handle alone.",The scaffolding software is the internal part of the software.,1.4836993870208715,18.14197033560888,eng_Latn," Virtual Scaffolds are internalized in the software and are meant to question, prompt, and explain procedures that may have been to challenging for the student to handle alone.",1.4836993870208715,18.14197033560888,19.625,16.25
"Translate the following sentence from Hindi to English:
Q: बच्चों को कई वजहों से फ़ॉस्टर केयर में रखा जाता है, जिनमें अनदेखी करना, बुरा बर्ताव करना, और यहां तक कि ज़बरदस्ती वसूली करना भी शामिल है.
A:","बच्चों को कई वजहों से फ़ॉस्टर केयर में रखा जाता है, जिनमें अनदेखी करना, बुरा बर्ताव करना, और यहां तक कि ज़बरदस्ती वसूली करना भी शामिल है.","Children are placed in Foster Care for a wide variety of reasons that range from neglect, to abuse, and even to extortion.","Children are placed in foster care for many reasons, including neglect, abuse, and even forced adoption.",26.468226446559317,48.227786875653,eng_Latn," Children are placed in Foster Care for a wide variety of reasons that range from neglect, to abuse, and even to extortion.",26.468226446559317,48.227786875653,3.71875,4.34375
"Translate the following sentence from Hindi to English:
Q: किसी भी बच्चे को कभी भी ऐसे वातावरण में नहीं बढ़ना चाहिए जो कि पालन पोषण करने, देखभाल करने वाला और शैक्षणिक न हो, लेकिन वे बढ़ रहे हैं.
A:","किसी भी बच्चे को कभी भी ऐसे वातावरण में नहीं बढ़ना चाहिए जो कि पालन पोषण करने, देखभाल करने वाला और शैक्षणिक न हो, लेकिन वे बढ़ रहे हैं.","No child should ever have to grow up in an environment that is not nurturing, caring, and educational, but they do.","No child should grow up in an environment that is not nurturing, caring, and educational.",64.21524067900995,76.42436819213235,eng_Latn," No child should ever have to grow up in an environment that is not nurturing, caring, and educational, but they do.",64.21524067900995,76.42436819213235,3.5625,4.4375
"Translate the following sentence from Hindi to English:
Q: हम फोस्टर केयर सिस्टम को इन बच्चों के लिए एक सुरक्षित क्षेत्र मानते हैं।
A:",हम फोस्टर केयर सिस्टम को इन बच्चों के लिए एक सुरक्षित क्षेत्र मानते हैं।,We perceive the Foster Care System to be a safety zone for these children.,We consider foster care system as a safe place for these children.,17.055805176321822,42.40210240626742,eng_Latn, We perceive the Foster Care System to be a safety zone for these children.,17.055805176321822,42.40210240626742,1.09375,0.94140625
"Translate the following sentence from Hindi to English:
Q: हमारा पालक देखभाल प्रणाली प्रदान करता है सुरक्षित घर, प्यार से भरा देखभाल, स्थिर शिक्षा और विश्वसनीय स्वास्थ्य देखभाल।
A:","हमारा पालक देखभाल प्रणाली प्रदान करता है सुरक्षित घर, प्यार से भरा देखभाल, स्थिर शिक्षा और विश्वसनीय स्वास्थ्य देखभाल।","Our foster care system is supposed to provide safe homes, loving caregivers, stable education, and reliable health care.","Our care system provides safe homes, loving care, stable education, and reliable health care.",45.679209798428026,70.73592156270259,eng_Latn," Our foster care system is supposed to provide safe homes, loving caregivers, stable education, and reliable health care.",45.679209798428026,70.73592156270259,1.1484375,1.9765625
"Translate the following sentence from Hindi to English:
Q: फ़ॉस्टर केयर उन सभी तरह की ज़रूरतों को पूरा करने के लिए होते हैं जो उस घर में नहीं मिल रही थीं जहां से उन्हें लाया गया था.
A:",फ़ॉस्टर केयर उन सभी तरह की ज़रूरतों को पूरा करने के लिए होते हैं जो उस घर में नहीं मिल रही थीं जहां से उन्हें लाया गया था.,Foster care is supposed to provide all the necessities that were lacking in the home they were previously taken from.,Foster care is a system of care for children who have been removed from their homes and placed in a temporary home.,7.238177794755686,25.10161085417211,eng_Latn, Foster care is supposed to provide all the necessities that were lacking in the home they were previously taken from.,7.238177794755686,25.10161085417211,2.1875,2.0625
"Translate the following sentence from Hindi to English:
Q: इंटरनेट, लोगों और अंतर-परस्पर संचार, दोनों के तत्वों को मिलाता है.
A:","इंटरनेट, लोगों और अंतर-परस्पर संचार, दोनों के तत्वों को मिलाता है.",The Internet combines elements of both mass and interpersonal communication.,Internet is a network of networks.,3.667862829704212,15.776574952775777,eng_Latn, The Internet combines elements of both mass and interpersonal communication.,3.667862829704212,15.776574952775777,12.4375,16.25
"Translate the following sentence from Hindi to English:
Q: इंटरनेट की अलग-अलग विशेषताएँ उपयोग और संतुष्टि के दृष्टिकोण के संदर्भ में अतिरिक्त आयामों की ओर ले जाती हैं.
A:",इंटरनेट की अलग-अलग विशेषताएँ उपयोग और संतुष्टि के दृष्टिकोण के संदर्भ में अतिरिक्त आयामों की ओर ले जाती हैं.,The distinct characteristics of the Internet lead to additional dimensions in terms of the uses and gratifications approach.,The Internet has a number of features that are useful for different purposes.,1.9660670751694698,18.048638913122062,eng_Latn, The distinct characteristics of the Internet lead to additional dimensions in terms of the uses and gratifications approach.,1.9660670751694698,18.048638913122062,4.84375,5.1875
"Translate the following sentence from Hindi to English:
Q: उदाहरण के लिए, “लर्निंग” और “सोशलाइजेशन” को इंटरनेट इस्तेमाल करने की अहम वजह के तौर पर बताया गया है (जेम्स एट अल., 1995).
A:","उदाहरण के लिए, “लर्निंग” और “सोशलाइजेशन” को इंटरनेट इस्तेमाल करने की अहम वजह के तौर पर बताया गया है (जेम्स एट अल., 1995).","For example, “learning” and “socialization” are suggested as important motivations for Internet use (James et al., 1995).","For example, “learning” and “socialization” are important reasons for using the internet.",45.045672124769744,53.81394022059499,eng_Latn," For example, “learning” and “socialization” are suggested as important motivations for Internet use (James et al., 1995).",45.045672124769744,53.81394022059499,7.09375,4.875
"Translate the following sentence from Hindi to English:
Q: “जब ऐमी और मॅकॉर्ड (1998) ने वेबसाइटों पर दर्शकों की प्रतिक्रियाओं की जांच-पड़ताल की थी, तब “निजी भागीदारी” और “सतत संबंध” को भी प्रेरणा देने वाले नए पहलूओं के तौर पर पहचान हुई.
A:","“जब ऐमी और मॅकॉर्ड (1998) ने वेबसाइटों पर दर्शकों की प्रतिक्रियाओं की जांच-पड़ताल की थी, तब “निजी भागीदारी” और “सतत संबंध” को भी प्रेरणा देने वाले नए पहलूओं के तौर पर पहचान हुई.",“Personal involvement” and “continuing relationships” were also identified as new motivation aspects by Eighmey and McCord (1998) when they investigated audience reactions to websites.,"When Amy and MacCord (1998) examined the responses of the audience to the websites, they found that the audience was not only interested in the content of the website but also in the way the website was designed.",4.187959153642702,28.245153297727104,eng_Latn, “Personal involvement” and “continuing relationships” were also identified as new motivation aspects by Eighmey and McCord (1998) when they investigated audience reactions to websites.,4.187959153642702,28.245153297727104,6.59375,8.125
"Translate the following sentence from Hindi to English:
Q: माइक्रो-एक्सप्रेशन्स, फ़ेशियल मूवमेंट्स जिसमें कुछ मिलीसेकंड्स लगते हैं, उसकी व्याख्या करने में वीडियो रिकॉर्डिंग के इस्तेमाल ने महत्वपूर्ण खोजों को बढ़ावा दिया है.
A:","माइक्रो-एक्सप्रेशन्स, फ़ेशियल मूवमेंट्स जिसमें कुछ मिलीसेकंड्स लगते हैं, उसकी व्याख्या करने में वीडियो रिकॉर्डिंग के इस्तेमाल ने महत्वपूर्ण खोजों को बढ़ावा दिया है.","The use of video recording has led to important discoveries in the interpretation of micro-expressions, facial movements which last a few milliseconds.",The use of video recording has helped in the discovery of micro-expressions.,23.28492344524657,42.20987565950086,eng_Latn," The use of video recording has led to important discoveries in the interpretation of micro-expressions, facial movements which last a few milliseconds.",23.28492344524657,42.20987565950086,8.875,8.0
"Translate the following sentence from Hindi to English:
Q: विशेष रूप से, यह दावा किया जाता है कि किसी व्यक्ति की सूक्ष्म अभिव्यक्तियों की सही व्याख्या करके यह समझा सकता है कि वह झूठ बोल रहा है या नहीं।
A:","विशेष रूप से, यह दावा किया जाता है कि किसी व्यक्ति की सूक्ष्म अभिव्यक्तियों की सही व्याख्या करके यह समझा सकता है कि वह झूठ बोल रहा है या नहीं।","In particular, it is claimed that one can detect whether a person is lying by interpreting micro-expressions correctly.",It is claimed that a person's micro-expressions can be interpreted to determine whether they are lying or not.,25.983833013159888,46.57209412649305,eng_Latn," In particular, it is claimed that one can detect whether a person is lying by interpreting micro-expressions correctly.",25.983833013159888,46.57209412649305,3.34375,2.546875
"Translate the following sentence from Hindi to English:
Q: ओलिवर सैक्स ने अपने पेपर द प्रेसिडेंट स्पीच में संकेत दिया कि कैसे जो लोग दिमागी नुकसान के कारण भाषण को समझ नहीं पाते हैं फिर भी वे ईमानदारी का सही आकलन कर पाते हैं.
A:",ओलिवर सैक्स ने अपने पेपर द प्रेसिडेंट स्पीच में संकेत दिया कि कैसे जो लोग दिमागी नुकसान के कारण भाषण को समझ नहीं पाते हैं फिर भी वे ईमानदारी का सही आकलन कर पाते हैं.,"Oliver Sacks, in his paper The President's Speech, indicated how people who are unable to understand speech because of brain damage are nevertheless able to assess sincerity accurately.","Oliver Sacks, a neurologist, has written a book called ""The Mind's Eye"" in which he describes how the brain works. He has also written a book called ""The Man Who Mistook His Wife for a Hat"" in which he describes how the brain works.",5.236536562676534,22.515065359096482,eng_Latn," Oliver Sacks, in his paper The President's Speech, indicated how people who are unable to understand speech because of brain damage are nevertheless able to assess sincerity accurately.",5.236536562676534,22.515065359096482,16.0,16.125
"Translate the following sentence from Hindi to English:
Q: वे यह भी सुझाव देते हैं कि मानव व्यवहार में व्याख्या करने की जो क्षमताएँ हैं उसे पालतू कुत्ते जैसे जानवर के ज़रिए भी शेयर किया जा सकता है.
A:",वे यह भी सुझाव देते हैं कि मानव व्यवहार में व्याख्या करने की जो क्षमताएँ हैं उसे पालतू कुत्ते जैसे जानवर के ज़रिए भी शेयर किया जा सकता है.,He even suggests that such abilities in interpreting human behavior may be shared by animals such as domestic dogs.,They also suggest that the capacity of interpretation in human behavior can also be shared by animals like dogs.,15.1240443751577,45.51722562159213,eng_Latn, He even suggests that such abilities in interpreting human behavior may be shared by animals such as domestic dogs.,15.1240443751577,45.51722562159213,3.515625,3.515625
"Translate the following sentence from Hindi to English:
Q: बीसवीं सदी के शोध से पता चला है कि आनुवंशिक भिन्नता के दो पूल हैं: छुपा हुआ और अभिव्यक्त.
A:",बीसवीं सदी के शोध से पता चला है कि आनुवंशिक भिन्नता के दो पूल हैं: छुपा हुआ और अभिव्यक्त.,Twentieth century research has shown that there are two pools of genetic variation: hidden and expressed.,The hidden pool is the one that is not expressed.,3.279191078745213,21.679427586746733,eng_Latn, Twentieth century research has shown that there are two pools of genetic variation: hidden and expressed.,3.279191078745213,21.679427586746733,15.625,14.5
"Translate the following sentence from Hindi to English:
Q: उत्परिवर्तन नई आनुवंशिक भिन्नता जोड़ता है, और चयन इसे व्यक्त भिन्नता के पूल से निकाल देता है.
A:","उत्परिवर्तन नई आनुवंशिक भिन्नता जोड़ता है, और चयन इसे व्यक्त भिन्नता के पूल से निकाल देता है.","Mutation adds new genetic variation, and selection removes it from the pool of expressed variation.","Mutation adds new genetic variation, and selection removes the expression of that variation.",66.35367725332668,74.55532094263634,eng_Latn," Mutation adds new genetic variation, and selection removes it from the pool of expressed variation.",66.35367725332668,74.55532094263634,1.859375,0.859375
"Translate the following sentence from Hindi to English:
Q: अलगाव और पुनर्संयोजन भिन्नता प्रत्येक पीढ़ी के साथ दो पूलों के बीच आगे-पीछे होती रहती है।
A:",अलगाव और पुनर्संयोजन भिन्नता प्रत्येक पीढ़ी के साथ दो पूलों के बीच आगे-पीछे होती रहती है।,Segregation and recombination shuffle variation back and forth between the two pools with each generation.,"अलगाव और पुनर्संयोजन के कारण, प्रत्येक पीढ़ी में एक अलग सेट होता है।",0.0,0.0,hin_Deva, अलगाव और पुनर्संयोजन भिन्नता प्रत्येक पीढ़ी के साथ दो पूलों के बीच आगे-पीछे होती रहती है।,26.222453531639193,41.48236935105495,6.15625,6.65625
"Translate the following sentence from Hindi to English:
Q: सवाना में, मानव जैसे पाचन तंत्र वाले प्राइमेट के लिए उसकी अमीनो-एसिड आवश्यकताओं को पूरा करने के लिए उपलब्ध पौधे शायद कम पड़ें।
A:","सवाना में, मानव जैसे पाचन तंत्र वाले प्राइमेट के लिए उसकी अमीनो-एसिड आवश्यकताओं को पूरा करने के लिए उपलब्ध पौधे शायद कम पड़ें।","Out on the savanna, it is hard for a primate with a digestive system like that of humans to satisfy its amino-acid requirements from available plant resources.","In savanna, the plant available for the primates may not be sufficient to meet their amino acid requirements.",4.59810669472597,32.23182450981083,eng_Latn," Out on the savanna, it is hard for a primate with a digestive system like that of humans to satisfy its amino-acid requirements from available plant resources.",4.59810669472597,32.23182450981083,6.0,5.5625
"Translate the following sentence from Hindi to English:
Q: इसके अतिरिक्ता, ऐसा करने में असफल होने के गंभीर परिणाम होते हैं: अवसाद बढ़ना, कुपोषण और अंततः मृत्यु।
A:","इसके अतिरिक्ता, ऐसा करने में असफल होने के गंभीर परिणाम होते हैं: अवसाद बढ़ना, कुपोषण और अंततः मृत्यु।","Moreover, failure to do so has serious consequences: growth depression, malnutrition, and ultimately death.","In addition to this, there are serious consequences of failure to do so: depression, malnutrition and ultimately death.",41.07267548317981,69.324437300195,eng_Latn," Moreover, failure to do so has serious consequences: growth depression, malnutrition, and ultimately death.",41.07267548317981,69.324437300195,1.34375,1.6640625
"Translate the following sentence from Hindi to English:
Q: पौधों से सबसे आसानी से मिलने वाले संसाधनों में पत्तियों और फलियों में मिलने वाले प्रोटीन होते, लेकिन हम जैसे प्राइमेट्स के लिए उसे पकाए बिना पचाना मुश्किल होता है.
A:","पौधों से सबसे आसानी से मिलने वाले संसाधनों में पत्तियों और फलियों में मिलने वाले प्रोटीन होते, लेकिन हम जैसे प्राइमेट्स के लिए उसे पकाए बिना पचाना मुश्किल होता है.","The most readily accessible plant resources would have been the proteins accessible in leaves and legumes, but these are hard for primates like us to digest unless they are cooked.",Plants are the primary source of protein for humans.,0.45529529510070443,12.823483192079582,eng_Latn," The most readily accessible plant resources would have been the proteins accessible in leaves and legumes, but these are hard for primates like us to digest unless they are cooked.",0.45529529510070443,12.823483192079582,16.375,16.5
"Translate the following sentence from Hindi to English:
Q: इसके विपरीत, पशु खाद्य पदार्थ (चींटियाँ, दीमक, अंडे) न केवल आसानी से पचने योग्य होते हैं, बल्कि वे उच्च मात्रा में प्रोटीन प्रदान करते हैं जिसमें सभी ज़रूरी अमीनो एसिड होते हैं.
A:","इसके विपरीत, पशु खाद्य पदार्थ (चींटियाँ, दीमक, अंडे) न केवल आसानी से पचने योग्य होते हैं, बल्कि वे उच्च मात्रा में प्रोटीन प्रदान करते हैं जिसमें सभी ज़रूरी अमीनो एसिड होते हैं.","In contrast, animal foods (ants, termites, eggs) not only are easily digestible, but they provide high-quantity proteins that contain all the essential amino acids.","In contrast, animal foods are not only easily digestible, but also provide a high amount of protein.",18.090490456015313,42.99729616998348,eng_Latn," In contrast, animal foods (ants, termites, eggs) not only are easily digestible, but they provide high-quantity proteins that contain all the essential amino acids.",18.090490456015313,42.99729616998348,7.15625,6.15625
"Translate the following sentence from Hindi to English:
Q: अगर हमारे अपने पूर्वजों ने अपनी “प्रोटीन की समस्या” को कुछ हद तक उसी तरह सुलझाया, तो हमें आश्चर्यचकित नहीं होना चाहिए, जैसे कि आज के समय में चिंपाजी करते हैं।
A:","अगर हमारे अपने पूर्वजों ने अपनी “प्रोटीन की समस्या” को कुछ हद तक उसी तरह सुलझाया, तो हमें आश्चर्यचकित नहीं होना चाहिए, जैसे कि आज के समय में चिंपाजी करते हैं।","All things considered, we should not be surprised if our own ancestors solved their ""protein problem"" in somewhat the same way that chimps on the savanna do today.","If our ancestors had solved their “protein problem” to some extent, we would not be surprised, as chimpanzees do today.",11.7579354678354,42.4176379734169,eng_Latn," All things considered, we should not be surprised if our own ancestors solved their ""protein problem"" in somewhat the same way that chimps on the savanna do today.",11.7579354678354,42.4176379734169,4.375,5.875
"Translate the following sentence from Hindi to English:
Q: नींद की रुकावट आपके सामान्य नींद की अवधि के दौरान आपको जगाने की प्रक्रिया है और थोड़े समय बाद (10-60 मिनट) यह चली जाती है ।
A:",नींद की रुकावट आपके सामान्य नींद की अवधि के दौरान आपको जगाने की प्रक्रिया है और थोड़े समय बाद (10-60 मिनट) यह चली जाती है ।,Sleep interruption is the process of purposefully awakening during your normal sleep period and falling asleep a short time later (10–60 minutes).,Sleep onset latency is the time it takes to fall asleep.,3.1450608825301956,16.705748895761214,eng_Latn, Sleep interruption is the process of purposefully awakening during your normal sleep period and falling asleep a short time later (10–60 minutes).,3.1450608825301956,16.705748895761214,18.375,18.875
"Translate the following sentence from Hindi to English:
Q: पूरी तरह से जागे बिना आपको चेतना में लाने के लिए अपेक्षाकृत शांत अलार्म घड़ी का उपयोग करके इसे आसानी से किया जा सकता है।
A:",पूरी तरह से जागे बिना आपको चेतना में लाने के लिए अपेक्षाकृत शांत अलार्म घड़ी का उपयोग करके इसे आसानी से किया जा सकता है।,This can be easily done by using a relatively quiet alarm clock to bring you to consciousness without fully waking you.,It can be easily done by using a relatively quiet alarm clock to wake you up.,50.992620852480215,57.4395029559951,eng_Latn, This can be easily done by using a relatively quiet alarm clock to bring you to consciousness without fully waking you.,50.992620852480215,57.4395029559951,5.15625,6.5
"Translate the following sentence from Hindi to English:
Q: यदि आप खुद को अपनी नींद में घड़ी को रीसेट करते हुए पाते हैं, तो इसे कमरे के दूसरी तरफ रखिये , जिससे आपको इसे बंद करने के लिए बिस्तर से मजबूरन उठना ही पड़ेगा ।
A:","यदि आप खुद को अपनी नींद में घड़ी को रीसेट करते हुए पाते हैं, तो इसे कमरे के दूसरी तरफ रखिये , जिससे आपको इसे बंद करने के लिए बिस्तर से मजबूरन उठना ही पड़ेगा ।","If you find yourself resetting the clock in your sleep, it can be placed on the other side of the room, forcing you to get out of bed to turn it off.","If you find yourself resetting the clock in your sleep, then you should place it on the other side of the room.",44.942308259506284,61.769647428029906,eng_Latn," If you find yourself resetting the clock in your sleep, it can be placed on the other side of the room, forcing you to get out of bed to turn it off.",44.942308259506284,61.769647428029906,7.71875,3.703125
"Translate the following sentence from Hindi to English:
Q: अन्य बायोरैड-आधारित विकल्पों में सोने से पहले बहुत सारे तरल पदार्थ पीना (विशेष रूप से पानी या चाय, एक प्रचलित मूत्रवर्धक) शामिल है, जिससे व्यक्ति को मूत्र करने के लिए मजबूर होना पड़ता है”.
A:","अन्य बायोरैड-आधारित विकल्पों में सोने से पहले बहुत सारे तरल पदार्थ पीना (विशेष रूप से पानी या चाय, एक प्रचलित मूत्रवर्धक) शामिल है, जिससे व्यक्ति को मूत्र करने के लिए मजबूर होना पड़ता है”.","Other biorhythm-based options involve drinking lots of fluid (particularly water or tea, a known diuretic) prior to sleep, forcing one to get up to urinate.","Other bio-based options include drinking a lot of fluids before bed, which is a popular practice in India.",3.6782658800166006,27.871560348138598,eng_Latn," Other biorhythm-based options involve drinking lots of fluid (particularly water or tea, a known diuretic) prior to sleep, forcing one to get up to urinate.",3.6782658800166006,27.871560348138598,12.625,10.5
"Translate the following sentence from Hindi to English:
Q: किसी व्यक्ति में जितनी आंतरिक शांति होती है वह उसके शरीर और आत्मा में मौजूद तनाव की मात्रा के विपरीत सहसंबंधित होती है.
A:",किसी व्यक्ति में जितनी आंतरिक शांति होती है वह उसके शरीर और आत्मा में मौजूद तनाव की मात्रा के विपरीत सहसंबंधित होती है.,The amount of inner peace a person possesses correlates oppositely to the amount of tension in one’s body and spirit.,"The more internal peace a person has, the less stress they have.",4.9671015075565395,21.161451296506613,eng_Latn, The amount of inner peace a person possesses correlates oppositely to the amount of tension in one’s body and spirit.,4.9671015075565395,21.161451296506613,5.4375,3.75
"Translate the following sentence from Hindi to English:
Q: जितनी कम चिंता, उतनी ज़्यादा सकारात्मक जीवन ऊर्जा का संचार. हर इंसान परम शांति और संतोष पा सकता है.
A:","जितनी कम चिंता, उतनी ज़्यादा सकारात्मक जीवन ऊर्जा का संचार. हर इंसान परम शांति और संतोष पा सकता है.","The lower the tension, the more positive the life force present. Every person has the potential to find absolute peace and contentment.","The more you worry, the less positive energy you have.",2.7757753205821616,16.33075015261268,eng_Latn," The lower the tension, the more positive the life force present. Every person has the potential to find absolute peace and contentment.",2.7757753205821616,16.33075015261268,10.0625,11.25
"Translate the following sentence from Hindi to English:
Q: हर कोई ज्ञान प्राप्त कर सकता है। इस लक्ष्य के रास्ते में केवल एक चीज़ है वह है हमारा अपने तनाव और नकारात्मकता।
A:",हर कोई ज्ञान प्राप्त कर सकता है। इस लक्ष्य के रास्ते में केवल एक चीज़ है वह है हमारा अपने तनाव और नकारात्मकता।,Everyone can achieve enlightenment. The only thing standing in the way of this goal is our own tension and negativity.,Everyone can achieve this goal.,1.4185241343650172,25.375563942029256,eng_Latn, Everyone can achieve enlightenment. The only thing standing in the way of this goal is our own tension and negativity.,1.4185241343650172,25.375563942029256,23.625,22.125
"Translate the following sentence from Hindi to English:
Q: तिब्बती बौद्ध धर्म बुद्ध की शिक्षाओं पर आधारित है, लेकिन प्रेम के महायान मार्ग और भारतीय योग से बहुत सारी तकनीकों द्वारा इसे बढ़ाया गया.
A:","तिब्बती बौद्ध धर्म बुद्ध की शिक्षाओं पर आधारित है, लेकिन प्रेम के महायान मार्ग और भारतीय योग से बहुत सारी तकनीकों द्वारा इसे बढ़ाया गया.","The Tibetan Buddhism is based on the teachings of Buddha, but were extended by the mahayana path of love and by a lot of techniques from Indian Yoga.","Tibetan Buddhism is based on the teachings of the Buddha, but it has been expanded by the Mahayana path of love.",35.61008643815064,57.69346907939561,eng_Latn," The Tibetan Buddhism is based on the teachings of Buddha, but were extended by the mahayana path of love and by a lot of techniques from Indian Yoga.",35.61008643815064,57.69346907939561,6.125,4.59375
"Translate the following sentence from Hindi to English:
Q: सैद्धांतिक रूप से तिब्बती बौद्ध धर्म बहुत सरल है। इसमें कुंडलिनी योग, ध्यान और सभी को प्रेम से गले लगाने वाला मार्ग शामिल है।
A:","सैद्धांतिक रूप से तिब्बती बौद्ध धर्म बहुत सरल है। इसमें कुंडलिनी योग, ध्यान और सभी को प्रेम से गले लगाने वाला मार्ग शामिल है।","In principle the Tibetan Buddhism is very simple. It consists of Kundalini Yoga, meditation and the path of all-embracing love.","Theoretically, Tibetan Buddhism is very simple. It includes Kundalini Yoga, Meditation and the path of love for all.",42.40803620609198,61.46857105128021,eng_Latn," In principle the Tibetan Buddhism is very simple. It consists of Kundalini Yoga, meditation and the path of all-embracing love.",42.40803620609198,61.46857105128021,1.5546875,1.3125
"Translate the following sentence from Hindi to English:
Q: कुंडलिनी योग के द्वारा कुंडलिनी ऊर्जा (ज्ञान ऊर्जा) को योग मुद्राओं, श्वास अभ्यास, मंत्रों और मानसदर्शन के माध्यम से जागृत किया जाता है।
A:","कुंडलिनी योग के द्वारा कुंडलिनी ऊर्जा (ज्ञान ऊर्जा) को योग मुद्राओं, श्वास अभ्यास, मंत्रों और मानसदर्शन के माध्यम से जागृत किया जाता है।","With Kundalini Yoga the Kundalini energy (enlightenment energy) is awakened through yoga postures, breathing exercises, mantras and visualizations.",Kundalini Yoga is a form of yoga that is practiced in India. Kundalini Yoga is a form of yoga that is practiced in India. Kundalini Yoga is a form of yoga that is practiced in India. Kundalini Yoga is a form of yoga that is practiced in India. Kundalini Yoga is a form of yoga that is practiced in India. Kundalini Yoga is a form of yoga that is practiced in India. Kundalini Yoga is a form of yoga that is practiced in India. Kundalini,1.817001859640374,18.77706860350934,eng_Latn," With Kundalini Yoga the Kundalini energy (enlightenment energy) is awakened through yoga postures, breathing exercises, mantras and visualizations.",1.817001859640374,18.77706860350934,21.625,24.0
"Translate the following sentence from Hindi to English:
Q: दैव योग तिब्बती ध्यान का केंद्र है. अलग-अलग देवताओं के चित्रण से ऊर्जा चैनलों को साफ़ किया जाता है, चक्रों को सक्रिय किया जाता है और आत्मज्ञान चेतना का निर्माण किया जाता है.
A:","दैव योग तिब्बती ध्यान का केंद्र है. अलग-अलग देवताओं के चित्रण से ऊर्जा चैनलों को साफ़ किया जाता है, चक्रों को सक्रिय किया जाता है और आत्मज्ञान चेतना का निर्माण किया जाता है.","The center of Tibetan meditation is the Deity Yoga. Through the visualization of various deities the energy channels are cleaned, the chakras are activated and the enlightenment consciousness is created.",Dhyan is the center of Tibetan meditation.,1.4106344624584934,19.901498660188743,eng_Latn," The center of Tibetan meditation is the Deity Yoga. Through the visualization of various deities the energy channels are cleaned, the chakras are activated and the enlightenment consciousness is created.",1.4106344624584934,19.901498660188743,19.625,19.125
"Translate the following sentence from Hindi to English:
Q: यूएसएसआर और यूएसए के बीच सहयोग की अगुआई में, द्वितीय विश्व युद्ध में जर्मनी एक आम दुश्मन था. लड़ाई ख़त्म होने के साथ ही सिस्टम, प्रक्रिया और संस्कृति के टकरावों की वजह से देश टूटने लगे थे.
A:","यूएसएसआर और यूएसए के बीच सहयोग की अगुआई में, द्वितीय विश्व युद्ध में जर्मनी एक आम दुश्मन था. लड़ाई ख़त्म होने के साथ ही सिस्टम, प्रक्रिया और संस्कृति के टकरावों की वजह से देश टूटने लगे थे.","Germany was a common enemy in World War 2, leading to cooperation between the USSR and USA. With the end of the war the clashes of system, process and culture led to the countries falling out.","With the collapse of the Soviet Union, the world lost a superpower.",1.7676329701238265,14.387400167317264,eng_Latn," Germany was a common enemy in World War 2, leading to cooperation between the USSR and USA. With the end of the war the clashes of system, process and culture led to the countries falling out.",1.7676329701238265,14.387400167317264,18.0,16.875
"Translate the following sentence from Hindi to English:
Q: लड़ाई के आख़िरी दो सालों में, पहले के साथी अब दुश्मन बन गए थे और शीत युद्ध की शुरुआत हो चुकी थी.
A:","लड़ाई के आख़िरी दो सालों में, पहले के साथी अब दुश्मन बन गए थे और शीत युद्ध की शुरुआत हो चुकी थी.","With two years of the end of the war, the former allies were now enemies and the Cold War began.","In the last two years of the war, the allies had become enemies and the cold war had begun.",32.14110553053943,50.32289491316292,eng_Latn," With two years of the end of the war, the former allies were now enemies and the Cold War began.",32.14110553053943,50.32289491316292,1.7109375,2.375
"Translate the following sentence from Hindi to English:
Q: इसे अगले 40 सालों तक चलना था और यह असली में, छद्म सेनाओं द्वारा, अफ़्रीका से लेकर एशिया तक की युद्धभूमियों पर, अफ़गानिस्तान, क्यूबा और दूसरी कई जगहों पर होना था.
A:","इसे अगले 40 सालों तक चलना था और यह असली में, छद्म सेनाओं द्वारा, अफ़्रीका से लेकर एशिया तक की युद्धभूमियों पर, अफ़गानिस्तान, क्यूबा और दूसरी कई जगहों पर होना था.","It was to last for the next 40 years and would be fought for real, by proxy armies, on battlefields from Africa to Asia, in Afghanistan, Cuba and many other places.","It was to be a real war, a war that would be fought in the jungles of Africa, a war that would be fought in the jungles of Africa, a war that would be fought in the jungles of Africa, a war that would be fought in the jungles of Africa, a war that would be fought in the jungles of Africa, a war that would be fought in the jungles of Africa, a war that would be fought in the jungles of Africa, a war that would be fought in the",3.412485699391873,21.698951503994973,eng_Latn," It was to last for the next 40 years and would be fought for real, by proxy armies, on battlefields from Africa to Asia, in Afghanistan, Cuba and many other places.",3.412485699391873,21.698951503994973,22.125,24.625
"Translate the following sentence from Hindi to English:
Q: 17 सितंबर, 1939 तक, पोलिश रक्षापंक्ति लगभग टूट चुकी थी, और एक अकेली उम्मीद थी पीछे हटना और फिर रोमानियाई ब्रिजहेड के साथ एकजुट होना.
A:","17 सितंबर, 1939 तक, पोलिश रक्षापंक्ति लगभग टूट चुकी थी, और एक अकेली उम्मीद थी पीछे हटना और फिर रोमानियाई ब्रिजहेड के साथ एकजुट होना.","By September 17, 1939, the Polish defense was already broken, and the only hope was to retreat and reorganise along the Romanian bridgehead.","By 17 September, the Polish defence line had almost collapsed, and the only hope was to retreat and then regroup.",33.70932659809657,48.92969045494145,eng_Latn," By September 17, 1939, the Polish defense was already broken, and the only hope was to retreat and reorganise along the Romanian bridgehead.",33.70932659809657,48.92969045494145,5.9375,5.09375
"Translate the following sentence from Hindi to English:
Q: हालाँकि, लगभग रातों-रात इन योजनाओं को तब बनाया गया था जब सोवियत की यूनियन रेड आर्मी के 800,000 से ज़्यादा सैनिकों ने पोलैंड के पूर्वी क्षेत्रों पर हमला करने के बाद प्रवेश करते हुए बेलारूसी और यूक्रेनी मोर्चे खड़े कर दिए थे. उन्होंने यह रिगा शांति संधि, द सोवियत-पॉलिश नॉन-एग्रेशन पैक्ट और अन्य अंतरराष्ट्रीय द्विपक्षीय और बहुपक्षीय दोनों तरह की संधियों का उल्लंघन करते हुए किया था.
A:","हालाँकि, लगभग रातों-रात इन योजनाओं को तब बनाया गया था जब सोवियत की यूनियन रेड आर्मी के 800,000 से ज़्यादा सैनिकों ने पोलैंड के पूर्वी क्षेत्रों पर हमला करने के बाद प्रवेश करते हुए बेलारूसी और यूक्रेनी मोर्चे खड़े कर दिए थे. उन्होंने यह रिगा शांति संधि, द सोवियत-पॉलिश नॉन-एग्रेशन पैक्ट और अन्य अंतरराष्ट्रीय द्विपक्षीय और बहुपक्षीय दोनों तरह की संधियों का उल्लंघन करते हुए किया था.","However, these plans were rendered obsolete nearly overnight, when over 800,000 soldiers from the Soviet's Union Red Army entered and created the Belarussian and Ukrainian fronts after invading the eastern regions of Poland in violation of the Riga Peace Treaty, the Soviet-Polish Non-Aggression Pact, and other international treaties, both bilateral and multilateral.",,0.0,0.0,eng_Latn," However, these plans were rendered obsolete nearly overnight, when over 800,000 soldiers from the Soviet's Union Red Army entered and created the Belarussian and Ukrainian fronts after invading the eastern regions of Poland in violation of the Riga Peace Treaty, the Soviet-Polish Non-Aggression Pact, and other international treaties, both bilateral and multilateral.",0.0,0.0,17.625,19.875
"Translate the following sentence from Hindi to English:
Q: सामान के ट्रांसपोर्ट के लिए जहाज़ों का इस्तेमाल करना समुद्रों के एक सिरे से दूसरे सिरे तक बड़ी मात्रा में लोगों और सामान को लाने और ले जाने का बहुत ज़्यादा प्रभावी तरीका है.
A:",सामान के ट्रांसपोर्ट के लिए जहाज़ों का इस्तेमाल करना समुद्रों के एक सिरे से दूसरे सिरे तक बड़ी मात्रा में लोगों और सामान को लाने और ले जाने का बहुत ज़्यादा प्रभावी तरीका है.,Using ships to transport goods is by far the most efficient way to move large amounts of people and goods across oceans.,The use of ships for transporting goods is a very effective way of bringing and taking people and goods from one end of the sea to the other.,7.660085066026406,35.7883352834831,eng_Latn, Using ships to transport goods is by far the most efficient way to move large amounts of people and goods across oceans.,7.660085066026406,35.7883352834831,3.171875,2.65625
"Translate the following sentence from Hindi to English:
Q: नौसेनाओं का काम पारंपरिक रूप से यह है कि अपने देश के लोगों और सामान को एक स्थान से दूसरे स्थानांतरण करने की क्षमता बनाए रखे ,और साथ ही अपने दुश्मन देश की लोगों और सामान को स्थानांतरण करने की क्षमता में हस्तक्षेप कर सकें |
A:","नौसेनाओं का काम पारंपरिक रूप से यह है कि अपने देश के लोगों और सामान को एक स्थान से दूसरे स्थानांतरण करने की क्षमता बनाए रखे ,और साथ ही अपने दुश्मन देश की लोगों और सामान को स्थानांतरण करने की क्षमता में हस्तक्षेप कर सकें |","The job of navies has traditionally been to ensure that your country maintains the ability to move your people and goods, while at the same time, interfering with your enemy's ability to move his people and goods.",The Navy's traditional role is to maintain the ability to transfer people and goods from one place to another.,4.567258798584684,28.444152699046434,eng_Latn," The job of navies has traditionally been to ensure that your country maintains the ability to move your people and goods, while at the same time, interfering with your enemy's ability to move his people and goods.",4.567258798584684,28.444152699046434,8.625,7.375
"Translate the following sentence from Hindi to English:
Q: इसका सबसे उल्लेखनीय हालिया उदाहरण दूसरे विश्वयुद्ध का उत्तरी अटलांटिक अभियान था। अमेरिकी ब्रिटेन की सहायता करने के लिए अटलांटिक महासागर में सैनिकों और सामग्रियों को स्थानांतरित करने का प्रयास कर रहे थे।
A:",इसका सबसे उल्लेखनीय हालिया उदाहरण दूसरे विश्वयुद्ध का उत्तरी अटलांटिक अभियान था। अमेरिकी ब्रिटेन की सहायता करने के लिए अटलांटिक महासागर में सैनिकों और सामग्रियों को स्थानांतरित करने का प्रयास कर रहे थे।,One of the most noteworthy recent examples of this was the North Atlantic campaign of WWII. The Americans were trying to move men and materials across the Atlantic Ocean to help Britain.,Its most notable recent example was the North Atlantic campaign of World War II.,8.266034747276235,31.56199636391691,eng_Latn, One of the most noteworthy recent examples of this was the North Atlantic campaign of WWII. The Americans were trying to move men and materials across the Atlantic Ocean to help Britain.,8.266034747276235,31.56199636391691,9.6875,11.3125
"Translate the following sentence from Hindi to English:
Q: इसके साथ ही जर्मन नौसेना मुख्य रूप से यू-बोट का इस्तेमाल करते हुए इस ट्रैफिक को रोकने की कोशिश कर रही थी।
A:",इसके साथ ही जर्मन नौसेना मुख्य रूप से यू-बोट का इस्तेमाल करते हुए इस ट्रैफिक को रोकने की कोशिश कर रही थी।,"At the same time, the German navy, using mainly U-boats, was trying to stop this traffic.","At the same time, the German Navy was trying to stop this traffic by using U-boats.",55.078253330760994,73.24530413620222,eng_Latn," At the same time, the German navy, using mainly U-boats, was trying to stop this traffic.",55.078253330760994,73.24530413620222,3.390625,2.1875
"Translate the following sentence from Hindi to English:
Q: अगर मित्र राष्ट्र विफल हो जाते, तो जर्मनी शायद ब्रिटेन को पराजित कर देता क्योंकि उसके पास शेष यूरोप था.
A:","अगर मित्र राष्ट्र विफल हो जाते, तो जर्मनी शायद ब्रिटेन को पराजित कर देता क्योंकि उसके पास शेष यूरोप था.","Had the Allies failed, Germany probably would have been able to conquer Britain as it had the rest of Europe.","If the Allies had failed, Germany would have defeated Britain because it had the rest of Europe.",37.308411378357945,59.293599494274574,eng_Latn," Had the Allies failed, Germany probably would have been able to conquer Britain as it had the rest of Europe.",37.308411378357945,59.293599494274574,2.75,2.578125
"Translate the following sentence from Hindi to English:
Q: माना जाता है कि ईरान की ज़ाग्रोस पहाड़ियों में 10,000 साल पहले बकरी पालन की शुरुआत हुई थी.
A:","माना जाता है कि ईरान की ज़ाग्रोस पहाड़ियों में 10,000 साल पहले बकरी पालन की शुरुआत हुई थी.","Goats seem to have been first domesticated roughly 10,000 years ago in the Zagros Mountains of Iran.","It is believed that goat herding began in the Zagros Mountains of Iran 10,000 years ago.",37.88504256880117,50.80902751671913,eng_Latn," Goats seem to have been first domesticated roughly 10,000 years ago in the Zagros Mountains of Iran.",37.88504256880117,50.80902751671913,1.796875,4.5625
"Translate the following sentence from Hindi to English:
Q: प्राचीन संस्कृतियों और जनजातियों ने दूध, बाल, मांस और चमड़े को अपनी आसान पहुँच में बनाए रखना शुरू कर दिया.
A:","प्राचीन संस्कृतियों और जनजातियों ने दूध, बाल, मांस और चमड़े को अपनी आसान पहुँच में बनाए रखना शुरू कर दिया.","Ancient cultures and tribes began to keep them for easy access to milk, hair, meat, and skins.","Ancient cultures and tribes started to keep milk, hair, meat and leather in their easy reach.",35.23351924791558,57.07184139425213,eng_Latn," Ancient cultures and tribes began to keep them for easy access to milk, hair, meat, and skins.",35.23351924791558,57.07184139425213,4.0625,4.46875
"Translate the following sentence from Hindi to English:
Q: घरेलू बकरियों को आम तौर पर झुंडों में रखा जाता था जो पहाड़ियों या अन्य चरने वाले क्षेत्रों में घूमती थीं, अक्सर वे बकरियों के झुंड की तरफ जाती थीं जहां अक्सर बच्चे या किशोर होते थे, अधिक व्यापक रूप से ज्ञात चरवाहे के समान। झुंडों के ये तरीके आज भी इस्तेमाल किए जाते हैं।
A:","घरेलू बकरियों को आम तौर पर झुंडों में रखा जाता था जो पहाड़ियों या अन्य चरने वाले क्षेत्रों में घूमती थीं, अक्सर वे बकरियों के झुंड की तरफ जाती थीं जहां अक्सर बच्चे या किशोर होते थे, अधिक व्यापक रूप से ज्ञात चरवाहे के समान। झुंडों के ये तरीके आज भी इस्तेमाल किए जाते हैं।","Domestic goats were generally kept in herds that wandered on hills or other grazing areas, often tended by goatherds who were frequently children or adolescents, similar to the more widely known shepherd. These methods of herding are still used today.","Domestic sheep are often kept in herds, which are groups of sheep, and these herds are often led by a shepherd.",5.6390631166198695,21.366478430684335,eng_Latn," Domestic goats were generally kept in herds that wandered on hills or other grazing areas, often tended by goatherds who were frequently children or adolescents, similar to the more widely known shepherd. These methods of herding are still used today.",5.6390631166198695,21.366478430684335,6.5625,10.3125
"Translate the following sentence from Hindi to English:
Q: वैगनवे 16 वीं शताब्दी की शुरुआत में इंग्लैंड में बनाए गए थे.
A:",वैगनवे 16 वीं शताब्दी की शुरुआत में इंग्लैंड में बनाए गए थे.,Wagonways were built in England as early as the 16th Century.,Wagons were made in England in the 16th century.,13.8840951363595,42.33834634673752,eng_Latn, Wagonways were built in England as early as the 16th Century.,13.8840951363595,42.33834634673752,7.78125,9.25
"Translate the following sentence from Hindi to English:
Q: हालांकि, साधारण रूप से वैगनवे में लकड़ी से बने एकसमान तख्त लगे होते थे, लेकिन घोड़े उन्हें तेज़ गति से खींच सकते थे और उन दिनों के थोड़ी ज़्यादा ख़राब रास्तों पर ज़्यादा बड़े भार ले जाए जा सकते थे.
A:","हालांकि, साधारण रूप से वैगनवे में लकड़ी से बने एकसमान तख्त लगे होते थे, लेकिन घोड़े उन्हें तेज़ गति से खींच सकते थे और उन दिनों के थोड़ी ज़्यादा ख़राब रास्तों पर ज़्यादा बड़े भार ले जाए जा सकते थे.","Although wagonways merely consisted of parallel planks of wood, they allowed horses pulling them to achieve greater speeds and pull larger loads than on the slightly more rough roads of the day.","Although, the wagons were made of wood, they were not very strong.",2.7921419801888954,17.60026751751535,eng_Latn," Although wagonways merely consisted of parallel planks of wood, they allowed horses pulling them to achieve greater speeds and pull larger loads than on the slightly more rough roads of the day.",2.7921419801888954,17.60026751751535,14.3125,19.5
"Translate the following sentence from Hindi to English:
Q: पटरियों को उनके स्थान पर बनाए रखने के लिए क्रॉ्सटाई को काफी पहले व्यवहार में लाया गया था। लेकिन धीरे-धीरे यह महसूस हुआ कि अगर पटरियों ऊपर लोहे की पत्ती हो तो वे ज्यादा दक्ष होंगी।
A:",पटरियों को उनके स्थान पर बनाए रखने के लिए क्रॉ्सटाई को काफी पहले व्यवहार में लाया गया था। लेकिन धीरे-धीरे यह महसूस हुआ कि अगर पटरियों ऊपर लोहे की पत्ती हो तो वे ज्यादा दक्ष होंगी।,"Crossties were introduced fairly early to hold the tracks in place. Gradually, however, it was realised that tracks would be more efficient if they had a stip of iron on the top.","To keep the tracks in place, the cross-ties were used. But it was found that the cross-ties were not very effective.",10.280145746984223,28.07479009827623,eng_Latn," Crossties were introduced fairly early to hold the tracks in place. Gradually, however, it was realised that tracks would be more efficient if they had a stip of iron on the top.",10.280145746984223,28.07479009827623,7.96875,8.1875
"Translate the following sentence from Hindi to English:
Q: यह आम बात हो गई, लेकिन लोहे वाहनों के लकड़ी के पहियों पर अधिक घिसन करते थे।
A:","यह आम बात हो गई, लेकिन लोहे वाहनों के लकड़ी के पहियों पर अधिक घिसन करते थे।","This became common practice, but the iron caused more wear on the wooden wheels of the wagons.","It has become a common thing, but the iron wheels of the vehicles were worn out.",22.935309515560938,40.8910840113408,eng_Latn," This became common practice, but the iron caused more wear on the wooden wheels of the wagons.",22.935309515560938,40.8910840113408,12.375,9.625
"Translate the following sentence from Hindi to English:
Q: आख़िरकार, लोहे के पहियों ने लकड़ी के पहियों की जगह ले ली. 1767 में, पूरी तरह लोहे से बनी रेल की शुरुआत हो गई.
A:","आख़िरकार, लोहे के पहियों ने लकड़ी के पहियों की जगह ले ली. 1767 में, पूरी तरह लोहे से बनी रेल की शुरुआत हो गई.","Eventually, wooden wheels were replaced by iron wheels. In 1767, the first full-iron rails were introduced.","Finally, iron wheels replaced wooden wheels.",8.895884465362032,32.2825883973914,eng_Latn," Eventually, wooden wheels were replaced by iron wheels. In 1767, the first full-iron rails were introduced.",8.895884465362032,32.2825883973914,16.25,16.75
"Translate the following sentence from Hindi to English:
Q: पहला ज्ञात परिवहन पैदल चलना था, इंसानों ने होमो इरेक्टस (यानी अपराइट मैन) के उद्भव के साथ बीस लाख साल पहले पैदल चलने की शुरुआत की थी.
A:","पहला ज्ञात परिवहन पैदल चलना था, इंसानों ने होमो इरेक्टस (यानी अपराइट मैन) के उद्भव के साथ बीस लाख साल पहले पैदल चलने की शुरुआत की थी.","The first known transportation was walking, humans began walking upright two million years ago with the emergence of Homo Erectus (meaning upright man).","The first known transportation was walking, humans started walking 20 million years ago with the evolution of Homo erectus.",36.83707940895061,60.98676018371734,eng_Latn," The first known transportation was walking, humans began walking upright two million years ago with the emergence of Homo Erectus (meaning upright man).",36.83707940895061,60.98676018371734,2.0625,4.15625
"Translate the following sentence from Hindi to English:
Q: उनके पूर्वज, ऑस्ट्रलोपिथेकस आदतन सीधा नहीं चलते थे।
A:","उनके पूर्वज, ऑस्ट्रलोपिथेकस आदतन सीधा नहीं चलते थे।","Their predecessors, the Australopithecus did not walk upright as habitually.","Their ancestors, Australopithecus, did not walk upright.",40.20760403449254,53.246800783883465,eng_Latn," Their predecessors, the Australopithecus did not walk upright as habitually.",40.20760403449254,53.246800783883465,3.4375,4.0
"Translate the following sentence from Hindi to English:
Q: 4.2 से 3.9 मिलियन वर्ष पूर्व से आस्ट्रेलोपोपिथेकस जीवाश्मो में बाइपैडल विशेषज्ञत पाई जाती है हालांकि हो सकता है 7 मिलियन वर्ष पहले से सहेंथ्रोपस दो पैरों पर चल सकता था |
A:",4.2 से 3.9 मिलियन वर्ष पूर्व से आस्ट्रेलोपोपिथेकस जीवाश्मो में बाइपैडल विशेषज्ञत पाई जाती है हालांकि हो सकता है 7 मिलियन वर्ष पहले से सहेंथ्रोपस दो पैरों पर चल सकता था |,"Bipedal specializations are found in Australopithecus fossils from 4.2-3.9 million years ago, although Sahelanthropus may have walked on two legs as early as seven million years ago.","The earliest known hominid fossils are from the Miocene epoch, about 23 million years ago. The earliest known hominid fossils are from the Miocene epoch, about 23 million years ago.",7.906552205912004,31.580055335260397,eng_Latn," Bipedal specializations are found in Australopithecus fossils from 4.2-3.9 million years ago, although Sahelanthropus may have walked on two legs as early as seven million years ago.",7.906552205912004,31.580055335260397,24.125,24.0
"Translate the following sentence from Hindi to English:
Q: हम पर्यावरण के साथ ज़्यादा दोस्ताना तरीके से रहना शुरू कर सकते हैं, इसके लिए पर्यावरण आंदोलन में शामिल हो सकते हैं, और हम भविष्य को कुछ हद तक कष्ट से बचाने के लिए पर्यावरण कार्यकर्ता भी बन सकते हैं.
A:","हम पर्यावरण के साथ ज़्यादा दोस्ताना तरीके से रहना शुरू कर सकते हैं, इसके लिए पर्यावरण आंदोलन में शामिल हो सकते हैं, और हम भविष्य को कुछ हद तक कष्ट से बचाने के लिए पर्यावरण कार्यकर्ता भी बन सकते हैं.","We can start living more friendly to the environment, we can join to the environmental movement, and we can even be activists in order to reduce the future suffering in some degree.",We can start being more friendly with the environment by joining the environmental movement.,5.648683272538754,39.04804888566794,eng_Latn," We can start living more friendly to the environment, we can join to the environmental movement, and we can even be activists in order to reduce the future suffering in some degree.",5.648683272538754,39.04804888566794,10.8125,9.625
"Translate the following sentence from Hindi to English:
Q: यह कई मामलों में रोगसूचक उपचार की तरह ही है। हालाँकि, अगर हम केवल अस्थायी समाधान नहीं चाहते हैं, तो हमें समस्याओं की जड़ को ढूँढ कर उन्हें निष्क्रिय करना चाहिए।
A:","यह कई मामलों में रोगसूचक उपचार की तरह ही है। हालाँकि, अगर हम केवल अस्थायी समाधान नहीं चाहते हैं, तो हमें समस्याओं की जड़ को ढूँढ कर उन्हें निष्क्रिय करना चाहिए।","This is just like symptomatic treatment in many cases. However, if we do not only want a temporary solution, then we should find the root of the problems, and we should deactivate them.","It is like symptomatic treatment in many cases. However, if we do not want temporary solutions, we should find the root cause of the problem and solve it.",43.66902461864853,64.92875673358992,eng_Latn," This is just like symptomatic treatment in many cases. However, if we do not only want a temporary solution, then we should find the root of the problems, and we should deactivate them.",43.66902461864853,64.92875673358992,0.87890625,0.72265625
"Translate the following sentence from Hindi to English:
Q: यह अत्यंत स्पष्ट है कि मानव जाति की वैज्ञानिक और तकनीकी प्रगति के कारण दुनिया बहुत बदल गई है, तथा अधिक जनसंख्या और मानव जाति की अतिव्ययी जीवन शैली के कारण समस्याएँ बढ़ गई हैं।
A:","यह अत्यंत स्पष्ट है कि मानव जाति की वैज्ञानिक और तकनीकी प्रगति के कारण दुनिया बहुत बदल गई है, तथा अधिक जनसंख्या और मानव जाति की अतिव्ययी जीवन शैली के कारण समस्याएँ बढ़ गई हैं।","It is obvious enough that the world has changed much because of humankind's scientific and technological advancements, and problems have become greater because of overpopulation and mankind's extravagant lifestyle.",It is very clear that the world has changed a lot due to the scientific and technological progress of the human race.,11.18233789649864,33.87064067015279,eng_Latn," It is obvious enough that the world has changed much because of humankind's scientific and technological advancements, and problems have become greater because of overpopulation and mankind's extravagant lifestyle.",11.18233789649864,33.87064067015279,9.8125,6.90625
"Translate the following sentence from Hindi to English:
Q: 4 जुलाई को कांग्रेस द्वारा अपनाए जाने के बाद, एक हाथ से लिखे गए मसौदे पर कांग्रेस के अध्यक्ष जॉन हैनकॉक और सचिव चार्ल्स थ्रॉन द्वारा हस्ताक्षर किये गए थे, फिर इसे कुछ ब्लॉक दूर जॉन डनलप की प्रिंटिंग की दुकान पर भेजा गया था.
A:","4 जुलाई को कांग्रेस द्वारा अपनाए जाने के बाद, एक हाथ से लिखे गए मसौदे पर कांग्रेस के अध्यक्ष जॉन हैनकॉक और सचिव चार्ल्स थ्रॉन द्वारा हस्ताक्षर किये गए थे, फिर इसे कुछ ब्लॉक दूर जॉन डनलप की प्रिंटिंग की दुकान पर भेजा गया था.","After its adoption by Congress on July 4, a handwritten draft signed by the President of Congress John Hancock and the Secretary Charles Thomson was then sent a few blocks away to the printing shop of John Dunlap.","After the Congress had adopted the Declaration of Independence, the Congress had signed the Declaration of Independence.",1.0314025576185364,21.466473862419726,eng_Latn," After its adoption by Congress on July 4, a handwritten draft signed by the President of Congress John Hancock and the Secretary Charles Thomson was then sent a few blocks away to the printing shop of John Dunlap.",1.0314025576185364,21.466473862419726,18.375,15.0625
"Translate the following sentence from Hindi to English:
Q: रात के समय 150 और 200 के बीच प्रतियों बनती है , जिन्हे अब “डनलप ब्रॉडसाइड्स” के रूप में जाना जाता है।
A:","रात के समय 150 और 200 के बीच प्रतियों बनती है , जिन्हे अब “डनलप ब्रॉडसाइड्स” के रूप में जाना जाता है।","Through the night between 150 and 200 copies were made, now known as ""Dunlap broadsides"".","At night, 150 and 200 copies are printed, which are now known as “Dunlap Broadside”.",17.846877279661648,46.3502215036282,eng_Latn," Through the night between 150 and 200 copies were made, now known as ""Dunlap broadsides"".",17.846877279661648,46.3502215036282,4.71875,3.96875
"Translate the following sentence from Hindi to English:
Q: जॉन निक्सन द्वारा डॉक्यूमेंट की पहली पब्लिक रीडिंग 8 जुलाई को इंडिपेंडेंस हॉल के यार्ड में की गई थी.
A:",जॉन निक्सन द्वारा डॉक्यूमेंट की पहली पब्लिक रीडिंग 8 जुलाई को इंडिपेंडेंस हॉल के यार्ड में की गई थी.,The first public reading of the document was by John Nixon in the yard of Independence Hall on July 8.,The first public reading of the document was done by John Nixon on 8th July in Independence Hall.,47.77014399062168,73.47656912352483,eng_Latn, The first public reading of the document was by John Nixon in the yard of Independence Hall on July 8.,47.77014399062168,73.47656912352483,3.40625,2.8125
"Translate the following sentence from Hindi to English:
Q: उनमें से एक जॉर्ज वाशिंगटन को 6 जुलाई को भेजा गया, जिसने कि इसको अपनी सेना के लिए न्यूयॉर्क में 9 जुलाई को पढ़ा। उसकी एक कॉपी 10 अगस्त को लंदन पहुंची।
A:","उनमें से एक जॉर्ज वाशिंगटन को 6 जुलाई को भेजा गया, जिसने कि इसको अपनी सेना के लिए न्यूयॉर्क में 9 जुलाई को पढ़ा। उसकी एक कॉपी 10 अगस्त को लंदन पहुंची।","One was sent to George Washington on July 6, who had it read to his troops in New York on July 9. A copy reached London on August 10.","One of them was George Washington, who was sent to the British by the American colonies.",5.77716703985881,28.087783189567418,eng_Latn," One was sent to George Washington on July 6, who had it read to his troops in New York on July 9. A copy reached London on August 10.",5.77716703985881,28.087783189567418,17.875,18.625
"Translate the following sentence from Hindi to English:
Q: मौजूदा 25 डनलप ब्रॉडसाइड अब तक बची हुई सबसे पुरानी कॉपी के डॉक्यूमेंट हैं. हाथ से लिखी गई मूल कॉपी सहेजी नहीं जा सकी है.
A:",मौजूदा 25 डनलप ब्रॉडसाइड अब तक बची हुई सबसे पुरानी कॉपी के डॉक्यूमेंट हैं. हाथ से लिखी गई मूल कॉपी सहेजी नहीं जा सकी है.,The 25 Dunlap broadsides still known to exist are the oldest surviving copies of the document. The original handwritten copy has not survived.,The original handwritten copy is not available.,5.569617453049466,25.62524152698426,eng_Latn, The 25 Dunlap broadsides still known to exist are the oldest surviving copies of the document. The original handwritten copy has not survived.,5.569617453049466,25.62524152698426,22.125,21.875
"Translate the following sentence from Hindi to English:
Q: कई जीवाश्म विज्ञानी आज भी यह मानते हैं कि डायनासोर का एक समूह लुप्त होने से बच गया और वह आज भी जीवित है, उन्हें हम पक्षी कहते हैं।
A:","कई जीवाश्म विज्ञानी आज भी यह मानते हैं कि डायनासोर का एक समूह लुप्त होने से बच गया और वह आज भी जीवित है, उन्हें हम पक्षी कहते हैं।",Many paleontologists today believe that one group of dinosaurs survived and is alive today. We call them birds.,Many palaeontologists believe that dinosaurs were warm-blooded.,5.521567876467235,32.581881564454626,eng_Latn, Many paleontologists today believe that one group of dinosaurs survived and is alive today. We call them birds.,5.521567876467235,32.581881564454626,14.3125,12.3125
"Translate the following sentence from Hindi to English:
Q: उनके पंख और उड़ने की वजह से कई लोग उनको डायनासोर नहीं मानते.
A:",उनके पंख और उड़ने की वजह से कई लोग उनको डायनासोर नहीं मानते.,Many people don't think about them as dinosaurs because they have feathers and can fly.,They don't believe that they are dinosaurs because of their wings and ability to fly.,13.69782209017815,36.87095894739396,eng_Latn, Many people don't think about them as dinosaurs because they have feathers and can fly.,13.69782209017815,36.87095894739396,3.109375,2.5
"Translate the following sentence from Hindi to English:
Q: लेकिन उन पक्षियों के बारे में बहुत सी चीजें हैं जो अभी भी डायनासोर जैसे दिखते हैं।
A:",लेकिन उन पक्षियों के बारे में बहुत सी चीजें हैं जो अभी भी डायनासोर जैसे दिखते हैं।,But there are a lot of things about birds that still look like a dinosaur.,But there are many things about those birds that are still dinosaurs.,13.70986144882289,53.15326170193438,eng_Latn, But there are a lot of things about birds that still look like a dinosaur.,13.70986144882289,53.15326170193438,10.3125,7.5625
"Translate the following sentence from Hindi to English:
Q: उनके पैरों में पपड़ियाँ और पंजे हैं, वे अंडे देते हैं, और वे किसी टी-रेक्स की तरह अपने दो पीछे वाले पैरों पर चलते हैं.
A:","उनके पैरों में पपड़ियाँ और पंजे हैं, वे अंडे देते हैं, और वे किसी टी-रेक्स की तरह अपने दो पीछे वाले पैरों पर चलते हैं.","They have feet with scales and claws, they lay eggs, and they walk on their two back legs like a T-Rex.","They have toes and claws on their feet, they lay eggs, and they walk on their hind legs.",40.7305431758495,59.52378566211486,eng_Latn," They have feet with scales and claws, they lay eggs, and they walk on their two back legs like a T-Rex.",40.7305431758495,59.52378566211486,5.65625,6.71875
"Translate the following sentence from Hindi to English:
Q: आजकल उपयोग किए जाने वाले सभी कंप्यूटर, जानकारी के हेरफेर पर आधारित हैं इन्हें बाइनरी नंबर के रूप में कोड किया गया है.
A:","आजकल उपयोग किए जाने वाले सभी कंप्यूटर, जानकारी के हेरफेर पर आधारित हैं इन्हें बाइनरी नंबर के रूप में कोड किया गया है.",Virtually all computers in use today are based on the manipulation of information which is coded in the form of binary numbers.,All computers used today are based on binary numbers.,10.304033457456157,35.827564024896205,eng_Latn, Virtually all computers in use today are based on the manipulation of information which is coded in the form of binary numbers.,10.304033457456157,35.827564024896205,6.34375,3.78125
"Translate the following sentence from Hindi to English:
Q: किसी बाइनरी संख्या में दो में से एक ही मान हो सकता है, यानी 0 या 1, और इन संख्याओं को ही बाइनरी अंक - या कंप्यूटर की शब्दावली में बिट कहा जाता है.
A:","किसी बाइनरी संख्या में दो में से एक ही मान हो सकता है, यानी 0 या 1, और इन संख्याओं को ही बाइनरी अंक - या कंप्यूटर की शब्दावली में बिट कहा जाता है.","A binary number can have only one of two values, i.e. 0 or 1, and these numbers are referred to as binary digits - or bits, to use computer jargon.","A binary number can have only one of two values, and these values are called binary digits or bits.",32.75337514313279,53.954248909100755,eng_Latn," A binary number can have only one of two values, i.e. 0 or 1, and these numbers are referred to as binary digits - or bits, to use computer jargon.",32.75337514313279,53.954248909100755,2.84375,2.125
"Translate the following sentence from Hindi to English:
Q: अंदरूनी विषाक्तता का तुरंत पता नहीं चलता है. इसके लक्षण सामान्य होते हैं जैसे कि उल्टी आना, इसलिए इसका तुरंत निदान नहीं किया जा सकता है.
A:","अंदरूनी विषाक्तता का तुरंत पता नहीं चलता है. इसके लक्षण सामान्य होते हैं जैसे कि उल्टी आना, इसलिए इसका तुरंत निदान नहीं किया जा सकता है.","Internal poisoning may not be immediately apparent. Symptoms, such as vomiting are sufficiently general that an immediate diagnosis cannot be made.",The symptoms of internal poisoning are not immediately apparent.,5.921087740413987,32.45428333602222,eng_Latn," Internal poisoning may not be immediately apparent. Symptoms, such as vomiting are sufficiently general that an immediate diagnosis cannot be made.",5.921087740413987,32.45428333602222,14.0,14.9375
"Translate the following sentence from Hindi to English:
Q: इंटरनल पॉइज़निंग का सबसे अच्छा लक्षण दवाई या विषैले घरेलू रसायनों के खुले डिब्बे की मौजूदगी हो सकती है.
A:",इंटरनल पॉइज़निंग का सबसे अच्छा लक्षण दवाई या विषैले घरेलू रसायनों के खुले डिब्बे की मौजूदगी हो सकती है.,The best indication of internal poisoning may be the presence of an open container of medication or toxic household chemicals.,The best sign of internal poisoning is the presence of the poison in the body.,17.763477356624456,37.626388645743155,eng_Latn, The best indication of internal poisoning may be the presence of an open container of medication or toxic household chemicals.,17.763477356624456,37.626388645743155,11.4375,10.5
"Translate the following sentence from Hindi to English:
Q: उस विशेष जहर के लिए विशेष प्राथमिक चिकित्सा निर्देशों के लिए लेबल को देखेंं।
A:",उस विशेष जहर के लिए विशेष प्राथमिक चिकित्सा निर्देशों के लिए लेबल को देखेंं।,Check the label for specific first aid instructions for that specific poison.,Look at the label for special instructions for use.,13.779555250377765,44.41476393419057,eng_Latn, Check the label for specific first aid instructions for that specific poison.,13.779555250377765,44.41476393419057,5.5,5.71875
"Translate the following sentence from Hindi to English:
Q: कीटविज्ञानियों द्वारा बग शब्द का उपयोग कीटों के इस समूह के लिए एक औपचारिक तौर पर किया जाता है।
A:",कीटविज्ञानियों द्वारा बग शब्द का उपयोग कीटों के इस समूह के लिए एक औपचारिक तौर पर किया जाता है।,The term bug is used by entomologists in a formal sense for this group of insects.,Entomologists use the term bug for this group of insects.,33.89148751185001,56.9420197349326,eng_Latn, The term bug is used by entomologists in a formal sense for this group of insects.,33.89148751185001,56.9420197349326,4.0625,3.640625
"Translate the following sentence from Hindi to English:
Q: मानवों पर आश्रित सबसे ज़्यादा अनुकूलतम कीट खटमल के साथ पुरानी समानता से यह परिभाषा बनी है.
A:",मानवों पर आश्रित सबसे ज़्यादा अनुकूलतम कीट खटमल के साथ पुरानी समानता से यह परिभाषा बनी है.,"This term derives from ancient familiarity with Bed-bugs, which are insects highly adapted to parasitize humans.",The most optimal insect is the one that is most dependent on humans.,2.7218218942101955,16.915766264129154,eng_Latn," This term derives from ancient familiarity with Bed-bugs, which are insects highly adapted to parasitize humans.",2.7218218942101955,16.915766264129154,10.6875,10.625
"Translate the following sentence from Hindi to English:
Q: गुप्तघाती कीड़े और खटमल दोनों नीडवासी होते हैं, जो घोसले या होस्ट के घर में बिना किसी परेशानी के रह सकते हैं.
A:","गुप्तघाती कीड़े और खटमल दोनों नीडवासी होते हैं, जो घोसले या होस्ट के घर में बिना किसी परेशानी के रह सकते हैं.","Both Assassin-bugs and Bed-bugs are nidicolous, adapted to living in nest or housing of their host.",Both the housefly and the mosquito are bloodsucking insects.,1.3544041322626372,16.379961959599573,eng_Latn," Both Assassin-bugs and Bed-bugs are nidicolous, adapted to living in nest or housing of their host.",1.3544041322626372,16.379961959599573,6.875,6.75
"Translate the following sentence from Hindi to English:
Q: पूरे संयुक्त राज्य अमेरिका में, मल्टीपल स्केलेरोसिस (MS) के लगभग 400,000 ज्ञात मामले हैं, जो युवा और मध्यम आयु वर्ग के वयस्कों में प्रमुख न्यूरोलॉजिकल बीमारी है.
A:","पूरे संयुक्त राज्य अमेरिका में, मल्टीपल स्केलेरोसिस (MS) के लगभग 400,000 ज्ञात मामले हैं, जो युवा और मध्यम आयु वर्ग के वयस्कों में प्रमुख न्यूरोलॉजिकल बीमारी है.","Across the United States of America, there are approximately 400,000 known cases of Multiple Sclerosis (MS), leaving it as the leading neurological disease in younger and middle aged adults.","In the United States, MS is the most common cause of disability among young adults.",3.24465433859422,20.311804411068206,eng_Latn," Across the United States of America, there are approximately 400,000 known cases of Multiple Sclerosis (MS), leaving it as the leading neurological disease in younger and middle aged adults.",3.24465433859422,20.311804411068206,11.75,9.5625
"Translate the following sentence from Hindi to English:
Q: MS, बीमारी केंद्रीय तंत्रिका तंत्र पर असर करती है, जिसमें दिमाग, स्पाइनल कॉर्ड और ऑप्टिक नर्व शामिल हैं.
A:","MS, बीमारी केंद्रीय तंत्रिका तंत्र पर असर करती है, जिसमें दिमाग, स्पाइनल कॉर्ड और ऑप्टिक नर्व शामिल हैं.","MS is a disease that affects the central nervous system, which is made up of the brain, the spinal cord and the optic nerve.","MS, a chronic disease, is an autoimmune disease that affects the central nervous system.",27.34231716092418,46.080996210274925,eng_Latn," MS is a disease that affects the central nervous system, which is made up of the brain, the spinal cord and the optic nerve.",27.34231716092418,46.080996210274925,5.25,4.375
"Translate the following sentence from Hindi to English:
Q: शोध में पाया गया है कि महिलाओं में पुरुषों की तुलना में एमएस होने की संभावना दो गुना अधिक होती है।
A:",शोध में पाया गया है कि महिलाओं में पुरुषों की तुलना में एमएस होने की संभावना दो गुना अधिक होती है।,Research has found that females are two times more likely to have MS then males.,It has been found in research that the probability of MS is twice as high in women as in men.,2.5828020030551087,23.193546768852013,eng_Latn, Research has found that females are two times more likely to have MS then males.,2.5828020030551087,23.193546768852013,4.21875,5.03125
"Translate the following sentence from Hindi to English:
Q: एक दंपत्ति फैसला ले सकता है कि यह उनके या उनके बच्चे के हित में बिलकुल नहीं है कि एक दूसरा बच्चा किया जाए |
A:",एक दंपत्ति फैसला ले सकता है कि यह उनके या उनके बच्चे के हित में बिलकुल नहीं है कि एक दूसरा बच्चा किया जाए |,"A couple may decide it is not in their best interest, or in the interest of their child, to raise a baby.",A couple can decide that it is not in the interest of the child to have another child.,21.688946947316236,46.74896534143727,eng_Latn," A couple may decide it is not in their best interest, or in the interest of their child, to raise a baby.",21.688946947316236,46.74896534143727,3.625,4.1875
"Translate the following sentence from Hindi to English:
Q: ये जोड़े अपने बच्चे के लिए गोद लेने की योजना बनाने का विकल्प चुन सकते हैं.
A:",ये जोड़े अपने बच्चे के लिए गोद लेने की योजना बनाने का विकल्प चुन सकते हैं.,These couples may choose to make an adoption plan for their baby.,They can opt for the option of adoption.,6.053236275429152,22.72743172497608,eng_Latn, These couples may choose to make an adoption plan for their baby.,6.053236275429152,22.72743172497608,7.84375,8.875
"Translate the following sentence from Hindi to English:
Q: गोद लेने की प्रक्रिया में, जन्म देने वाले माता-पिता अपने अभिभावकीय अधिकार ख़त्म कर देते हैं ताकि कोई दूसरा जोड़ा बच्चे का अभिभावक बन सके.
A:","गोद लेने की प्रक्रिया में, जन्म देने वाले माता-पिता अपने अभिभावकीय अधिकार ख़त्म कर देते हैं ताकि कोई दूसरा जोड़ा बच्चे का अभिभावक बन सके.","In an adoption, the birth parents terminate their parental rights so that another couple may parent the child.","In the process of adoption, the biological parents give up their parental rights.",22.541618620556505,42.27440835917826,eng_Latn," In an adoption, the birth parents terminate their parental rights so that another couple may parent the child.",22.541618620556505,42.27440835917826,5.625,5.25
"Translate the following sentence from Hindi to English:
Q: विज्ञान का मुख्य लक्ष्य वैज्ञानिक पद्धति के माध्यम से दुनिया के काम करने के तरीके का पता लगाना है। वास्तव में अधिकांश वैज्ञानिक अनुसंधानों इस विधि पर निर्धारित हैं |
A:",विज्ञान का मुख्य लक्ष्य वैज्ञानिक पद्धति के माध्यम से दुनिया के काम करने के तरीके का पता लगाना है। वास्तव में अधिकांश वैज्ञानिक अनुसंधानों इस विधि पर निर्धारित हैं |,Science’s main goal is to figure out the way the world works through the scientific method. This method in fact guides most scientific research.,The main objective of science is to find out the truth.,2.570799392274039,17.04970543540573,eng_Latn, Science’s main goal is to figure out the way the world works through the scientific method. This method in fact guides most scientific research.,2.570799392274039,17.04970543540573,13.75,13.9375
"Translate the following sentence from Hindi to English:
Q: हालाँकि यह अकेला नहीं है, प्रयोग करना, और प्रयोग एक ऐसा परीक्षण होता है जिसका इस्तेमाल करके एक या इससे ज़्यादा संभावित परिकल्पनाओं को ख़त्म करने, सवाल करने, और अवलोकन करने से भी वैज्ञानिक शोध को मार्गदर्शन मिलता है.
A:","हालाँकि यह अकेला नहीं है, प्रयोग करना, और प्रयोग एक ऐसा परीक्षण होता है जिसका इस्तेमाल करके एक या इससे ज़्यादा संभावित परिकल्पनाओं को ख़त्म करने, सवाल करने, और अवलोकन करने से भी वैज्ञानिक शोध को मार्गदर्शन मिलता है.","It isn’t alone though, experimentation, and an experiment is a test that is used to eliminate one or more of the possible hypotheses, asking questions, and making observations also guide scientific research.","Although it is not alone, the use of experiments and experiments is a test that is used to guide scientific research.",16.78681816064647,41.26595660841788,eng_Latn," It isn’t alone though, experimentation, and an experiment is a test that is used to eliminate one or more of the possible hypotheses, asking questions, and making observations also guide scientific research.",16.78681816064647,41.26595660841788,12.875,6.34375
"Translate the following sentence from Hindi to English:
Q: प्रकृतिवादियों और दार्शनिकों ने शास्त्रीय ग्रंथों पर और विशेष रूप से लैटिन में लिखे बाइबिल पर ध्यान दिया।
A:",प्रकृतिवादियों और दार्शनिकों ने शास्त्रीय ग्रंथों पर और विशेष रूप से लैटिन में लिखे बाइबिल पर ध्यान दिया।,"Naturalists and philosophers focused on classical texts and, in particular, on the Bible in Latin.",Naturalists and philosophers have paid attention to the classical texts and especially the Bible in Latin.,49.000739486899484,63.166566826926676,eng_Latn," Naturalists and philosophers focused on classical texts and, in particular, on the Bible in Latin.",49.000739486899484,63.166566826926676,1.9609375,1.234375
"Translate the following sentence from Hindi to English:
Q: मनोविज्ञान सहित विज्ञान के सभी मामलों पर अरस्तू के विचारों को स्वीकार किया जाता है।
A:",मनोविज्ञान सहित विज्ञान के सभी मामलों पर अरस्तू के विचारों को स्वीकार किया जाता है।,"Accepted were Aristotle's views on all matters of science, including psychology.",Aristotle's views are accepted in all matters of science including psychology.,40.40910164157907,74.77552755374684,eng_Latn," Accepted were Aristotle's views on all matters of science, including psychology.",40.40910164157907,74.77552755374684,1.0234375,1.203125
"Translate the following sentence from Hindi to English:
Q: जैसे-जैसे ग्रीक का ज्ञान घटता गया, पश्चिम ने खुद को अपनी ग्रीक दार्शनिक और वैज्ञानिक जड़ों से कटा हुआ पाया.
A:","जैसे-जैसे ग्रीक का ज्ञान घटता गया, पश्चिम ने खुद को अपनी ग्रीक दार्शनिक और वैज्ञानिक जड़ों से कटा हुआ पाया.","As knowledge of Greek declined, the West found itself cut off from its Greek philosophical and scientific roots.","As Greek knowledge declined, the West found itself cut off from its Greek roots.",55.811197670605445,65.79301450985119,eng_Latn," As knowledge of Greek declined, the West found itself cut off from its Greek philosophical and scientific roots.",55.811197670605445,65.79301450985119,5.0,5.5625
"Translate the following sentence from Hindi to English:
Q: काफी लोगो में यह देखा गया है शारीरिक विज्ञान और व्यवहार में, अक्सर अंतर्जात चक्रों की उपस्थिति जैविक घड़ियों के माध्यम और उनके उत्पादन पर निर्भर करते हैं।
A:","काफी लोगो में यह देखा गया है शारीरिक विज्ञान और व्यवहार में, अक्सर अंतर्जात चक्रों की उपस्थिति जैविक घड़ियों के माध्यम और उनके उत्पादन पर निर्भर करते हैं।",Many observed rhythms in physiology and behavior often crucially depend on the presence of endogenous cycles and their production through biological clocks.,It has been observed in many people that the biological clock is not only responsible for the production of melatonin but also for the production of other hormones.,3.657993333229942,29.760555133684253,eng_Latn, Many observed rhythms in physiology and behavior often crucially depend on the presence of endogenous cycles and their production through biological clocks.,3.657993333229942,29.760555133684253,5.28125,7.15625
"Translate the following sentence from Hindi to English:
Q: ऐसी सामयिक लय जो सिर्फ़ बाहरी सामयिक संकेतों की प्रतिक्रियाएँ नहीं हैं, को बैक्टीरिया, कवक, पौधों और जानवरों सहित ज़्यादातर जीवित प्राणियों के लिए दर्ज किया गया है.
A:","ऐसी सामयिक लय जो सिर्फ़ बाहरी सामयिक संकेतों की प्रतिक्रियाएँ नहीं हैं, को बैक्टीरिया, कवक, पौधों और जानवरों सहित ज़्यादातर जीवित प्राणियों के लिए दर्ज किया गया है.","Periodic rhythms, which are not simply responses to external periodic cues, have been documented for most living beings, including bacteria, fungi, plants, and animals.","The sentence is about the circadian rhythm, which is a 24-hour cycle that is regulated by the suprachiasmatic nucleus (SCN). The SCN is a small group of cells in the hypothalamus that is responsible for the circadian rhythm. The SCN is located in the brain and is responsible for the circadian rhythm. The SCN is also responsible for the circadian rhythm in the body. The SCN is a small group of cells in the hypothalamus that is responsible for the circadian rhythm",0.9706451593741626,17.392685822011337,eng_Latn," Periodic rhythms, which are not simply responses to external periodic cues, have been documented for most living beings, including bacteria, fungi, plants, and animals.",0.9706451593741626,17.392685822011337,22.0,22.0
"Translate the following sentence from Hindi to English:
Q: जैविक घड़ियां आत्मनिर्भर ऑसिलेटर हैं जो बाहरी संकेतों के अभाव में भी मुक्त चलने वाले साइकिल को एक अवधि तक जारी रखेंगे।
A:",जैविक घड़ियां आत्मनिर्भर ऑसिलेटर हैं जो बाहरी संकेतों के अभाव में भी मुक्त चलने वाले साइकिल को एक अवधि तक जारी रखेंगे।,Biological clocks are self sustaining oscillators which will continue a period of free-running cycling even in the absence of external cues.,Biological clocks are self-sustaining oscillators that continue to run free in the absence of external cues.,46.07782394333013,60.44331725799843,eng_Latn, Biological clocks are self sustaining oscillators which will continue a period of free-running cycling even in the absence of external cues.,46.07782394333013,60.44331725799843,1.5,1.4375
"Translate the following sentence from Hindi to English:
Q: हर्शे और चेस के परीक्षण का एक प्रमुख सुझाव था कि DNA एक जेनेटिक मटेरियल था.
A:",हर्शे और चेस के परीक्षण का एक प्रमुख सुझाव था कि DNA एक जेनेटिक मटेरियल था.,The Hershey and Chase experiment was one of the leading suggestions that DNA was a genetic material.,Hershey and Chase's experiment was a major suggestion that DNA is a genetic material.,34.87095519165695,61.33241855711403,eng_Latn, The Hershey and Chase experiment was one of the leading suggestions that DNA was a genetic material.,34.87095519165695,61.33241855711403,3.390625,1.3125
"Translate the following sentence from Hindi to English:
Q: हर्शे और चेज़ ने अपने डीएनए को एक जीवाणु में डालने के लिए फेज या वायरस का इस्तेमाल किया.
A:",हर्शे और चेज़ ने अपने डीएनए को एक जीवाणु में डालने के लिए फेज या वायरस का इस्तेमाल किया.,"Hershey and Chase used phages, or viruses, to implant their own DNA into a bacterium.",Hershey and Chase used phage or virus to insert their DNA into a bacterium.,47.82917350402848,66.21538919986492,eng_Latn," Hershey and Chase used phages, or viruses, to implant their own DNA into a bacterium.",47.82917350402848,66.21538919986492,1.6328125,1.34375
"Translate the following sentence from Hindi to English:
Q: उन्होंने डीएनए को रेडियोएक्टिव फॉस्फोरस के साथ विभोजी में करने या विभोजी के प्रोटीन को रेडियोधर्मी सल्फर के साथ चिह्नित करते हुए दो प्रयोग किए।
A:",उन्होंने डीएनए को रेडियोएक्टिव फॉस्फोरस के साथ विभोजी में करने या विभोजी के प्रोटीन को रेडियोधर्मी सल्फर के साथ चिह्नित करते हुए दो प्रयोग किए।,They did two experiments marking either the DNA in the phage with a radioactive phosphorus or the protein of the phage with radioactive sulfur.,They performed two experiments in which they labeled DNA with radioactive phosphorus or protein with radioactive sulfur.,33.98359801351413,53.605990871164224,eng_Latn, They did two experiments marking either the DNA in the phage with a radioactive phosphorus or the protein of the phage with radioactive sulfur.,33.98359801351413,53.605990871164224,3.484375,3.03125
"Translate the following sentence from Hindi to English:
Q: म्यूटेशन की किस्मों, प्रभावित जेनेटिक मटेरियल के टुकड़े का महत्व और इस बात पर कि क्या प्रभावित सेल्स जर्म-लाइन सेल्स हैं, इसके आधार पर म्यूटेशन का कई तरह से अलग-अलग प्रभाव होता है.
A:","म्यूटेशन की किस्मों, प्रभावित जेनेटिक मटेरियल के टुकड़े का महत्व और इस बात पर कि क्या प्रभावित सेल्स जर्म-लाइन सेल्स हैं, इसके आधार पर म्यूटेशन का कई तरह से अलग-अलग प्रभाव होता है.","Mutations can have a variety of different effects depending on the type of mutation, the significance of the piece of genetic material affected and whether the cells affected are germ-line cells.","Mutations are of many types, and the effect of each type is different.",1.6713341775157178,18.606541150058522,eng_Latn," Mutations can have a variety of different effects depending on the type of mutation, the significance of the piece of genetic material affected and whether the cells affected are germ-line cells.",1.6713341775157178,18.606541150058522,12.1875,7.34375
"Translate the following sentence from Hindi to English:
Q: केवल जर्म-लाइन कोशिकाओं में वृद्धि बच्चों तक पहुँच सकती है जबकि अन्य कहीं होने वाली वृद्धि से कोशिकाएँ नष्ट हो सकती हैं या कैंसर हो सकता है.
A:",केवल जर्म-लाइन कोशिकाओं में वृद्धि बच्चों तक पहुँच सकती है जबकि अन्य कहीं होने वाली वृद्धि से कोशिकाएँ नष्ट हो सकती हैं या कैंसर हो सकता है.,"Only mutations in germ-line cells can be passed on to children, while mutations elsewhere can cause cell-death or cancer.",Only germ-line cells can pass on the genetic information to the next generation.,14.901610855062025,29.242841804331466,eng_Latn," Only mutations in germ-line cells can be passed on to children, while mutations elsewhere can cause cell-death or cancer.",14.901610855062025,29.242841804331466,8.4375,7.65625
"Translate the following sentence from Hindi to English:
Q: प्रकृति आधारित पर्यटन, प्राकृतिक दृश्यों को देखने में रूचि रखने वाले लोगों को आकर्षित करने के उद्देश्य से आकर्षित करता है, जिसमें पौधे और पशु वन्यजीव शामिल हैं।
A:","प्रकृति आधारित पर्यटन, प्राकृतिक दृश्यों को देखने में रूचि रखने वाले लोगों को आकर्षित करने के उद्देश्य से आकर्षित करता है, जिसमें पौधे और पशु वन्यजीव शामिल हैं।","Nature-based tourism attracts people interested in visiting natural areas for the purpose of enjoying the scenery, including plant and animal wildlife.",Nature-based tourism is a type of tourism that involves visiting natural areas for the purpose of viewing wildlife.,34.526962114875914,49.16378125040871,eng_Latn," Nature-based tourism attracts people interested in visiting natural areas for the purpose of enjoying the scenery, including plant and animal wildlife.",34.526962114875914,49.16378125040871,3.765625,4.40625
"Translate the following sentence from Hindi to English:
Q: ऑन साइट गतिविधियों के उदाहरणों में शामिल है शिकार, मछली पकड़ना, फोटोग्राफी, बर्ड वॉचिंग और पार्कों का दौरा करना और पारिस्थितिकी तंत्र के बारे में जानकारी का अध्ययन करना।
A:","ऑन साइट गतिविधियों के उदाहरणों में शामिल है शिकार, मछली पकड़ना, फोटोग्राफी, बर्ड वॉचिंग और पार्कों का दौरा करना और पारिस्थितिकी तंत्र के बारे में जानकारी का अध्ययन करना।","Examples of on-site activities include hunting, fishing, photography, bird watching, and visiting parks and studying information about the ecosystem.","Examples of on-site activities include hunting, fishing, photography, bird watching and visiting parks and studying the ecosystem.",80.31361577935239,85.08160570731239,eng_Latn," Examples of on-site activities include hunting, fishing, photography, bird watching, and visiting parks and studying information about the ecosystem.",80.31361577935239,85.08160570731239,0.87890625,0.5859375
"Translate the following sentence from Hindi to English:
Q: बॉर्नियो में जाना, फोटोग्राफी करना, और औरैंगउटान के बारे में जानना एक उदाहरण है.
A:","बॉर्नियो में जाना, फोटोग्राफी करना, और औरैंगउटान के बारे में जानना एक उदाहरण है.","An example is visiting, photographing, and learning about organgatuangs in Borneo.","Going to Borneo, taking photographs, and learning about orangutans is an example of",16.586105071157164,51.05410200346707,eng_Latn," An example is visiting, photographing, and learning about organgatuangs in Borneo.",16.586105071157164,51.05410200346707,1.28125,5.25
"Translate the following sentence from Hindi to English:
Q: काम पर जाने के लिए अपनी गाड़ियों से छोटे शहरो को छोड़ देते हैं और दूसरों द्वारा पारित किया गया काम की स्थान है जो उन्होंने अभी छोड़ी है।
A:",काम पर जाने के लिए अपनी गाड़ियों से छोटे शहरो को छोड़ देते हैं और दूसरों द्वारा पारित किया गया काम की स्थान है जो उन्होंने अभी छोड़ी है।,"Every morning, people leave small country towns in cars to go their workplace and are passed by others whose work destination is the place they have just left.",They leave their cars at home and go to work.,0.9341971985151835,13.677634645989803,eng_Latn," Every morning, people leave small country towns in cars to go their workplace and are passed by others whose work destination is the place they have just left.",0.9341971985151835,13.677634645989803,16.5,18.125
"Translate the following sentence from Hindi to English:
Q: इस गतिशील परिवहन शटल में हर कोई किसी न किसी तरह से जुड़ा हुआ है, और निजी कारों पर आधारित परिवहन प्रणाली का समर्थन करता है.
A:","इस गतिशील परिवहन शटल में हर कोई किसी न किसी तरह से जुड़ा हुआ है, और निजी कारों पर आधारित परिवहन प्रणाली का समर्थन करता है.","In this dynamic transport shuttle everyone is somehow connected with, and supporting, a transport system based on private cars.","This dynamic transport shuttle is connected to everyone in some way, and supports the private car-based transport system.",19.731096420984848,60.14512402911658,eng_Latn," In this dynamic transport shuttle everyone is somehow connected with, and supporting, a transport system based on private cars.",19.731096420984848,60.14512402911658,3.953125,3.265625
"Translate the following sentence from Hindi to English:
Q: विज्ञान अब यह संकेत देता है कि इस विशाल कार्बन अर्थव्यवस्था ने जीवमंडल को उसकी स्थिर स्थितियों में से एक से हटा दिया है जिसने पिछले बीस लाख सालों में मानव विकास में सहायता की है.
A:",विज्ञान अब यह संकेत देता है कि इस विशाल कार्बन अर्थव्यवस्था ने जीवमंडल को उसकी स्थिर स्थितियों में से एक से हटा दिया है जिसने पिछले बीस लाख सालों में मानव विकास में सहायता की है.,Science now indicates that this massive carbon economy has dislodged the biosphere from one of its stable states that has supported human evolution for the past two million years.,Science now indicates that the carbon economy has removed the Earth from its stable conditions.,12.591790346799892,38.93944001961497,eng_Latn, Science now indicates that this massive carbon economy has dislodged the biosphere from one of its stable states that has supported human evolution for the past two million years.,12.591790346799892,38.93944001961497,13.25,11.75
"Translate the following sentence from Hindi to English:
Q: हर कोई समाज से जुड़ा होता है और ट्रांसपोर्ट सिस्टम का उपयोग करता है. लगभग सभी लोग ट्रांसपोर्ट सिस्टम के बारे में शिकायत करते हैं.
A:",हर कोई समाज से जुड़ा होता है और ट्रांसपोर्ट सिस्टम का उपयोग करता है. लगभग सभी लोग ट्रांसपोर्ट सिस्टम के बारे में शिकायत करते हैं.,Everyone participates in society and uses transportation systems. Almost everyone complains about transportation systems.,Everyone is connected to the society and uses the transport system. Almost everyone complains about the transport system.,35.17636208847486,60.727845904346914,eng_Latn, Everyone participates in society and uses transportation systems. Almost everyone complains about transportation systems.,35.17636208847486,60.727845904346914,2.234375,2.140625
"Translate the following sentence from Hindi to English:
Q: विकसित देशों में आप शायद ही कभी पानी की गुणवत्ता या पुलों के गिरने की मिलते-जुलते स्तरों वाली शिकायतें सुनते हैं.
A:",विकसित देशों में आप शायद ही कभी पानी की गुणवत्ता या पुलों के गिरने की मिलते-जुलते स्तरों वाली शिकायतें सुनते हैं.,In developed countries you seldom hear similar levels of complaints about water quality or bridges falling down.,"In developed countries, you rarely hear complaints about water quality or bridges falling down.",58.71979473362113,72.5108629199285,eng_Latn, In developed countries you seldom hear similar levels of complaints about water quality or bridges falling down.,58.71979473362113,72.5108629199285,4.59375,3.046875
"Translate the following sentence from Hindi to English:
Q: परिवहन प्रणाली ऐसी शिकायतों को क्यों बढ़ावा देती है? वे हर दिन क्यों पिछड़ जाते हैं? क्या परिवहन इंजीनियर काबिल नहीं हैं? या इस प्रणाली में कोई और बड़ी गड़बड़ी है?
A:",परिवहन प्रणाली ऐसी शिकायतों को क्यों बढ़ावा देती है? वे हर दिन क्यों पिछड़ जाते हैं? क्या परिवहन इंजीनियर काबिल नहीं हैं? या इस प्रणाली में कोई और बड़ी गड़बड़ी है?,"Why do transportation systems engender such complaints, why do they fail on a daily basis? Are transportation engineers just incompetent? Or is something more fundamental going on?",The transport system is not able to cope with the increasing number of complaints.,1.5814811963679614,16.764006915297553,eng_Latn," Why do transportation systems engender such complaints, why do they fail on a daily basis? Are transportation engineers just incompetent? Or is something more fundamental going on?",1.5814811963679614,16.764006915297553,14.25,16.875
"Translate the following sentence from Hindi to English:
Q: यातायात बहाव दो बिंदुओं के बीच व्यक्तिगत चालकों और वाहनों की गतिविधि और एक दूसरे के साथ की जाने वाली पारस्परिक क्रिया का अध्ययन है।
A:",यातायात बहाव दो बिंदुओं के बीच व्यक्तिगत चालकों और वाहनों की गतिविधि और एक दूसरे के साथ की जाने वाली पारस्परिक क्रिया का अध्ययन है।,Traffic Flow is the study of the movement of individual drivers and vehicles between two points and the interactions they make with one another.,Traffic flow is the study of the movement of vehicles and individual drivers between two points.,29.189792635740403,58.27485230711628,eng_Latn, Traffic Flow is the study of the movement of individual drivers and vehicles between two points and the interactions they make with one another.,29.189792635740403,58.27485230711628,3.75,3.453125
"Translate the following sentence from Hindi to English:
Q: दुर्भाग्य से, ट्रैफ़िक फ़्लो का अध्ययन करना मुश्किल होता है क्योंकि ड्राइवर के व्यवहार का सौ प्रतिशत निश्चितता के साथ पहले से अनुमान नहीं लगाया जा सकता है.
A:","दुर्भाग्य से, ट्रैफ़िक फ़्लो का अध्ययन करना मुश्किल होता है क्योंकि ड्राइवर के व्यवहार का सौ प्रतिशत निश्चितता के साथ पहले से अनुमान नहीं लगाया जा सकता है.","Unfortunately, studying traffic flow is difficult because driver behavior cannot be predicted with one-hundred percent certainty.","Unfortunately, it is difficult to study traffic flow because the driver's behavior cannot be predicted with 100% certainty.",33.364087845794955,66.00169459023236,eng_Latn," Unfortunately, studying traffic flow is difficult because driver behavior cannot be predicted with one-hundred percent certainty.",33.364087845794955,66.00169459023236,0.49609375,0.390625
"Translate the following sentence from Hindi to English:
Q: सौभाग्य से, ड्राइवर एक उचित सुसंगत सीमा के भीतर चलते हैं; इस प्रकार, ट्रैफ़िक स्ट्रीम में कुछ उचित स्थिरता होती है और मोटे तौर पर गणितीय रूप से इसे दिखाया जा सकता है.
A:","सौभाग्य से, ड्राइवर एक उचित सुसंगत सीमा के भीतर चलते हैं; इस प्रकार, ट्रैफ़िक स्ट्रीम में कुछ उचित स्थिरता होती है और मोटे तौर पर गणितीय रूप से इसे दिखाया जा सकता है.","Fortunately, drivers tend to behave within a reasonably consistent range; thus, traffic streams tend to have some reasonable consistency and can be roughly represented mathematically.","Fortunately, drivers drive within a reasonable range of speeds; therefore, traffic flow is reasonably stable.",11.40547195602368,36.43478107363162,eng_Latn," Fortunately, drivers tend to behave within a reasonably consistent range; thus, traffic streams tend to have some reasonable consistency and can be roughly represented mathematically.",11.40547195602368,36.43478107363162,6.125,5.53125
"Translate the following sentence from Hindi to English:
Q: यातायात प्रवाह को बेहतर तरीके से दिखाने के लिए, तीन मुख्य विशेषताओं में संबंद्ध बनाया गया है: (1) प्रवाह, (2) घनत्व, और (3) वेग।
A:","यातायात प्रवाह को बेहतर तरीके से दिखाने के लिए, तीन मुख्य विशेषताओं में संबंद्ध बनाया गया है: (1) प्रवाह, (2) घनत्व, और (3) वेग।","To better represent traffic flow, relationships have been established between the three main characteristics: (1) flow, (2) density, and (3) velocity.","To show traffic flow better, three main characteristics are related: (1) flow, (2) density, and (3) speed.",43.39029005995824,55.349324883904785,eng_Latn," To better represent traffic flow, relationships have been established between the three main characteristics: (1) flow, (2) density, and (3) velocity.",43.39029005995824,55.349324883904785,3.453125,2.90625
"Translate the following sentence from Hindi to English:
Q: यह संबंध प्लानिंग, डिज़ाइनिंग और रोडवे फ़ैसिलिटीज़ के ऑपरेशन्स में मदद करते हैं.
A:","यह संबंध प्लानिंग, डिज़ाइनिंग और रोडवे फ़ैसिलिटीज़ के ऑपरेशन्स में मदद करते हैं.","These relationships help in planning, design, and operations of roadway facilities.","These relationships help in planning, designing and operations of roads.",42.57110866884422,74.81464805600234,eng_Latn," These relationships help in planning, design, and operations of roadway facilities.",42.57110866884422,74.81464805600234,3.453125,2.9375
"Translate the following sentence from Hindi to English:
Q: कीड़े हवा में उड़ने वाले पहले जानवर थे। उड़ान भरने की उनकी क्षमता ने उन्हें दुश्मनों को अधिक आसानी से बचने में मदद की और भोजन और साथी को अधिक कुशलता से पाने में भी।
A:",कीड़े हवा में उड़ने वाले पहले जानवर थे। उड़ान भरने की उनकी क्षमता ने उन्हें दुश्मनों को अधिक आसानी से बचने में मदद की और भोजन और साथी को अधिक कुशलता से पाने में भी।,Insects were the first animals to take to the air. Their ability to fly helped them evade enemies more easily and find food and mates more efficiently.,Insects were the first animals to fly.,7.535957139360664,27.367804856016885,eng_Latn, Insects were the first animals to take to the air. Their ability to fly helped them evade enemies more easily and find food and mates more efficiently.,7.535957139360664,27.367804856016885,14.4375,18.75
"Translate the following sentence from Hindi to English:
Q: ज़्यादातर कीटों को अपने पंख को वापस अपने शरीर पर ओढ़ लेने का फायदा होता है।
A:",ज़्यादातर कीटों को अपने पंख को वापस अपने शरीर पर ओढ़ लेने का फायदा होता है।,Most insects have the advantage of being able to fold their wings back along the body.,Most insects have wings.,7.932869140293108,25.450415603347853,eng_Latn, Most insects have the advantage of being able to fold their wings back along the body.,7.932869140293108,25.450415603347853,18.125,17.375
"Translate the following sentence from Hindi to English:
Q: यह उन्हें शिकारियों से छिपने के लिए छोटे स्थानों की एक बहुत बड़ी श्रृंखला देता है।
A:",यह उन्हें शिकारियों से छिपने के लिए छोटे स्थानों की एक बहुत बड़ी श्रृंखला देता है।,This gives them a wider range of small places to hide from predators.,It gives them a very large number of small places to hide from the hunters.,36.82139814518999,57.21863157000365,eng_Latn, This gives them a wider range of small places to hide from predators.,36.82139814518999,57.21863157000365,2.203125,4.375
"Translate the following sentence from Hindi to English:
Q: वर्तमान में, जो कीड़े अपने पंखों को वापस नहीं मोड़ सकते हैं उनमें केवल ड्रैगनफ़्लाई और मेफलीज़ हैं.
A:","वर्तमान में, जो कीड़े अपने पंखों को वापस नहीं मोड़ सकते हैं उनमें केवल ड्रैगनफ़्लाई और मेफलीज़ हैं.","Today, the only insects that cannot fold back their wings are dragon flies and mayflies.","At present, the only insects that cannot fold their wings are dragonflies and mayflies.",65.66807449251145,80.47985225076691,eng_Latn," Today, the only insects that cannot fold back their wings are dragon flies and mayflies.",65.66807449251145,80.47985225076691,1.984375,1.171875
"Translate the following sentence from Hindi to English:
Q: हज़ारों साल पहले, एरिस्टार्चस नामक एक व्यक्ति ने कहा था कि सौर मंडल सूर्य के चारों ओर घूमता है।
A:","हज़ारों साल पहले, एरिस्टार्चस नामक एक व्यक्ति ने कहा था कि सौर मंडल सूर्य के चारों ओर घूमता है।","Thousands of years ago, a man called Aristarchus said that the Solar System moved around the Sun.","Thousands of years ago, a person named Aristarchus said that the solar system revolves around the sun.",51.31275135405764,64.76034024286926,eng_Latn," Thousands of years ago, a man called Aristarchus said that the Solar System moved around the Sun.",51.31275135405764,64.76034024286926,0.8203125,0.8671875
"Translate the following sentence from Hindi to English:
Q: कुछ लोगों ये सोचते थे की कि वह सही था लेकिन बहुत से लोग इसके विपरीत मानते थे; की सौर मंडल सूर्य (और यहां तक कि अन्य सितारों) सहित पृथ्वी के चारों और चक्कर लगता था ।
A:",कुछ लोगों ये सोचते थे की कि वह सही था लेकिन बहुत से लोग इसके विपरीत मानते थे; की सौर मंडल सूर्य (और यहां तक कि अन्य सितारों) सहित पृथ्वी के चारों और चक्कर लगता था ।,"Some people thought he was right but many people believed the opposite; that the Solar System moved around the Earth, including the Sun (and even the other stars).",Some people thought that the earth was the center of the universe.,3.4915690395404866,23.361864032187885,eng_Latn," Some people thought he was right but many people believed the opposite; that the Solar System moved around the Earth, including the Sun (and even the other stars).",3.4915690395404866,23.361864032187885,17.0,17.75
"Translate the following sentence from Hindi to English:
Q: यह तर्कसंगत लग रहा है, क्योंकि ऐसा महसूस नहीं होता है कि पृथ्वी चल रही है, है कि नहीं?
A:","यह तर्कसंगत लग रहा है, क्योंकि ऐसा महसूस नहीं होता है कि पृथ्वी चल रही है, है कि नहीं?","This seems sensible, because the Earth doesn't feel as if it's moving, does it?","It seems reasonable, because it doesn't feel like the earth is moving, is it?",18.214497247538663,48.67811907856192,eng_Latn," This seems sensible, because the Earth doesn't feel as if it's moving, does it?",18.214497247538663,48.67811907856192,2.125,2.484375
"Translate the following sentence from Hindi to English:
Q: अमेज़न नदी धरती की दूसरी सबसे लंबी और सबसे बड़ी नदी है. इसमें दूसरी सबसे बड़ी नदी से 8 गुना से भी ज़्यादा पानी है.
A:",अमेज़न नदी धरती की दूसरी सबसे लंबी और सबसे बड़ी नदी है. इसमें दूसरी सबसे बड़ी नदी से 8 गुना से भी ज़्यादा पानी है.,The Amazon River is the second longest and the biggest river on Earth. It carries more than 8 times as much water as the second biggest river.,The Amazon River is the second largest river in the world. It has 8 times more water than the second largest river.,22.373289997650243,53.58984206503151,eng_Latn, The Amazon River is the second longest and the biggest river on Earth. It carries more than 8 times as much water as the second biggest river.,22.373289997650243,53.58984206503151,3.25,3.203125
"Translate the following sentence from Hindi to English:
Q: अमेज़न धरती की सबसे चौड़ी नदी भी है, जो कभी-कभी छह मील जितनी चौड़ी हो जाती है.
A:","अमेज़न धरती की सबसे चौड़ी नदी भी है, जो कभी-कभी छह मील जितनी चौड़ी हो जाती है.","The Amazon is also the widest river on Earth, at times six miles wide.",Amazon is the largest river in the world.,4.929297364398415,27.603746213339736,eng_Latn," The Amazon is also the widest river on Earth, at times six miles wide.",4.929297364398415,27.603746213339736,13.5,11.0
"Translate the following sentence from Hindi to English:
Q: हमारे ग्रह की नदियों से महासागरों में जाने वाले पानी का 20% हिस्सा अमेज़न से आता है।
A:",हमारे ग्रह की नदियों से महासागरों में जाने वाले पानी का 20% हिस्सा अमेज़न से आता है।,A full 20 percent of the water that pours out of the planet's rivers into the oceans comes from the Amazon.,20% of the water that flows from the Amazon River into the oceans is used for irrigation.,21.66497159045323,47.043951152719984,eng_Latn, A full 20 percent of the water that pours out of the planet's rivers into the oceans comes from the Amazon.,21.66497159045323,47.043951152719984,8.4375,10.5625
"Translate the following sentence from Hindi to English:
Q: मुख्य आमेजन नदी 6,387 किमी (3,980 मील) लंबी है। इसमें हजारों छोटी नदियां मिलती हैं।
A:","मुख्य आमेजन नदी 6,387 किमी (3,980 मील) लंबी है। इसमें हजारों छोटी नदियां मिलती हैं।","The main Amazon River is 6,387 km (3,980 miles). It collects water from thousands of smaller rivers.",The Amazon is the longest river in the world.,1.4843977159472386,14.849356470636119,eng_Latn," The main Amazon River is 6,387 km (3,980 miles). It collects water from thousands of smaller rivers.",1.4843977159472386,14.849356470636119,15.875,15.1875
"Translate the following sentence from Hindi to English:
Q: हालाँकि, पुराने साम्राज्य के अंत तक पत्थर से पिरामिड निर्माण जारी रहा, कभी भी गीज़ा के पिरामिड के आकार और उनके निर्माण की तकनीकी उत्कृष्टता को पार नहीं किया जा सका।
A:","हालाँकि, पुराने साम्राज्य के अंत तक पत्थर से पिरामिड निर्माण जारी रहा, कभी भी गीज़ा के पिरामिड के आकार और उनके निर्माण की तकनीकी उत्कृष्टता को पार नहीं किया जा सका।","Although pyramid-building in stone continued until the end of the Old Kingdom, the pyramids of Giza were never surpassed in their size and the technical excellence of their construction.","Although, the construction of the pyramids continued until the end of the old empire, never again could the size and technical excellence of the pyramids be achieved.",26.677437909909926,56.140642731875886,eng_Latn," Although pyramid-building in stone continued until the end of the Old Kingdom, the pyramids of Giza were never surpassed in their size and the technical excellence of their construction.",26.677437909909926,56.140642731875886,3.125,3.28125
"Translate the following sentence from Hindi to English:
Q: न्यू किंगडम प्राचीन मिस्रवासी अपने पूर्ववर्तियों के स्मारकों से आश्चर्यचकित थे, जो तब एक हज़ार वर्ष से अधिक पुराने थे।
A:","न्यू किंगडम प्राचीन मिस्रवासी अपने पूर्ववर्तियों के स्मारकों से आश्चर्यचकित थे, जो तब एक हज़ार वर्ष से अधिक पुराने थे।","New Kingdom ancient Egyptians marvelled at their predecessors monuments, which were then well over a thousand year old.",The ancient Egyptians were surprised by the pyramids.,4.46027355432182,20.951913172873077,eng_Latn," New Kingdom ancient Egyptians marvelled at their predecessors monuments, which were then well over a thousand year old.",4.46027355432182,20.951913172873077,14.8125,13.0625
"Translate the following sentence from Hindi to English:
Q: वेटिकन सिटी की जनसंख्या लगभग 800 है. यह विश्व का सबसे कम जनसंख्या वाला सबसे छोटा स्वतंत्र राष्ट्र है.
A:",वेटिकन सिटी की जनसंख्या लगभग 800 है. यह विश्व का सबसे कम जनसंख्या वाला सबसे छोटा स्वतंत्र राष्ट्र है.,Vatican City's population is around 800. It is the smallest independent country in the world and the country with the lowest population.,Vatican City is the smallest country in the world.,11.259821389703356,34.78266652079701,eng_Latn, Vatican City's population is around 800. It is the smallest independent country in the world and the country with the lowest population.,11.259821389703356,34.78266652079701,15.0625,14.0625
"Translate the following sentence from Hindi to English:
Q: वैटिकन सिटी अपने कानूनी और आधिकारिक संचार में इतालवी का उपयोग करता है।
A:",वैटिकन सिटी अपने कानूनी और आधिकारिक संचार में इतालवी का उपयोग करता है।,Vatican City uses Italian in its legislation and official communications.,Vatican City uses Italian in its legal and official communications.,70.16879391277372,85.3531131532259,eng_Latn, Vatican City uses Italian in its legislation and official communications.,70.16879391277372,85.3531131532259,1.890625,1.4921875
"Translate the following sentence from Hindi to English:
Q: इटैलियन भी रोज़ाना इस्तेमाल होने वाली भाषा है जिसे राज्य में काम करने वाले अधिकांश लोग उपयोग में लाते हैं, जबकि लेटिन का धार्मिक रस्मों में इस्तेमाल किया जाता है.
A:","इटैलियन भी रोज़ाना इस्तेमाल होने वाली भाषा है जिसे राज्य में काम करने वाले अधिकांश लोग उपयोग में लाते हैं, जबकि लेटिन का धार्मिक रस्मों में इस्तेमाल किया जाता है.",Italian is also the everyday language used by most of those who work in the state while Latin is often used in religious ceremonies.,Italian is also a language that is used in the state.,7.931612624791618,31.44797160293188,eng_Latn, Italian is also the everyday language used by most of those who work in the state while Latin is often used in religious ceremonies.,7.931612624791618,31.44797160293188,17.125,15.0625
"Translate the following sentence from Hindi to English:
Q: वेटिकन सिटी के सभी नागरिक रोमन कैथोलिक हैं.
A:",वेटिकन सिटी के सभी नागरिक रोमन कैथोलिक हैं.,All citizens of Vatican City are Roman Catholic.,All citizens of Vatican City are Roman Catholic.,100.00000000000004,100.0,eng_Latn, All citizens of Vatican City are Roman Catholic.,100.00000000000004,100.0,1.640625,0.7421875
"Translate the following sentence from Hindi to English:
Q: प्राचीनकाल से ही लोग सोने, चाँदी, और तांबे जैसे रासायनिक तत्वों के बारे में ही जानकारी रखते हैं, क्योंकि इन्हें प्रकृति में मूल स्वरूप में ढूँढा जा सकता है और इन्हें प्राथमिक उपकरणों के ज़रिए ढूँढना अपेक्षाकृत आसान है.
A:","प्राचीनकाल से ही लोग सोने, चाँदी, और तांबे जैसे रासायनिक तत्वों के बारे में ही जानकारी रखते हैं, क्योंकि इन्हें प्रकृति में मूल स्वरूप में ढूँढा जा सकता है और इन्हें प्राथमिक उपकरणों के ज़रिए ढूँढना अपेक्षाकृत आसान है.","People have known about basic chemical elements such as gold, silver, and copper from antiquity, as these can all be discovered in nature in native form and are relatively simple to mine with primitive tools.","From ancient times, people have known about chemical elements like gold, silver, and copper.",10.806846482475484,34.291342786765206,eng_Latn," People have known about basic chemical elements such as gold, silver, and copper from antiquity, as these can all be discovered in nature in native form and are relatively simple to mine with primitive tools.",10.806846482475484,34.291342786765206,10.5625,6.84375
"Translate the following sentence from Hindi to English:
Q: अरस्तू, एक दार्शनिक, ने सिद्ध किया कि सब कुछ एक या चार तत्वों के मिश्रण से बना है. वे पृथ्वी, जल, वायु और अग्नि थे.
A:","अरस्तू, एक दार्शनिक, ने सिद्ध किया कि सब कुछ एक या चार तत्वों के मिश्रण से बना है. वे पृथ्वी, जल, वायु और अग्नि थे.","Aristotle, a philosopher, theorised that everything is made up of a mixture of one or more of four elements. They were earth, water, air, and fire.","Aristotle, a philosopher, said that everything is made of four elements.",16.31351667013865,46.94563922388993,eng_Latn," Aristotle, a philosopher, theorised that everything is made up of a mixture of one or more of four elements. They were earth, water, air, and fire.",16.31351667013865,46.94563922388993,5.3125,7.0625
"Translate the following sentence from Hindi to English:
Q: यह ज़्यादातर पदार्थ की चार स्थितियों जैसा ही था (उसी क्रम में): ठोस, तरल, गैस, और प्लाज़्मा, हालाँकि उन्होंने यह सिद्धांत भी स्थापित किया कि हमें जो दिखाई देता है वे उससे भी नए पदार्थों में बदल जाते हैं.
A:","यह ज़्यादातर पदार्थ की चार स्थितियों जैसा ही था (उसी क्रम में): ठोस, तरल, गैस, और प्लाज़्मा, हालाँकि उन्होंने यह सिद्धांत भी स्थापित किया कि हमें जो दिखाई देता है वे उससे भी नए पदार्थों में बदल जाते हैं.","This was more like the four states of matter (in the same order): solid, liquid, gas, and plasma, though he also theorised that they change into new substances to form what we see.",They established the principle that the four states of matter are not the only states of matter.,6.138622989845238,25.635048653360165,eng_Latn," This was more like the four states of matter (in the same order): solid, liquid, gas, and plasma, though he also theorised that they change into new substances to form what we see.",6.138622989845238,25.635048653360165,13.5,11.8125
"Translate the following sentence from Hindi to English:
Q: मिश्रधातु मूल रूप से दो या अधिक धातुओं का मिश्रण होते हैं। यह न भूलें कि आवर्त सारणी पर कई तत्व हैं।
A:",मिश्रधातु मूल रूप से दो या अधिक धातुओं का मिश्रण होते हैं। यह न भूलें कि आवर्त सारणी पर कई तत्व हैं।,Alloys are basically a mixture of two or more metals. Don't forget that there are many elements on the periodic table.,Alloys are mixtures of two or more metals.,13.016321509119114,33.49818546709218,eng_Latn, Alloys are basically a mixture of two or more metals. Don't forget that there are many elements on the periodic table.,13.016321509119114,33.49818546709218,7.71875,13.0
"Translate the following sentence from Hindi to English:
Q: कैल्शियम और पोटैशियम जैसे तत्वों को धातु माना जाता है। बेशक, चांदी और सोने जैसी धातुएं भी हैं।
A:","कैल्शियम और पोटैशियम जैसे तत्वों को धातु माना जाता है। बेशक, चांदी और सोने जैसी धातुएं भी हैं।","Elements like calcium and potassium are considered metals. Of course, there are also metals like silver and gold.","Metals are elements that are malleable, ductile, and good conductors of heat and electricity.",2.2583822041381714,22.347347533025076,eng_Latn," Elements like calcium and potassium are considered metals. Of course, there are also metals like silver and gold.",2.2583822041381714,22.347347533025076,3.765625,2.640625
"Translate the following sentence from Hindi to English:
Q: आप मिश्रित धातुएँ भी ले सकते हैं जिनमें कार्बन जैसे नॉन-मैटेलिक एलिमेंट्स की छोटी मात्रा शामिल हो.
A:",आप मिश्रित धातुएँ भी ले सकते हैं जिनमें कार्बन जैसे नॉन-मैटेलिक एलिमेंट्स की छोटी मात्रा शामिल हो.,You can also have alloys that include small amounts of non-metallic elements like carbon.,You can also take alloys that contain small amounts of non-metallic elements.,54.85113740772977,67.6109107298786,eng_Latn, You can also have alloys that include small amounts of non-metallic elements like carbon.,54.85113740772977,67.6109107298786,4.28125,3.171875
"Translate the following sentence from Hindi to English:
Q: ब्रह्मांड की सभी वस्तुएँ पदार्थ से बनी हैं. सारे पदार्थ सूक्ष्तम कणों से बनें हैं, जिन्हें अणु कहा जाता है.
A:","ब्रह्मांड की सभी वस्तुएँ पदार्थ से बनी हैं. सारे पदार्थ सूक्ष्तम कणों से बनें हैं, जिन्हें अणु कहा जाता है.",Everything in the Universe is made of matter. All matter is made of tiny particles called atoms.,All matter is made up of atoms.,11.764962726728264,27.10690755670549,eng_Latn, Everything in the Universe is made of matter. All matter is made of tiny particles called atoms.,11.764962726728264,27.10690755670549,14.125,15.1875
"Translate the following sentence from Hindi to English:
Q: परमाणु अविश्वसनीय रूप से इतने छोटे हैं कि वे खरबों की संख्या में वाक्य के अंत में लगने वाले बिंदु में फिट हो सकते हैं।
A:",परमाणु अविश्वसनीय रूप से इतने छोटे हैं कि वे खरबों की संख्या में वाक्य के अंत में लगने वाले बिंदु में फिट हो सकते हैं।,Atoms are so incredibly tiny that trillions of them could fit into the period at the end of this sentence.,Atoms are so small that they can fit in a sentence.,9.091199553529263,28.347495864046635,eng_Latn, Atoms are so incredibly tiny that trillions of them could fit into the period at the end of this sentence.,9.091199553529263,28.347495864046635,9.1875,8.125
"Translate the following sentence from Hindi to English:
Q: इस प्रकार, जब पेंसिल आई तो यह कई लोगों के लिए एक अच्छी दोस्त थी.
A:","इस प्रकार, जब पेंसिल आई तो यह कई लोगों के लिए एक अच्छी दोस्त थी.","Thus, the pencil was a good friend to many people when it came out.","Thus, when the pencil came, it was a good friend to many people.",49.59596944382037,71.58278392666176,eng_Latn," Thus, the pencil was a good friend to many people when it came out.",49.59596944382037,71.58278392666176,2.46875,3.25
"Translate the following sentence from Hindi to English:
Q: अफ़सोस की बात यह है कि जैसे-जैसे लिखने के नए-नए तरीके विकसित हुए हैं, वैसे-वैसे पेंसिल की स्थिति और इस्तेमाल कमतर होते गए हैं.
A:","अफ़सोस की बात यह है कि जैसे-जैसे लिखने के नए-नए तरीके विकसित हुए हैं, वैसे-वैसे पेंसिल की स्थिति और इस्तेमाल कमतर होते गए हैं.","Sadly, as newer methods of writing have emerged, the pencil has been relegated to lesser status and uses.","It is a matter of regret that as new ways of writing have developed, the use of pencil has declined.",10.047354401506707,36.4748759240798,eng_Latn," Sadly, as newer methods of writing have emerged, the pencil has been relegated to lesser status and uses.",10.047354401506707,36.4748759240798,1.375,1.1484375
"Translate the following sentence from Hindi to English:
Q: लोग अब कंप्यूटर स्क्रीन पर संदेश लिखते हैं, शार्पनर का उपयोग करने की आवश्यकता नहीं पड़ती।
A:","लोग अब कंप्यूटर स्क्रीन पर संदेश लिखते हैं, शार्पनर का उपयोग करने की आवश्यकता नहीं पड़ती।","People now write messages on computer screens, never having to come close to a sharpener.",People no longer need to use a typewriter to write on paper.,3.166844235526443,23.246208231760534,eng_Latn," People now write messages on computer screens, never having to come close to a sharpener.",3.166844235526443,23.246208231760534,7.28125,7.9375
"Translate the following sentence from Hindi to English:
Q: अभी कोई यह नहीं सोच सकता की कुछ नया आने से कीबोर्ड क्या बन जायेगा |
A:",अभी कोई यह नहीं सोच सकता की कुछ नया आने से कीबोर्ड क्या बन जायेगा |,One can only wonder what the keyboard will become when something newer comes along.,Nobody can think of anything new.,2.1590567826234355,13.481752093846225,eng_Latn, One can only wonder what the keyboard will become when something newer comes along.,2.1590567826234355,13.481752093846225,14.9375,14.125
"Translate the following sentence from Hindi to English:
Q: विखंडन बम इस सिद्धांत पर काम करता है कि कई प्रोटॉन और न्यूट्रॉन वाले एक नाभिक को एक साथ रखने के लिए ऊर्जा लगती है।
A:",विखंडन बम इस सिद्धांत पर काम करता है कि कई प्रोटॉन और न्यूट्रॉन वाले एक नाभिक को एक साथ रखने के लिए ऊर्जा लगती है।,The fission bomb works on the principle that it takes energy to put together a nucleus with many protons and neutrons.,The sentence means that the energy required to hold the nucleus together is greater than the energy released when the nucleus is split.,4.207993129078362,26.501965404010768,eng_Latn, The fission bomb works on the principle that it takes energy to put together a nucleus with many protons and neutrons.,4.207993129078362,26.501965404010768,7.65625,8.125
"Translate the following sentence from Hindi to English:
Q: जैसे किसी भारी गाड़ी को पहाड़ पर रोल करके चढ़ाया जा रहा हो. न्यूक्लियस को फिर से विभाजित करना और उसमें से कुछ ऊर्जा निकालना.
A:",जैसे किसी भारी गाड़ी को पहाड़ पर रोल करके चढ़ाया जा रहा हो. न्यूक्लियस को फिर से विभाजित करना और उसमें से कुछ ऊर्जा निकालना.,Sort of like rolling a heavy cart up a hill. Splitting the nucleus up again then releases some of that energy.,Like a heavy car being rolled up a hill.,8.135963483208391,22.246027669949072,eng_Latn, Sort of like rolling a heavy cart up a hill. Splitting the nucleus up again then releases some of that energy.,8.135963483208391,22.246027669949072,19.625,14.5625
"Translate the following sentence from Hindi to English:
Q: कुछ अणुओं में अस्थिर केंद्रक होता है, जिसका मतलब यह है कि उनमें थोड़े या बिना किसी झटके से टूटने की प्रवृत्ति होती है,
A:","कुछ अणुओं में अस्थिर केंद्रक होता है, जिसका मतलब यह है कि उनमें थोड़े या बिना किसी झटके से टूटने की प्रवृत्ति होती है,",Some atoms have unstable nuclei which means that they tend to break apart with little or no nudging.,"Some molecules have unstable nuclei, which means that they have a tendency to break up with a little or no shock.",32.590949803397706,61.07471446859629,eng_Latn, Some atoms have unstable nuclei which means that they tend to break apart with little or no nudging.,32.590949803397706,61.07471446859629,1.546875,2.265625
"Translate the following sentence from Hindi to English:
Q: चांद की सतह चट्टानों और धूल से बनी है. चांद की बाहरी परत को क्रस्ट कहते हैं.
A:",चांद की सतह चट्टानों और धूल से बनी है. चांद की बाहरी परत को क्रस्ट कहते हैं.,The surface of the Moon is made of rocks and dust. The outer layer of the Moon is called the crust.,The surface of the moon is made up of rocks and dust. The outer layer of the moon is called the crust.,69.77567595947372,86.11630611514103,eng_Latn, The surface of the Moon is made of rocks and dust. The outer layer of the Moon is called the crust.,69.77567595947372,86.11630611514103,0.44726562,0.39453125
"Translate the following sentence from Hindi to English:
Q: सबसे नज़दीकी सिरे पर क्रस्ट की मोटाई करीब 70 किलोमीटर है और सबसे दूर के सिरे पर यह 100 किलोमीटर है.
A:",सबसे नज़दीकी सिरे पर क्रस्ट की मोटाई करीब 70 किलोमीटर है और सबसे दूर के सिरे पर यह 100 किलोमीटर है.,The crust is about 70 km thick on the near side and 100 km thick on the far side.,The crust is thickest at the center and thinnest at the edges.,13.87373283184691,27.6761337714229,eng_Latn, The crust is about 70 km thick on the near side and 100 km thick on the far side.,13.87373283184691,27.6761337714229,11.3125,6.625
"Translate the following sentence from Hindi to English:
Q: यह समुद्र के नीचे पतला और ऊँचे क्षेत्रों के नीचे मोटा होता है।
A:",यह समुद्र के नीचे पतला और ऊँचे क्षेत्रों के नीचे मोटा होता है।,It is thinner under the maria and thicker under the highlands.,It is thinner and thicker under the sea.,38.30094122800659,55.097012909854584,eng_Latn, It is thinner under the maria and thicker under the highlands.,38.30094122800659,55.097012909854584,9.5,12.25
"Translate the following sentence from Hindi to English:
Q: पपड़ी पतली होने के कारण आस-पास पर कई मारिया होंगी. लावा के लिए सतह पर बढ़ना आसान था.
A:",पपड़ी पतली होने के कारण आस-पास पर कई मारिया होंगी. लावा के लिए सतह पर बढ़ना आसान था.,There may be more maria on the near side because the crust is thinner. It was easier for lava to rise up to the surface.,The lava was easy to flow because the surface was flat.,2.671805785795969,24.529360080416037,eng_Latn, There may be more maria on the near side because the crust is thinner. It was easier for lava to rise up to the surface.,2.671805785795969,24.529360080416037,9.25,11.5625
"Translate the following sentence from Hindi to English:
Q: सामग्री के सिद्धांत यह खोजने पर केंद्रित है कि लोगों को क्या टिक करता है या उन्हें क्या आाकर्षित करता है।
A:",सामग्री के सिद्धांत यह खोजने पर केंद्रित है कि लोगों को क्या टिक करता है या उन्हें क्या आाकर्षित करता है।,Content theories are centered on finding what makes people tick or appeals to them.,The principle of content is to find out what people like or what attracts them.,5.3475478283692555,28.092541812258094,eng_Latn, Content theories are centered on finding what makes people tick or appeals to them.,5.3475478283692555,28.092541812258094,2.484375,3.484375
"Translate the following sentence from Hindi to English:
Q: इन सिद्धांतों से संकेत मिलता है कि लोगों की कुछ ऐसी ज़रूरतें और/या इच्छाएँ थीं जो उनके वयस्क होते-होते उनके भीतर निहित हो गयी.
A:",इन सिद्धांतों से संकेत मिलता है कि लोगों की कुछ ऐसी ज़रूरतें और/या इच्छाएँ थीं जो उनके वयस्क होते-होते उनके भीतर निहित हो गयी.,These theories suggest that people have certain needs and/or desires which have been internalized as they mature to adulthood.,These principles indicate that there were some needs and/or desires of people that were inherent in them.,20.15899079187723,31.856128004977073,eng_Latn, These theories suggest that people have certain needs and/or desires which have been internalized as they mature to adulthood.,20.15899079187723,31.856128004977073,5.5625,5.125
"Translate the following sentence from Hindi to English:
Q: ये सिद्धांत देखते हैं कि कुछ लोगों के बारे में ऐसी कौन-सी बातें हैं जो उन्हें वही चीज़ें करने के लिए कहती हैं जो वे चाहते हैं और उनके माहौल की कौनसी सी बाते हैं जो वे उन्हें कुछ चीज़ें करने या नहीं करने के लिए कहती हैं.
A:",ये सिद्धांत देखते हैं कि कुछ लोगों के बारे में ऐसी कौन-सी बातें हैं जो उन्हें वही चीज़ें करने के लिए कहती हैं जो वे चाहते हैं और उनके माहौल की कौनसी सी बाते हैं जो वे उन्हें कुछ चीज़ें करने या नहीं करने के लिए कहती हैं.,These theories look at what it is about certain people that make them want the things that they do and what things in their environment will make them do or not do certain things.,These principles are that some people are doing what they want to do.,0.9922095805696682,16.641631202765687,eng_Latn, These theories look at what it is about certain people that make them want the things that they do and what things in their environment will make them do or not do certain things.,0.9922095805696682,16.641631202765687,15.25,19.75
"Translate the following sentence from Hindi to English:
Q: दो लोकप्रिय विषय-वस्तु सिद्धांत हैं मास्लो का आवश्यकताओं का पदानुक्रम सिद्धांत और हर्ट्ज़बर्ग का दो तथ्यों वाला सिद्धांत.
A:",दो लोकप्रिय विषय-वस्तु सिद्धांत हैं मास्लो का आवश्यकताओं का पदानुक्रम सिद्धांत और हर्ट्ज़बर्ग का दो तथ्यों वाला सिद्धांत.,Two popular content theories are Maslow's Hierarchy of Needs Theory and Hertzberg's Two Factor Theory.,There are two popular theories of motivation: Maslow's and Herzberg's.,13.08659428474303,34.042318792758934,eng_Latn, Two popular content theories are Maslow's Hierarchy of Needs Theory and Hertzberg's Two Factor Theory.,13.08659428474303,34.042318792758934,3.59375,5.8125
"Translate the following sentence from Hindi to English:
Q: आम शब्दों में, जब प्रबंधक अपने पूर्व सहयोगियों का नेतृत्व करना शुरू करते हैं तो दो तरह के बर्ताव सामने आते हैं. स्पेक्ट्रम का एक सिरा “उन लड़कों में से एक” (या लड़कियों में से एक) बने रहने की कोशिश कर रहा है.
A:","आम शब्दों में, जब प्रबंधक अपने पूर्व सहयोगियों का नेतृत्व करना शुरू करते हैं तो दो तरह के बर्ताव सामने आते हैं. स्पेक्ट्रम का एक सिरा “उन लड़कों में से एक” (या लड़कियों में से एक) बने रहने की कोशिश कर रहा है.","Generally speaking, two behaviors can emerge as managers begin to lead their former peers. One end of the spectrum is trying to remain “one of the guys” (or gals).","In general, when managers become leaders, they are expected to be more assertive and less collaborative.",1.7393445458541914,19.39889847003975,eng_Latn," Generally speaking, two behaviors can emerge as managers begin to lead their former peers. One end of the spectrum is trying to remain “one of the guys” (or gals).",1.7393445458541914,19.39889847003975,10.375,10.25
"Translate the following sentence from Hindi to English:
Q: ऐसे प्रबंधक को सबकी सोच से अलग फै़सले लेने, अनुशासन से जुड़ी कार्रवाई करने, काम की जाँच करने, ज़िम्मेदारी देने और लोगों की ज़वाबदेही तय करने में परेशानी होती है.
A:","ऐसे प्रबंधक को सबकी सोच से अलग फै़सले लेने, अनुशासन से जुड़ी कार्रवाई करने, काम की जाँच करने, ज़िम्मेदारी देने और लोगों की ज़वाबदेही तय करने में परेशानी होती है.","This type of manager has difficulty making unpopular decisions, performing disciplinary action, performance evaluations, assigning responsibility, and holding people accountable.","A manager who is not able to take decisions, implement them and follow up on them is not a good manager.",2.566929824521714,17.68728892103292,eng_Latn," This type of manager has difficulty making unpopular decisions, performing disciplinary action, performance evaluations, assigning responsibility, and holding people accountable.",2.566929824521714,17.68728892103292,6.0,6.0
"Translate the following sentence from Hindi to English:
Q: वहीं स्पेक्ट्रम का दूसरा सिरा, कोई व्यक्ति किसी ऐसे अपिरिचित व्यक्ति का रूप लेता है जिसे लगता है कि उसे टीम में सब कुछ बदल देना चाहिए और उसे अपने हिसाब से बनाना चाहिए.
A:","वहीं स्पेक्ट्रम का दूसरा सिरा, कोई व्यक्ति किसी ऐसे अपिरिचित व्यक्ति का रूप लेता है जिसे लगता है कि उसे टीम में सब कुछ बदल देना चाहिए और उसे अपने हिसाब से बनाना चाहिए.","At the other end of the spectrum, one morphs into an unrecognizable individual that feels he or she must change everything the team has been doing and make it their own.",The second end of the spectrum is a person who is a rebel and wants to change everything.,10.265981627844743,27.142968160950637,eng_Latn," At the other end of the spectrum, one morphs into an unrecognizable individual that feels he or she must change everything the team has been doing and make it their own.",10.265981627844743,27.142968160950637,4.6875,4.875
"Translate the following sentence from Hindi to English:
Q: आख़िर, लीडर ही अपनी टीम की कामयाबी और नाकामी के लिए ज़िम्मेदार होता है.
A:","आख़िर, लीडर ही अपनी टीम की कामयाबी और नाकामी के लिए ज़िम्मेदार होता है.","After all, the leader is ultimately responsible for the success and failure of the team.","Ultimately, the leader is responsible for the success or failure of the team.",48.3018816076337,73.78272303133275,eng_Latn," After all, the leader is ultimately responsible for the success and failure of the team.",48.3018816076337,73.78272303133275,1.2265625,0.55078125
"Translate the following sentence from Hindi to English:
Q: इस बर्ताव से कभी-कभी लीडर और बाकी टीम के बीच दरारें पैदा हो जाती हैं.
A:",इस बर्ताव से कभी-कभी लीडर और बाकी टीम के बीच दरारें पैदा हो जाती हैं.,This behavior oftentimes results in rifts between the leaders and the rest of the team.,This behavior sometimes creates a rift between the leader and the rest of the team.,40.21074690812006,65.22951232600028,eng_Latn, This behavior oftentimes results in rifts between the leaders and the rest of the team.,40.21074690812006,65.22951232600028,1.953125,0.71484375
"Translate the following sentence from Hindi to English:
Q: वर्चुअल टीमों को भी परंपरागत टीमों की तरह ही उत्कृष्टता के समान मानकों पर रखा जाता है, लेकिन उनमें बारीक अंतर होते हैं.
A:","वर्चुअल टीमों को भी परंपरागत टीमों की तरह ही उत्कृष्टता के समान मानकों पर रखा जाता है, लेकिन उनमें बारीक अंतर होते हैं.","Virtual teams are held to the same standards of excellence as conventional teams, but there are subtle differences.","Virtual teams are also held to the same standards of excellence as traditional teams, but they have subtle differences.",54.27521790064275,80.67538273045216,eng_Latn," Virtual teams are held to the same standards of excellence as conventional teams, but there are subtle differences.",54.27521790064275,80.67538273045216,0.67578125,0.4453125
"Translate the following sentence from Hindi to English:
Q: वर्चुअल टीम के सदस्य अक्सर अपने तात्कालिक भौतिक समूह के लिए संपर्क बिंदु के तौर पर काम करते हैं.
A:",वर्चुअल टीम के सदस्य अक्सर अपने तात्कालिक भौतिक समूह के लिए संपर्क बिंदु के तौर पर काम करते हैं.,Virtual team members often function as the point of contact for their immediate physical group.,Virtual teams are often used to solve problems that are too complex for a single person to solve.,2.8629993657668873,24.86011659980498,eng_Latn, Virtual team members often function as the point of contact for their immediate physical group.,2.8629993657668873,24.86011659980498,5.53125,3.34375
"Translate the following sentence from Hindi to English:
Q: उनके पास परंपरागत टीम सदस्यों के मुकाबले ज़्यादा आज़ादी होती है क्योंकि उनकी टीमें अलग-अलग समय क्षेत्रों के हिसाब से मिल सकती हैं जो शायद उनके स्थानीय प्रबंधन की समझ न आए.
A:",उनके पास परंपरागत टीम सदस्यों के मुकाबले ज़्यादा आज़ादी होती है क्योंकि उनकी टीमें अलग-अलग समय क्षेत्रों के हिसाब से मिल सकती हैं जो शायद उनके स्थानीय प्रबंधन की समझ न आए.,They often have more autonomy than conventional team members as their teams may meet according to varying time zones which may not be understood by their local management.,They have more freedom because their teams can be formed at different times.,2.377927056312891,19.27038584662019,eng_Latn, They often have more autonomy than conventional team members as their teams may meet according to varying time zones which may not be understood by their local management.,2.377927056312891,19.27038584662019,10.75,10.4375
"Translate the following sentence from Hindi to English:
Q: एक सच्ची “अदृश्य टीम” (लार्सन एंड लाफ़ास्टो, 1989, p109) की मौजूदगी भी वर्चुअल टीम का एक अनूठा घटक है.
A:","एक सच्ची “अदृश्य टीम” (लार्सन एंड लाफ़ास्टो, 1989, p109) की मौजूदगी भी वर्चुअल टीम का एक अनूठा घटक है.","The presence of a true “invisible team” (Larson and LaFasto, 1989, p109) is also a unique component of a virtual team.",The presence of a true invisible team is also a unique component of a virtual team.,28.505791273015316,65.39250180701434,eng_Latn," The presence of a true “invisible team” (Larson and LaFasto, 1989, p109) is also a unique component of a virtual team.",28.505791273015316,65.39250180701434,6.3125,3.203125
"Translate the following sentence from Hindi to English:
Q: इनविजिबल टीम वह प्रबंधन टीम है, जिस पर प्रत्येक सदस्य रिपोर्ट करते हैं. इनविजिबल टीम प्रत्येक सदस्य के लिए मानक निर्धारित करती है.
A:","इनविजिबल टीम वह प्रबंधन टीम है, जिस पर प्रत्येक सदस्य रिपोर्ट करते हैं. इनविजिबल टीम प्रत्येक सदस्य के लिए मानक निर्धारित करती है.",The “invisible team” is the management team to which each of the members report. The invisible team sets the standards for each member.,The invisible team is the management team that sets standards for each member.,18.637503824906517,52.14405289966898,eng_Latn, The “invisible team” is the management team to which each of the members report. The invisible team sets the standards for each member.,18.637503824906517,52.14405289966898,7.5,6.375
"Translate the following sentence from Hindi to English:
Q: क्यों कोई संगठन एक प्रशिक्षण संगठन स्थापित करने की ज़्यादा समय लेने वाली प्रक्रिया को अपनाना चाहेगा? संगठनात्मक प्रशिक्षण अवधारणा को व्यवहार में लाने का एक उद्देश्य इनोवेशन है.
A:",क्यों कोई संगठन एक प्रशिक्षण संगठन स्थापित करने की ज़्यादा समय लेने वाली प्रक्रिया को अपनाना चाहेगा? संगठनात्मक प्रशिक्षण अवधारणा को व्यवहार में लाने का एक उद्देश्य इनोवेशन है.,Why would an organization want to go through the time consuming process of establishing a learning organization? One goal for putting organizational learning concepts into practice is innovation.,Because of the following reasons:,0.09076727514388597,4.749133341168623,eng_Latn, Why would an organization want to go through the time consuming process of establishing a learning organization? One goal for putting organizational learning concepts into practice is innovation.,0.09076727514388597,4.749133341168623,23.375,25.0
"Translate the following sentence from Hindi to English:
Q: जब सभी उपलब्ध संसाधन किसी संगठन के कार्यात्मक विभागों में प्रभावी रूप से उपयोग किए जाते हैं, तो रचनात्मकता और सरलता दोनों ही मुमकिन हो जाते हैं।
A:","जब सभी उपलब्ध संसाधन किसी संगठन के कार्यात्मक विभागों में प्रभावी रूप से उपयोग किए जाते हैं, तो रचनात्मकता और सरलता दोनों ही मुमकिन हो जाते हैं।","When all available resources are effectively used across the functional departments of an organization, creativity and ingenuity can transpire.","When all available resources are effectively used in the functional departments of an organization, creativity and simplicity both become possible.",66.4939479337153,77.51996786029606,eng_Latn," When all available resources are effectively used across the functional departments of an organization, creativity and ingenuity can transpire.",66.4939479337153,77.51996786029606,0.96484375,2.234375
"Translate the following sentence from Hindi to English:
Q: नतीजन, एक साथ काम करने वाले संगठन की प्रक्रिया जो किसी बाधा को दूर करने के लिए काम कर रही है, वह ग्राहकों की ज़रूरत क लिए एक अभिनव प्रक्रिय हो सकती है |
A:","नतीजन, एक साथ काम करने वाले संगठन की प्रक्रिया जो किसी बाधा को दूर करने के लिए काम कर रही है, वह ग्राहकों की ज़रूरत क लिए एक अभिनव प्रक्रिय हो सकती है |","As a result, the process of an organization working together to overcome an obstacle can lead to a new innovative process to serve the customer's need.","As a result, the process of working together can be an innovative process for the customer.",20.444681905928732,49.88632313436982,eng_Latn," As a result, the process of an organization working together to overcome an obstacle can lead to a new innovative process to serve the customer's need.",20.444681905928732,49.88632313436982,7.78125,5.3125
"Translate the following sentence from Hindi to English:
Q: इससे पहले कि कोई संगठन नवोन्मेषी हो सके, लीडरशिप को नवोन्मेष की संस्कृति बनाने के साथ ही साझा ज्ञान और संगठनात्मक शिक्षण भी तैयार करना होगा.
A:","इससे पहले कि कोई संगठन नवोन्मेषी हो सके, लीडरशिप को नवोन्मेष की संस्कृति बनाने के साथ ही साझा ज्ञान और संगठनात्मक शिक्षण भी तैयार करना होगा.","Before an organization can be innovative, leadership must create a culture of innovation as well as shared knowledge and organizational learning.","Before an organization can be innovative, leadership must first create a culture of innovation.",45.95922796093037,64.22730489090216,eng_Latn," Before an organization can be innovative, leadership must create a culture of innovation as well as shared knowledge and organizational learning.",45.95922796093037,64.22730489090216,8.375,5.15625
"Translate the following sentence from Hindi to English:
Q: एंजल (2006) ने संगठनों को काम करने के ऊँचे स्तर तक पहुँचने में मदद के लिए इस्तेमाल की गई विधि के रूप में कॉन्टिनम एप्रोच की व्याख्या की.
A:",एंजल (2006) ने संगठनों को काम करने के ऊँचे स्तर तक पहुँचने में मदद के लिए इस्तेमाल की गई विधि के रूप में कॉन्टिनम एप्रोच की व्याख्या की.,"Angel (2006), explains the Continuum approach as a method being used to help organizations reach a higher level of performance.",Angel (2006) explained the continuum approach as a method used to help organizations reach higher levels of work.,32.47977183883474,64.71968739161889,eng_Latn," Angel (2006), explains the Continuum approach as a method being used to help organizations reach a higher level of performance.",32.47977183883474,64.71968739161889,6.8125,4.78125
"Translate the following sentence from Hindi to English:
Q: न्यूरोबायोलॉजिकल डेटा संज्ञान की जाँच के लिए सैद्धांतिक दृष्टिकोण के लिए भौतिक प्रमाण देते है. इसलिए ये अनुसंधान के क्षेत्र को सीमित बनाते हैं और इसे कहीं ज़्यादा सटीक बनाते हैं.
A:",न्यूरोबायोलॉजिकल डेटा संज्ञान की जाँच के लिए सैद्धांतिक दृष्टिकोण के लिए भौतिक प्रमाण देते है. इसलिए ये अनुसंधान के क्षेत्र को सीमित बनाते हैं और इसे कहीं ज़्यादा सटीक बनाते हैं.,Neurobiological data provide physical evidence for a theoretical approach to the investigation of cognition. Therefore it narrows the research area and makes it much more exact.,"Neurobiological data provide theoretical evidence for the study of perception. Therefore, they limit the research area and make it more precise.",26.769067821340556,54.31185153006678,eng_Latn, Neurobiological data provide physical evidence for a theoretical approach to the investigation of cognition. Therefore it narrows the research area and makes it much more exact.,26.769067821340556,54.31185153006678,2.171875,3.03125
"Translate the following sentence from Hindi to English:
Q: मस्तिष्क विकृति और व्यवहार के बीच संबंध अनुसंधान में वैज्ञानिकों का समर्थन करते हैं.
A:",मस्तिष्क विकृति और व्यवहार के बीच संबंध अनुसंधान में वैज्ञानिकों का समर्थन करते हैं.,The correlation between brain pathology and behaviour supports scientists in their research.,The relationship between brain and behavior is supported by research.,6.208294406285697,44.70469274336964,eng_Latn, The correlation between brain pathology and behaviour supports scientists in their research.,6.208294406285697,44.70469274336964,6.3125,5.25
"Translate the following sentence from Hindi to English:
Q: यह बहुत समय से ज्ञात है कि विभिन्न प्रकार के मस्तिष्क घाव, ट्रॉमा, चोट और ट्यूमर कुछ मानसिक व्यवहार को प्रभावित करते हैं और कुछ मानसिक कार्यों में परिवर्तन का कारण बनते हैं.
A:","यह बहुत समय से ज्ञात है कि विभिन्न प्रकार के मस्तिष्क घाव, ट्रॉमा, चोट और ट्यूमर कुछ मानसिक व्यवहार को प्रभावित करते हैं और कुछ मानसिक कार्यों में परिवर्तन का कारण बनते हैं.","It has been known for a long time that different types of brain damage, traumas, lesions, and tumours affect behaviour and cause changes in some mental functions.","It is known for a long time that different types of brain injuries, trauma, and tumors affect some mental behavior and cause some changes in mental functions.",35.15566923309709,68.81985118622102,eng_Latn," It has been known for a long time that different types of brain damage, traumas, lesions, and tumours affect behaviour and cause changes in some mental functions.",35.15566923309709,68.81985118622102,1.8203125,1.609375
"Translate the following sentence from Hindi to English:
Q: नई तकनीकियों के बढ़ने से हम मस्तिष्क की रचना और प्रक्रियाओं को देखकर जाँच कर सकते हैं जो पहले कभी नहीं देखी गई.
A:",नई तकनीकियों के बढ़ने से हम मस्तिष्क की रचना और प्रक्रियाओं को देखकर जाँच कर सकते हैं जो पहले कभी नहीं देखी गई.,The rise of new technologies allows us to see and investigate brain structures and processes never seen before.,"With the help of new technologies, we can now see the brain in action.",8.431280434477,27.221663795050343,eng_Latn, The rise of new technologies allows us to see and investigate brain structures and processes never seen before.,8.431280434477,27.221663795050343,5.96875,4.90625
"Translate the following sentence from Hindi to English:
Q: यह सिमुलेशन मॉडल बनाने के लिए बहुत सारी जानकारी और सामग्री प्रदान करता है, जिससे हमें अपने दिमाग की प्रक्रियाओं को समझने में मदद मिलती है.
A:","यह सिमुलेशन मॉडल बनाने के लिए बहुत सारी जानकारी और सामग्री प्रदान करता है, जिससे हमें अपने दिमाग की प्रक्रियाओं को समझने में मदद मिलती है.",This provides us with a lot of information and material to build simulation models which help us to understand processes in our mind.,"This simulation model provides a lot of information and material to make it, which helps us understand our brain processes.",29.821504499818875,61.46635352833223,eng_Latn, This provides us with a lot of information and material to build simulation models which help us to understand processes in our mind.,29.821504499818875,61.46635352833223,2.75,3.375
"Translate the following sentence from Hindi to English:
Q: हालाँकि एआई में विज्ञान कथाओं का एक मज़बूत अर्थ होता है, लेकिन एआई कंप्यूटर विज्ञान की एक बहुत ही अहम शाखा बनाता है, जिसमें बर्ताव से निपटना, किसी मशीन में सीखना और बुद्धिमान अनुकूलन शामिल है.
A:","हालाँकि एआई में विज्ञान कथाओं का एक मज़बूत अर्थ होता है, लेकिन एआई कंप्यूटर विज्ञान की एक बहुत ही अहम शाखा बनाता है, जिसमें बर्ताव से निपटना, किसी मशीन में सीखना और बुद्धिमान अनुकूलन शामिल है.","Although AI has a strong connotation of science fiction, AI forms a very important branch of computer science, dealing with behavior, learning and intelligent adaptation in a machine.","Although AI has a strong meaning in science fiction, AI is a very important branch of computer science.",29.657271586530868,51.4209679831569,eng_Latn," Although AI has a strong connotation of science fiction, AI forms a very important branch of computer science, dealing with behavior, learning and intelligent adaptation in a machine.",29.657271586530868,51.4209679831569,8.5625,3.421875
"Translate the following sentence from Hindi to English:
Q: एआई में अनुसंधान में ऐसे कार्यों को स्वचालित करने के लिए मशीनें बनाना शामिल है जिनमें बुद्धिमान व्यवहार की आवश्यकता होती है।
A:",एआई में अनुसंधान में ऐसे कार्यों को स्वचालित करने के लिए मशीनें बनाना शामिल है जिनमें बुद्धिमान व्यवहार की आवश्यकता होती है।,Research in AI involves making machines to automate tasks that require intelligent behavior.,AI में अनुसंधान में ऐसे कार्यों को स्वचालित करने के लिए मशीनें बनाना शामिल है जिनमें बुद्धिमान व्यवहार की आवश्यकता होती है।,1.5732934811145336,1.249802655117336,hin_Deva, एआई में अनुसंधान में ऐसे कार्यों को स्वचालित करने के लिए मशीनें बनाना शामिल है जिनमें बुद्धिमान व्यवहार की आवश्यकता होती है।,91.64506531533453,96.74254053962656,19.25,12.4375
"Translate the following sentence from Hindi to English:
Q: इसके उदाहरणों में नियंत्रण, नियोजन और समय निर्धारण, ग्राहक के निदान और सवालों के जवाब देने के साथ ही हाथ से लिखे होने की पहचान करना, बोली और चेहरा शामिल है.
A:","इसके उदाहरणों में नियंत्रण, नियोजन और समय निर्धारण, ग्राहक के निदान और सवालों के जवाब देने के साथ ही हाथ से लिखे होने की पहचान करना, बोली और चेहरा शामिल है.","Examples include control, planning and scheduling, the ability to answer customer diagnoses and questions, as well as handwriting recognition, voice and face.","The examples include control, planning, and time management, customer diagnosis and answering questions, and hand-written identification.",14.600962435887647,46.57124673521235,eng_Latn," Examples include control, planning and scheduling, the ability to answer customer diagnoses and questions, as well as handwriting recognition, voice and face.",14.600962435887647,46.57124673521235,7.8125,6.1875
"Translate the following sentence from Hindi to English:
Q: ऐसी चीजें अलग-अलग अनुशासन बन गई हैं, जो वास्तविक जीवन की समस्याओं के समाधान प्रदान करने पर ध्यान देती हैं।
A:","ऐसी चीजें अलग-अलग अनुशासन बन गई हैं, जो वास्तविक जीवन की समस्याओं के समाधान प्रदान करने पर ध्यान देती हैं।","Such things have become separate disciplines, which focus on providing solutions to real life problems.",There are different disciplines that have become separate subjects.,10.062578380622593,33.1748889087636,eng_Latn," Such things have become separate disciplines, which focus on providing solutions to real life problems.",10.062578380622593,33.1748889087636,11.3125,10.125
"Translate the following sentence from Hindi to English:
Q: आजकल एआई सिस्टम का इस्तेमाल अक्सर अर्थशास्त्र, दवाइयों, इंजीनियरिंग और सैन्य क्षेत्रों में किया जाता है, जैसा कि कई होम कंप्यूटर और वीडियो गेम सॉफ़्टवेयर ऐप्लिकेशन में बनाया गया है.
A:","आजकल एआई सिस्टम का इस्तेमाल अक्सर अर्थशास्त्र, दवाइयों, इंजीनियरिंग और सैन्य क्षेत्रों में किया जाता है, जैसा कि कई होम कंप्यूटर और वीडियो गेम सॉफ़्टवेयर ऐप्लिकेशन में बनाया गया है.","The AI ​​system is now often used in the fields of economics, medicine, engineering and the military, as has been built in several home computer and video game software applications.","आजकल एआई सिस्टम का इस्तेमाल अक्सर अर्थशास्त्र, दवाइयों, इंजीनियरिंग और सैन्य क्षेत्रों में किया जाता है, जैसा कि कई होम कंप्यूटर और वीडियो गेम सॉफ़्टवेयर ऐप्लिकेशन में बनाया गया है.",1.205256842736819,1.797815206388483,hin_Deva," आजकल एआई सिस्टम का इस्तेमाल अक्सर अर्थशास्त्र, दवाइयों, इंजीनियरिंग और सैन्य क्षेत्रों में किया जाता है, जैसा कि कई होम कंप्यूटर और वीडियो गेम सॉफ़्टवेयर ऐप्लिकेशन में बनाया गया है.",100.00000000000004,100.0,23.5,18.125
"Translate the following sentence from Hindi to English:
Q: फील्ड ट्रिप्स किसी भी क्लासरूम का महत्वपूर्ण भाग होते हैं. टीचर अक्सर अपने छात्रों को ऐसी जगहों पर ले जाना पसंद करेगा , जहां बस ट्रिप का विकल्प नहीं होता है.
A:","फील्ड ट्रिप्स किसी भी क्लासरूम का महत्वपूर्ण भाग होते हैं. टीचर अक्सर अपने छात्रों को ऐसी जगहों पर ले जाना पसंद करेगा , जहां बस ट्रिप का विकल्प नहीं होता है.",Field trips are a large part of any classroom. Quite often a teacher would love to take her students places to which a bus trip is not an option.,Field trips are an important part of any classroom. Teachers often take their students to places where the students can learn more about the subject.,23.22850956307782,44.56885192898921,eng_Latn, Field trips are a large part of any classroom. Quite often a teacher would love to take her students places to which a bus trip is not an option.,23.22850956307782,44.56885192898921,5.5,4.46875
"Translate the following sentence from Hindi to English:
Q: प्रौद्योगिकी आभासी क्षेत्र यात्राओं के साथ कुछ उपाय भी प्रदान करता है। छात्र संग्रहालय की कलाकृतियों को देख सकते हैं, एक मछलीघर की यात्रा कर सकते हैं, या अपनी कक्षा में एकसाथ बैठकर सुंदर कला की प्रशंसा कर सकते हैं।
A:","प्रौद्योगिकी आभासी क्षेत्र यात्राओं के साथ कुछ उपाय भी प्रदान करता है। छात्र संग्रहालय की कलाकृतियों को देख सकते हैं, एक मछलीघर की यात्रा कर सकते हैं, या अपनी कक्षा में एकसाथ बैठकर सुंदर कला की प्रशंसा कर सकते हैं।","Technology offers the solution with virtual field trips. Students can look at museum artifacts, visit an aquarium, or admire beautiful art while sitting with their class.","Technology also provides some measures with virtual field trips. Students can see the art of the museum, visit the aquarium, or enjoy the art together in the classroom.",30.277029197532105,46.75475101914889,eng_Latn," Technology offers the solution with virtual field trips. Students can look at museum artifacts, visit an aquarium, or admire beautiful art while sitting with their class.",30.277029197532105,46.75475101914889,4.34375,4.75
"Translate the following sentence from Hindi to English:
Q: असल में फील्ड ट्रिप साझा करना यात्रा पर विचार करने और भविष्य की कक्षाओं के साथ अनुभव करने का एक शानदार तरीका है.
A:",असल में फील्ड ट्रिप साझा करना यात्रा पर विचार करने और भविष्य की कक्षाओं के साथ अनुभव करने का एक शानदार तरीका है.,Sharing a field trip virtually is also a great way to reflect a on a trip and share experiences with future classes.,It is a great way to share the experience of the field trip with the students.,12.08374559320701,35.65419632433485,eng_Latn, Sharing a field trip virtually is also a great way to reflect a on a trip and share experiences with future classes.,12.08374559320701,35.65419632433485,7.15625,8.25
"Translate the following sentence from Hindi to English:
Q: उदाहरण के लिए, नॉर्थ कैरोलिना के बेनेट स्कूल के हज़ारों स्टूडेंट्स हर साल राज्य की राजधानी की अपनी यात्रा के बारे में एक वेबसाइट डिज़ाइन करते हैं. वेबसाइट हर साल फिर से तैयार की जाती है, लेकिन कुछ पुराने वर्ज़न्स को स्क्रेपबुक के रूप में इस्तेमाल करने के लिए ऑनलाइन रखा जाता है.
A:","उदाहरण के लिए, नॉर्थ कैरोलिना के बेनेट स्कूल के हज़ारों स्टूडेंट्स हर साल राज्य की राजधानी की अपनी यात्रा के बारे में एक वेबसाइट डिज़ाइन करते हैं. वेबसाइट हर साल फिर से तैयार की जाती है, लेकिन कुछ पुराने वर्ज़न्स को स्क्रेपबुक के रूप में इस्तेमाल करने के लिए ऑनलाइन रखा जाता है.","For example, each year students from Bennet School in North Carolina design a website about their trip to the State Capital, each year the website gets remodeled, but old versions are kept online to serve as a scrapbook.","For example, the website is designed by the students of the school.",1.4155976917065036,19.13122702117585,eng_Latn," For example, each year students from Bennet School in North Carolina design a website about their trip to the State Capital, each year the website gets remodeled, but old versions are kept online to serve as a scrapbook.",1.4155976917065036,19.13122702117585,22.625,22.25
"Translate the following sentence from Hindi to English:
Q: ब्लॉग से छात्र लेखन में सुधार करने में भी मदद मिल सकती है. जहां छात्र अपने ब्लॉग अनुभव की शुरुआत अक्सर बेतरतीब व्याकरण और वर्तनी के साथ करते हैं, वहीं दर्शकों की मौजूदगी से इसमें आम तौर पर बदलाव आता है.
A:","ब्लॉग से छात्र लेखन में सुधार करने में भी मदद मिल सकती है. जहां छात्र अपने ब्लॉग अनुभव की शुरुआत अक्सर बेतरतीब व्याकरण और वर्तनी के साथ करते हैं, वहीं दर्शकों की मौजूदगी से इसमें आम तौर पर बदलाव आता है.","Blogs can also help improve student writing. While students often begin their blog experience with sloppy grammar and spelling, the presence of an audience generally changes that.",Blogs can also help students improve their writing skills.,4.70782074351263,24.13290513815992,eng_Latn," Blogs can also help improve student writing. While students often begin their blog experience with sloppy grammar and spelling, the presence of an audience generally changes that.",4.70782074351263,24.13290513815992,13.8125,16.875
"Translate the following sentence from Hindi to English:
Q: चूंकि छात्र अक्सर सबसे आलोचनात्मक दर्शक होते हैं, इसलिए ब्लॉग लेखक आलोचना या समीक्षा से बचने के लिए लेखन में सुधार करने का प्रयास करना शुरू कर देता/देती है।
A:","चूंकि छात्र अक्सर सबसे आलोचनात्मक दर्शक होते हैं, इसलिए ब्लॉग लेखक आलोचना या समीक्षा से बचने के लिए लेखन में सुधार करने का प्रयास करना शुरू कर देता/देती है।","Since students are often the most critical audience, the blog writer begins to strive to improve writing to avoid criticism.","Since students are often the most critical audience, the blog writer starts to try to improve his/her writing.",51.92547280056172,69.34018634998493,eng_Latn," Since students are often the most critical audience, the blog writer begins to strive to improve writing to avoid criticism.",51.92547280056172,69.34018634998493,6.34375,3.625
"Translate the following sentence from Hindi to English:
Q: साथ ही ब्लॉगिंग “छात्रों को अपने आस-पास की दुनिया के बारे में ज़्यादा जानकारी रखने के लिए मजबूर करती है.” दर्शकों की दिलचस्पी को पूरा करने की ज़रूरत छात्रों को चपल और दिलचस्प बनने के प्रेरित करती है. (टोटो, 2004).
A:","साथ ही ब्लॉगिंग “छात्रों को अपने आस-पास की दुनिया के बारे में ज़्यादा जानकारी रखने के लिए मजबूर करती है.” दर्शकों की दिलचस्पी को पूरा करने की ज़रूरत छात्रों को चपल और दिलचस्प बनने के प्रेरित करती है. (टोटो, 2004).","Also blogging ""forces students to become more savvy about the world around them."" The need to feed the interest of the audience inspires students to be clever and interesting (Toto, 2004).",Blogging also helps students to develop their writing skills.,0.49534263366248205,13.58438893852843,eng_Latn," Also blogging ""forces students to become more savvy about the world around them."" The need to feed the interest of the audience inspires students to be clever and interesting (Toto, 2004).",0.49534263366248205,13.58438893852843,19.25,20.75
"Translate the following sentence from Hindi to English:
Q: ब्लॉगिंग एक ऐसा टूल है जो सहयोग को प्रेरित करता है, और छात्रों को पारंपरिक स्कूल के दिन से बेहतर सीखने के लिए प्रोत्साहित करता है.
A:","ब्लॉगिंग एक ऐसा टूल है जो सहयोग को प्रेरित करता है, और छात्रों को पारंपरिक स्कूल के दिन से बेहतर सीखने के लिए प्रोत्साहित करता है.","Blogging is a tool that inspires collaboration, and encourages students to extend learning well beyond the traditional school day.",Blogging is a tool that encourages collaboration and motivates students to learn.,23.066524307576586,48.440128463239,eng_Latn," Blogging is a tool that inspires collaboration, and encourages students to extend learning well beyond the traditional school day.",23.066524307576586,48.440128463239,7.34375,5.15625
"Translate the following sentence from Hindi to English:
Q: ब्लॉग्स का सही इस्तेमाल “स्टूडेंट्स को ज्यादा विश्लेषणात्मक और विवेचनात्मक बनाने के लिए सशक्त बना सकते हैं; इंटरनेट सामग्रियों पर सक्रिय रूप से जवाब देकर, स्टूडेंट्स दूसरों के लेखन के संदर्भ में अपनी स्थितियों को परिभाषित कर सकते हैं. साथ ही किसी खास विषय पर खुद के दृष्टिकोण को ऑनलाइन कर सकते हैं (ओरावेक, 2002).
A:","ब्लॉग्स का सही इस्तेमाल “स्टूडेंट्स को ज्यादा विश्लेषणात्मक और विवेचनात्मक बनाने के लिए सशक्त बना सकते हैं; इंटरनेट सामग्रियों पर सक्रिय रूप से जवाब देकर, स्टूडेंट्स दूसरों के लेखन के संदर्भ में अपनी स्थितियों को परिभाषित कर सकते हैं. साथ ही किसी खास विषय पर खुद के दृष्टिकोण को ऑनलाइन कर सकते हैं (ओरावेक, 2002).","Appropriate use of blogs ""can empower students to become more analytical and critical; through actively responding to Internet materials, students can define their positions in the context of others' writings as well as outline their own perspectives on particular issues (Oravec, 2002).",Blogs can empower students to be more analytical and critical.,1.5927491322746152,21.184779376695044,eng_Latn," Appropriate use of blogs ""can empower students to become more analytical and critical; through actively responding to Internet materials, students can define their positions in the context of others' writings as well as outline their own perspectives on particular issues (Oravec, 2002).",1.5927491322746152,21.184779376695044,14.0,16.875
"Translate the following sentence from Hindi to English:
Q: ओटावा कनाडा की आकर्षक, द्विभाषी राजधानी है और इसमें कई कला गैलरी और संग्रहालय हैं जो कनाडा के अतीत और वर्तमान को प्रदर्शित करते हैं.
A:","ओटावा कनाडा की आकर्षक, द्विभाषी राजधानी है और इसमें कई कला गैलरी और संग्रहालय हैं जो कनाडा के अतीत और वर्तमान को प्रदर्शित करते हैं.","Ottawa is Canada's charming, bilingual capital and features an array of art galleries and museums that showcase Canada's past and present.",Ottawa is the capital of Canada and is a bilingual city.,5.394123084887939,23.15410404495506,eng_Latn," Ottawa is Canada's charming, bilingual capital and features an array of art galleries and museums that showcase Canada's past and present.",5.394123084887939,23.15410404495506,11.8125,9.1875
"Translate the following sentence from Hindi to English:
Q: सुदूर दक्षिण में नियाग्रा जलप्रपात है. साथ ही, उत्तर में मुस्कोका और दूसरी जगहों पर प्राकृतिक सुन्दरता बिखरी पड़ी है.
A:","सुदूर दक्षिण में नियाग्रा जलप्रपात है. साथ ही, उत्तर में मुस्कोका और दूसरी जगहों पर प्राकृतिक सुन्दरता बिखरी पड़ी है.",Farther south is Niagara Falls and the north is home to the untapped natural beauty of the Muskoka and beyond.,Niagara Falls is in the south.,3.034390119281557,18.8448804618943,eng_Latn, Farther south is Niagara Falls and the north is home to the untapped natural beauty of the Muskoka and beyond.,3.034390119281557,18.8448804618943,22.25,20.625
"Translate the following sentence from Hindi to English:
Q: ये सभी चीज़ें ओंटारियो को और ज़्यादा अहम बना देती हैं, क्योंकि विदेशी लोग पूरी तरह खुद को कनाडाई मानते हैं.
A:","ये सभी चीज़ें ओंटारियो को और ज़्यादा अहम बना देती हैं, क्योंकि विदेशी लोग पूरी तरह खुद को कनाडाई मानते हैं.",All these things and more highlight Ontario as what is considered quintessentially Canadian by outsiders.,These things make Ontario more important because foreigners are completely Canadian.,2.2402207720560545,28.24517611717497,eng_Latn, All these things and more highlight Ontario as what is considered quintessentially Canadian by outsiders.,2.2402207720560545,28.24517611717497,7.3125,10.25
"Translate the following sentence from Hindi to English:
Q: उत्तर की ओर के बड़े क्षेत्र में आबादी बहुत ही कम है और कुछ इलाकों में तो लगभग कोई इंसानी आबादी नहीं है.
A:",उत्तर की ओर के बड़े क्षेत्र में आबादी बहुत ही कम है और कुछ इलाकों में तो लगभग कोई इंसानी आबादी नहीं है.,Large areas further north are quite sparsely populated and some is nearly uninhabited wilderness.,उत्तर की ओर के बड़े क्षेत्र में आबादी बहुत ही कम है और कुछ इलाकों में तो लगभग कोई इंसानी आबादी नहीं है.,1.4445809981770859,0.9002731218198142,hin_Deva, उत्तर की ओर के बड़े क्षेत्र में आबादी बहुत ही कम है और कुछ इलाकों में तो लगभग कोई इंसानी आबादी नहीं है.,100.00000000000004,100.0,24.625,22.375
"Translate the following sentence from Hindi to English:
Q: कई लोगों को अचरज में डालने वाली जनसंख्या की तुलना के लिए: अमेरिका में कनाडाई नागरिकों के मुकाबले कहीं ज़्यादा अफ़्रीकी अमेरिकी लोग रहते हैं.
A:",कई लोगों को अचरज में डालने वाली जनसंख्या की तुलना के लिए: अमेरिका में कनाडाई नागरिकों के मुकाबले कहीं ज़्यादा अफ़्रीकी अमेरिकी लोग रहते हैं.,For a comparison of population that surprises many: There are more African Americans living in the US than there are Canadian citizens.,The population of African Americans in the United States is much larger than that of Canada.,4.665819907464467,34.271402715575476,eng_Latn, For a comparison of population that surprises many: There are more African Americans living in the US than there are Canadian citizens.,4.665819907464467,34.271402715575476,8.8125,9.0
"Translate the following sentence from Hindi to English:
Q: पूर्वी अफ्रीकी द्वीप, अफ्रीका के पूर्वी तट के परे हिंद महासागर में हैं।
A:","पूर्वी अफ्रीकी द्वीप, अफ्रीका के पूर्वी तट के परे हिंद महासागर में हैं।",The East African Islands are in the Indian Ocean off the eastern coast of Africa.,The islands of the East African are located in the Indian Ocean.,18.48737287004608,51.78451143557006,eng_Latn, The East African Islands are in the Indian Ocean off the eastern coast of Africa.,18.48737287004608,51.78451143557006,7.125,7.75
"Translate the following sentence from Hindi to English:
Q: मेडागास्कर सबसे बड़ा अपना खुद का वन्यजीवन वाला महाद्वीप है.
A:",मेडागास्कर सबसे बड़ा अपना खुद का वन्यजीवन वाला महाद्वीप है.,"Madagascar is by far the biggest, and a continent on its own when it comes to wildlife.",Madagascar is the largest island in the world.,3.3403554861398574,23.746096784059734,eng_Latn," Madagascar is by far the biggest, and a continent on its own when it comes to wildlife.",3.3403554861398574,23.746096784059734,12.125,12.75
"Translate the following sentence from Hindi to English:
Q: अधिकांश छोटे द्वीप स्वतंत्र राष्ट्र हैं, या फ़्रांस से संबंधित हैं और लग्ज़री बीच रिसॉर्ट के रूप में जाने जाते हैं.
A:","अधिकांश छोटे द्वीप स्वतंत्र राष्ट्र हैं, या फ़्रांस से संबंधित हैं और लग्ज़री बीच रिसॉर्ट के रूप में जाने जाते हैं.","Most of the smaller islands are independent nations, or associated with France, and known as luxury beach resorts.",Most of the small islands are independent nations or are associated with France and are known as luxury beach resorts.,55.53350136376964,81.46096923220738,eng_Latn," Most of the smaller islands are independent nations, or associated with France, and known as luxury beach resorts.",55.53350136376964,81.46096923220738,1.6484375,0.9609375
"Translate the following sentence from Hindi to English:
Q: अरब के लोग इस धरती पर इस्लाम भी लेकर आए, और उसे कोमोरोस और मेयोटे में बड़े पैमाने पर फैलाया.
A:","अरब के लोग इस धरती पर इस्लाम भी लेकर आए, और उसे कोमोरोस और मेयोटे में बड़े पैमाने पर फैलाया.","The Arabs also brought Islam to the lands, and it took in a big way in the Comoros and Mayotte.","The Arabs brought Islam to the earth, and spread it in large numbers in the Comoros and Mayotte.",45.883653232373895,61.689230561078126,eng_Latn," The Arabs also brought Islam to the lands, and it took in a big way in the Comoros and Mayotte.",45.883653232373895,61.689230561078126,3.75,4.15625
"Translate the following sentence from Hindi to English:
Q: 15वीं सदी में यूरोपीय प्रभाव और उपनिवेशवाद की शुरुआत हुई, क्योंकि पुर्तगाली खोजकर्ता वास्को डी गामा ने यूरोप से भारत तक का समुद्री मार्ग खोज निकाला था.
A:","15वीं सदी में यूरोपीय प्रभाव और उपनिवेशवाद की शुरुआत हुई, क्योंकि पुर्तगाली खोजकर्ता वास्को डी गामा ने यूरोप से भारत तक का समुद्री मार्ग खोज निकाला था.","European influence and colonialism began in the 15th century, as Portuguese explorer Vasco da Gama found the Cape Route from Europe to India.","In the 15th century, European influence and colonialism began because Vasco da Gama discovered the sea route from Europe to India.",45.17741208269549,68.12509910458748,eng_Latn," European influence and colonialism began in the 15th century, as Portuguese explorer Vasco da Gama found the Cape Route from Europe to India.",45.17741208269549,68.12509910458748,1.5234375,2.453125
"Translate the following sentence from Hindi to English:
Q: उत्तर में यह क्षेत्र साहेल और दक्षिण और पश्चिम में अटलांटिक महासागर से घिरा है.
A:",उत्तर में यह क्षेत्र साहेल और दक्षिण और पश्चिम में अटलांटिक महासागर से घिरा है.,"In the north the region is bounded by the Sahel, and in the south and west by the Atlantic Ocean.",This region is surrounded by the Atlantic Ocean in the south and west and the Arabian Sea in the north.,33.16637722964253,64.27903828589503,eng_Latn," In the north the region is bounded by the Sahel, and in the south and west by the Atlantic Ocean.",33.16637722964253,64.27903828589503,3.46875,6.9375
"Translate the following sentence from Hindi to English:
Q: महिलाएँ: यह अनुशंसा की जाती है कि कोई भी महिला यात्री वास्तविक वैवाहिक स्थिति के बावजूद कहती है कि वह विवाहित है.
A:",महिलाएँ: यह अनुशंसा की जाती है कि कोई भी महिला यात्री वास्तविक वैवाहिक स्थिति के बावजूद कहती है कि वह विवाहित है.,"Women: It is recommended that any women travellers say that they are married, regardless of actual marital status.",Women: It is recommended that any woman who is married should say that she is married.,27.266675262279975,45.98201381088939,eng_Latn," Women: It is recommended that any women travellers say that they are married, regardless of actual marital status.",27.266675262279975,45.98201381088939,7.5625,5.875
"Translate the following sentence from Hindi to English:
Q: यह भी एक अंगूठी पहनने के लिए उपयोगी है (सिर्फ एक बहुत महंगा लगने के लिए नहीं है| )
A:",यह भी एक अंगूठी पहनने के लिए उपयोगी है (सिर्फ एक बहुत महंगा लगने के लिए नहीं है| ),It is helpful to also wear a ring (just not one that looks too expensive.,It is also useful to wear a ring (not just for looks).,17.582784635057727,39.31182966356248,eng_Latn, It is helpful to also wear a ring (just not one that looks too expensive.,17.582784635057727,39.31182966356248,6.25,4.84375
"Translate the following sentence from Hindi to English:
Q: महिलाओं को यह बात समझ लेनी चाहिए कि सांस्कृतिक मतभेदों के कारण उन्हें उत्पीड़न का सामना करना पड़ सकता है और ऐसा हो सकता है कि उनका पीछा हो या फिर कोई उनकी बाँह ज़बरदस्ती पकड़ ले, इत्यादि।
A:","महिलाओं को यह बात समझ लेनी चाहिए कि सांस्कृतिक मतभेदों के कारण उन्हें उत्पीड़न का सामना करना पड़ सकता है और ऐसा हो सकता है कि उनका पीछा हो या फिर कोई उनकी बाँह ज़बरदस्ती पकड़ ले, इत्यादि।","Women should realize that cultural differences may result in what they would consider harassment and it is not uncommon to be followed, grabbed by the arm, etc.",Women should understand that they may face harassment due to cultural differences.,4.05699584100516,33.32394950322431,eng_Latn," Women should realize that cultural differences may result in what they would consider harassment and it is not uncommon to be followed, grabbed by the arm, etc.",4.05699584100516,33.32394950322431,6.59375,4.5625
"Translate the following sentence from Hindi to English:
Q: पुरुषों को दृढ़ता से नकारें और अपनी बात पर बेहिचक अड़ी रहें (सांस्कृतिक अंतरों के होने या नहीं होने से यह सही नहीं हो जाता!).
A:",पुरुषों को दृढ़ता से नकारें और अपनी बात पर बेहिचक अड़ी रहें (सांस्कृतिक अंतरों के होने या नहीं होने से यह सही नहीं हो जाता!).,"Be firm in turning down men, and don't be afraid to stand your ground (cultural differences or not, it doesn't make it ok!).",Men are not the only ones who are stubborn.,0.5884852107105167,7.721500603465199,eng_Latn," Be firm in turning down men, and don't be afraid to stand your ground (cultural differences or not, it doesn't make it ok!).",0.5884852107105167,7.721500603465199,19.25,20.0
"Translate the following sentence from Hindi to English:
Q: आधुनिक शहर कासाब्लांका की स्थापना 10 वीं शताब्दी ईसा पूर्व में बर्बर मछुआरों ने की थी, और इसे फोनेशियन, रोमनों और मेरिनेड्स द्वारा एक रणनीतिक बंदरगाह के रूप में इस्तेमाल किया गया था जिसे अनफा कहा जाता था.
A:","आधुनिक शहर कासाब्लांका की स्थापना 10 वीं शताब्दी ईसा पूर्व में बर्बर मछुआरों ने की थी, और इसे फोनेशियन, रोमनों और मेरिनेड्स द्वारा एक रणनीतिक बंदरगाह के रूप में इस्तेमाल किया गया था जिसे अनफा कहा जाता था.","The modern city of Casablanca was founded by Berber fishermen in the 10th century BCE, and was used by the Phoenicians, Romans, and the Merenids as a strategic port called Anfa.","The city of Casablanca was founded in the 10th century BC by the Berbers, and it was used as a strategic port by the Phoenicians, Romans and Merinids.",45.25091336846347,64.1885495324181,eng_Latn," The modern city of Casablanca was founded by Berber fishermen in the 10th century BCE, and was used by the Phoenicians, Romans, and the Merenids as a strategic port called Anfa.",45.25091336846347,64.1885495324181,5.625,4.15625
"Translate the following sentence from Hindi to English:
Q: पुर्तगालियों ने इसे खत्म कर दिया और इसे कासा ब्रांका नाम से इसको फिर से बनाया फिर भूकंप के बाद इसे 1755 में छोड़ दिया गया.
A:",पुर्तगालियों ने इसे खत्म कर दिया और इसे कासा ब्रांका नाम से इसको फिर से बनाया फिर भूकंप के बाद इसे 1755 में छोड़ दिया गया.,"The Portuguese destroyed it and rebuilt it under the name Casa Branca, only to abandon it after an earthquake in 1755.",The Portuguese destroyed it and then rebuilt it as a fort.,19.348522973015907,38.69514105156844,eng_Latn," The Portuguese destroyed it and rebuilt it under the name Casa Branca, only to abandon it after an earthquake in 1755.",19.348522973015907,38.69514105156844,16.875,13.875
"Translate the following sentence from Hindi to English:
Q: मोरक्को के सुल्तान ने शहर को दारू ल-बाद्या के नाम से फिर से बनाया और स्पेन के व्यापारियों ने इसे कासाब्लांका का नाम दिया जिन्होंने वहां पर व्यापार के केंद्र स्थापित किए थे.
A:",मोरक्को के सुल्तान ने शहर को दारू ल-बाद्या के नाम से फिर से बनाया और स्पेन के व्यापारियों ने इसे कासाब्लांका का नाम दिया जिन्होंने वहां पर व्यापार के केंद्र स्थापित किए थे.,The Moroccan sultan rebuilt the city as Daru l-Badya and it was given the name Casablanca by Spanish traders who established trading bases there.,The Sultan of Morocco renamed the city as Daru l-Baida and the Spanish traders renamed it as Casablanca.,23.075663177406962,41.75806378367843,eng_Latn, The Moroccan sultan rebuilt the city as Daru l-Badya and it was given the name Casablanca by Spanish traders who established trading bases there.,23.075663177406962,41.75806378367843,4.15625,4.1875
"Translate the following sentence from Hindi to English:
Q: कैसाब्लांका मोरक्को में खरीदारी करने के लिए सबसे कम दिलचस्प स्थानों में से एक है.
A:",कैसाब्लांका मोरक्को में खरीदारी करने के लिए सबसे कम दिलचस्प स्थानों में से एक है.,Casablanca is one of the least interesting places to shop in all of Morocco.,Casablanca is one of the least interesting places to shop in Morocco.,78.725407974866,87.98802496195196,eng_Latn, Casablanca is one of the least interesting places to shop in all of Morocco.,78.725407974866,87.98802496195196,1.40625,0.87109375
"Translate the following sentence from Hindi to English:
Q: पुराने मदीना के आस-पास ऐसी जगहें आसानी से मिल जाती हैं जहां मोरक्को का परंपरागत सामान बेचा जाता है, जैसे कि ताजिन, पॉटरी, चमड़े का सामान, हुक्का, और जीजॉ का एक पूरा स्पेक्ट्रम, लेकिन यह सब पर्यटकों के लिए है.
A:","पुराने मदीना के आस-पास ऐसी जगहें आसानी से मिल जाती हैं जहां मोरक्को का परंपरागत सामान बेचा जाता है, जैसे कि ताजिन, पॉटरी, चमड़े का सामान, हुक्का, और जीजॉ का एक पूरा स्पेक्ट्रम, लेकिन यह सब पर्यटकों के लिए है.","Around the old Medina it's easy to find places selling traditional Moroccan goods, such as tagines, pottery, leather goods, hookahs, and a whole spectrum of geegaws, but it's all for the tourists.",There are many places in the city where you can find traditional Moroccan goods.,2.5008851809790613,21.591278638279647,eng_Latn," Around the old Medina it's easy to find places selling traditional Moroccan goods, such as tagines, pottery, leather goods, hookahs, and a whole spectrum of geegaws, but it's all for the tourists.",2.5008851809790613,21.591278638279647,14.8125,15.5
"Translate the following sentence from Hindi to English:
Q: गोमा, रवांडा के पास बिल्कुल पूर्व में कांगो लोकतांत्रिक गणराज्य का एक पर्यटन शहर है.
A:","गोमा, रवांडा के पास बिल्कुल पूर्व में कांगो लोकतांत्रिक गणराज्य का एक पर्यटन शहर है.",Goma is a tourist city of the Democratic Republic of Congo in the extreme east near Rwanda.,Goma is a city in the Democratic Republic of Congo.,27.871840718423353,51.69628990923572,eng_Latn, Goma is a tourist city of the Democratic Republic of Congo in the extreme east near Rwanda.,27.871840718423353,51.69628990923572,11.6875,11.3125
"Translate the following sentence from Hindi to English:
Q: 2002 में गोमा को न्यिरगोंगो ज्वालामुखी ने लावा द्वारा नष्ट कर दिया गया था, जिसने शहर की अधिकांश सड़कों, विशेष रूप से शहर के बीच के भाग को दफन कर दिया था।
A:","2002 में गोमा को न्यिरगोंगो ज्वालामुखी ने लावा द्वारा नष्ट कर दिया गया था, जिसने शहर की अधिकांश सड़कों, विशेष रूप से शहर के बीच के भाग को दफन कर दिया था।","In 2002 Goma was destroyed by lava from the Nyiragongo volcano which buried most of the town’s streets, particularly the town centre.","In 2002, the lava flow from the Nyiragongo volcano destroyed the city of Goma.",22.59422096734362,39.72885847149573,eng_Latn," In 2002 Goma was destroyed by lava from the Nyiragongo volcano which buried most of the town’s streets, particularly the town centre.",22.59422096734362,39.72885847149573,5.8125,3.921875
"Translate the following sentence from Hindi to English:
Q: हालांकि गोमा यथोचित सुरक्षित है, लेकिन गोमा के बाहर जाते समय उत्तर किवु प्रांत में चल रही लड़ाई की स्थिति को समझ लेना चाहिए।
A:","हालांकि गोमा यथोचित सुरक्षित है, लेकिन गोमा के बाहर जाते समय उत्तर किवु प्रांत में चल रही लड़ाई की स्थिति को समझ लेना चाहिए।","While Goma is reasonably safe, any visits outside of Goma should be researched to understand the state of the fighting that persists in the North Kivu province.","Although Goma is safe, it is important to understand the situation in the North Kivu province.",19.082441009373245,39.755121510255535,eng_Latn," While Goma is reasonably safe, any visits outside of Goma should be researched to understand the state of the fighting that persists in the North Kivu province.",19.082441009373245,39.755121510255535,5.6875,4.8125
"Translate the following sentence from Hindi to English:
Q: यह शहर, अफ़्रीका के कुछ सबसे सस्ते पहाड़ी गोरिल्ला ट्रेकिंग के साथ ही नायरागोंगो ज्वालामुखी की चढ़ाई करने का बेस भी है.
A:","यह शहर, अफ़्रीका के कुछ सबसे सस्ते पहाड़ी गोरिल्ला ट्रेकिंग के साथ ही नायरागोंगो ज्वालामुखी की चढ़ाई करने का बेस भी है.",The city is also the base to climb the Nyiragongo volcano along with some of the cheapest Mountain Gorilla tracking in Africa.,This city is the base for the cheapest gorilla trekking in Africa.,7.720834614579734,36.170036179309264,eng_Latn, The city is also the base to climb the Nyiragongo volcano along with some of the cheapest Mountain Gorilla tracking in Africa.,7.720834614579734,36.170036179309264,13.9375,10.9375
"Translate the following sentence from Hindi to English:
Q: आप गोमा के आस-पास घूमने के लिए बोडा-बोडा (मोटरसाइकिल टैक्सी) ले सकते हैं. छोटी सैर के लिए आम तौर पर (स्थानीय) किराया करीब 500 कांगोलीज़ फ़्रैंक लगता है.
A:",आप गोमा के आस-पास घूमने के लिए बोडा-बोडा (मोटरसाइकिल टैक्सी) ले सकते हैं. छोटी सैर के लिए आम तौर पर (स्थानीय) किराया करीब 500 कांगोलीज़ फ़्रैंक लगता है.,You can use boda-boda (motorcycle taxi) to get around Goma. The normal (local) price is ~500 Congolese Francs for the short ride.,You can take a boda-boda to go around the city.,2.85487410227208,18.28843757822596,eng_Latn, You can use boda-boda (motorcycle taxi) to get around Goma. The normal (local) price is ~500 Congolese Francs for the short ride.,2.85487410227208,18.28843757822596,18.5,16.875
"Translate the following sentence from Hindi to English:
Q: इसकी सापेक्ष अगम्यता के कारण, “टिम्बकटू” का उपयोग, दूर स्थित भूमि के रूपक के रूप में किया जाने लगा है.
A:","इसकी सापेक्ष अगम्यता के कारण, “टिम्बकटू” का उपयोग, दूर स्थित भूमि के रूपक के रूप में किया जाने लगा है.","Combined with its relative inaccessibility, ""Timbuktu"" has come to be used as a metaphor for exotic, distant lands.",The use of “Timbuktu” as a metaphor for remote places is due to its remoteness.,18.43074796294206,29.636151643189667,eng_Latn," Combined with its relative inaccessibility, ""Timbuktu"" has come to be used as a metaphor for exotic, distant lands.",18.43074796294206,29.636151643189667,4.875,5.0625
"Translate the following sentence from Hindi to English:
Q: आज, टिम्बकटू एक साधनहीन शहर है, हालाँकि इसकी प्रतिष्‍ठा इसके पर्यटक आकर्षण से बनाती है, और इसमें एक हवाई अड्डा है.
A:","आज, टिम्बकटू एक साधनहीन शहर है, हालाँकि इसकी प्रतिष्‍ठा इसके पर्यटक आकर्षण से बनाती है, और इसमें एक हवाई अड्डा है.","Today, Timbuktu is an impoverished town, although its reputation makes it a tourist attraction, and it has an airport.","Today, Timbuktu is a city without means, although its reputation is made by its tourist attractions, and it has an airport.",50.787180586749905,68.26597003366706,eng_Latn," Today, Timbuktu is an impoverished town, although its reputation makes it a tourist attraction, and it has an airport.",50.787180586749905,68.26597003366706,3.5625,3.65625
"Translate the following sentence from Hindi to English:
Q: 1990 मे, रेगिस्तान की रेत के खतरे के कारण इसे विश्व धरोहरों की सूची में डाला गया जो खतरे में हैं |
A:","1990 मे, रेगिस्तान की रेत के खतरे के कारण इसे विश्व धरोहरों की सूची में डाला गया जो खतरे में हैं |","In 1990, it was added to the list of world heritage sites in danger, due to the threat of desert sands.","In 1990, the desert sand was added to the list of endangered heritage sites.",27.620452631419983,57.7221624903576,eng_Latn," In 1990, it was added to the list of world heritage sites in danger, due to the threat of desert sands.",27.620452631419983,57.7221624903576,7.875,7.84375
"Translate the following sentence from Hindi to English:
Q: यह अफ्रीकी जगत के अजूबे हेनरी लुई के पीबीएस गेट्स के दौरान एक प्रमुख पड़ाव था।
A:",यह अफ्रीकी जगत के अजूबे हेनरी लुई के पीबीएस गेट्स के दौरान एक प्रमुख पड़ाव था।,It was one of the major stops during Henry Louis Gates' PBS special Wonders of the African World.,"This was a major stop for Henry Louis Gates Jr. during his PBS series, ""African American Lives.""",8.165974140980245,38.37022250277845,eng_Latn, It was one of the major stops during Henry Louis Gates' PBS special Wonders of the African World.,8.165974140980245,38.37022250277845,6.90625,8.6875
"Translate the following sentence from Hindi to English:
Q: यह शहर देश के बाकी शहरों से अलग है क्योंकि यह किसी अफ्रीकी शहर की बजाय अरब शहर लगता है.
A:",यह शहर देश के बाकी शहरों से अलग है क्योंकि यह किसी अफ्रीकी शहर की बजाय अरब शहर लगता है.,"The city is in stark contrast to the rest of the country's cities, because it has more of an Arabic flair than of an African.",This city is different from the rest of the cities in the country because it looks like an African city.,12.5204218618382,43.5999692495283,eng_Latn," The city is in stark contrast to the rest of the country's cities, because it has more of an Arabic flair than of an African.",12.5204218618382,43.5999692495283,9.875,12.625
"Translate the following sentence from Hindi to English:
Q: क्रूगर नेशनल पार्क (केएनपी) दक्षिण अफ्रीका के उत्तर-पूर्व में स्थित है ,पूर्व में मोजाम्बिक की सीमा के साथ-साथ उत्तर में जिम्बाब्वे और दक्षिणी सीमा पर क्रोकोडाइल नदी है।
A:","क्रूगर नेशनल पार्क (केएनपी) दक्षिण अफ्रीका के उत्तर-पूर्व में स्थित है ,पूर्व में मोजाम्बिक की सीमा के साथ-साथ उत्तर में जिम्बाब्वे और दक्षिणी सीमा पर क्रोकोडाइल नदी है।","The Kruger National Park (KNP) lies in the north-east of South Africa and runs along the border of Mozambique in the east, Zimbabwe in the north, and the southern border is the Crocodile River.",Kruger National Park is located in the north-east of South Africa.,10.062129613353774,30.682980700712914,eng_Latn," The Kruger National Park (KNP) lies in the north-east of South Africa and runs along the border of Mozambique in the east, Zimbabwe in the north, and the southern border is the Crocodile River.",10.062129613353774,30.682980700712914,8.875,10.625
"Translate the following sentence from Hindi to English:
Q: यह पार्क 19,500 वर्ग किलोमीटर में फैला है और इसमें 14 अलग-अलग इको ज़ोन हैं, जिनमें से हर एक में अलग-अलग वन्यजीवन है.
A:","यह पार्क 19,500 वर्ग किलोमीटर में फैला है और इसमें 14 अलग-अलग इको ज़ोन हैं, जिनमें से हर एक में अलग-अलग वन्यजीवन है.","The park covers 19,500 km² and is divided in 14 different ecozones, each supporting different wildlife.","This park is spread over an area of 19,500 square kilometers and has 14 different eco zones, each with its own wildlife.",11.88359194952101,43.834470306827264,eng_Latn," The park covers 19,500 km² and is divided in 14 different ecozones, each supporting different wildlife.",11.88359194952101,43.834470306827264,2.1875,2.703125
"Translate the following sentence from Hindi to English:
Q: यह दक्षिण अफ़्रीका के मुख्य आकर्षणों में से एक है और इसे फ़्लैगशिप ऑफ़ साउथ अफ़्रीकन नेशनल पार्क्स (एसएएनपार्क्स) के रूप में माना गया है.
A:",यह दक्षिण अफ़्रीका के मुख्य आकर्षणों में से एक है और इसे फ़्लैगशिप ऑफ़ साउथ अफ़्रीकन नेशनल पार्क्स (एसएएनपार्क्स) के रूप में माना गया है.,It is one of the main attractions of South Africa and it is considered the flagship of South African National Parks (SANParks).,It is one of the main attractions of South Africa and is considered the flagship of South African National Parks.,68.87609707688173,88.03378067969645,eng_Latn, It is one of the main attractions of South Africa and it is considered the flagship of South African National Parks (SANParks).,68.87609707688173,88.03378067969645,1.8828125,1.4921875
"Translate the following sentence from Hindi to English:
Q: सभी दक्षिण अफ्रीकी राष्ट्रीय उद्यानों के साथ ही पार्क में दैनिक संरक्षण और प्रवेश के लिए शुल्क लगता हैं।
A:",सभी दक्षिण अफ्रीकी राष्ट्रीय उद्यानों के साथ ही पार्क में दैनिक संरक्षण और प्रवेश के लिए शुल्क लगता हैं।,"As with all South African National Parks, there are daily conservation and entry fees for the park.",All the South African national parks charge a daily conservation and entry fee.,21.061661601439873,51.9561526799271,eng_Latn," As with all South African National Parks, there are daily conservation and entry fees for the park.",21.061661601439873,51.9561526799271,4.1875,3.484375
"Translate the following sentence from Hindi to English:
Q: वाइल्ड कार्ड खरीद लेना फ़ायदेमंद भी हो सकता है क्योंकि इससे आप दक्षिण अफ़्रीका के चुनिंदा पार्क या सभी दक्षिण अफ़्रीकी नेशनल पार्क देख सकते हैं.
A:",वाइल्ड कार्ड खरीद लेना फ़ायदेमंद भी हो सकता है क्योंकि इससे आप दक्षिण अफ़्रीका के चुनिंदा पार्क या सभी दक्षिण अफ़्रीकी नेशनल पार्क देख सकते हैं.,"It may also be beneficial for one to buy a Wild Card, which provides entry to either selections of parks in South Africa or all of the South African National Parks.","It is also possible to buy a wild card, which allows you to visit all the parks in South Africa.",13.863531952375748,32.40330247011766,eng_Latn," It may also be beneficial for one to buy a Wild Card, which provides entry to either selections of parks in South Africa or all of the South African National Parks.",13.863531952375748,32.40330247011766,7.34375,6.1875
"Translate the following sentence from Hindi to English:
Q: हांगकांग द्वीप हांगकांग के क्षेत्र को उसका नाम देता है और यह वह स्थान है जिसे कई पर्यटक मुख्य केंद्र बिंदु मानते हैं।
A:",हांगकांग द्वीप हांगकांग के क्षेत्र को उसका नाम देता है और यह वह स्थान है जिसे कई पर्यटक मुख्य केंद्र बिंदु मानते हैं।,Hong Kong Island gives the territory of Hong Kong its name and is the place that many tourists regard as the main focus.,Hong Kong Island is the name of the area and it is the place that many tourists visit.,31.398248807172973,50.294393071929946,eng_Latn, Hong Kong Island gives the territory of Hong Kong its name and is the place that many tourists regard as the main focus.,31.398248807172973,50.294393071929946,6.0,5.84375
"Translate the following sentence from Hindi to English:
Q: भवनों की परेड जिसने हाँगकाँग की स्कायलाइन को चमचमाते बार चार्ट की तरह बनाया है, उसने विक्टोरिया हार्बर के पानी की मौज़ूदगी को देखने लायक बनाया है.
A:","भवनों की परेड जिसने हाँगकाँग की स्कायलाइन को चमचमाते बार चार्ट की तरह बनाया है, उसने विक्टोरिया हार्बर के पानी की मौज़ूदगी को देखने लायक बनाया है.",The parade of buildings that make the Hong Kong skyline has been likened to a glittering bar chart that is made apparent by the presence of the waters of Victoria Harbour.,The buildings that have made the skyline of Hong Kong look like a sparkling bar chart.,3.4065792475308125,30.701112606264935,eng_Latn, The parade of buildings that make the Hong Kong skyline has been likened to a glittering bar chart that is made apparent by the presence of the waters of Victoria Harbour.,3.4065792475308125,30.701112606264935,13.625,10.3125
"Translate the following sentence from Hindi to English:
Q: हांगकांग के सर्वश्रेष्ठ नज़ारे प्राप्त करने के लिए, द्वीप को छोड़े और कॉव्लून वॉटरफ्रंट के विपरीत चले जाये |
A:","हांगकांग के सर्वश्रेष्ठ नज़ारे प्राप्त करने के लिए, द्वीप को छोड़े और कॉव्लून वॉटरफ्रंट के विपरीत चले जाये |","To get the best views of Hong Kong, leave the island and head for the Kowloon waterfront opposite.","To get the best views of Hong Kong, leave the island and go to Kowloon Waterfront.",60.56432154481534,71.36477520671112,eng_Latn," To get the best views of Hong Kong, leave the island and head for the Kowloon waterfront opposite.",60.56432154481534,71.36477520671112,4.03125,3.171875
"Translate the following sentence from Hindi to English:
Q: हांगकांग द्वीप के शहरी विकास का ज्यादातर हिस्सा पुनः निर्मित भूमि पर उत्तरी तट के साथ अधिक रूप से भरा हुआ है।
A:",हांगकांग द्वीप के शहरी विकास का ज्यादातर हिस्सा पुनः निर्मित भूमि पर उत्तरी तट के साथ अधिक रूप से भरा हुआ है।,The great majority of Hong Kong Island's urban development is densely packed on reclaimed land along the northern shore.,The urban development of Hong Kong is mostly on reclaimed land.,15.348892101363534,41.47483422887947,eng_Latn, The great majority of Hong Kong Island's urban development is densely packed on reclaimed land along the northern shore.,15.348892101363534,41.47483422887947,5.75,4.5625
"Translate the following sentence from Hindi to English:
Q: यह वह जगह है जहाँ ब्रिटिश उपनिवेशवादियों ने अपना बनाया और इसलिए अगर आप इस जगह के औपनिवेशिक अतीत के सबूतों को ढूँढ रहे हैं, तो यह एक अच्छी जगह है.
A:","यह वह जगह है जहाँ ब्रिटिश उपनिवेशवादियों ने अपना बनाया और इसलिए अगर आप इस जगह के औपनिवेशिक अतीत के सबूतों को ढूँढ रहे हैं, तो यह एक अच्छी जगह है.","This is the place the British colonisers took as their own and so if you are looking for evidence of the territory's colonial past, this is a good place to start.","This is the place where the British built their empire and therefore if you are looking for evidence of the colonial past, this is a good place.",46.73837654732907,64.86711076614989,eng_Latn," This is the place the British colonisers took as their own and so if you are looking for evidence of the territory's colonial past, this is a good place to start.",46.73837654732907,64.86711076614989,1.8828125,2.5625
"Translate the following sentence from Hindi to English:
Q: सुंदरबन दुनिया का सबसे बड़ा तटीय मैंग्रोव क्षेत्र है, जो तट से बांग्लादेशी और भारतीय पहाड़ी क्षेत्र में 80 किमी (50 मील) तक फैला हुआ है।
A:","सुंदरबन दुनिया का सबसे बड़ा तटीय मैंग्रोव क्षेत्र है, जो तट से बांग्लादेशी और भारतीय पहाड़ी क्षेत्र में 80 किमी (50 मील) तक फैला हुआ है।","The Sundarbans are the largest littoral mangrove belt in the world, stretching 80 km (50 mi) into the Bangladeshi and Indian hinterland from the coast.",Sundarbans is the largest mangrove forest in the world.,5.205320978231143,26.966223283820295,eng_Latn," The Sundarbans are the largest littoral mangrove belt in the world, stretching 80 km (50 mi) into the Bangladeshi and Indian hinterland from the coast.",5.205320978231143,26.966223283820295,12.4375,8.75
"Translate the following sentence from Hindi to English:
Q: सुंदरबन को यूनेस्को द्वारा विश्व धरोहर घोषित किया है। जंगल का वह हिस्सा जो भारत में है उसको सुंदरबन नेशनल पार्क कहा जाता है।
A:",सुंदरबन को यूनेस्को द्वारा विश्व धरोहर घोषित किया है। जंगल का वह हिस्सा जो भारत में है उसको सुंदरबन नेशनल पार्क कहा जाता है।,The Sundarbans has been declared a UNESCO World Heritage Site. The part of the forest within Indian territory is called Sundarbans National Park.,Sundarbans is a UNESCO World Heritage Site. The part of the forest that is in India is called Sundarbans National Park.,62.59185921495801,70.53190539397215,eng_Latn, The Sundarbans has been declared a UNESCO World Heritage Site. The part of the forest within Indian territory is called Sundarbans National Park.,62.59185921495801,70.53190539397215,1.34375,1.4296875
"Translate the following sentence from Hindi to English:
Q: हालाँकि, जंगल का अर्थ केवल मैंग्रोव दलदल नहीं हैं - वे कुछ अंतिम शक्तिशाली जंगलों में से हैं, जो कभी गंगा पठार को कवर करते थे।
A:","हालाँकि, जंगल का अर्थ केवल मैंग्रोव दलदल नहीं हैं - वे कुछ अंतिम शक्तिशाली जंगलों में से हैं, जो कभी गंगा पठार को कवर करते थे।",The forests aren't just mangrove swamps though — they include some of the last remaining stands of the mighty jungles which once covered the Gangetic plain.,"However, the meaning of the word 'jungle' is not limited to mangrove swamps.",9.07212554318621,21.639218340928696,eng_Latn, The forests aren't just mangrove swamps though — they include some of the last remaining stands of the mighty jungles which once covered the Gangetic plain.,9.07212554318621,21.639218340928696,8.75,7.8125
"Translate the following sentence from Hindi to English:
Q: सुंदरबन 3,850 वर्ग किलोमीटर में फैला है, जिसमें से करीब एक तिहाई में पानी/दलदल वाला इलाका है.
A:","सुंदरबन 3,850 वर्ग किलोमीटर में फैला है, जिसमें से करीब एक तिहाई में पानी/दलदल वाला इलाका है.","The Sundarbans cover an area of 3,850 km², of which about one-third is covered in water/marsh areas.","Sundarbans is spread over an area of 3,850 square kilometers, of which about one-third is water/marshland.",50.787180586749905,63.949540144441904,eng_Latn," The Sundarbans cover an area of 3,850 km², of which about one-third is covered in water/marsh areas.",50.787180586749905,63.949540144441904,2.46875,1.96875
"Translate the following sentence from Hindi to English:
Q: 1966 से सुंदरबन वन्यजीव अभ्यारण बन गया है और एक आकलन के अनुसार इस इलाके में अब लगभग 400 रॉयल बंगाल टाइगर्स और लगभग 30,000 चीतल हैं.
A:","1966 से सुंदरबन वन्यजीव अभ्यारण बन गया है और एक आकलन के अनुसार इस इलाके में अब लगभग 400 रॉयल बंगाल टाइगर्स और लगभग 30,000 चीतल हैं.","Since 1966 the Sundarbans have been a wildlife sanctuary, and it is estimated that there are now 400 Royal Bengal tigers and about 30,000 spotted deer in the area.","Since 1966, the Sundarbans has been declared a tiger reserve.",3.025432855967537,22.95432396182387,eng_Latn," Since 1966 the Sundarbans have been a wildlife sanctuary, and it is estimated that there are now 400 Royal Bengal tigers and about 30,000 spotted deer in the area.",3.025432855967537,22.95432396182387,15.0625,13.75
"Translate the following sentence from Hindi to English:
Q: इंटर-डिस्ट्रिक्ट बस स्टेशन (जो नदी के उस पार है) से दिन भर बसें चलती हैं, हालांकि ज़्यादातर, खास कर पूर्व और जाकार/बुमतांग की ओर जाने वाली बसें सुबह 06:30 और 07:30 के बीच जाती हैं.
A:","इंटर-डिस्ट्रिक्ट बस स्टेशन (जो नदी के उस पार है) से दिन भर बसें चलती हैं, हालांकि ज़्यादातर, खास कर पूर्व और जाकार/बुमतांग की ओर जाने वाली बसें सुबह 06:30 और 07:30 के बीच जाती हैं.","Buses depart the inter-district bus station (across the river) throughout the day, though most, especially those heading to the east and Jakar/Bumthang leave between 06:30 and 07:30.","Buses run from the inter-district bus station (which is on the other side of the river) all day long, although mostly, especially to and from the east, buses run in the morning.",24.616787906875945,44.514664337033054,eng_Latn," Buses depart the inter-district bus station (across the river) throughout the day, though most, especially those heading to the east and Jakar/Bumthang leave between 06:30 and 07:30.",24.616787906875945,44.514664337033054,8.3125,6.28125
"Translate the following sentence from Hindi to English:
Q: चूंकि अंतर जिला बसें अक्सर भरी होती हैं, इसलिए कुछ दिन पहले टिकट खरीदना उचित होता है.
A:","चूंकि अंतर जिला बसें अक्सर भरी होती हैं, इसलिए कुछ दिन पहले टिकट खरीदना उचित होता है.","As the inter-district buses are often full, it is advisable to purchase a ticket a few days in advance.","Because inter-district buses are often full, it is advisable to buy a ticket a few days in advance.",82.78527840665443,84.04203003899303,eng_Latn," As the inter-district buses are often full, it is advisable to purchase a ticket a few days in advance.",82.78527840665443,84.04203003899303,1.1015625,0.82421875
"Translate the following sentence from Hindi to English:
Q: ज़्यादातर जिलों में छोटी जापानी कोस्टर बसें चलती हैं जो आरामदायक और मज़बूत होती हैं.
A:",ज़्यादातर जिलों में छोटी जापानी कोस्टर बसें चलती हैं जो आरामदायक और मज़बूत होती हैं.,"Most districts are served by small Japanese Coaster Buses, which are comfortable and sturdy.",Most districts have small Japanese buses that are comfortable and strong.,17.484755596167762,52.526885768415234,eng_Latn," Most districts are served by small Japanese Coaster Buses, which are comfortable and sturdy.",17.484755596167762,52.526885768415234,5.78125,5.125
"Translate the following sentence from Hindi to English:
Q: शेयर्ड टैक्सियाँ पारो (Nu 150) और पुनाखा (Nu 200) जैसी आस-पास की जगहों पर जाने के लिए तेज़ और आरामदायक साधन हैं.
A:",शेयर्ड टैक्सियाँ पारो (Nu 150) और पुनाखा (Nu 200) जैसी आस-पास की जगहों पर जाने के लिए तेज़ और आरामदायक साधन हैं.,"Shared taxis are a quick and comfortable means to travel to nearby places, such as Paro (Nu 150) and Punakha (Nu 200).",Shared taxis are a fast and comfortable means of transport.,11.232865074542861,35.347646507836174,eng_Latn," Shared taxis are a quick and comfortable means to travel to nearby places, such as Paro (Nu 150) and Punakha (Nu 200).",11.232865074542861,35.347646507836174,14.125,12.5
"Translate the following sentence from Hindi to English:
Q: ओयापॉक रिवर ब्रिज एक केबल स्टे ब्रिज है। यह ओयापॉक नदी को ब्राज़ील के ओयापॉक के शहरों और फ़्रेंच गियाना के सेंट-जॉर्जेज डि ओयापॉक को जोड़ता है।
A:",ओयापॉक रिवर ब्रिज एक केबल स्टे ब्रिज है। यह ओयापॉक नदी को ब्राज़ील के ओयापॉक के शहरों और फ़्रेंच गियाना के सेंट-जॉर्जेज डि ओयापॉक को जोड़ता है।,The Oyapock River Bridge is a cable-stayed bridge. It spans the Oyapock River to link the cities of Oiapoque in Brazil and Saint-Georges de l'Oyapock in French Guiana.,The Oiapoque River Bridge is a cable-stayed bridge. It connects Oiapoque and Saint-Georges-de-Oiapoque.,29.727623532982538,43.336045772948566,eng_Latn, The Oyapock River Bridge is a cable-stayed bridge. It spans the Oyapock River to link the cities of Oiapoque in Brazil and Saint-Georges de l'Oyapock in French Guiana.,29.727623532982538,43.336045772948566,5.9375,6.53125
"Translate the following sentence from Hindi to English:
Q: इन दोनों टावर की ऊँचाई 83 मीटर है. इनकी लंबाई 378 मीटर है और इनमें 3.50 मीटर चौड़ी दो लेन हैं.
A:",इन दोनों टावर की ऊँचाई 83 मीटर है. इनकी लंबाई 378 मीटर है और इनमें 3.50 मीटर चौड़ी दो लेन हैं.,"The two towers rise to a height of 83 meters, it's 378 meters long and it has two lanes of 3.50 m wide.",The height of both towers is 83 meters. The length of both towers is 378 meters.,13.954561460595656,34.538980223292086,eng_Latn," The two towers rise to a height of 83 meters, it's 378 meters long and it has two lanes of 3.50 m wide.",13.954561460595656,34.538980223292086,11.75,8.4375
"Translate the following sentence from Hindi to English:
Q: पुल के नीचे वर्टिकल क्लीयरेंस 15 मीटर है। निर्माण अगस्त 2011 में पूरा हो गया था, यह मार्च 2017 तक यातायात के लिए नहीं खोला गया था।
A:","पुल के नीचे वर्टिकल क्लीयरेंस 15 मीटर है। निर्माण अगस्त 2011 में पूरा हो गया था, यह मार्च 2017 तक यातायात के लिए नहीं खोला गया था।","The vertical clearance under the bridge is 15 meters. Construction was completed in August 2011, it didn't open to traffic until March 2017.",The vertical clearance under the bridge is 15 meters.,24.252107463564883,42.223818181917295,eng_Latn," The vertical clearance under the bridge is 15 meters. Construction was completed in August 2011, it didn't open to traffic until March 2017.",24.252107463564883,42.223818181917295,17.25,13.8125
"Translate the following sentence from Hindi to English:
Q: पुल सितंबर 2017 में उस समय पूरी तरह चालू किया जाना है, जब ब्राजील की सीमा शुल्क चौकियाँ खत्म होने की उम्मीद है.
A:","पुल सितंबर 2017 में उस समय पूरी तरह चालू किया जाना है, जब ब्राजील की सीमा शुल्क चौकियाँ खत्म होने की उम्मीद है.","The bridge is scheduled to be fully operational in September 2017, when the Brazilian customs checkpoints are expected to be finished.","The bridge will be fully operational by September 2017, when the border check posts are expected to be closed.",28.27776852576945,57.86295609057639,eng_Latn," The bridge is scheduled to be fully operational in September 2017, when the Brazilian customs checkpoints are expected to be finished.",28.27776852576945,57.86295609057639,2.890625,3.609375
"Translate the following sentence from Hindi to English:
Q: गुआरानी पूर्वी पराग्वे में रहने वाले मूल लोगों का सबसे खास समूह था. ये लोग खानाबदोशों का जीवन जीते हैं और अपने गुजर-बसर के लिए खेती भी करते हैं.
A:",गुआरानी पूर्वी पराग्वे में रहने वाले मूल लोगों का सबसे खास समूह था. ये लोग खानाबदोशों का जीवन जीते हैं और अपने गुजर-बसर के लिए खेती भी करते हैं.,"The Guaraní were the most significant indigenous group inhabiting what is now Eastern Paraguay, living as semi-nomadic hunters who also practised subsistence agriculture.",The Guarani are the largest indigenous group in Paraguay.,3.560865226004086,23.436611007720632,eng_Latn," The Guaraní were the most significant indigenous group inhabiting what is now Eastern Paraguay, living as semi-nomadic hunters who also practised subsistence agriculture.",3.560865226004086,23.436611007720632,15.25,11.5625
"Translate the following sentence from Hindi to English:
Q: चाको क्षेत्र गुइयाकुरो और पेगुआ जैसे स्वदेशी जनजातियों के अन्य समूहों का घर था, जो शिकार करके, चीजों को बीन-बटोर कर और मछली पकड़ कर अपना जीवन जीते थे।
A:","चाको क्षेत्र गुइयाकुरो और पेगुआ जैसे स्वदेशी जनजातियों के अन्य समूहों का घर था, जो शिकार करके, चीजों को बीन-बटोर कर और मछली पकड़ कर अपना जीवन जीते थे।","The Chaco region was home to other groups of indigenous tribes such as the Guaycurú and Payaguá, who survived by hunting, gathering and fishing.","The Chaco region was home to other indigenous groups such as the Guaycuru and the Pehuenche, who lived by hunting, gathering and fishing.",51.70364734904286,72.41446113481108,eng_Latn," The Chaco region was home to other groups of indigenous tribes such as the Guaycurú and Payaguá, who survived by hunting, gathering and fishing.",51.70364734904286,72.41446113481108,2.921875,3.03125
"Translate the following sentence from Hindi to English:
Q: पराग्वे, जिसे पहले “इंडीज का विशाल प्रांत” कहा जाता था उसका जन्म 16वीं शताब्दी में, स्वदेशी समूहों के साथ स्पेनिश विजेताओं की मुठभेड़ की वजह से हुआ था.
A:","पराग्वे, जिसे पहले “इंडीज का विशाल प्रांत” कहा जाता था उसका जन्म 16वीं शताब्दी में, स्वदेशी समूहों के साथ स्पेनिश विजेताओं की मुठभेड़ की वजह से हुआ था.","In the 16th century Paraguay, formerly called ""The Giant Province of the Indies"", was born as a result of the encounter of Spanish conquerors with the native indigenous groups.","Paraguay was born in the 16th century, when the Spanish conquistadors arrived in the Americas.",5.105498750037903,30.510505523791903,eng_Latn," In the 16th century Paraguay, formerly called ""The Giant Province of the Indies"", was born as a result of the encounter of Spanish conquerors with the native indigenous groups.",5.105498750037903,30.510505523791903,11.375,8.6875
"Translate the following sentence from Hindi to English:
Q: स्पेन के लोगों ने उपनिवेश काल की शुरुआत की, जो तीन शताब्दियों तक जारी रहा.
A:","स्पेन के लोगों ने उपनिवेश काल की शुरुआत की, जो तीन शताब्दियों तक जारी रहा.",The Spaniards started the colonization period which lasted for three centuries.,"The Spanish people started the colonial period, which lasted for three centuries.",51.74476594166613,72.55166432632997,eng_Latn, The Spaniards started the colonization period which lasted for three centuries.,51.74476594166613,72.55166432632997,1.625,1.375
"Translate the following sentence from Hindi to English:
Q: 1537 में असूनचिओन की स्थापना के बाद से, पैराग्वे अपने स्वदेशी चरित्र और पहचान को बनाए रखने में कामयाब रहा है।
A:","1537 में असूनचिओन की स्थापना के बाद से, पैराग्वे अपने स्वदेशी चरित्र और पहचान को बनाए रखने में कामयाब रहा है।","Since the foundation of Asunción in 1537, Paraguay has managed to keep a lot of its indigenous character and identity.","Since the establishment of Paraguay in 1537, Paraguay has been able to maintain its indigenous character and identity.",41.44126414119883,59.51308525778003,eng_Latn," Since the foundation of Asunción in 1537, Paraguay has managed to keep a lot of its indigenous character and identity.",41.44126414119883,59.51308525778003,5.875,5.0625
"Translate the following sentence from Hindi to English:
Q: अर्जेंटीना दुनिया में सबसे अच्छी पोलो टीम और खिलाड़ियों के लिए जाना जाता है.
A:",अर्जेंटीना दुनिया में सबसे अच्छी पोलो टीम और खिलाड़ियों के लिए जाना जाता है.,Argentina is well known for having one of the best polo teams and players in the world.,Argentina is known for its polo players and teams.,6.531341768696067,37.872039411084664,eng_Latn, Argentina is well known for having one of the best polo teams and players in the world.,6.531341768696067,37.872039411084664,5.65625,5.65625
"Translate the following sentence from Hindi to English:
Q: साल का सबसे बड़ा टूर्नामेंट दिसंबर में लास कैनिटास के पोलो मैदान में होता है.
A:",साल का सबसे बड़ा टूर्नामेंट दिसंबर में लास कैनिटास के पोलो मैदान में होता है.,The largest tournament of the year takes place in December at the polo fields in Las Cañitas.,The biggest tournament of the year is held in December at the polo grounds in Las Canitas.,39.78842755316247,63.93850729700217,eng_Latn, The largest tournament of the year takes place in December at the polo fields in Las Cañitas.,39.78842755316247,63.93850729700217,2.421875,1.796875
"Translate the following sentence from Hindi to English:
Q: साल के अन्य समय में यहाँ पर छोटी टूर्नामेंट और मैच भी देखे जा सकते हैं।
A:",साल के अन्य समय में यहाँ पर छोटी टूर्नामेंट और मैच भी देखे जा सकते हैं।,Smaller tournaments and matches can also be seen here at other times of the year.,Other tournaments and matches can also be seen here at other times of the year.,84.0347553810446,93.00212724863452,eng_Latn, Smaller tournaments and matches can also be seen here at other times of the year.,84.0347553810446,93.00212724863452,4.28125,2.484375
"Translate the following sentence from Hindi to English:
Q: टूर्नामेंटों की खबरों के लिए और पोलो मैचों के लिए टिकट खरीदने के लिए, एसोसिएशन अर्जेंटीना दे पोलो को देखें।
A:","टूर्नामेंटों की खबरों के लिए और पोलो मैचों के लिए टिकट खरीदने के लिए, एसोसिएशन अर्जेंटीना दे पोलो को देखें।","For news on tournaments and where to buy tickets for polo matches, check Asociacion Argentina de Polo.","To buy tickets for polo matches, you can visit the Argentine Polo Association.",31.148296533481933,44.9090468725485,eng_Latn," For news on tournaments and where to buy tickets for polo matches, check Asociacion Argentina de Polo.",31.148296533481933,44.9090468725485,4.875,4.8125
"Translate the following sentence from Hindi to English:
Q: फ़ॉकलैंड की आधिकारिक मुद्रा फ़ॉकलैंड पाउंड (एफकेएपी) है. इसे एक ब्रिटिश पाउंड (जीबीपी) के बराबर तय किया गया है.
A:",फ़ॉकलैंड की आधिकारिक मुद्रा फ़ॉकलैंड पाउंड (एफकेएपी) है. इसे एक ब्रिटिश पाउंड (जीबीपी) के बराबर तय किया गया है.,The official Falklands currency is the Falkland pound (FKP) whose value is set equivalent to that of one British pound (GBP).,The Falkland Islands are a British Overseas Territory.,1.7972010682651243,17.72271573684849,eng_Latn, The official Falklands currency is the Falkland pound (FKP) whose value is set equivalent to that of one British pound (GBP).,1.7972010682651243,17.72271573684849,16.375,14.0625
"Translate the following sentence from Hindi to English:
Q: इन द्वीपों में एकमात्र बैंक से धन का आदान-प्रदान किया जा सकता है जो एफआईसी वेस्ट स्टोर के सामने स्टैनले में स्थित है।
A:",इन द्वीपों में एकमात्र बैंक से धन का आदान-प्रदान किया जा सकता है जो एफआईसी वेस्ट स्टोर के सामने स्टैनले में स्थित है।,Money can be exchanged at the only bank in the islands which is located in Stanley across from the FIC West store.,The only bank in the islands is located in Stanley.,18.60378303404291,43.325746543919834,eng_Latn, Money can be exchanged at the only bank in the islands which is located in Stanley across from the FIC West store.,18.60378303404291,43.325746543919834,13.875,13.75
"Translate the following sentence from Hindi to English:
Q: ब्रिटिश पाउंड आमतौर पर द्वीपों और स्टेनली क्रेडिट कार्ड में कहीं भी स्वीकार किए जाएँगे और संयुक्त राज्य अमेरिका डॉलर भी अक्सर स्वीकार किए जाते हैं।
A:",ब्रिटिश पाउंड आमतौर पर द्वीपों और स्टेनली क्रेडिट कार्ड में कहीं भी स्वीकार किए जाएँगे और संयुक्त राज्य अमेरिका डॉलर भी अक्सर स्वीकार किए जाते हैं।,British pounds will generally be accepted anywhere in the islands and within Stanley credit cards and United States dollars are also often accepted.,"British Pounds are accepted in many places in the world, but not in the United States.",4.965501535546057,28.072577251868612,eng_Latn, British pounds will generally be accepted anywhere in the islands and within Stanley credit cards and United States dollars are also often accepted.,4.965501535546057,28.072577251868612,14.5,18.875
"Translate the following sentence from Hindi to English:
Q: बाहरी द्वीपों पर क्रेडिट कार्ड शायद स्वीकार नहीं किए जाएँगे, हालाँकि ब्रिटिश और संयुक्त राज्य की मुद्रा स्वीकार्य होगी; यह निर्धारित करने के लिए कि स्वीकार्य भुगतान विधि क्या है, मालिकों से पहले ही पूछ लें।
A:","बाहरी द्वीपों पर क्रेडिट कार्ड शायद स्वीकार नहीं किए जाएँगे, हालाँकि ब्रिटिश और संयुक्त राज्य की मुद्रा स्वीकार्य होगी; यह निर्धारित करने के लिए कि स्वीकार्य भुगतान विधि क्या है, मालिकों से पहले ही पूछ लें।","On the outlying islands credit cards will probably not be accepted, although British and United States currency may be taken; check with the owners in advance to determine what is an acceptable payment method.","Credit cards may not be accepted on the outer islands, although British and US currency will be accepted; to determine what payment method is acceptable, ask the owners before you go.",16.700067234581947,54.44262426535923,eng_Latn," On the outlying islands credit cards will probably not be accepted, although British and United States currency may be taken; check with the owners in advance to determine what is an acceptable payment method.",16.700067234581947,54.44262426535923,1.5234375,1.75
"Translate the following sentence from Hindi to English:
Q: द्वीपों के बाहर फ़ॉकलैंड की करंसी को बदलना लगभग असंभव है, इसलिए द्वीप छोड़ने से पहले पैसों को बदलवा लें.
A:","द्वीपों के बाहर फ़ॉकलैंड की करंसी को बदलना लगभग असंभव है, इसलिए द्वीप छोड़ने से पहले पैसों को बदलवा लें.","It is nearly impossible to exchange Falklands currency outside of the islands, so exchange money prior to leaving the islands.","It is almost impossible to change the Falkland Islands currency outside the islands, so change your money before leaving the islands.",33.92391758030249,64.18660444566243,eng_Latn," It is nearly impossible to exchange Falklands currency outside of the islands, so exchange money prior to leaving the islands.",33.92391758030249,64.18660444566243,1.15625,1.3359375
"Translate the following sentence from Hindi to English:
Q: चूँकि मोंटेवीडियो भूमध्य रेखा के दक्षिण में है, इसलिए उत्तरी गोलार्ध में सर्दियों के दौरान वहाँ गर्मी होती है और इसके विपरीत भी होता है।
A:","चूँकि मोंटेवीडियो भूमध्य रेखा के दक्षिण में है, इसलिए उत्तरी गोलार्ध में सर्दियों के दौरान वहाँ गर्मी होती है और इसके विपरीत भी होता है।","Since Montevideo is south of the Equator, it is summer there when it's winter in the Northern Hemisphere and vice versa.","Because Montevideo is south of the equator, it is in the southern hemisphere.",27.159019104940484,45.636877894847466,eng_Latn," Since Montevideo is south of the Equator, it is summer there when it's winter in the Northern Hemisphere and vice versa.",27.159019104940484,45.636877894847466,9.0,12.8125
"Translate the following sentence from Hindi to English:
Q: मोंटेवीडियो सबट्रॉपिक्स में है; गर्मियों के महीनों में, + 30° C से अधिक तापमान रहना आम बात है.
A:","मोंटेवीडियो सबट्रॉपिक्स में है; गर्मियों के महीनों में, + 30° C से अधिक तापमान रहना आम बात है.","Montevideo is in the subtropics; in the summer months, temperatures above +30°C are common.",Montevideo is in the subtropics.,22.28255107017402,36.445793586041795,eng_Latn," Montevideo is in the subtropics; in the summer months, temperatures above +30°C are common.",22.28255107017402,36.445793586041795,20.0,18.75
"Translate the following sentence from Hindi to English:
Q: सर्दी का मौसम भ्रामक तौर से ठंडा हो सकता है: तापमान शायद ही कभी बर्फीला हो, लेकिन हवा और नमी के गठबंधन से थर्मामीटर के तापमान से अधिक ठंड महसूस हो सकती है।
A:","सर्दी का मौसम भ्रामक तौर से ठंडा हो सकता है: तापमान शायद ही कभी बर्फीला हो, लेकिन हवा और नमी के गठबंधन से थर्मामीटर के तापमान से अधिक ठंड महसूस हो सकती है।","The winter can be deceptively chilly: temperatures rarely go below freezing, but the wind and humidity combine to make it feel colder than what the thermometer says.","The winter season can be misleadingly cold: the temperature rarely drops below freezing, but the combination of wind and humidity can make the temperature feel much colder than the thermometer.",31.336403611505993,57.6972592600774,eng_Latn," The winter can be deceptively chilly: temperatures rarely go below freezing, but the wind and humidity combine to make it feel colder than what the thermometer says.",31.336403611505993,57.6972592600774,1.578125,2.484375
"Translate the following sentence from Hindi to English:
Q: यहां कोई “बारिश” या “सूखे” का मौसम नहीं होता: बारिश की मात्रा लगभग पूरे साल ही एक जैसी रहती है.
A:",यहां कोई “बारिश” या “सूखे” का मौसम नहीं होता: बारिश की मात्रा लगभग पूरे साल ही एक जैसी रहती है.,"There are no particular ""rainy"" and ""dry"" seasons: the amount of rain stays roughly the same throughout the year.",There is no “rainy” or “dry” season here.,2.6834097088169475,12.731530240520723,eng_Latn," There are no particular ""rainy"" and ""dry"" seasons: the amount of rain stays roughly the same throughout the year.",2.6834097088169475,12.731530240520723,13.0625,9.6875
"Translate the following sentence from Hindi to English:
Q: हालाँकि पार्क में कई जानवर इंसानों के देखने के लिए हैं, फिर भी वन्यजीव खूँखार होते हैं और इन्हें न तो कुछ खिलाना चाहिए या न ही परेशान करना चाहिए.
A:","हालाँकि पार्क में कई जानवर इंसानों के देखने के लिए हैं, फिर भी वन्यजीव खूँखार होते हैं और इन्हें न तो कुछ खिलाना चाहिए या न ही परेशान करना चाहिए.","Though many of the animals in the park are used to seeing humans, the wildlife is nonetheless wild and should not be fed or disturbed.","Although the animals are there for the public to see, they are still wild animals and should not be disturbed.",13.105126974866245,41.2933185378473,eng_Latn," Though many of the animals in the park are used to seeing humans, the wildlife is nonetheless wild and should not be fed or disturbed.",13.105126974866245,41.2933185378473,3.3125,3.578125
"Translate the following sentence from Hindi to English:
Q: पार्क अथॉरिटीज़ के मुताबिक भालुओं और भेड़ियों से कम से कम 100 यार्ड्स/मीटर्स और अन्य जंगली जानवरों से कम से कम 25 यार्डर्स/मीटर्स दूर रहें.
A:",पार्क अथॉरिटीज़ के मुताबिक भालुओं और भेड़ियों से कम से कम 100 यार्ड्स/मीटर्स और अन्य जंगली जानवरों से कम से कम 25 यार्डर्स/मीटर्स दूर रहें.,"According to park authorities, stay at least 100 yards/meters away from bears and wolves and 25 yards/meters from all other wild animals!","According to the park authorities, you should keep at least 100 yards/meters away from the animals.",29.693825518272515,51.324082767876924,eng_Latn," According to park authorities, stay at least 100 yards/meters away from bears and wolves and 25 yards/meters from all other wild animals!",29.693825518272515,51.324082767876924,11.75,10.6875
"Translate the following sentence from Hindi to English:
Q: इस बात से कोई फर्क नहीं पड़ता कि वे कितने विनम्र दिखते हैं, बायसन, एल्क, मूस, भालू, और करीब-करीब सारे ही जानवर हमला कर सकते हैं.
A:","इस बात से कोई फर्क नहीं पड़ता कि वे कितने विनम्र दिखते हैं, बायसन, एल्क, मूस, भालू, और करीब-करीब सारे ही जानवर हमला कर सकते हैं.","No matter how docile they may look, bison, elk, moose, bears, and nearly all large animals can attack.","It doesn't matter how friendly they look, bison, elk, moose, and bears can all attack.",41.504918376050846,53.62473829498454,eng_Latn," No matter how docile they may look, bison, elk, moose, bears, and nearly all large animals can attack.",41.504918376050846,53.62473829498454,2.90625,2.484375
"Translate the following sentence from Hindi to English:
Q: हर साल दर्जनों आगंतुक इसलिए घायल हो जाते हैं क्योंकि वे उचित दूरी नहीं रखते. ये जानवर बड़े, जंगली और शायद खतरनाक भी हैं, इसलिए उनसे दूरी बनाए रखें.
A:","हर साल दर्जनों आगंतुक इसलिए घायल हो जाते हैं क्योंकि वे उचित दूरी नहीं रखते. ये जानवर बड़े, जंगली और शायद खतरनाक भी हैं, इसलिए उनसे दूरी बनाए रखें.","Each year, dozens of visitors are injured because they didn't keep a proper distance. These animals are large, wild, and potentially dangerous, so give them their space.","Every year, dozens of visitors are injured because they do not maintain a safe distance. These animals are large, wild and possibly dangerous, so keep a safe distance.",49.75060288112241,66.42120093718779,eng_Latn," Each year, dozens of visitors are injured because they didn't keep a proper distance. These animals are large, wild, and potentially dangerous, so give them their space.",49.75060288112241,66.42120093718779,1.140625,1.4609375
"Translate the following sentence from Hindi to English:
Q: इसके अलावा, इस बात से अवगत रहें कि गंधक भालू और अन्य वन्यजीवों को आकर्षित करते हैं, इसलिए गंधयुक्त खाद्य पदार्थों को ले जाने या पकाने से बचें और शिविर साफ रखें।
A:","इसके अलावा, इस बात से अवगत रहें कि गंधक भालू और अन्य वन्यजीवों को आकर्षित करते हैं, इसलिए गंधयुक्त खाद्य पदार्थों को ले जाने या पकाने से बचें और शिविर साफ रखें।","In addition, be aware that odors attract bears and other wildlife, so avoid carrying or cooking odorous foods and keep a clean camp.","In addition, be aware that the smell of food can attract bears and other wildlife, so avoid cooking and eating in the open.",45.499082151252665,60.17731042769212,eng_Latn," In addition, be aware that odors attract bears and other wildlife, so avoid carrying or cooking odorous foods and keep a clean camp.",45.499082151252665,60.17731042769212,6.25,4.4375
"Translate the following sentence from Hindi to English:
Q: आपिया समोआ की राजधानी है। यह शहर उपोलू द्वीप पर है और इसकी आबादी 40,000 से भी कम है।
A:","आपिया समोआ की राजधानी है। यह शहर उपोलू द्वीप पर है और इसकी आबादी 40,000 से भी कम है।","Apia is the capital of Samoa. The town is on the island of Upolu and has a population of just under 40,000.","Apia is the capital of Samoa. It is a small city with a population of less than 40,000.",33.87089892182508,50.015411852775195,eng_Latn," Apia is the capital of Samoa. The town is on the island of Upolu and has a population of just under 40,000.",33.87089892182508,50.015411852775195,4.0625,4.34375
"Translate the following sentence from Hindi to English:
Q: एपिया की स्थापना 1850 के दशक में की गई और 1959 से यह समोआ की आधिकारिक राजधानी है.
A:",एपिया की स्थापना 1850 के दशक में की गई और 1959 से यह समोआ की आधिकारिक राजधानी है.,Apia was founded in the 1850s and has been the official capital of Samoa since 1959.,Apia was established in the 1850s and is the capital of Samoa since 1959.,45.37541854068107,64.12005021186012,eng_Latn, Apia was founded in the 1850s and has been the official capital of Samoa since 1959.,45.37541854068107,64.12005021186012,1.3515625,1.1796875
"Translate the following sentence from Hindi to English:
Q: 1889 में यह बंदरगाह कुख्यात नौसैनिक गतिरोध का ठिकाना था उस समय जर्मनी, अमेरिका और ब्रिटेन के सात जहाजों ने इस बंदरगाह से जाने से इनकार कर दिया था.
A:","1889 में यह बंदरगाह कुख्यात नौसैनिक गतिरोध का ठिकाना था उस समय जर्मनी, अमेरिका और ब्रिटेन के सात जहाजों ने इस बंदरगाह से जाने से इनकार कर दिया था.","The harbor was the site of an infamous naval standoff in 1889 when seven ships from Germany, the US, and Britain refused to leave the harbor.","In 1889, this port was the site of a famous naval blockade. At that time, Germany, America and Britain had refused to allow the passage of ships through the Suez Canal.",11.846592694382013,42.940535976305014,eng_Latn," The harbor was the site of an infamous naval standoff in 1889 when seven ships from Germany, the US, and Britain refused to leave the harbor.",11.846592694382013,42.940535976305014,7.09375,7.4375
"Translate the following sentence from Hindi to English:
Q: एक ब्रिटिश क्रूज़र को छोड़कर, सभी जहाज़ डूब गए. करीब 200 अमेरिकी और जर्मन लोगों की मौत हो गई.
A:","एक ब्रिटिश क्रूज़र को छोड़कर, सभी जहाज़ डूब गए. करीब 200 अमेरिकी और जर्मन लोगों की मौत हो गई.","All the ships were sunk, except for one British cruiser. Nearly 200 American and German lives were lost.",All the ships except the British cruiser sank. About 200 American and German people died.,25.46054709938682,51.95754212761283,eng_Latn," All the ships were sunk, except for one British cruiser. Nearly 200 American and German lives were lost.",25.46054709938682,51.95754212761283,1.796875,1.7421875
"Translate the following sentence from Hindi to English:
Q: माऊ आंदोलन द्वारा स्वतंत्रता के लिए आयोजित संघर्ष के दौरान, नगर में एक शांतिपूर्ण सभा में प्रमुख तापुआ तामासेसे सेलोफ़ी तृतीय की हत्या हो गई.
A:","माऊ आंदोलन द्वारा स्वतंत्रता के लिए आयोजित संघर्ष के दौरान, नगर में एक शांतिपूर्ण सभा में प्रमुख तापुआ तामासेसे सेलोफ़ी तृतीय की हत्या हो गई.","During the struggle for independence organised by the Mau movement, a peaceful gathering in the town resulted in the killing of the paramount chief Tupua Tamasese Lealofi III.","During the struggle for independence, the Mau movement was a major force.",9.04416651369183,34.00247582088978,eng_Latn," During the struggle for independence organised by the Mau movement, a peaceful gathering in the town resulted in the killing of the paramount chief Tupua Tamasese Lealofi III.",9.04416651369183,34.00247582088978,17.75,12.8125
"Translate the following sentence from Hindi to English:
Q: ऑकलैंड के दो बंदरगाहों में फैले होने की वजह से, यहां कई समुद्री तट हैं. सबसे लोकप्रिय समुद्री तट तीन इलाकों में हैं.
A:","ऑकलैंड के दो बंदरगाहों में फैले होने की वजह से, यहां कई समुद्री तट हैं. सबसे लोकप्रिय समुद्री तट तीन इलाकों में हैं.","There are many beaches, due to Auckland's straddling of two harbours. The most popular ones are in three areas.",The two ports of Auckland are spread over a large area.,4.3021849443917075,18.62754021893498,eng_Latn," There are many beaches, due to Auckland's straddling of two harbours. The most popular ones are in three areas.",4.3021849443917075,18.62754021893498,14.9375,14.3125
"Translate the following sentence from Hindi to English:
Q: उत्तरी समुद्री तट, (उत्तर हार्बर जिले में) प्रशांत महासागर में हैं और यह उत्तर में लॉन्ग बे से लेकर दक्षिण में डेवनपोर्ट तक फैला हुआ है.
A:","उत्तरी समुद्री तट, (उत्तर हार्बर जिले में) प्रशांत महासागर में हैं और यह उत्तर में लॉन्ग बे से लेकर दक्षिण में डेवनपोर्ट तक फैला हुआ है.",North Shore beaches (in North Harbour district) are on the Pacific Ocean and stretch from Long Bay in the north to Devonport in the south.,"The northern coast of California is a long, narrow strip of land that extends from the Pacific Ocean to the San Francisco Bay.",5.305288223736087,27.419326574617763,eng_Latn, North Shore beaches (in North Harbour district) are on the Pacific Ocean and stretch from Long Bay in the north to Devonport in the south.,5.305288223736087,27.419326574617763,5.34375,5.96875
"Translate the following sentence from Hindi to English:
Q: ये ज़्यादातर रेत के तट हैं जहाँ तैरना सुरक्षित माना जाता है. इनमें से ज़्यादातर में पोहुकुटावा पेड़ों की छाया रहती है.
A:",ये ज़्यादातर रेत के तट हैं जहाँ तैरना सुरक्षित माना जाता है. इनमें से ज़्यादातर में पोहुकुटावा पेड़ों की छाया रहती है.,"They are almost all sandy beaches with safe swimming, and most have shade provided by pohutukawa trees.",These are mostly sand beaches where swimming is safe. Most of them have Pokutava trees.,5.582686193901234,32.60201709295299,eng_Latn," They are almost all sandy beaches with safe swimming, and most have shade provided by pohutukawa trees.",5.582686193901234,32.60201709295299,3.90625,5.53125
"Translate the following sentence from Hindi to English:
Q: तमाकी ड्राइव समुद्री तट वाटेमाटा हार्बर पर, सेंट्रल ऑकलैंड में मिशन बे और सेंट हेलियर्स के महंगे उपनगरों में मौजूद हैं.
A:","तमाकी ड्राइव समुद्री तट वाटेमाटा हार्बर पर, सेंट्रल ऑकलैंड में मिशन बे और सेंट हेलियर्स के महंगे उपनगरों में मौजूद हैं.","Tamaki Drive beaches are on the Waitemata Harbour, in the upmarket suburbs of Mission Bay and St Heliers in Central Auckland.","The Tamaki Drive is a road that runs along the coast of Auckland, New Zealand.",7.650830190788146,23.640721120116638,eng_Latn," Tamaki Drive beaches are on the Waitemata Harbour, in the upmarket suburbs of Mission Bay and St Heliers in Central Auckland.",7.650830190788146,23.640721120116638,13.0625,10.8125
"Translate the following sentence from Hindi to English:
Q: ये कभी-कभी पारिवारिक भीड़भाड़ वाले समुद्रतट हैं जहाँ किनारों पर कई दुकानों की एक अच्छी श्रृंखला है। तैरना सुरक्षित है।
A:",ये कभी-कभी पारिवारिक भीड़भाड़ वाले समुद्रतट हैं जहाँ किनारों पर कई दुकानों की एक अच्छी श्रृंखला है। तैरना सुरक्षित है।,These are sometimes-crowded family beaches with a good range of shops lining the shore. Swimming is safe.,These beaches are sometimes crowded with families.,2.333027174527994,28.980041131478586,eng_Latn, These are sometimes-crowded family beaches with a good range of shops lining the shore. Swimming is safe.,2.333027174527994,28.980041131478586,16.5,14.875
"Translate the following sentence from Hindi to English:
Q: मुख्य लोकल बियर ‘Number one’ है, यह एक काम्प्लेक्स बियर नहीं है, बल्कि यह आपको ताजगी देती है. अन्य लोकल बियर को “Manta” कहा जाता है.
A:","मुख्य लोकल बियर ‘Number one’ है, यह एक काम्प्लेक्स बियर नहीं है, बल्कि यह आपको ताजगी देती है. अन्य लोकल बियर को “Manta” कहा जाता है.","The main local beer is 'Number One', it is not a complex beer, but pleasant and refreshing. The other local beer is called ""Manta"".","The main local beer is Number one, it is not a complex beer, but it gives you freshness. Other local beer is called Manta.",36.11133026003335,63.69114175825845,eng_Latn," The main local beer is 'Number One', it is not a complex beer, but pleasant and refreshing. The other local beer is called ""Manta"".",36.11133026003335,63.69114175825845,3.65625,3.859375
"Translate the following sentence from Hindi to English:
Q: यहाँ कई तरह की फ़्रेंच वाइन मिलती हैं, लेकिन शायद न्यूज़ीलैंड और ऑस्ट्रेलिया की वाइन बेहतर होगी.
A:","यहाँ कई तरह की फ़्रेंच वाइन मिलती हैं, लेकिन शायद न्यूज़ीलैंड और ऑस्ट्रेलिया की वाइन बेहतर होगी.","There are many French wines to be had, but the New Zealand and Australian wines might travel better.","There are many kinds of French wines, but perhaps the wines of New Zealand and Australia are better.",18.728674627858762,58.91117880084015,eng_Latn," There are many French wines to be had, but the New Zealand and Australian wines might travel better.",18.728674627858762,58.91117880084015,1.4296875,2.03125
"Translate the following sentence from Hindi to English:
Q: स्थानीय नल का पानी पीने के लिए एकदम सुरक्षित है, लेकिन यदि आपको डर है तो बोतल बंद पानी आसानी से मिल जाता है.
A:","स्थानीय नल का पानी पीने के लिए एकदम सुरक्षित है, लेकिन यदि आपको डर है तो बोतल बंद पानी आसानी से मिल जाता है.","The local tap water is perfectly safe to drink, but bottled water is easy to find if you are fearful.","The water from the local tap is safe to drink, but if you are afraid, bottled water is easily available.",32.202929838303,58.320390355699246,eng_Latn," The local tap water is perfectly safe to drink, but bottled water is easy to find if you are fearful.",32.202929838303,58.320390355699246,0.78125,0.80859375
"Translate the following sentence from Hindi to English:
Q: ऑस्ट्रेलिया के लोगों के लिए, 'फ्लैट व्हाइट' कॉफी का विचार विदेशी है।शॉर्ट ब्लैक 'एस्प्रेसो' है, कैपेचीनो में क्रीम (झाग नहीं) भरा होता है, और चाय दूध के बिना परोसी जाती है।
A:","ऑस्ट्रेलिया के लोगों के लिए, 'फ्लैट व्हाइट' कॉफी का विचार विदेशी है।शॉर्ट ब्लैक 'एस्प्रेसो' है, कैपेचीनो में क्रीम (झाग नहीं) भरा होता है, और चाय दूध के बिना परोसी जाती है।","For Australians, the idea of 'flat white' coffee is foreign. A short black is 'espresso', cappuccino comes heaped high with cream (not froth), and tea is served without milk.","For Australians, the idea of a 'flat white' is foreign.",9.295161609606602,31.849079172048288,eng_Latn," For Australians, the idea of 'flat white' coffee is foreign. A short black is 'espresso', cappuccino comes heaped high with cream (not froth), and tea is served without milk.",9.295161609606602,31.849079172048288,16.5,19.125
"Translate the following sentence from Hindi to English:
Q: हॉट चॉकलेट बेल्जियम के मानकों पर बनी है. फलों का जूस महंगा है लेकिन बहुत अच्छा है.
A:",हॉट चॉकलेट बेल्जियम के मानकों पर बनी है. फलों का जूस महंगा है लेकिन बहुत अच्छा है.,The hot chocolate is up to Belgian standards. Fruit juices are pricey but excellent.,Hot chocolate is made to Belgian standards. Fruit juice is expensive but very good.,34.05195656273449,55.65877230884643,eng_Latn, The hot chocolate is up to Belgian standards. Fruit juices are pricey but excellent.,34.05195656273449,55.65877230884643,1.46875,1.1015625
"Translate the following sentence from Hindi to English:
Q: रीफ़ की कई यात्राएँ पूरे साल की जाती हैं और इनमें से किसी भी वजह से रीफ़ पर कभी-कभार ही चोट पहुँचती है.
A:",रीफ़ की कई यात्राएँ पूरे साल की जाती हैं और इनमें से किसी भी वजह से रीफ़ पर कभी-कभार ही चोट पहुँचती है.,"Many trips to the reef are made all year around, and injuries due to any of these causes on the reef are rare.",There are many trips to the reef throughout the year and there is no reason for the reef to be damaged.,22.54266843510211,36.76333589173463,eng_Latn," Many trips to the reef are made all year around, and injuries due to any of these causes on the reef are rare.",22.54266843510211,36.76333589173463,5.9375,6.40625
"Translate the following sentence from Hindi to English:
Q: अभी भी प्राधिकारियों से सलाह लें, सभी संकेतों का पालन करें और सुरक्षा चेतावनियों पर पूरा ध्यान दें.
A:","अभी भी प्राधिकारियों से सलाह लें, सभी संकेतों का पालन करें और सुरक्षा चेतावनियों पर पूरा ध्यान दें.","Still, take advice from authorities, obey all signs, and pay close attention to safety warnings.","अभी भी प्राधिकारियों से सलाह लें, सभी संकेतों का पालन करें और सुरक्षा चेतावनियों पर पूरा ध्यान दें.",1.7179060012299232,1.6070679791939138,hin_Deva," अभी भी प्राधिकारियों से सलाह लें, सभी संकेतों का पालन करें और सुरक्षा चेतावनियों पर पूरा ध्यान दें.",100.00000000000004,100.0,23.875,16.625
"Translate the following sentence from Hindi to English:
Q: बॉक्स जैलीफ़िश, अक्टूबर से अप्रैल तक 1770 के उत्तर में मौजूद समुद्री तटों के पास और नदी के मुहानों पर नज़र आती हैं. इन महीनों में वे अक्सर बाहर भी मिल सकती हैं.
A:","बॉक्स जैलीफ़िश, अक्टूबर से अप्रैल तक 1770 के उत्तर में मौजूद समुद्री तटों के पास और नदी के मुहानों पर नज़र आती हैं. इन महीनों में वे अक्सर बाहर भी मिल सकती हैं.",Box jellyfish occur near beaches and near river estuaries from October to April north of 1770. They can occasionally be found outside these times.,Jellyfish are found in the waters of the North Sea from October to April.,8.269548434672162,26.74871408039626,eng_Latn, Box jellyfish occur near beaches and near river estuaries from October to April north of 1770. They can occasionally be found outside these times.,8.269548434672162,26.74871408039626,14.3125,12.75
"Translate the following sentence from Hindi to English:
Q: शार्कों का अस्तित्व है, हालाँकि वे शायद ही कभी मनुष्यों पर हमला करते हैं। अधिकांश शार्क मनुष्यों से डरते हैं और तैर कर दूर चले जाते हैं।
A:","शार्कों का अस्तित्व है, हालाँकि वे शायद ही कभी मनुष्यों पर हमला करते हैं। अधिकांश शार्क मनुष्यों से डरते हैं और तैर कर दूर चले जाते हैं।","Sharks do exist, however they rarely attack humans. Most sharks are scared of humans and would swim away.",Sharks are not as dangerous as they are made out to be.,4.1577256545616725,17.16687539922546,eng_Latn," Sharks do exist, however they rarely attack humans. Most sharks are scared of humans and would swim away.",4.1577256545616725,17.16687539922546,11.9375,14.75
"Translate the following sentence from Hindi to English:
Q: खारे पानी के मगरमच्छ समुद्र में आम तौर पर नहीं रहते हैं. ये अक्सर रॉकम्प्टन के उत्तर में नदी के मुहाने पर देखे जा सकते हैं.
A:",खारे पानी के मगरमच्छ समुद्र में आम तौर पर नहीं रहते हैं. ये अक्सर रॉकम्प्टन के उत्तर में नदी के मुहाने पर देखे जा सकते हैं.,"Saltwater Crocodiles do not actively live in the ocean, their primary habitat is in river estuaries north from Rockhampton.",Saltwater crocodiles are not common in the sea. They are often seen in the river mouth.,7.696879178392458,26.084210105570005,eng_Latn," Saltwater Crocodiles do not actively live in the ocean, their primary habitat is in river estuaries north from Rockhampton.",7.696879178392458,26.084210105570005,5.875,8.5
"Translate the following sentence from Hindi to English:
Q: पहले से बुकिंग करने से यात्री के मन में यह शांति रहती है कि कम से कम मंज़िल पर पहुँचने के बाद उसे आराम करने की जगह तो मिलेगी।
A:",पहले से बुकिंग करने से यात्री के मन में यह शांति रहती है कि कम से कम मंज़िल पर पहुँचने के बाद उसे आराम करने की जगह तो मिलेगी।,Booking in advance gives the traveller peace of mind that they will have somewhere to sleep once they arrive at their destination.,"By booking in advance, the passenger has the peace of mind that he will get a place to stay at the destination.",15.980518115118317,44.42071728311953,eng_Latn, Booking in advance gives the traveller peace of mind that they will have somewhere to sleep once they arrive at their destination.,15.980518115118317,44.42071728311953,1.765625,1.84375
"Translate the following sentence from Hindi to English:
Q: ट्रैवल एजेंट के पास अक्सर कुछ खास होटलों की डील होती हैं, हालांकि आप ट्रैवल एजेंट के ज़रिए ठहरने के अन्य विकल्प जैसे कि कैम्पिंग ग्राउंड  भी बुक कर सकते हैं।
A:","ट्रैवल एजेंट के पास अक्सर कुछ खास होटलों की डील होती हैं, हालांकि आप ट्रैवल एजेंट के ज़रिए ठहरने के अन्य विकल्प जैसे कि कैम्पिंग ग्राउंड  भी बुक कर सकते हैं।","Travel agents often have deals with specific hotels, although you may find it possible to book other forms of accommodation, like camping grounds, through a travel agent.","Travel agents often have special deals with hotels, but you can also book other options like camping grounds.",20.448604625526173,44.69463301558101,eng_Latn," Travel agents often have deals with specific hotels, although you may find it possible to book other forms of accommodation, like camping grounds, through a travel agent.",20.448604625526173,44.69463301558101,2.71875,2.640625
"Translate the following sentence from Hindi to English:
Q: आम तौर पर, ट्रैवल एजेंट ऐसे पैकेज ऑफ़र करते हैं, जिनमें नाश्ता, हवाई अड्डे आने-जाने की व्यवस्था या हवाई यात्रा की टिकट के साथ-साथ होटल का किराया भी शामिल होता है.
A:","आम तौर पर, ट्रैवल एजेंट ऐसे पैकेज ऑफ़र करते हैं, जिनमें नाश्ता, हवाई अड्डे आने-जाने की व्यवस्था या हवाई यात्रा की टिकट के साथ-साथ होटल का किराया भी शामिल होता है.","Travel agents usually offer packages that include breakfast, transportation arrangements to/from the airport or even combined flight and hotel packages.","Normally, travel agents offer packages that include breakfast, airport transfers, and hotel accommodation.",23.212763467887747,47.35647902601418,eng_Latn," Travel agents usually offer packages that include breakfast, transportation arrangements to/from the airport or even combined flight and hotel packages.",23.212763467887747,47.35647902601418,4.625,3.875
"Translate the following sentence from Hindi to English:
Q: अगर आप ऑफ़र के बारे में सोचने या डेस्टिनेशन के लिए डॉक्युमेंट (जैसे वीज़ा) पाने के लिए समय चाहते हैं, तो वे आपको रिज़र्वेशन की सुविधा भी दे सकते हैं.
A:","अगर आप ऑफ़र के बारे में सोचने या डेस्टिनेशन के लिए डॉक्युमेंट (जैसे वीज़ा) पाने के लिए समय चाहते हैं, तो वे आपको रिज़र्वेशन की सुविधा भी दे सकते हैं.",They can also hold the reservation for you if you need time to think about the offer or procure other documents for your destination (e.g. visa).,"If you want to book a flight, you can also book a hotel.",2.083415852265861,12.406101748600321,eng_Latn, They can also hold the reservation for you if you need time to think about the offer or procure other documents for your destination (e.g. visa).,2.083415852265861,12.406101748600321,16.0,16.5
"Translate the following sentence from Hindi to English:
Q: कोई भी संशोधन या अनुरोध हालाँकि सीधे होटल के साथ न करके पहले ट्रैवल एजेंट के माध्यम से किया जाना चाहिए.
A:",कोई भी संशोधन या अनुरोध हालाँकि सीधे होटल के साथ न करके पहले ट्रैवल एजेंट के माध्यम से किया जाना चाहिए.,Any amendments or requests though should be coursed through the travel agent first and not directly with the hotel.,Any amendment or request should be made through the travel agent.,12.802594811048058,45.02539464501819,eng_Latn, Any amendments or requests though should be coursed through the travel agent first and not directly with the hotel.,12.802594811048058,45.02539464501819,5.40625,4.96875
"Translate the following sentence from Hindi to English:
Q: कुछ फ़ेस्टिवल के लिए, म्यूज़िक फ़ेस्टिवल में आने वाले ज़्यादातर लोग आयोजन की जगह पर ही कैंप लगाने का फ़ैसला लेते हैं, और ज़्यादातर लोग इसे अपने अनुभव का अहम हिस्सा मानते हैं.
A:","कुछ फ़ेस्टिवल के लिए, म्यूज़िक फ़ेस्टिवल में आने वाले ज़्यादातर लोग आयोजन की जगह पर ही कैंप लगाने का फ़ैसला लेते हैं, और ज़्यादातर लोग इसे अपने अनुभव का अहम हिस्सा मानते हैं.","For some festivals, the vast majority of the attendants to music festivals decide to camp on site, and most attendants consider it a vital part of the experience.","Some festivals, music festivals, and other events are held in the open air.",6.281918871387583,24.94559846365656,eng_Latn," For some festivals, the vast majority of the attendants to music festivals decide to camp on site, and most attendants consider it a vital part of the experience.",6.281918871387583,24.94559846365656,15.125,14.8125
"Translate the following sentence from Hindi to English:
Q: अगर आप ऐक्शन के नज़दीक रहना चाहते हैं तो आपको म्यूज़िक के नज़दीक वाली कैंपिंग साइट पर जल्दी से जल्दी पहुँचना होगा.
A:",अगर आप ऐक्शन के नज़दीक रहना चाहते हैं तो आपको म्यूज़िक के नज़दीक वाली कैंपिंग साइट पर जल्दी से जल्दी पहुँचना होगा.,If you want to be close to the action you're going to have to get in early to get a camping site close to the music.,"If you want to be close to action, you have to be close to music.",21.703828365951438,43.67061663645903,eng_Latn, If you want to be close to the action you're going to have to get in early to get a camping site close to the music.,21.703828365951438,43.67061663645903,7.90625,7.8125
"Translate the following sentence from Hindi to English:
Q: याद रखें कि मुख्य स्टेज पर म्यूज़िक बंद हो जाने के बाद भी, फ़ेस्टिवल के कुछ हिस्से ऐसे होंगे जो देर रात तक संगीत बजाते रहेंगे.
A:","याद रखें कि मुख्य स्टेज पर म्यूज़िक बंद हो जाने के बाद भी, फ़ेस्टिवल के कुछ हिस्से ऐसे होंगे जो देर रात तक संगीत बजाते रहेंगे.","Remember that even though music on the main stages may have finished, there may be sections of the festival that will keep playing music until late into the night.","Remember that the main stage will be closed at 11:00 PM, but there will be some parts of the festival that will continue to play music until 1:00 AM.",15.91469869206786,42.945917533437935,eng_Latn," Remember that even though music on the main stages may have finished, there may be sections of the festival that will keep playing music until late into the night.",15.91469869206786,42.945917533437935,1.90625,2.734375
"Translate the following sentence from Hindi to English:
Q: कुछ फ़ेस्टिवल में छोटे बच्चों के साथ आने वाले परिवारों के लिए कैंप लगाने के ख़ास इलाके होते हैं.
A:",कुछ फ़ेस्टिवल में छोटे बच्चों के साथ आने वाले परिवारों के लिए कैंप लगाने के ख़ास इलाके होते हैं.,Some festivals have special camping areas for families with young children.,Some festivals have special areas for camping.,34.65374683597604,54.97470727725561,eng_Latn, Some festivals have special camping areas for families with young children.,34.65374683597604,54.97470727725561,12.0,9.8125
"Translate the following sentence from Hindi to English:
Q: अगर आप सर्दियों में उत्तरी बाटलिक को पार करते हैं, तो आपको केबिन स्थान की जांच करनी होगी , क्योंकि क्योंकि जो लोग ज्यादा प्रभावित है उन्हें बर्फ से गुजरने पर काफी भयानक शोर महसूस होगा ।
A:","अगर आप सर्दियों में उत्तरी बाटलिक को पार करते हैं, तो आपको केबिन स्थान की जांच करनी होगी , क्योंकि क्योंकि जो लोग ज्यादा प्रभावित है उन्हें बर्फ से गुजरने पर काफी भयानक शोर महसूस होगा ।","If crossing the Northern Baltic in winter, check the cabin location, as going through ice causes quite horrible noise for those most affected.","If you cross the northern baltic in winter, you will have to check the cabin space, because the noise will be very loud.",13.330450941174428,35.86868828641111,eng_Latn," If crossing the Northern Baltic in winter, check the cabin location, as going through ice causes quite horrible noise for those most affected.",13.330450941174428,35.86868828641111,7.40625,6.0
"Translate the following sentence from Hindi to English:
Q: सेंट पीटर्सबर्ग पोतविहार में शहर में समय बिताना शामिल है। पोतविहार यात्रियों को वीज़ा आवश्यकताओं (शर्तों को जाँचें) से छूट दी गई है।
A:",सेंट पीटर्सबर्ग पोतविहार में शहर में समय बिताना शामिल है। पोतविहार यात्रियों को वीज़ा आवश्यकताओं (शर्तों को जाँचें) से छूट दी गई है।,Saint Petersburg cruises include time in town. Cruise passengers are exempted from visa requirements (check the terms).,It is a good idea to check the visa requirements before you travel.,3.5513367985431015,24.683528691017173,eng_Latn, Saint Petersburg cruises include time in town. Cruise passengers are exempted from visa requirements (check the terms).,3.5513367985431015,24.683528691017173,15.0625,15.5625
"Translate the following sentence from Hindi to English:
Q: कैसिनो आमतौर पर मेहमानों द्वारा खर्च किए गए समय और धन को अधिकतम करने के लिए कई प्रयास करते हैं. इसमें आमतौर पर खिड़कियाँ और घड़ियाँ नहीं होती हैं और बाहर जाने का रास्ता ढूंढना काफी कठिन हो सकता है.
A:",कैसिनो आमतौर पर मेहमानों द्वारा खर्च किए गए समय और धन को अधिकतम करने के लिए कई प्रयास करते हैं. इसमें आमतौर पर खिड़कियाँ और घड़ियाँ नहीं होती हैं और बाहर जाने का रास्ता ढूंढना काफी कठिन हो सकता है.,"Casinos typically make many efforts to maximize time and money spent by guests. Windows and clocks are usually absent, and exits can be hard to find.",Casinos often try to maximize the time and money spent by guests.,17.67109427159776,35.855486901091346,eng_Latn," Casinos typically make many efforts to maximize time and money spent by guests. Windows and clocks are usually absent, and exits can be hard to find.",17.67109427159776,35.855486901091346,16.5,15.9375
"Translate the following sentence from Hindi to English:
Q: आम तौर पर वे खास तरह के खाने-पीने और मनोरंजन की व्यवस्था रखते हैं, ताकि उनके मेहमानों का मूड अच्छा रहे और वे वहीं पर बने रहें.
A:","आम तौर पर वे खास तरह के खाने-पीने और मनोरंजन की व्यवस्था रखते हैं, ताकि उनके मेहमानों का मूड अच्छा रहे और वे वहीं पर बने रहें.","They usually have special food, drink and entertainment offers, to keep guests in a good mood, and keep them at the premise.",They usually arrange for special food and entertainment.,4.127480238279547,32.846345456216795,eng_Latn," They usually have special food, drink and entertainment offers, to keep guests in a good mood, and keep them at the premise.",4.127480238279547,32.846345456216795,12.875,10.8125
"Translate the following sentence from Hindi to English:
Q: कुछ स्थान मादक पेय प्रदान करते हैं | हालांकि, नशे से निर्णय प्रभावित होता हैै, और सभी अच्छे जुआरी सादा रहने के महत्व को जानते हैं।
A:","कुछ स्थान मादक पेय प्रदान करते हैं | हालांकि, नशे से निर्णय प्रभावित होता हैै, और सभी अच्छे जुआरी सादा रहने के महत्व को जानते हैं।","Some venues offer alcoholic beverages on the house. However, drunkenness impairs judgement, and all good gamblers know the importance of staying sober.","Some places provide intoxicating drinks. However, intoxication affects decision making, and all good gamblers know that.",18.777973418348108,34.7753451852984,eng_Latn," Some venues offer alcoholic beverages on the house. However, drunkenness impairs judgement, and all good gamblers know the importance of staying sober.",18.777973418348108,34.7753451852984,2.90625,3.484375
"Translate the following sentence from Hindi to English:
Q: जो भी ऊँचाई या पहाड़ी दर्रे पर गाड़ी चलाने जा रहा है, उसे हिम, बर्फ या ठंड के तापमान की संभावना के विचार को मन में रखना चाहिए।
A:","जो भी ऊँचाई या पहाड़ी दर्रे पर गाड़ी चलाने जा रहा है, उसे हिम, बर्फ या ठंड के तापमान की संभावना के विचार को मन में रखना चाहिए।","Anyone who's going to drive at high latitudes or over mountain passes should consider the possibility of snow, ice, or freezing temperatures.","Anyone who is going to drive on a high altitude or a mountain pass should keep in mind the possibility of snow, ice or cold temperatures.",25.68989077956739,58.73931582528106,eng_Latn," Anyone who's going to drive at high latitudes or over mountain passes should consider the possibility of snow, ice, or freezing temperatures.",25.68989077956739,58.73931582528106,1.1953125,0.93359375
"Translate the following sentence from Hindi to English:
Q: बर्फीले और हिममय सड़कों पर, घर्षण कम होता है और आप ड्राइव नहीं कर सकेंगे जैसे कि आप केवल डामर पर चला रहे हों।
A:","बर्फीले और हिममय सड़कों पर, घर्षण कम होता है और आप ड्राइव नहीं कर सकेंगे जैसे कि आप केवल डामर पर चला रहे हों।","On icy and snowy roadways, friction is low and you cannot drive as if you were on bare asphalt.","On icy and snow-covered roads, friction is reduced and you cannot drive as you would on a tar road.",29.153831589857862,55.08258065178714,eng_Latn," On icy and snowy roadways, friction is low and you cannot drive as if you were on bare asphalt.",29.153831589857862,55.08258065178714,0.92578125,2.046875
"Translate the following sentence from Hindi to English:
Q: बर्फ़ीले तूफ़ान के दौरान, आपको फँसाने के लिए पर्याप्त बर्फ बहुत कम समय में गिर सकती है।
A:","बर्फ़ीले तूफ़ान के दौरान, आपको फँसाने के लिए पर्याप्त बर्फ बहुत कम समय में गिर सकती है।","During blizzards, enough snow to get you stuck can fall in very little time.","During a blizzard, you can get trapped in a snowstorm.",6.448871441261388,27.06506955421174,eng_Latn," During blizzards, enough snow to get you stuck can fall in very little time.",6.448871441261388,27.06506955421174,9.8125,7.9375
"Translate the following sentence from Hindi to English:
Q: बर्फ गिरने या वाहन की खिड़कियों पर बर्फ के संघनन से भी दृश्यता कम हो सकती है।
A:",बर्फ गिरने या वाहन की खिड़कियों पर बर्फ के संघनन से भी दृश्यता कम हो सकती है।,Visibility may also be restricted by falling or blowing snow or by condensation or ice on vehicle windows.,"The visibility can be reduced due to fog, mist, or freezing rain.",2.020221928314688,16.293655383547037,eng_Latn, Visibility may also be restricted by falling or blowing snow or by condensation or ice on vehicle windows.,2.020221928314688,16.293655383547037,4.65625,4.625
"Translate the following sentence from Hindi to English:
Q: वहीं दूसरी ओर, कई देशों में ठंडी और बर्फ़ भरी परिस्थितियां होना आम बात है, और ट्रैफ़िक पूरे साल ज़्यादातर बिना रुकावट चलता रहता है.
A:","वहीं दूसरी ओर, कई देशों में ठंडी और बर्फ़ भरी परिस्थितियां होना आम बात है, और ट्रैफ़िक पूरे साल ज़्यादातर बिना रुकावट चलता रहता है.","On the other hand, icy and snowy conditions are normal in many countries, and traffic goes on mostly uninterrupted all year round.","On the other hand, in many countries, the weather is cold and snowy, and traffic is always moving.",27.528442792550596,46.827941533416066,eng_Latn," On the other hand, icy and snowy conditions are normal in many countries, and traffic goes on mostly uninterrupted all year round.",27.528442792550596,46.827941533416066,6.09375,6.09375
"Translate the following sentence from Hindi to English:
Q: सफ़ारी शायद अफ्रीका में सबसे बड़े पर्यटन केंद्र हैं और ये कई आगंतुकों को आकर्षित करते है.
A:",सफ़ारी शायद अफ्रीका में सबसे बड़े पर्यटन केंद्र हैं और ये कई आगंतुकों को आकर्षित करते है.,Safaris are perhaps the greatest tourism draw in Africa and the highlight for many visitors.,Safari are probably the largest tourist attraction in Africa and they attract many visitors.,13.31488794012028,46.43321847992561,eng_Latn, Safaris are perhaps the greatest tourism draw in Africa and the highlight for many visitors.,13.31488794012028,46.43321847992561,2.8125,3.390625
"Translate the following sentence from Hindi to English:
Q: विशेष रूप से सवाना पर बेहतरीन अफ़्रीकी वन्य जीवन को संपूर्ण रूप से देखने के लिए आमतौर पर सफ़ारी शब्द का उपयोग किया जाता है.
A:",विशेष रूप से सवाना पर बेहतरीन अफ़्रीकी वन्य जीवन को संपूर्ण रूप से देखने के लिए आमतौर पर सफ़ारी शब्द का उपयोग किया जाता है.,"The term safari in popular use refers to overland travel to view the stunning African wildlife, particularly on savanna.","Safari is used to describe a journey through the wilderness, especially in Africa.",1.8990356408719173,17.9366157835712,eng_Latn," The term safari in popular use refers to overland travel to view the stunning African wildlife, particularly on savanna.",1.8990356408719173,17.9366157835712,4.03125,5.71875
"Translate the following sentence from Hindi to English:
Q: हाथी और जिराफ़ जैसे कुछ जानवर, कारों के बहुत करीब चले आते हैं और मानक उपकरण से अच्छा नज़ारा दिखाई देगा.
A:","हाथी और जिराफ़ जैसे कुछ जानवर, कारों के बहुत करीब चले आते हैं और मानक उपकरण से अच्छा नज़ारा दिखाई देगा.","Some animals, such as elephants and giraffes, tend to approach closely to cars and standard equipment will allow good viewing.",Some animals like elephants and giraffes are so close to cars that they can be seen with the naked eye.,20.767791539555894,35.47395614951404,eng_Latn," Some animals, such as elephants and giraffes, tend to approach closely to cars and standard equipment will allow good viewing.",20.767791539555894,35.47395614951404,4.625,5.21875
"Translate the following sentence from Hindi to English:
Q: कभी-कभी शेर, चीते और तेंदुए शर्मीले होते हैं. आप उन्हें दूरबीन के ज़रिए अच्छी तरह से देख पाएँगे.
A:","कभी-कभी शेर, चीते और तेंदुए शर्मीले होते हैं. आप उन्हें दूरबीन के ज़रिए अच्छी तरह से देख पाएँगे.","Lions, cheetahs and leopards are sometimes shy and you will see them better with binoculars.","Sometimes, lions, tigers and leopards are shy. You can see them with a telescope.",20.63275845325257,41.90094608127853,eng_Latn," Lions, cheetahs and leopards are sometimes shy and you will see them better with binoculars.",20.63275845325257,41.90094608127853,2.140625,5.4375
"Translate the following sentence from Hindi to English:
Q: वॉकिंग सफारी (जिसे “बुश वॉक”, “हाइकिंग सफारी” या “पैदल चलना” भी कहा जाता है) में कुछ दिनों या कई दिनों की हाइकिंग शामिल होती है.
A:","वॉकिंग सफारी (जिसे “बुश वॉक”, “हाइकिंग सफारी” या “पैदल चलना” भी कहा जाता है) में कुछ दिनों या कई दिनों की हाइकिंग शामिल होती है.","A walking safari (also called a ""bush walk"", ""hiking safari"", or going ""footing"") consists of hiking, either for a few hours or several days.",A bush walk is a short walk in the bush.,0.41573046007639725,11.638438213430408,eng_Latn," A walking safari (also called a ""bush walk"", ""hiking safari"", or going ""footing"") consists of hiking, either for a few hours or several days.",0.41573046007639725,11.638438213430408,15.5625,15.1875
"Translate the following sentence from Hindi to English:
Q: पैरालिम्पिक्स 24 अगस्त 2021 से 5 सितंबर 2021 तक होंगे. कुछ इवेंट जापान के अन्य स्थानों में होंगे.
A:",पैरालिम्पिक्स 24 अगस्त 2021 से 5 सितंबर 2021 तक होंगे. कुछ इवेंट जापान के अन्य स्थानों में होंगे.,The Paralympics will take place from 24 August to 5 September 2021. Some events will be held in other locations throughout Japan.,The Paralympics will be held from 24 August to 5 September 2021. Some events will be held in other places in Japan.,67.44261198252096,75.11611664888954,eng_Latn, The Paralympics will take place from 24 August to 5 September 2021. Some events will be held in other locations throughout Japan.,67.44261198252096,75.11611664888954,1.3203125,1.0078125
"Translate the following sentence from Hindi to English:
Q: टोक्यो, जिसने 1964 में खेलों की मेजबानी की थी, दो ग्रीष्मकालीन खेलों की मेजबानी करने वाला एकमात्र एशियाई शहर होगा।
A:","टोक्यो, जिसने 1964 में खेलों की मेजबानी की थी, दो ग्रीष्मकालीन खेलों की मेजबानी करने वाला एकमात्र एशियाई शहर होगा।","Tokyo will be the only Asian city to have hosted two summer Olympics, having hosted the games in 1964.","Tokyo, which hosted the 1964 Olympics, will be the only Asian city to host two Summer Games.",36.951894884728745,57.91205742785308,eng_Latn," Tokyo will be the only Asian city to have hosted two summer Olympics, having hosted the games in 1964.",36.951894884728745,57.91205742785308,0.8203125,0.86328125
"Translate the following sentence from Hindi to English:
Q: यदि आपने स्थगन की घोषणा से पहले 2020 के लिए अपनी उड़ानें और रहने के स्थान बुक किए थे, तो यह आपके लिए एक मुश्किल स्थिति हो सकती है।
A:","यदि आपने स्थगन की घोषणा से पहले 2020 के लिए अपनी उड़ानें और रहने के स्थान बुक किए थे, तो यह आपके लिए एक मुश्किल स्थिति हो सकती है।","If you booked your flights and accommodation for 2020 before the postponement was announced, you may have a tricky situation.","If you have booked your flights and accommodation for 2020 before the announcement of the suspension, then it may be a difficult situation for you.",41.46100605711452,63.96194393240579,eng_Latn," If you booked your flights and accommodation for 2020 before the postponement was announced, you may have a tricky situation.",41.46100605711452,63.96194393240579,2.84375,3.265625
"Translate the following sentence from Hindi to English:
Q: कैंसल करने की नीतियों में फ़र्क हो सकता है लेकिन मार्च के आखिर में कोरोना वायरस के आधार पर कैंसल करने की ज़्यादातर नीतियाँ जुलाई 2020 तक नहीं बढ़ाई जाती हैं, यानी जब ओलंपिक शेड्यूल किया गया था.
A:","कैंसल करने की नीतियों में फ़र्क हो सकता है लेकिन मार्च के आखिर में कोरोना वायरस के आधार पर कैंसल करने की ज़्यादातर नीतियाँ जुलाई 2020 तक नहीं बढ़ाई जाती हैं, यानी जब ओलंपिक शेड्यूल किया गया था.","Cancellation policies vary, but as of late March most coronavirus-based cancellation policies don't extend to July 2020, when the Olympics had been scheduled.",There may be differences in cancellation policies but most of them will not be extended beyond July 2020.,6.81662254551005,28.877703557453405,eng_Latn," Cancellation policies vary, but as of late March most coronavirus-based cancellation policies don't extend to July 2020, when the Olympics had been scheduled.",6.81662254551005,28.877703557453405,13.8125,8.0
"Translate the following sentence from Hindi to English:
Q: यह उम्मीद है कि ईवेंट की अधिकांश टिकटों की कीमत ¥ 2,500 से ¥130,000 के बीच होगी, जिसमें प्ररूपी टिकटों की कीमत लगभग  ¥7,000 होगी।
A:","यह उम्मीद है कि ईवेंट की अधिकांश टिकटों की कीमत ¥ 2,500 से ¥130,000 के बीच होगी, जिसमें प्ररूपी टिकटों की कीमत लगभग  ¥7,000 होगी।","It's expected that most event tickets will cost between ¥2,500 and ¥130,000, with typical tickets costing around ¥7,000.","It is expected that the majority of the tickets will be priced between ¥2,500 and ¥130,000.",31.17015696278303,45.473106051187415,eng_Latn," It's expected that most event tickets will cost between ¥2,500 and ¥130,000, with typical tickets costing around ¥7,000.",31.17015696278303,45.473106051187415,9.25,5.71875
"Translate the following sentence from Hindi to English:
Q: नमी वाले कपड़ों को सुखाने के लिए उन पर इस्त्री की जा सकती है. कई होटल में लोन पर कपड़े प्रेस करने वाली ईस्त्री और बोर्ड मिलते हैं, चाहे ये चीज़ें कमरे में न भी हों.
A:","नमी वाले कपड़ों को सुखाने के लिए उन पर इस्त्री की जा सकती है. कई होटल में लोन पर कपड़े प्रेस करने वाली ईस्त्री और बोर्ड मिलते हैं, चाहे ये चीज़ें कमरे में न भी हों.","Ironing damp clothes can help them dry. Many hotels have an iron and ironing board available for loan, even if one is not present in the room.",Clothes can be ironed on the ironing board.,3.2953921299739233,18.975198981130823,eng_Latn," Ironing damp clothes can help them dry. Many hotels have an iron and ironing board available for loan, even if one is not present in the room.",3.2953921299739233,18.975198981130823,18.375,20.75
"Translate the following sentence from Hindi to English:
Q: यदि प्रेस उपलब्ध नहीं है, या यदि आप प्रेस किए गए मोजे पहनने की इच्छा नहीं रखते हैं, तो आप यदि उपलब्ध हो तो हेयरड्रायर के इस्तेमाल पर विचार कर सकते हैं.
A:","यदि प्रेस उपलब्ध नहीं है, या यदि आप प्रेस किए गए मोजे पहनने की इच्छा नहीं रखते हैं, तो आप यदि उपलब्ध हो तो हेयरड्रायर के इस्तेमाल पर विचार कर सकते हैं.","If an iron isn't available, or if you don't fancy wearing ironed socks, then you can try using a hairdryer, if available.","If you have a hair dryer, you can use it to dry your hair.",2.046053630916529,20.07897281451943,eng_Latn," If an iron isn't available, or if you don't fancy wearing ironed socks, then you can try using a hairdryer, if available.",2.046053630916529,20.07897281451943,15.0,17.75
"Translate the following sentence from Hindi to English:
Q: सावधान रहें कि कपड़े को बहुत गर्म न होने दें (जो सिकुड़न का कारण बन सकता है, या बहुत गरम होने पर, जल सकता है)।
A:","सावधान रहें कि कपड़े को बहुत गर्म न होने दें (जो सिकुड़न का कारण बन सकता है, या बहुत गरम होने पर, जल सकता है)।","Be careful not to allow fabric to become too hot (which can cause shrinkage, or in extreme cases, scorch).",Be careful that the clothes do not get too hot (which can cause shrinkage or can catch fire).,35.87633129669876,47.268157235682864,eng_Latn," Be careful not to allow fabric to become too hot (which can cause shrinkage, or in extreme cases, scorch).",35.87633129669876,47.268157235682864,1.6328125,2.171875
"Translate the following sentence from Hindi to English:
Q: पानी को शुद्ध करने के अनेक तरीके हैं, इसमें कुछ विशिष्ट खतरों को कम करने के लिये कारगर है।
A:","पानी को शुद्ध करने के अनेक तरीके हैं, इसमें कुछ विशिष्ट खतरों को कम करने के लिये कारगर है।","There are different ways of purifying water, some more effective against specific threats.","There are many ways to purify water, some of which are effective in reducing specific hazards.",10.352664426876094,47.58533715073432,eng_Latn," There are different ways of purifying water, some more effective against specific threats.",10.352664426876094,47.58533715073432,0.8125,0.828125
"Translate the following sentence from Hindi to English:
Q: कुछ क्षेत्रों में पानी को एक मिनट के लिए उबालना काफी होता है, अन्य क्षेत्रों में कई मिनट तक उबलाने की आवश्यकता होती है.
A:","कुछ क्षेत्रों में पानी को एक मिनट के लिए उबालना काफी होता है, अन्य क्षेत्रों में कई मिनट तक उबलाने की आवश्यकता होती है.","In some areas boiling water for a minute is enough, in others several minutes are needed.","Some areas require boiling water for a minute, while others require boiling for several minutes.",31.0441435588881,55.19914310602616,eng_Latn," In some areas boiling water for a minute is enough, in others several minutes are needed.",31.0441435588881,55.19914310602616,2.75,2.796875
"Translate the following sentence from Hindi to English:
Q: फिल्टर प्रभावशीलता में अलग अलग होते हैं, और आपको पहले इस पर विचार करना चाहिए, फिर आपको एक सम्मानित कंपनी से सील की बोतल में अपना पानी खरीदने पर विचार करना चाहिए।
A:","फिल्टर प्रभावशीलता में अलग अलग होते हैं, और आपको पहले इस पर विचार करना चाहिए, फिर आपको एक सम्मानित कंपनी से सील की बोतल में अपना पानी खरीदने पर विचार करना चाहिए।","Filters vary in effectiveness, and should you have a concern, then you should consider buying your water in a sealed bottle from a reputable company.","The filter effectiveness varies, and you should consider this first, then you should consider buying your water in a sealed bottle from a reputable company.",64.43489268695933,75.50617799896948,eng_Latn," Filters vary in effectiveness, and should you have a concern, then you should consider buying your water in a sealed bottle from a reputable company.",64.43489268695933,75.50617799896948,1.375,1.8046875
"Translate the following sentence from Hindi to English:
Q: यात्रियों को उन जानवरों और कीड़ों का सामना करना पड़ता है, जिससे वे अपने गृह क्षेत्र में परिचित नहीं होते हैं.
A:","यात्रियों को उन जानवरों और कीड़ों का सामना करना पड़ता है, जिससे वे अपने गृह क्षेत्र में परिचित नहीं होते हैं.",Travellers may encounter animal pests that they are not familiar with in their home regions.,Passengers are confronted with animals and insects that they are not familiar with.,26.032855302019176,45.73980388231989,eng_Latn, Travellers may encounter animal pests that they are not familiar with in their home regions.,26.032855302019176,45.73980388231989,4.46875,4.6875
"Translate the following sentence from Hindi to English:
Q: कीट भोजन को ख़राब कर सकते हैं, जलन पैदा कर सकते हैं, या इससे भी बदतर स्थिति में एलर्जी पैदा कर सकते हैं, विष फैला सकते हैं या संक्रमण फैला सकते हैं.
A:","कीट भोजन को ख़राब कर सकते हैं, जलन पैदा कर सकते हैं, या इससे भी बदतर स्थिति में एलर्जी पैदा कर सकते हैं, विष फैला सकते हैं या संक्रमण फैला सकते हैं.","Pests can spoil food, cause irritation, or in a worse case cause allergic reactions, spread venom, or transmit infections.",Insects can cause harm in many ways.,0.7266812561207933,10.338895280696821,eng_Latn," Pests can spoil food, cause irritation, or in a worse case cause allergic reactions, spread venom, or transmit infections.",0.7266812561207933,10.338895280696821,10.0625,7.875
"Translate the following sentence from Hindi to English:
Q: संक्रामक बीमारियां, या खतरनाक जानवर जो बल द्वारा लोगों को घायल या मार सकते हैं, आमतौर पर कीट नहीं माने जाते हैं।
A:","संक्रामक बीमारियां, या खतरनाक जानवर जो बल द्वारा लोगों को घायल या मार सकते हैं, आमतौर पर कीट नहीं माने जाते हैं।","Infectious diseases themselves, or dangerous animals that can injure or kill people by force, do not usually qualify as pests.","Infectious diseases, or dangerous animals that can harm or kill people by force, are not usually considered pests.",49.971587908260666,69.67239227646346,eng_Latn," Infectious diseases themselves, or dangerous animals that can injure or kill people by force, do not usually qualify as pests.",49.971587908260666,69.67239227646346,2.046875,0.94140625
"Translate the following sentence from Hindi to English:
Q: शुल्क मुक्त खरीदारी कुछ स्थानों पर करों और उत्पाद शुल्क से छूट वाले सामान खरीदने का अवसर है.
A:",शुल्क मुक्त खरीदारी कुछ स्थानों पर करों और उत्पाद शुल्क से छूट वाले सामान खरीदने का अवसर है.,Duty free shopping is the opportunity to buy goods exempted from taxes and excises at certain locations.,शुल्क मुक्त खरीदारी कुछ स्थानों पर करों और उत्पाद शुल्क से छूट वाले सामान खरीदने का अवसर है.,1.727223799216787,0.834076669425716,hin_Deva, शुल्क मुक्त खरीदारी कुछ स्थानों पर करों और उत्पाद शुल्क से छूट वाले सामान खरीदने का अवसर है.,100.00000000000004,100.0,22.25,20.0
"Translate the following sentence from Hindi to English:
Q: ज़्यादा टैक्स वाले देशों में रहने वाले पर्यटक कभी-कभी खास तौर पर मादक पेय और तम्बाकू जैसे उत्पादों पर काफ़ी बचत कर सकते हैं.
A:",ज़्यादा टैक्स वाले देशों में रहने वाले पर्यटक कभी-कभी खास तौर पर मादक पेय और तम्बाकू जैसे उत्पादों पर काफ़ी बचत कर सकते हैं.,"Travellers bound for countries with heavy taxation can sometimes save a considerable amount of money, especially on products such as alcoholic beverages and tobacco.",Tourists in countries with higher taxes can save a lot on products like alcohol and tobacco.,9.79142438156061,32.94247046729809,eng_Latn," Travellers bound for countries with heavy taxation can sometimes save a considerable amount of money, especially on products such as alcoholic beverages and tobacco.",9.79142438156061,32.94247046729809,3.4375,3.390625
"Translate the following sentence from Hindi to English:
Q: बफ़ेलो-पिट्सबर्ग हाइवे पर पॉइंट मैरियन और फ़ेयरमोंट के बीच का हिस्सा गाड़ी चलाने की सबसे चुनौती भरी स्थितियाँ पैदा करता है, जहाँ रास्ता अक्सर सुनसान जंगल के बीच से होकर गुज़रता है.
A:","बफ़ेलो-पिट्सबर्ग हाइवे पर पॉइंट मैरियन और फ़ेयरमोंट के बीच का हिस्सा गाड़ी चलाने की सबसे चुनौती भरी स्थितियाँ पैदा करता है, जहाँ रास्ता अक्सर सुनसान जंगल के बीच से होकर गुज़रता है.","The stretch between Point Marion and Fairmont presents the most challenging driving conditions on the Buffalo-Pittsburgh Highway, passing frequently through isolated backwoods terrain.",The Buffalo-Pittsburgh Highway is the most challenging stretch of road in the world.,22.0208265703337,33.734847573033086,eng_Latn," The stretch between Point Marion and Fairmont presents the most challenging driving conditions on the Buffalo-Pittsburgh Highway, passing frequently through isolated backwoods terrain.",22.0208265703337,33.734847573033086,12.25,11.8125
"Translate the following sentence from Hindi to English:
Q: यदि आपको देश की सड़कों पर वाहन चलाने की आदत नहीं है, तो अपने साथ यह जानकारी रखें : स्टीप ग्रेड्‍स, पतली गलियाँ और ख़तरनाक मोड़.
A:","यदि आपको देश की सड़कों पर वाहन चलाने की आदत नहीं है, तो अपने साथ यह जानकारी रखें : स्टीप ग्रेड्‍स, पतली गलियाँ और ख़तरनाक मोड़.","If you're not used to driving on country roads, keep your wits about you: steep grades, narrow lanes, and sharp curves predominate.","If you are not used to driving on Indian roads, you should be aware of the following:",11.209881683184062,30.723102727517542,eng_Latn," If you're not used to driving on country roads, keep your wits about you: steep grades, narrow lanes, and sharp curves predominate.",11.209881683184062,30.723102727517542,6.9375,6.75
"Translate the following sentence from Hindi to English:
Q: जारी की गयी गति सीमाएं पहले की तुलना में काफी कम है -आमतौर पर यह 35-40 मील प्रति घंटा(56-60 किमी प्रति घंटा ) और उनके लिए सख्त नियम काफी जरूरी है
A:",जारी की गयी गति सीमाएं पहले की तुलना में काफी कम है -आमतौर पर यह 35-40 मील प्रति घंटा(56-60 किमी प्रति घंटा ) और उनके लिए सख्त नियम काफी जरूरी है,Posted speed limits are noticeably lower than in previous and subsequent sections — commonly 35-40 mph (56-64 km/h) — and strict obedience to them is even more important than otherwise.,The speed limits that have been imposed are much lower than before - usually 35-40 miles per hour (56-60 km per hour),2.702533529958627,23.856613782269807,eng_Latn, Posted speed limits are noticeably lower than in previous and subsequent sections — commonly 35-40 mph (56-64 km/h) — and strict obedience to them is even more important than otherwise.,2.702533529958627,23.856613782269807,7.09375,6.75
"Translate the following sentence from Hindi to English:
Q: दिलचस्प बात यह है कि पेंसिलवेनिया वाइल्ड्स जैसे रास्ते के दूसरे कई हिस्सों के मुकाबले यहां मोबाइल फ़ोन सेवा ज़्यादा बेहतर है.
A:",दिलचस्प बात यह है कि पेंसिलवेनिया वाइल्ड्स जैसे रास्ते के दूसरे कई हिस्सों के मुकाबले यहां मोबाइल फ़ोन सेवा ज़्यादा बेहतर है.,"Curiously, though, mobile phone service is much stronger here than along many other stretches of the route, e.g. the Pennsylvania Wilds.","It is interesting to note that in the other parts of the road, the mobile phone service is not as good as in the Pennsylvania Wilds.",19.925314136899626,44.460316981218114,eng_Latn," Curiously, though, mobile phone service is much stronger here than along many other stretches of the route, e.g. the Pennsylvania Wilds.",19.925314136899626,44.460316981218114,4.6875,6.09375
"Translate the following sentence from Hindi to English:
Q: जर्मन पेस्ट्री काफी अच्छे होते हैं, और बवेरिया में, अपने दक्षिणी पड़ोसी, ऑस्ट्रिया के समान काफी समृद्ध और विविध होते हैं।
A:","जर्मन पेस्ट्री काफी अच्छे होते हैं, और बवेरिया में, अपने दक्षिणी पड़ोसी, ऑस्ट्रिया के समान काफी समृद्ध और विविध होते हैं।","German pastries are quite good, and in Bavaria, are quite rich and varied, similar to those of their southern neighbor, Austria.","German pastries are very good, and in Bavaria, they are very good.",24.08567832435188,36.39029691382212,eng_Latn," German pastries are quite good, and in Bavaria, are quite rich and varied, similar to those of their southern neighbor, Austria.",24.08567832435188,36.39029691382212,13.8125,10.875
"Translate the following sentence from Hindi to English:
Q: फ़्रूट पेस्ट्री आम हैं, जिसमें पूरे साल सेब को पकाकर पेस्ट्री बनाई जाती हैं, और चेरी और प्लम गर्मियों के दौरान दिखाई देते हैं.
A:","फ़्रूट पेस्ट्री आम हैं, जिसमें पूरे साल सेब को पकाकर पेस्ट्री बनाई जाती हैं, और चेरी और प्लम गर्मियों के दौरान दिखाई देते हैं.","Fruit pastries are common, with apples cooked into pastries year round, and cherries and plums making their appearances during the summer.","Fruit pastries are made from apples, cherries, and plums.",14.468087995890802,30.735941073063884,eng_Latn," Fruit pastries are common, with apples cooked into pastries year round, and cherries and plums making their appearances during the summer.",14.468087995890802,30.735941073063884,14.4375,12.9375
"Translate the following sentence from Hindi to English:
Q: कई जर्मन बेक्ड सामानों में बादाम, अखरोट और दूसरे पेड़ों की गिरी शामिल हैं. लोकप्रिय केक अक्सर विशेष रूप से स्ट्रॉन्ग कॉफ़ी के साथ अच्छे लगते हैं.
A:","कई जर्मन बेक्ड सामानों में बादाम, अखरोट और दूसरे पेड़ों की गिरी शामिल हैं. लोकप्रिय केक अक्सर विशेष रूप से स्ट्रॉन्ग कॉफ़ी के साथ अच्छे लगते हैं.","Many German baked goods also feature almonds, hazelnuts, and other tree nuts. Popular cakes often pair particularly well with a cup of strong coffee.","Many German baked goods contain almonds, walnuts, and other nuts. Popular cakes often taste good with strong coffee.",42.82494984582932,57.702469496138576,eng_Latn," Many German baked goods also feature almonds, hazelnuts, and other tree nuts. Popular cakes often pair particularly well with a cup of strong coffee.",42.82494984582932,57.702469496138576,3.4375,3.359375
"Translate the following sentence from Hindi to English:
Q: अगर आप कुछ छोटी लेकिन पौष्टिक पेस्ट्रीज़ चाहते हैं, तो आप क्षेत्र के आधार पर बर्लिनर, पेनकेक्स या कैफ़्रेन आज़मा सकते हैं
A:","अगर आप कुछ छोटी लेकिन पौष्टिक पेस्ट्रीज़ चाहते हैं, तो आप क्षेत्र के आधार पर बर्लिनर, पेनकेक्स या कैफ़्रेन आज़मा सकते हैं","If you want some small though rich pastries, try what depending on region are called Berliner, Pfannkuchen or Krapfen.","If you want some small but nutritious pastries, you can try Berliner, pancakes or kaffern.",20.17763062386944,39.579804393491955,eng_Latn," If you want some small though rich pastries, try what depending on region are called Berliner, Pfannkuchen or Krapfen.",20.17763062386944,39.579804393491955,6.46875,7.15625
"Translate the following sentence from Hindi to English:
Q: करी एक ऐसा व्यंजन है जिसे मांस या सब्ज़ियों साथ जड़ूी-बूटियाँ और मसाले मिलाकर बनाया जाता है.
A:",करी एक ऐसा व्यंजन है जिसे मांस या सब्ज़ियों साथ जड़ूी-बूटियाँ और मसाले मिलाकर बनाया जाता है.,"A curry is a dish based on herbs and spices, together with either meat or vegetables.",Curry is a dish that is made by mixing meat or vegetables with spices.,24.895494253879686,43.709649753526136,eng_Latn," A curry is a dish based on herbs and spices, together with either meat or vegetables.",24.895494253879686,43.709649753526136,3.203125,3.65625
"Translate the following sentence from Hindi to English:
Q: तरलता के आधार पर एक करी “सूखी” या “गीली” हो सकती है.
A:",तरलता के आधार पर एक करी “सूखी” या “गीली” हो सकती है.,"A curry can be either ""dry"" or ""wet"" depending on the amount of liquid.",Liquidity is the ability to convert an asset into cash.,1.9852949681089909,15.259598450485843,eng_Latn," A curry can be either ""dry"" or ""wet"" depending on the amount of liquid.",1.9852949681089909,15.259598450485843,4.3125,4.84375
"Translate the following sentence from Hindi to English:
Q: उत्तरी भारत और पाकिस्तान के अंतर्देशीय क्षेत्रों में आमतौर पर दही का उपयोग करी में किया जाता है; दक्षिणी भारत में और उपमहाद्वीप के कुछ अन्य तटीय क्षेत्रों में आमतौर पर नारियल के दूध का उपयोग किया जाता है।
A:",उत्तरी भारत और पाकिस्तान के अंतर्देशीय क्षेत्रों में आमतौर पर दही का उपयोग करी में किया जाता है; दक्षिणी भारत में और उपमहाद्वीप के कुछ अन्य तटीय क्षेत्रों में आमतौर पर नारियल के दूध का उपयोग किया जाता है।,"In inland regions of Northern India and Pakistan, yogurt is commonly used in curries; in Southern India and some other coastal regions of the subcontinent, coconut milk is commonly used.","In northern India and Pakistan, yogurt is used in curries, while in southern India and some other coastal areas of the subcontinent, coconut milk is used.",52.78895981358759,68.56135743601186,eng_Latn," In inland regions of Northern India and Pakistan, yogurt is commonly used in curries; in Southern India and some other coastal regions of the subcontinent, coconut milk is commonly used.",52.78895981358759,68.56135743601186,3.6875,2.21875
"Translate the following sentence from Hindi to English:
Q: कुल 17,000 द्वीपों में से, इंडोनेशियाई भोजन एक व्यापक शब्द है, जो देश भर में पाए जाने वाले विभिन्न प्रकार के क्षेत्रीय व्यंजनों को अपने भीतर समाहित करता है।
A:","कुल 17,000 द्वीपों में से, इंडोनेशियाई भोजन एक व्यापक शब्द है, जो देश भर में पाए जाने वाले विभिन्न प्रकार के क्षेत्रीय व्यंजनों को अपने भीतर समाहित करता है।","With 17,000 islands to choose from, Indonesian food is an umbrella term covering a vast variety of regional cuisines found across the nation.","Among the 17,000 islands, Indonesia is a country with a rich culinary heritage.",8.05648300023471,24.694080974162254,eng_Latn," With 17,000 islands to choose from, Indonesian food is an umbrella term covering a vast variety of regional cuisines found across the nation.",8.05648300023471,24.694080974162254,5.53125,5.71875
"Translate the following sentence from Hindi to English:
Q: लेकिन, अगर अतिरिक्त क्वालिफ़ायर के बिना इस्तेमाल किया जाए, तो इस शब्द का मतलब ऐसे खाने से है जो मूल रूप से मुख्य जावा द्वीप के मध्य और पूर्वी हिस्सों से आता है.
A:","लेकिन, अगर अतिरिक्त क्वालिफ़ायर के बिना इस्तेमाल किया जाए, तो इस शब्द का मतलब ऐसे खाने से है जो मूल रूप से मुख्य जावा द्वीप के मध्य और पूर्वी हिस्सों से आता है.","But, if used without further qualifiers, the term tends to mean the food originally from the central and eastern parts of the main island Java.","But, if used without the qualifier, the word means such food that is originally from the main island of Java.",24.227300262066038,50.90965878965602,eng_Latn," But, if used without further qualifiers, the term tends to mean the food originally from the central and eastern parts of the main island Java.",24.227300262066038,50.90965878965602,7.0625,5.5625
"Translate the following sentence from Hindi to English:
Q: जावा के व्यंजन अब पूरे द्वीपसमूह में व्यापक रूप से उपलब्ध हैं, जिसमें पारंपरिक व्यंजनों की एक विशेषता है, जावा के व्यंजनों में प्रमुख स्वाद मूंगफली, मिर्च, चीनी (विशेष रूप से जावा की नारियल चीनी) और विभिन्न सुगंधित मसालों का होता है।
A:","जावा के व्यंजन अब पूरे द्वीपसमूह में व्यापक रूप से उपलब्ध हैं, जिसमें पारंपरिक व्यंजनों की एक विशेषता है, जावा के व्यंजनों में प्रमुख स्वाद मूंगफली, मिर्च, चीनी (विशेष रूप से जावा की नारियल चीनी) और विभिन्न सुगंधित मसालों का होता है।","Now widely available throughout the archipelago, Javanese cuisine features an array of simply seasoned dishes, the predominant flavorings the Javanese favor being peanuts, chillies, sugar (especially Javanese coconut sugar) and various aromatic spices.",The answer is:,0.0,1.1947610530078896,eng_Latn," Now widely available throughout the archipelago, Javanese cuisine features an array of simply seasoned dishes, the predominant flavorings the Javanese favor being peanuts, chillies, sugar (especially Javanese coconut sugar) and various aromatic spices.",0.0,1.1947610530078896,24.75,24.375
"Translate the following sentence from Hindi to English:
Q: रकाबें सवार के पैरों को सहारा देने के लिए होती हैं जो काठी के दोनों तरफ नीचे की ओर लटकी रहती हैं.
A:",रकाबें सवार के पैरों को सहारा देने के लिए होती हैं जो काठी के दोनों तरफ नीचे की ओर लटकी रहती हैं.,Stirrups are supports for the rider's feet that hang down on either side of the saddle.,"The answer is ""stirrups"".",1.1641128882144367,9.920287166223424,eng_Latn, Stirrups are supports for the rider's feet that hang down on either side of the saddle.,1.1641128882144367,9.920287166223424,19.0,11.75
"Translate the following sentence from Hindi to English:
Q: वे चालक को अधिक स्थिरता प्रदान करते हैं लेकिन एक चालक के पैरों के उनमें फँसने की सम्भावना के कारण सुरक्षा सम्बंधित चिंता हो सकती है।
A:",वे चालक को अधिक स्थिरता प्रदान करते हैं लेकिन एक चालक के पैरों के उनमें फँसने की सम्भावना के कारण सुरक्षा सम्बंधित चिंता हो सकती है।,They provide greater stability for the rider but can have safety concerns due to the potential for a rider's feet to get stuck in them.,They provide more stability to the driver but can also cause safety concerns due to the possibility of the driver's feet getting stuck in the pedals.,21.181228850483773,54.67292437859782,eng_Latn, They provide greater stability for the rider but can have safety concerns due to the potential for a rider's feet to get stuck in them.,21.181228850483773,54.67292437859782,1.421875,1.4140625
"Translate the following sentence from Hindi to English:
Q: अगर कोई सवार घोड़े से फ़िंका जाता है लेकिन उसका पैर रकाब में फँस जाता है, तो घोड़े के भागने पर सवार खींचा जा सकता है. इस जोखिम को कम करने के लिए, कई सुरक्षा उपाय किए जा सकते हैं.
A:","अगर कोई सवार घोड़े से फ़िंका जाता है लेकिन उसका पैर रकाब में फँस जाता है, तो घोड़े के भागने पर सवार खींचा जा सकता है. इस जोखिम को कम करने के लिए, कई सुरक्षा उपाय किए जा सकते हैं.","If a rider is thrown from a horse but has a foot caught in the stirrup, they could be dragged if the horse runs away. To minimize this risk, a number of safety precautions can be taken.","If a rider is thrown from a horse, but his leg gets caught in the stirrup, the rider can be dragged by the horse. This risk can be reduced by using a safety device.",36.460178325116246,51.890572325932425,eng_Latn," If a rider is thrown from a horse but has a foot caught in the stirrup, they could be dragged if the horse runs away. To minimize this risk, a number of safety precautions can be taken.",36.460178325116246,51.890572325932425,2.40625,3.21875
"Translate the following sentence from Hindi to English:
Q: सबसे पहले, अधिकांश सवार हील और एक चिकनी, काफी पतले तले वाले राइडिंग बूट्स पहनते हैं।
A:","सबसे पहले, अधिकांश सवार हील और एक चिकनी, काफी पतले तले वाले राइडिंग बूट्स पहनते हैं।","First, most riders wear riding boots with a heel and a smooth, quite narrow, sole.","First of all, most riders wear riding boots.",29.229657298995285,43.47264728037921,eng_Latn," First, most riders wear riding boots with a heel and a smooth, quite narrow, sole.",29.229657298995285,43.47264728037921,15.0,14.25
"Translate the following sentence from Hindi to English:
Q: इसके बाद, कुछ काठी, विशेष रूप से अंग्रेजी काठी में सुरक्षा पट्टियाँ होती हैं जिसमें एक रकाब चमड़ा काठी से गिरता है यदि एक गिरता हुआ सवार उसे पीछे की ओर खींचता है।
A:","इसके बाद, कुछ काठी, विशेष रूप से अंग्रेजी काठी में सुरक्षा पट्टियाँ होती हैं जिसमें एक रकाब चमड़ा काठी से गिरता है यदि एक गिरता हुआ सवार उसे पीछे की ओर खींचता है।","Next, some saddles, particularly English saddles, have safety bars that allow a stirrup leather to fall off the saddle if pulled backwards by a falling rider.","After that, some saddles, especially English saddles, have safety straps.",17.231872466749465,35.53127993103238,eng_Latn," Next, some saddles, particularly English saddles, have safety bars that allow a stirrup leather to fall off the saddle if pulled backwards by a falling rider.",17.231872466749465,35.53127993103238,12.8125,9.0625
"Translate the following sentence from Hindi to English:
Q: कोखमो घाटी - चिली में चढ़ाई की खास जगह है, जिसे दक्षिणी अमेरिका के योसेमाइट के नाम से भी जाना जाता है, यहाँ खड़ी चट्टानें और ग्रेनाइट की कई तरह की दीवारें हैं.
A:","कोखमो घाटी - चिली में चढ़ाई की खास जगह है, जिसे दक्षिणी अमेरिका के योसेमाइट के नाम से भी जाना जाता है, यहाँ खड़ी चट्टानें और ग्रेनाइट की कई तरह की दीवारें हैं.","Cochamó Valley - Chile's premier climbing destination, known as the Yosemite of South America, with a variety of granite big walls and crags.",Khokhamo Valley is a popular climbing spot in Chile.,1.386017885913427,15.109386098596072,eng_Latn," Cochamó Valley - Chile's premier climbing destination, known as the Yosemite of South America, with a variety of granite big walls and crags.",1.386017885913427,15.109386098596072,13.0,13.0625
"Translate the following sentence from Hindi to English:
Q: शिखरों में चोटियों से सांसों को रोक देने वाले नज़ारे दिखाई देते हैं. दुनिया भर के पर्वतारोही इसकी दीवारों की अंतहीन संभावनाओं के बीच लगातार नए-नए रास्ते बना रहे हैं.
A:",शिखरों में चोटियों से सांसों को रोक देने वाले नज़ारे दिखाई देते हैं. दुनिया भर के पर्वतारोही इसकी दीवारों की अंतहीन संभावनाओं के बीच लगातार नए-नए रास्ते बना रहे हैं.,Summits include breath-taking views from peaks. Climbers from all parts of the world are continually establishing new routes amongst its endless potential of walls.,The Himalayas are the highest mountain range in the world.,1.1596815614422167,12.102650864689661,eng_Latn, Summits include breath-taking views from peaks. Climbers from all parts of the world are continually establishing new routes amongst its endless potential of walls.,1.1596815614422167,12.102650864689661,17.875,18.375
"Translate the following sentence from Hindi to English:
Q: पहाड़ी ढलान वाले बर्फ के खेल, जिसमें स्कीइंग और स्नोबोर्डिंग शामिल हैं, लोकप्रिय खेल हैं जिनमें बर्फ से ढके इलाकों में स्की या आपके पैरों से जुड़े स्नोबोर्ड से फिसलना शामिल है।
A:","पहाड़ी ढलान वाले बर्फ के खेल, जिसमें स्कीइंग और स्नोबोर्डिंग शामिल हैं, लोकप्रिय खेल हैं जिनमें बर्फ से ढके इलाकों में स्की या आपके पैरों से जुड़े स्नोबोर्ड से फिसलना शामिल है।","Downhill snowsports, which include skiing and snowboarding, are popular sports involving sliding down snow-covered terrain with skis or a snowboard attached to your feet.",Skiing and snowboarding are popular sports in which you slide down a slope on a pair of skis or a snowboard.,20.467883350951926,40.86551646705564,eng_Latn," Downhill snowsports, which include skiing and snowboarding, are popular sports involving sliding down snow-covered terrain with skis or a snowboard attached to your feet.",20.467883350951926,40.86551646705564,3.671875,3.96875
"Translate the following sentence from Hindi to English:
Q: स्कीइंग कई उत्साही लोगों के लिए एक प्रमुख यात्रा गतिविधि है, जिसे कभी-कभी “स्की बम्स” कहा जाता है, जिसमें विशेष स्थान पर स्कीइंग के इर्दगिर्द पूरी छुट्टियों की योजना बनाते हैं।
A:","स्कीइंग कई उत्साही लोगों के लिए एक प्रमुख यात्रा गतिविधि है, जिसे कभी-कभी “स्की बम्स” कहा जाता है, जिसमें विशेष स्थान पर स्कीइंग के इर्दगिर्द पूरी छुट्टियों की योजना बनाते हैं।","Skiing is a major travelling activity with many enthusiasts, occasionally known as ""ski bums,"" planning entire vacations around skiing at a particular location.","Skiing is a major travel activity for many enthusiasts, which is sometimes called “ski bums.”",24.14662133866158,34.2452363789728,eng_Latn," Skiing is a major travelling activity with many enthusiasts, occasionally known as ""ski bums,"" planning entire vacations around skiing at a particular location.",24.14662133866158,34.2452363789728,7.5625,4.71875
"Translate the following sentence from Hindi to English:
Q: स्कीइंग का विचार बहुत पुराना है - गुफा चित्र स्कीयर्स को 5000 ईसा पूर्व तक की तारीखों में दर्शाते हैं|
A:",स्कीइंग का विचार बहुत पुराना है - गुफा चित्र स्कीयर्स को 5000 ईसा पूर्व तक की तारीखों में दर्शाते हैं|,The idea of skiing is very old — cave paintings depicting skiers date back as far as 5000 BC!,The idea of skiing is very old.,13.057133736325447,35.28137728065423,eng_Latn, The idea of skiing is very old — cave paintings depicting skiers date back as far as 5000 BC!,13.057133736325447,35.28137728065423,13.875,15.9375
"Translate the following sentence from Hindi to English:
Q: डाउनहिल स्कीइंग एक खेल के रूप में कम से कम 17 वीं शताब्दी में शुरु हुई थी और 1861 में ऑस्ट्रेलिया में नॉर्वे के लोगों द्वारा पहला मनोरंजक स्की क्लब खोला गया था।
A:",डाउनहिल स्कीइंग एक खेल के रूप में कम से कम 17 वीं शताब्दी में शुरु हुई थी और 1861 में ऑस्ट्रेलिया में नॉर्वे के लोगों द्वारा पहला मनोरंजक स्की क्लब खोला गया था।,"Downhill skiing as a sport goes back to at least the 17th century, and in 1861 the first recreational ski club was opened by Norwegians in Australia.",Downhill skiing was started as a sport at least as early as the 17th century and the first recreational ski club was opened in Australia in 1861.,42.229042883780856,67.31565535264407,eng_Latn," Downhill skiing as a sport goes back to at least the 17th century, and in 1861 the first recreational ski club was opened by Norwegians in Australia.",42.229042883780856,67.31565535264407,3.03125,2.421875
"Translate the following sentence from Hindi to English:
Q: बैकपैकिंग बाय स्की: इस गतिविधि को बैककंट्री स्की, स्की टूरिंग या स्की हाइकिंग भी कहा जाता है.
A:","बैकपैकिंग बाय स्की: इस गतिविधि को बैककंट्री स्की, स्की टूरिंग या स्की हाइकिंग भी कहा जाता है.","Backpacking by ski: This activity is also called backcountry ski, ski touring or ski hiking.",Backcountry skiing is a type of skiing that is done in the backcountry.,10.106616555056249,24.522420456270545,eng_Latn," Backpacking by ski: This activity is also called backcountry ski, ski touring or ski hiking.",10.106616555056249,24.522420456270545,7.75,6.75
"Translate the following sentence from Hindi to English:
Q: यह संबंधित है, लेकिन आम तौर पर इसमें अल्पाइन शैली की स्की टूरिंग या माउंटेनीयरिंग शामिल नहीं होती है, जिसे खड़े इलाकों में किया जाता है और जिसके लिए बहुत कड़ी स्की और बूट की ज़रूरत होती है.
A:","यह संबंधित है, लेकिन आम तौर पर इसमें अल्पाइन शैली की स्की टूरिंग या माउंटेनीयरिंग शामिल नहीं होती है, जिसे खड़े इलाकों में किया जाता है और जिसके लिए बहुत कड़ी स्की और बूट की ज़रूरत होती है.","It is related to but usually not involving alpine style ski touring or mountaineering, the latter ones done in steep terrain and requiring much stiffer skis and boots.","It is related to, but not the same as, the English term ""ski touring"".",5.396676039791959,22.70221080292006,eng_Latn," It is related to but usually not involving alpine style ski touring or mountaineering, the latter ones done in steep terrain and requiring much stiffer skis and boots.",5.396676039791959,22.70221080292006,12.9375,8.75
"Translate the following sentence from Hindi to English:
Q: स्कीइंग मार्ग को एक हाईकिंग (लंबी पैदल यात्रा) मार्ग जैसा ही सोचें।
A:",स्कीइंग मार्ग को एक हाईकिंग (लंबी पैदल यात्रा) मार्ग जैसा ही सोचें।,Think of the skiing route as of a similar hiking route.,Think of a skiing route as a hiking route.,41.76443792723417,64.1757213756746,eng_Latn, Think of the skiing route as of a similar hiking route.,41.76443792723417,64.1757213756746,2.25,2.265625
"Translate the following sentence from Hindi to English:
Q: अच्छी परिस्थितियों में आप चलने से कुछ हद तकअधिक दूरी तय कर पाएंगे - लेकिन केवल बहुत कम ही आपको तैयार पटरियों में भारी बैग के बिना क्रॉस कंट्री स्कीइंग की गति मिलेगी।
A:",अच्छी परिस्थितियों में आप चलने से कुछ हद तकअधिक दूरी तय कर पाएंगे - लेकिन केवल बहुत कम ही आपको तैयार पटरियों में भारी बैग के बिना क्रॉस कंट्री स्कीइंग की गति मिलेगी।,In good conditions you will be able to cover somewhat greater distances than walking – but only very seldom you will get the speeds of cross country skiing without a heavy backpack in groomed tracks.,"In good conditions, you can travel a little more distance by walking - but only very little you will get the speed of cross country skiing.",15.92414111995398,45.97831423790037,eng_Latn, In good conditions you will be able to cover somewhat greater distances than walking – but only very seldom you will get the speeds of cross country skiing without a heavy backpack in groomed tracks.,15.92414111995398,45.97831423790037,7.46875,6.59375
"Translate the following sentence from Hindi to English:
Q: यूरोप एक ऐसा महाद्वीप है जो अपेक्षाकृत छोटा है लेकिन इसमें कई स्वतंत्र देश हैं. सामान्य परिस्थिति में कई देशों की यात्रा करने का मतलब कई बार वीज़ा आवेदन और पासपोर्ट कंट्रोल की प्रक्रिया से गुज़रना है.
A:",यूरोप एक ऐसा महाद्वीप है जो अपेक्षाकृत छोटा है लेकिन इसमें कई स्वतंत्र देश हैं. सामान्य परिस्थिति में कई देशों की यात्रा करने का मतलब कई बार वीज़ा आवेदन और पासपोर्ट कंट्रोल की प्रक्रिया से गुज़रना है.,"Europe is a continent that is relatively small but with many independent countries. Under normal circumstances, travelling through multiple countries would mean having to go through visa applications and passport control multiple times.","Europe is a continent that is relatively small but has many independent countries. In normal circumstances, traveling to many countries means going through the process of applying for a visa and passport control.",39.18542424060258,62.95631264636259,eng_Latn," Europe is a continent that is relatively small but with many independent countries. Under normal circumstances, travelling through multiple countries would mean having to go through visa applications and passport control multiple times.",39.18542424060258,62.95631264636259,2.125,2.359375
"Translate the following sentence from Hindi to English:
Q: हालाँकि, शेंगेन ज़ोन इस मामले में कुछ हद तक एक देश की तरह काम करता है.
A:","हालाँकि, शेंगेन ज़ोन इस मामले में कुछ हद तक एक देश की तरह काम करता है.","The Schengen zone, however, works somewhat like one country in this respect.","However, the Schengen zone is a country in some ways.",6.988157272632075,40.68065135047832,eng_Latn," The Schengen zone, however, works somewhat like one country in this respect.",6.988157272632075,40.68065135047832,10.875,10.1875
"Translate the following sentence from Hindi to English:
Q: जब तक आप इस क्षेत्र में रहते हैं, तब तक आप आमतौर कभी भी पासपोर्ट नियंत्रण चौकियों से गुजरे बिना सीमाओं को पार कर सकते हैं।
A:","जब तक आप इस क्षेत्र में रहते हैं, तब तक आप आमतौर कभी भी पासपोर्ट नियंत्रण चौकियों से गुजरे बिना सीमाओं को पार कर सकते हैं।","As long as you stay in this zone, you can generally cross borders without going through passport control checkpoints again.","As long as you are in this area, you can usually cross the border without a passport.",16.612011850773317,42.61029934630896,eng_Latn," As long as you stay in this zone, you can generally cross borders without going through passport control checkpoints again.",16.612011850773317,42.61029934630896,4.625,3.65625
"Translate the following sentence from Hindi to English:
Q: इसी तरह से, शेंगेन का वीज़ा होने पर, आपको शेंगेन सदस्य देशों के लिए अलग-अलग वीज़ा का आवदेन नहीं देना पड़ता है, जिससे समय, पैसे और कागज़ी कार्रवाई की बचत होती है.
A:","इसी तरह से, शेंगेन का वीज़ा होने पर, आपको शेंगेन सदस्य देशों के लिए अलग-अलग वीज़ा का आवदेन नहीं देना पड़ता है, जिससे समय, पैसे और कागज़ी कार्रवाई की बचत होती है.","Similarly, by having a Schengen visa, you do not need to apply for visas to each of the Schengen member countries separately, hence saving time, money and paperwork.","In this way, Schengen visa is a single visa for all Schengen countries.",1.5006964517138979,22.41252082080497,eng_Latn," Similarly, by having a Schengen visa, you do not need to apply for visas to each of the Schengen member countries separately, hence saving time, money and paperwork.",1.5006964517138979,22.41252082080497,6.21875,6.71875
"Translate the following sentence from Hindi to English:
Q: ऐसी कोई वैश्विक परिभाषा नहीं है जिसके लिए निर्मित सामान एंटीक होते हैं. कुछ कर एजेंसियाँ 100 साल से पुराने सामान को एंटीक के तौर पर परिभाषित करती हैं.
A:",ऐसी कोई वैश्विक परिभाषा नहीं है जिसके लिए निर्मित सामान एंटीक होते हैं. कुछ कर एजेंसियाँ 100 साल से पुराने सामान को एंटीक के तौर पर परिभाषित करती हैं.,There is no universal definition for which manufactured items are antiques. Some tax agencies define goods older than 100 years as antiques.,There is no global definition for what constitutes an antique.,5.319141126127975,27.121271836248003,eng_Latn, There is no universal definition for which manufactured items are antiques. Some tax agencies define goods older than 100 years as antiques.,5.319141126127975,27.121271836248003,18.0,18.0
"Translate the following sentence from Hindi to English:
Q: परिभाषा में भौगोलिक अंतर है, जहाँ यूरोप के बजाय उत्तरी अमेरिका जैसे स्थानों पर आयु सीमा कम होगी.
A:","परिभाषा में भौगोलिक अंतर है, जहाँ यूरोप के बजाय उत्तरी अमेरिका जैसे स्थानों पर आयु सीमा कम होगी.","The definition has geographic variations, where the age limit might be shorter in places such as North America than in Europe.","There is a difference in the definition of age, where the age of the population is calculated from the date of birth.",10.419937199972619,29.862887530080773,eng_Latn," The definition has geographic variations, where the age limit might be shorter in places such as North America than in Europe.",10.419937199972619,29.862887530080773,12.25,11.125
"Translate the following sentence from Hindi to English:
Q: हाथ से बने प्रोडक्ट एंटीक के रूप में परिभाषित किए जा सकते हैं. हालाँकि वे बड़े पैमाने पर बनाए जाने वाले सामानों के मुकाबले कम पुराने होते हैं.
A:",हाथ से बने प्रोडक्ट एंटीक के रूप में परिभाषित किए जा सकते हैं. हालाँकि वे बड़े पैमाने पर बनाए जाने वाले सामानों के मुकाबले कम पुराने होते हैं.,"Handicraft products might be defined as antiques, though they are younger than similar mass-produced goods.","Hand-made products can be defined as antiques. However, they are not as old as mass-produced products.",27.274191069381917,46.72451102310498,eng_Latn," Handicraft products might be defined as antiques, though they are younger than similar mass-produced goods.",27.274191069381917,46.72451102310498,4.4375,3.171875
"Translate the following sentence from Hindi to English:
Q: बारहसिंगा खेती समी के लिए एक महत्वपूर्ण आजीविका है और इस व्यापार के इर्दगिर्द की संस्कृति अन्य व्यवसायों के लिए भी महत्वपूर्ण है।
A:",बारहसिंगा खेती समी के लिए एक महत्वपूर्ण आजीविका है और इस व्यापार के इर्दगिर्द की संस्कृति अन्य व्यवसायों के लिए भी महत्वपूर्ण है।,Reindeer husbandry is an important livelihood among the Sámi and the culture surrounding the trade is important also for many with other professions.,"बारहसिंगा is a wild animal and is protected under the Wildlife Protection Act, 1972.",1.4443498337559604,12.778008547606303,eng_Latn, Reindeer husbandry is an important livelihood among the Sámi and the culture surrounding the trade is important also for many with other professions.,1.4443498337559604,12.778008547606303,18.625,19.25
"Translate the following sentence from Hindi to English:
Q: परंपरागत रूप से भी, हालाँकि, सभी सामी बड़े पैमाने पर बारहसिंगा पालन में शामिल नहीं हैं, लेकिन मछली पकड़ने, शिकार और इसी तरह से आजीविका चलाते हैं, बारहसिंगा अधिक्ततर ड्राफ्ट जानवरों के रूप में रखते हैं।
A:","परंपरागत रूप से भी, हालाँकि, सभी सामी बड़े पैमाने पर बारहसिंगा पालन में शामिल नहीं हैं, लेकिन मछली पकड़ने, शिकार और इसी तरह से आजीविका चलाते हैं, बारहसिंगा अधिक्ततर ड्राफ्ट जानवरों के रूप में रखते हैं।","Even traditionally, though, not all Sámi have been involved in big scale reindeer husbandry, but lived from fishing, hunting and similar, having reindeer mostly as draft animals.","Traditionally, however, all Sami are not involved in reindeer herding, but they keep reindeer as draft animals.",12.465447854051057,36.93384017818821,eng_Latn," Even traditionally, though, not all Sámi have been involved in big scale reindeer husbandry, but lived from fishing, hunting and similar, having reindeer mostly as draft animals.",12.465447854051057,36.93384017818821,12.4375,9.125
"Translate the following sentence from Hindi to English:
Q: आजकल कई Sámi आधुनिक व्यापार में काम करते हैं, Sápmi, जो कि Sámi लोगों से बसा हुआ है, में पर्यटन एक बहुत ही अहम् आमदनी का हिस्सा है।
A:","आजकल कई Sámi आधुनिक व्यापार में काम करते हैं, Sápmi, जो कि Sámi लोगों से बसा हुआ है, में पर्यटन एक बहुत ही अहम् आमदनी का हिस्सा है।","Today many Sámi work in modern trades. Tourism is an important income in Sápmi, the Sámi area.","Today, many Sámi are working in modern business, Sápmi, which is Sámi people, in tourism is a very important source of income.",14.26130679940865,49.12395444433969,eng_Latn," Today many Sámi work in modern trades. Tourism is an important income in Sápmi, the Sámi area.",14.26130679940865,49.12395444433969,4.96875,5.5
"Translate the following sentence from Hindi to English:
Q: वैसे तो इसका व्यापक रूप से इस्तेमाल किया जाता है, खास कर गैर-रोमनी लोगों में, लेकिन नकारात्मक स्टीरियोटाइप और रोमनी लोगों की ग़लत धारणाओं की वजह से “जिप्सी” शब्द को अक्सर आपत्तिजनक माना जाता है.
A:","वैसे तो इसका व्यापक रूप से इस्तेमाल किया जाता है, खास कर गैर-रोमनी लोगों में, लेकिन नकारात्मक स्टीरियोटाइप और रोमनी लोगों की ग़लत धारणाओं की वजह से “जिप्सी” शब्द को अक्सर आपत्तिजनक माना जाता है.","Though it is widely used, especially among non-Romani, the word ""Gypsy"" is often considered offensive because of its associations with negative stereotypes and inaccurate perceptions of Romani people.","Although the word “Gypsy” is used in English, it is not used in the same way as in Hindi.",3.9456290213984966,15.666144306906693,eng_Latn," Though it is widely used, especially among non-Romani, the word ""Gypsy"" is often considered offensive because of its associations with negative stereotypes and inaccurate perceptions of Romani people.",3.9456290213984966,15.666144306906693,16.625,15.375
"Translate the following sentence from Hindi to English:
Q: आप जिस देश में जा रहे हैं यदि वह यात्रा परामर्श के अधीन है तो आपका यात्रा स्वास्थ्य बीमा या आपकेका यात्रा रद्द बीमा प्रभावित हो सकता है।
A:",आप जिस देश में जा रहे हैं यदि वह यात्रा परामर्श के अधीन है तो आपका यात्रा स्वास्थ्य बीमा या आपकेका यात्रा रद्द बीमा प्रभावित हो सकता है।,"If the country you will be visiting becomes subject to a travel advisory, your travel health insurance or your trip cancellation insurance may be affected.","If you are travelling to a country that is subject to travel advisories, your travel health insurance or travel cancellation insurance may be affected.",43.29265663848596,66.15340646883071,eng_Latn," If the country you will be visiting becomes subject to a travel advisory, your travel health insurance or your trip cancellation insurance may be affected.",43.29265663848596,66.15340646883071,1.109375,0.8515625
"Translate the following sentence from Hindi to English:
Q: अपनी सरकार के अलावा आप अन्य देशों की सरकारों की सलाह ले सकते हैं. हालाँकि, उनकी सलाह उनके नागरिकों को ध्यान में रखकर दी जाती हैं.
A:","अपनी सरकार के अलावा आप अन्य देशों की सरकारों की सलाह ले सकते हैं. हालाँकि, उनकी सलाह उनके नागरिकों को ध्यान में रखकर दी जाती हैं.","You may also wish to consult the advice of governments other than your own, but their advice is designed for their citizens.","You can take advice from other governments, but their advice is given with the interests of their citizens in mind.",20.581818808877525,46.78147009992845,eng_Latn," You may also wish to consult the advice of governments other than your own, but their advice is designed for their citizens.",20.581818808877525,46.78147009992845,4.8125,3.046875
"Translate the following sentence from Hindi to English:
Q: एक उदाहरण के रूप में, मध्य पूर्व में अमेरिकी नागरिकों को यूरोपीवासी या अरब के लोगों से अलग-अलग तरह की स्थितियों का सामना करना पड़ सकता है.
A:","एक उदाहरण के रूप में, मध्य पूर्व में अमेरिकी नागरिकों को यूरोपीवासी या अरब के लोगों से अलग-अलग तरह की स्थितियों का सामना करना पड़ सकता है.","As one example, American citizens in the Middle East might face different situations from Europeans or Arabs.","For example, in the Middle East, Americans may face different situations from Europeans or Arabs.",58.505588284935754,73.29556840380546,eng_Latn," As one example, American citizens in the Middle East might face different situations from Europeans or Arabs.",58.505588284935754,73.29556840380546,1.8984375,1.4375
"Translate the following sentence from Hindi to English:
Q: एडवाइज़री किसी भी देश में राजनीतिक स्थिति का महज़ छोटा-सा विवरण है.
A:",एडवाइज़री किसी भी देश में राजनीतिक स्थिति का महज़ छोटा-सा विवरण है.,Advisories are merely a brief summary of the political situation in one country.,An advisory is a small description of the political situation in any country.,23.952891142463375,52.51023025967419,eng_Latn, Advisories are merely a brief summary of the political situation in one country.,23.952891142463375,52.51023025967419,3.515625,4.15625
"Translate the following sentence from Hindi to English:
Q: दिखाए गए दृष्टिकोण हर कहीं उपलब्ध ज़्यादा विस्तृत जानकारी की तुलना में अक्सर सतही, सामान्य और अति-साधारण होते हैं.
A:","दिखाए गए दृष्टिकोण हर कहीं उपलब्ध ज़्यादा विस्तृत जानकारी की तुलना में अक्सर सतही, सामान्य और अति-साधारण होते हैं.","The views presented are often cursory, general and oversimplified compared to the more detailed information available elsewhere.",The sentence is:,0.1076291192960631,5.732835641036838,eng_Latn," The views presented are often cursory, general and oversimplified compared to the more detailed information available elsewhere.",0.1076291192960631,5.732835641036838,24.75,24.25
"Translate the following sentence from Hindi to English:
Q: गंभीर मौसम किसी भी खतरनाक मौसमी घटना के लिए वर्गीय शब्द है जिसमें नुकसान, गंभीर सामाजिक व्यवधान, या मानव जीवन की हानि की संभावना है।
A:","गंभीर मौसम किसी भी खतरनाक मौसमी घटना के लिए वर्गीय शब्द है जिसमें नुकसान, गंभीर सामाजिक व्यवधान, या मानव जीवन की हानि की संभावना है।","Severe weather is the generic term for any dangerous weather phenomenon with the potential to cause damage, serious social disruption, or loss of human life.","A severe weather event is a term used to describe a weather event that has the potential to cause significant damage, social disruption, or loss of life.",31.93096056752788,53.33979540491466,eng_Latn," Severe weather is the generic term for any dangerous weather phenomenon with the potential to cause damage, serious social disruption, or loss of human life.",31.93096056752788,53.33979540491466,1.015625,0.9609375
"Translate the following sentence from Hindi to English:
Q: गंभीर मौसम दुनिया में कहीं भी हो सकता है, और इसके विभिन्न प्रकार होते हैं, जो भूगोल, स्थलाकृति और वायुमंडलीय स्थितियों पर निर्भर हो सकते हैं।
A:","गंभीर मौसम दुनिया में कहीं भी हो सकता है, और इसके विभिन्न प्रकार होते हैं, जो भूगोल, स्थलाकृति और वायुमंडलीय स्थितियों पर निर्भर हो सकते हैं।","Severe weather can occur anywhere in the world, and there are different types of it, which can depend on geography, topography, and atmospheric conditions.","Severe weather can occur anywhere in the world, and its various types are:",22.088540083017566,40.33152097218376,eng_Latn," Severe weather can occur anywhere in the world, and there are different types of it, which can depend on geography, topography, and atmospheric conditions.",22.088540083017566,40.33152097218376,17.25,9.625
"Translate the following sentence from Hindi to English:
Q: तूफान और बवंडर की तरह आंधी, ओले, भारी बारिश, और जंगल की आग तीव्र मौसम का हिस्सा और असर हैं.
A:","तूफान और बवंडर की तरह आंधी, ओले, भारी बारिश, और जंगल की आग तीव्र मौसम का हिस्सा और असर हैं.","High winds, hail, excessive precipitation, and wildfires are forms and effects of severe weather, as are thunderstorms, tornadoes, waterspouts, and cyclones.","The wind, hail, heavy rain, and forest fires are part of the weather.",5.0840106450557485,21.212753873220937,eng_Latn," High winds, hail, excessive precipitation, and wildfires are forms and effects of severe weather, as are thunderstorms, tornadoes, waterspouts, and cyclones.",5.0840106450557485,21.212753873220937,8.5,12.0625
"Translate the following sentence from Hindi to English:
Q: क्षेत्रीय और मौसमी गंभीर मौसम की घटनाओं में बर्फ़ का तूफान, बर्फ़बारी, बर्फ़ीला तूफ़ान और धूल भरा तूफान शामिल हैं।
A:","क्षेत्रीय और मौसमी गंभीर मौसम की घटनाओं में बर्फ़ का तूफान, बर्फ़बारी, बर्फ़ीला तूफ़ान और धूल भरा तूफान शामिल हैं।","Regional and seasonal severe weather phenomena include blizzards, snowstorms, ice storms, and dust storms.","Regional and seasonal severe weather events include snowstorms, blizzards, and dust storms.",53.59607740323236,72.29599643933794,eng_Latn," Regional and seasonal severe weather phenomena include blizzards, snowstorms, ice storms, and dust storms.",53.59607740323236,72.29599643933794,2.828125,2.984375
"Translate the following sentence from Hindi to English:
Q: यात्रियों को दृढ़ता से सलाह दी जाती है कि वे अपने क्षेत्र को प्रभावित करने वाले गंभीर मौसम के किसी भी जोखिम के बारे में जागरूक रहें क्योंकि वे किसी भी यात्रा योजना को प्रभावित कर सकते हैं.
A:",यात्रियों को दृढ़ता से सलाह दी जाती है कि वे अपने क्षेत्र को प्रभावित करने वाले गंभीर मौसम के किसी भी जोखिम के बारे में जागरूक रहें क्योंकि वे किसी भी यात्रा योजना को प्रभावित कर सकते हैं.,Travellers are strongly advised to be aware of any risk of severe weather affecting their area as they may affect any travel plans.,Passengers are strongly advised to be aware of any severe weather that may affect their area.,37.52843898404227,57.589415293151966,eng_Latn, Travellers are strongly advised to be aware of any risk of severe weather affecting their area as they may affect any travel plans.,37.52843898404227,57.589415293151966,8.4375,5.625
"Translate the following sentence from Hindi to English:
Q: कोई भी यात्री युद्ध शेत्र घोषित देश की यात्रा की योजना बनाने वाले हो तो उन्हेो पेशेवर प्रशिक्षण प्राप्त करना चाहिए।
A:",कोई भी यात्री युद्ध शेत्र घोषित देश की यात्रा की योजना बनाने वाले हो तो उन्हेो पेशेवर प्रशिक्षण प्राप्त करना चाहिए।,Anyone planning a visit to a country that could be considered a war zone should get professional training.,"If any passenger is planning to travel to a war zone, he should get professional training.",27.854685173648893,51.264657765480635,eng_Latn, Anyone planning a visit to a country that could be considered a war zone should get professional training.,27.854685173648893,51.264657765480635,3.4375,4.03125
"Translate the following sentence from Hindi to English:
Q: इंटरनेट पर यह खोज 'शत्रुतापूर्ण पर्यावरण पाठ्यक्रम' के लिए अक्सर आपको एक स्थानीय कंपनी का पता प्रदान करेगी।
A:",इंटरनेट पर यह खोज 'शत्रुतापूर्ण पर्यावरण पाठ्यक्रम' के लिए अक्सर आपको एक स्थानीय कंपनी का पता प्रदान करेगी।,A search of the Internet for 'Hostile environment course' will probably provide the address of a local company.,"On the internet, this search will often provide you with a local company.",11.4775875019097,33.75708571972648,eng_Latn, A search of the Internet for 'Hostile environment course' will probably provide the address of a local company.,11.4775875019097,33.75708571972648,13.6875,9.75
"Translate the following sentence from Hindi to English:
Q: एक कोर्स सामान्य रूप यहाँ पर चर्चा किये सभी मुद्दे को विस्तार मे कवर करेगा , आमतौर पर व्यावहारिक अनुभव के साथ |
A:","एक कोर्स सामान्य रूप यहाँ पर चर्चा किये सभी मुद्दे को विस्तार मे कवर करेगा , आमतौर पर व्यावहारिक अनुभव के साथ |","A course will normally cover all the issues discussed here in far greater detail, usually with practical experience.","A course will cover all the issues in detail, usually with practical experience.",42.01257031982842,66.45203277480718,eng_Latn," A course will normally cover all the issues discussed here in far greater detail, usually with practical experience.",42.01257031982842,66.45203277480718,3.65625,2.734375
"Translate the following sentence from Hindi to English:
Q: एक कोर्स आम तौर पर 2 से 5 दिनों का होगा और उसमें भूमिका निभाना, बहुत सारा प्राथमिक उपचार और कभी-कभी हथियारों का प्रशिक्षण भी शामिल होगा.
A:","एक कोर्स आम तौर पर 2 से 5 दिनों का होगा और उसमें भूमिका निभाना, बहुत सारा प्राथमिक उपचार और कभी-कभी हथियारों का प्रशिक्षण भी शामिल होगा.","A course will normally be from 2-5 days and will involve role play, a lot of first aid and sometimes weapons training.","A course usually lasts for 2 to 5 days and includes role play, a lot of primary care and sometimes weapons training.",34.8398420709786,56.25169995267766,eng_Latn," A course will normally be from 2-5 days and will involve role play, a lot of first aid and sometimes weapons training.",34.8398420709786,56.25169995267766,1.3984375,2.484375
"Translate the following sentence from Hindi to English:
Q: जंगल में जीवित रहने वाली पुस्तकें और पत्रिकाएँ आम हैं, लेकिन युद्ध क्षेत्रों से निपटने वाले प्रकाशन बहुत कम हैं।
A:","जंगल में जीवित रहने वाली पुस्तकें और पत्रिकाएँ आम हैं, लेकिन युद्ध क्षेत्रों से निपटने वाले प्रकाशन बहुत कम हैं।","Books and magazines dealing with wilderness survival are common, but publications dealing with war zones are few.",Books and magazines that deal with war are very rare in the jungle.,10.472256835397266,29.996145473013847,eng_Latn," Books and magazines dealing with wilderness survival are common, but publications dealing with war zones are few.",10.472256835397266,29.996145473013847,8.9375,10.625
"Translate the following sentence from Hindi to English:
Q: विदेश में सेक्स रिअसाइनमेंट सर्जरी की योजना बनाने वाले यात्रियों को सुनिश्चित करना चाहिए कि वे वापसी यात्रा के लिए वैध दस्तावेज साथ लेकर जाएँं।
A:",विदेश में सेक्स रिअसाइनमेंट सर्जरी की योजना बनाने वाले यात्रियों को सुनिश्चित करना चाहिए कि वे वापसी यात्रा के लिए वैध दस्तावेज साथ लेकर जाएँं।,Voyagers planning sex reassignment surgery abroad must ensure they're carrying valid documents for the return trip.,Travelers planning sex reassignment surgery abroad should ensure that they have valid documents for their return journey.,39.90358702413732,63.376724745053345,eng_Latn, Voyagers planning sex reassignment surgery abroad must ensure they're carrying valid documents for the return trip.,39.90358702413732,63.376724745053345,1.7734375,0.83984375
"Translate the following sentence from Hindi to English:
Q: लिंग के साथ पासपोर्ट जारी करने की सरकारों की इच्छा नहीं बताई गई या नाम और लिंग को मैच करने के लिए अपडेट किए गए डॉक्यूमेंट अलग-अलग हैं.
A:",लिंग के साथ पासपोर्ट जारी करने की सरकारों की इच्छा नहीं बताई गई या नाम और लिंग को मैच करने के लिए अपडेट किए गए डॉक्यूमेंट अलग-अलग हैं.,The willingness of governments to issue passports with gender not stated (X) or documents updated to match a desired name and gender varies.,The government does not want to issue passports with gender.,8.72107845217522,32.60223806122955,eng_Latn, The willingness of governments to issue passports with gender not stated (X) or documents updated to match a desired name and gender varies.,8.72107845217522,32.60223806122955,13.9375,14.375
"Translate the following sentence from Hindi to English:
Q: इन दस्तावेज़ों का सम्मान करने के लिए विदेशी सरकारों की इच्छा व्यापक रूप से परिवर्तशील जैसी ही है.
A:",इन दस्तावेज़ों का सम्मान करने के लिए विदेशी सरकारों की इच्छा व्यापक रूप से परिवर्तशील जैसी ही है.,Willingness of foreign governments to honour these documents is just as widely variable.,The desire of foreign governments to respect these documents is as variable as the documents themselves.,27.545321289806534,54.517966885969884,eng_Latn, Willingness of foreign governments to honour these documents is just as widely variable.,27.545321289806534,54.517966885969884,5.75,5.09375
"Translate the following sentence from Hindi to English:
Q: 11 सितंबर, 2001 के बाद से सुरक्षा चेकपॉइंट पर होने वाली खोजी कार्रवाइयां भी कहीं ज़्यादा दखल वाली हो गई हैं.
A:","11 सितंबर, 2001 के बाद से सुरक्षा चेकपॉइंट पर होने वाली खोजी कार्रवाइयां भी कहीं ज़्यादा दखल वाली हो गई हैं.","Searches at security checkpoints have also become far more intrusive in the post-September 11, 2001 era.","Since 9/11, security checkpoints have become more intrusive.",17.13632147657068,43.22780649065156,eng_Latn," Searches at security checkpoints have also become far more intrusive in the post-September 11, 2001 era.",17.13632147657068,43.22780649065156,3.8125,3.71875
"Translate the following sentence from Hindi to English:
Q: प्री-ऑपरेटिव ट्रांसजेंडर लोगों को यह उम्मीद नहीं करनी चाहिए कि वे अपनी निजता और सम्मान को बरकरार रखते हुए स्कैनर्स से गुज़र पाएँगे.
A:",प्री-ऑपरेटिव ट्रांसजेंडर लोगों को यह उम्मीद नहीं करनी चाहिए कि वे अपनी निजता और सम्मान को बरकरार रखते हुए स्कैनर्स से गुज़र पाएँगे.,Pre-operative transgender people should not expect to pass through the scanners with their privacy and dignity intact.,Pre-operative transgender people should not be expected to undergo scans.,31.50373655628071,44.94272006335241,eng_Latn, Pre-operative transgender people should not expect to pass through the scanners with their privacy and dignity intact.,31.50373655628071,44.94272006335241,13.5,12.875
"Translate the following sentence from Hindi to English:
Q: चीर धाराएँ समुद्र तट पर लगकर लौटने वाली लहरों का प्रवाह होता है, अक्सर एक चट्टान या इसी तरह के पदार्थों पर।
A:","चीर धाराएँ समुद्र तट पर लगकर लौटने वाली लहरों का प्रवाह होता है, अक्सर एक चट्टान या इसी तरह के पदार्थों पर।","Rip currents are the returning flow from waves breaking off the beach, often at a reef or similar.","The waves are called ""tidal"" when they are caused by the moon's gravitational pull.",3.796254458388794,16.032068637207193,eng_Latn," Rip currents are the returning flow from waves breaking off the beach, often at a reef or similar.",3.796254458388794,16.032068637207193,11.4375,18.0
"Translate the following sentence from Hindi to English:
Q: अंडरवॉटर टोपोलॉजी के कारण कुछ गहरे सेक्शन्स में रिटर्न फ़्लो सांद्र होता है और यहां से गहरे पानी में तेज़ प्रवाह हो सकता है.
A:",अंडरवॉटर टोपोलॉजी के कारण कुछ गहरे सेक्शन्स में रिटर्न फ़्लो सांद्र होता है और यहां से गहरे पानी में तेज़ प्रवाह हो सकता है.,"Due to the underwater topology the return flow is concentrated at a few deeper sections, and a fast current to deep water may form there.","Due to underwater topography, some deep sections have a return flow and from there, the flow can be very fast.",8.282516703482393,37.007279514604214,eng_Latn," Due to the underwater topology the return flow is concentrated at a few deeper sections, and a fast current to deep water may form there.",8.282516703482393,37.007279514604214,4.3125,4.75
"Translate the following sentence from Hindi to English:
Q: ज़्यादातर मौतें पानी की धारा के विरुद्ध तैरने से होने वाली थकान की वजह से होती हैं, हो सकता है कि यह नामुमकिन भी हो.
A:","ज़्यादातर मौतें पानी की धारा के विरुद्ध तैरने से होने वाली थकान की वजह से होती हैं, हो सकता है कि यह नामुमकिन भी हो.","Most deaths happen as result of fatigue trying to swim back against the current, which may be impossible.","Most deaths are caused by drowning, which is a very common cause of death in India.",8.816531957305408,23.151994067470543,eng_Latn," Most deaths happen as result of fatigue trying to swim back against the current, which may be impossible.",8.816531957305408,23.151994067470543,13.8125,10.9375
"Translate the following sentence from Hindi to English:
Q: जैसे ही आप धारा से निकल आते हैं, पीछे की ओर तैरने में कोई खास मुश्किल नहीं होती है.
A:","जैसे ही आप धारा से निकल आते हैं, पीछे की ओर तैरने में कोई खास मुश्किल नहीं होती है.","As soon as you get out of the current, swimming back is no more difficult than normally.","As soon as you come out of the current, there is no problem in swimming backwards.",37.1321384573285,53.947453361166396,eng_Latn," As soon as you get out of the current, swimming back is no more difficult than normally.",37.1321384573285,53.947453361166396,2.796875,3.0
"Translate the following sentence from Hindi to English:
Q: किसी ऐसे स्थान की ओर बढ़ें जहाँ आप फिर से जाकर न फँसें या फिर अपने कौशल और आप पर किसी का ध्यान गया है या नहीं इसके आधार पर, हो सकता है कि आप बचाव के लिए इंतज़ार करना चाहें.
A:","किसी ऐसे स्थान की ओर बढ़ें जहाँ आप फिर से जाकर न फँसें या फिर अपने कौशल और आप पर किसी का ध्यान गया है या नहीं इसके आधार पर, हो सकता है कि आप बचाव के लिए इंतज़ार करना चाहें.","Try aiming somewhere where you are not caught again or, depending on your skills and on whether you have been noticed, you might want to wait for rescue.",Go to a place where you can be alone.,0.8192164458333429,10.202801518268185,eng_Latn," Try aiming somewhere where you are not caught again or, depending on your skills and on whether you have been noticed, you might want to wait for rescue.",0.8192164458333429,10.202801518268185,15.125,18.25
"Translate the following sentence from Hindi to English:
Q: पुनः प्रवेश झटका सांस्कृतिक झटके की तुलना में जल्द ही आता है (हनीमून का दौर कम होता है),  यह लंबे समय तक रहता है, और अधिक गंभीर हो सकता है।
A:","पुनः प्रवेश झटका सांस्कृतिक झटके की तुलना में जल्द ही आता है (हनीमून का दौर कम होता है),  यह लंबे समय तक रहता है, और अधिक गंभीर हो सकता है।","Re-entry shock comes on sooner than culture shock (there's less of a honeymoon phase), lasts longer, and can be more severe.",The Honeymoon phase is over.,0.30711578355468,11.632692197038201,eng_Latn," Re-entry shock comes on sooner than culture shock (there's less of a honeymoon phase), lasts longer, and can be more severe.",0.30711578355468,11.632692197038201,18.0,22.25
"Translate the following sentence from Hindi to English:
Q: जिन यात्रियों के पास नई संस्कृति को समायोजित करने के लिए एक अच्छा मौका था,उनके लिए कभी-कभी उनकी मूल संस्कृति के लिए विशेष रूप से कठिन समय होता है।
A:","जिन यात्रियों के पास नई संस्कृति को समायोजित करने के लिए एक अच्छा मौका था,उनके लिए कभी-कभी उनकी मूल संस्कृति के लिए विशेष रूप से कठिन समय होता है।",Travellers who had an easy time adjusting to the new culture sometimes have a particularly hard time readjusting to their native culture.,"Those passengers who had a good chance to adjust to the new culture, for them sometimes their original culture was very difficult.",12.066117639596518,39.84236772839759,eng_Latn, Travellers who had an easy time adjusting to the new culture sometimes have a particularly hard time readjusting to their native culture.,12.066117639596518,39.84236772839759,6.21875,5.875
"Translate the following sentence from Hindi to English:
Q: विदेश में रहने के बाद वापस घर लौटते समय, आप नई संस्कृति को अपना चुके होते हैं और अपनी घरेलू संस्कृति की कई आदतें खो चुके होते हैं.
A:","विदेश में रहने के बाद वापस घर लौटते समय, आप नई संस्कृति को अपना चुके होते हैं और अपनी घरेलू संस्कृति की कई आदतें खो चुके होते हैं.","When returning home after living abroad, you've adapted to the new culture and lost some of your habits from your home culture.","After living abroad, you have adopted many new habits and lost many old habits.",14.316649626677398,31.95499957333024,eng_Latn," When returning home after living abroad, you've adapted to the new culture and lost some of your habits from your home culture.",14.316649626677398,31.95499957333024,6.0625,4.53125
"Translate the following sentence from Hindi to English:
Q: जब आप पहले के समय में विदेश गए थे, तो लोग तब ये जानकर धैर्य और समझ रखते थे कि यात्रियों को नए देश में उसके हिसाब से ढलना पड़ता है.
A:","जब आप पहले के समय में विदेश गए थे, तो लोग तब ये जानकर धैर्य और समझ रखते थे कि यात्रियों को नए देश में उसके हिसाब से ढलना पड़ता है.","When you went abroad at first, people were probably patient and understanding, knowing that travellers in a new country need to adapt.","When you went abroad in the past, people used to have patience and understanding that travelers had to adapt to the new country.",20.789875198129096,56.01462882515447,eng_Latn," When you went abroad at first, people were probably patient and understanding, knowing that travellers in a new country need to adapt.",20.789875198129096,56.01462882515447,4.8125,3.53125
"Translate the following sentence from Hindi to English:
Q: लोग यह अनुमान नहीं लगा सकते हैं कि घर लौटने वाले यात्रियों के लिए धैर्य और समझ भी आवश्यक है.
A:",लोग यह अनुमान नहीं लगा सकते हैं कि घर लौटने वाले यात्रियों के लिए धैर्य और समझ भी आवश्यक है.,People may not anticipate that patience and understanding are also necessary for travellers returning home.,People cannot imagine that the patience and understanding of the passengers is also necessary.,15.794135942355249,46.65836425647926,eng_Latn, People may not anticipate that patience and understanding are also necessary for travellers returning home.,15.794135942355249,46.65836425647926,6.28125,5.65625
"Translate the following sentence from Hindi to English:
Q: बच्चों के लिए बनी जगह में पिरामिड साउंड एंड लाइट शो सबसे दिलचस्प चीज़ों में से एक है.
A:",बच्चों के लिए बनी जगह में पिरामिड साउंड एंड लाइट शो सबसे दिलचस्प चीज़ों में से एक है.,The pyramid sound and light show is one of the most interesting things in the area for kids.,The pyramid sound and light show is one of the most interesting things for children.,69.79463881925183,79.41868996480012,eng_Latn, The pyramid sound and light show is one of the most interesting things in the area for kids.,69.79463881925183,79.41868996480012,4.375,3.53125
"Translate the following sentence from Hindi to English:
Q: आप पिरामिड को शो शुरू होने से पहले अंधेरे में शांति से देख सकते हैं.
A:",आप पिरामिड को शो शुरू होने से पहले अंधेरे में शांति से देख सकते हैं.,You can see the pyramids in the dark and you can see them in silence before the show begins.,You can see the pyramid in the dark before the show starts.,25.248652381293393,51.22971003063588,eng_Latn, You can see the pyramids in the dark and you can see them in silence before the show begins.,25.248652381293393,51.22971003063588,4.40625,3.96875
"Translate the following sentence from Hindi to English:
Q: आमतौर पर आप हमेशा पर्यटकों और बेचने वालों की आवाज़ सुनते हैं. ध्वनि और प्रकाश की कहानी स्टोरी बुक जैसी है.
A:",आमतौर पर आप हमेशा पर्यटकों और बेचने वालों की आवाज़ सुनते हैं. ध्वनि और प्रकाश की कहानी स्टोरी बुक जैसी है.,Usually you always here the sound of tourists and vendors. The story of the sound and light is just like a story book.,आमतौर पर आप हमेशा पर्यटकों और बेचने वालों की आवाज़ सुनते हैं. ध्वनि और प्रकाश की कहानी स्टोरी बुक जैसी है.,1.5880117714047368,1.2822402386800424,hin_Deva, आमतौर पर आप हमेशा पर्यटकों और बेचने वालों की आवाज़ सुनते हैं. ध्वनि और प्रकाश की कहानी स्टोरी बुक जैसी है.,100.00000000000004,100.0,21.625,15.75
"Translate the following sentence from Hindi to English:
Q: स्फिंक्स को एक लंबी कहानी की पृष्ठभूमि और कथाकार के रूप में स्थापित किया गया है।
A:",स्फिंक्स को एक लंबी कहानी की पृष्ठभूमि और कथाकार के रूप में स्थापित किया गया है।,The Sphinx is set as the backdrop and the narrator of a long story.,The Sphinx is established as a long story background and a story teller.,24.506116513734824,44.43251613514007,eng_Latn, The Sphinx is set as the backdrop and the narrator of a long story.,24.506116513734824,44.43251613514007,5.90625,6.875
"Translate the following sentence from Hindi to English:
Q: पिरामिडों पर दृश्य प्रदर्शित किए जाते हैं और विभिन्न पिरामिड दिखाये जाते हैं
A:",पिरामिडों पर दृश्य प्रदर्शित किए जाते हैं और विभिन्न पिरामिड दिखाये जाते हैं,The scenes are displayed on the pyramids and the different pyramids are lit up.,The pyramids are shown and different pyramids are shown.,23.866956969385942,46.79947460654624,eng_Latn, The scenes are displayed on the pyramids and the different pyramids are lit up.,23.866956969385942,46.79947460654624,7.59375,9.9375
"Translate the following sentence from Hindi to English:
Q: साउथ शेटलैंड, जिसकी खोज 1819 में हुई थी, पर कई देशों ने दावा किया है और वहाँ सबसे ज़्यादा बेस बनाए गए हैं, जिनमें से 2020 में सोलह बेस सक्रिय हैं.
A:","साउथ शेटलैंड, जिसकी खोज 1819 में हुई थी, पर कई देशों ने दावा किया है और वहाँ सबसे ज़्यादा बेस बनाए गए हैं, जिनमें से 2020 में सोलह बेस सक्रिय हैं.","South Shetland Islands, discovered in 1819, are claimed by several nations and have the most bases, with sixteen active in 2020.","South Shetland, which was discovered in 1819, has been claimed by many countries and has the most bases.",19.950166119371477,47.11324885081729,eng_Latn," South Shetland Islands, discovered in 1819, are claimed by several nations and have the most bases, with sixteen active in 2020.",19.950166119371477,47.11324885081729,8.8125,5.65625
"Translate the following sentence from Hindi to English:
Q: द्वीप-समूह, पेनिनसुला की उत्तर दिशा में 120 किमी दूर स्थित है. विलास लास एस्ट्रेलास जैसे रिहायशी इलाके के साथ, किंग ज़ॉर्ज सबसे बड़ा आइलैंड है.
A:","द्वीप-समूह, पेनिनसुला की उत्तर दिशा में 120 किमी दूर स्थित है. विलास लास एस्ट्रेलास जैसे रिहायशी इलाके के साथ, किंग ज़ॉर्ज सबसे बड़ा आइलैंड है.",The archipelago lies 120 km north of the Peninsula. The largest is King George Island with the settlement of Villa Las Estrellas.,The island group is located 120 km north of the peninsula.,10.344162507982622,26.98457668936519,eng_Latn, The archipelago lies 120 km north of the Peninsula. The largest is King George Island with the settlement of Villa Las Estrellas.,10.344162507982622,26.98457668936519,14.1875,13.0
"Translate the following sentence from Hindi to English:
Q: दूसरी जगहों में लिविंगस्टन और डिसेप्शन आइलैंड शामिल हैं, जहाँ अभी तक सक्रिय ज्वालामुखी के कुण्ड एक बेहतरीन प्राकृतिक बंदरगाह बनाते हैं.
A:","दूसरी जगहों में लिविंगस्टन और डिसेप्शन आइलैंड शामिल हैं, जहाँ अभी तक सक्रिय ज्वालामुखी के कुण्ड एक बेहतरीन प्राकृतिक बंदरगाह बनाते हैं.","Others include Livingston Island, and Deception where the flooded caldera of a still-active volcano provides a spectacular natural harbour.","Other places include Livingston and Deception Island, where active volcanoes are still active.",8.584718168997036,42.904462016452314,eng_Latn," Others include Livingston Island, and Deception where the flooded caldera of a still-active volcano provides a spectacular natural harbour.",8.584718168997036,42.904462016452314,9.8125,7.4375
"Translate the following sentence from Hindi to English:
Q: पेनिनसुला के दक्षिणी क्षेत्र में एल्सवर्थ लैंड है जो बेल्लिंगशॉसेन समुद्र से घिरा हुआ है.
A:",पेनिनसुला के दक्षिणी क्षेत्र में एल्सवर्थ लैंड है जो बेल्लिंगशॉसेन समुद्र से घिरा हुआ है.,"Ellsworth Land is the region south of the Peninsula, bounded by the Bellingshausen Sea.","The southernmost part of the peninsula is Ellsworth Land, which is surrounded by the Bellingshausen Sea.",41.348528734771456,63.855904229910976,eng_Latn," Ellsworth Land is the region south of the Peninsula, bounded by the Bellingshausen Sea.",41.348528734771456,63.855904229910976,2.0625,1.421875
"Translate the following sentence from Hindi to English:
Q: प्रायद्वीप के पहाड़ यहाँ आकर पठार में मिल जाते हैं, फिर वापस उभरकर वे मिनेसोटा ग्लेशियर द्वारा दो हिस्सों में काटे गए एल्सवर्थ माउंटेंस की 360 किलोमीटर लंबी श्रृंखला बनाते हैं.
A:","प्रायद्वीप के पहाड़ यहाँ आकर पठार में मिल जाते हैं, फिर वापस उभरकर वे मिनेसोटा ग्लेशियर द्वारा दो हिस्सों में काटे गए एल्सवर्थ माउंटेंस की 360 किलोमीटर लंबी श्रृंखला बनाते हैं.","The mountains of the Peninsula here merge into the plateau, then re-emerge to form the 360 km chain of the Ellsworth Mountains, bisected by the Minnesota Glacier.","The peninsula mountains come here and join the plateau, then they rise again and form the Ellsworth Mountains.",23.03547745599436,41.324281308153765,eng_Latn," The mountains of the Peninsula here merge into the plateau, then re-emerge to form the 360 km chain of the Ellsworth Mountains, bisected by the Minnesota Glacier.",23.03547745599436,41.324281308153765,13.375,8.0
"Translate the following sentence from Hindi to English:
Q: उत्तरी हिस्सा या सेंटिनेल रेंज में अंटार्कटिका के सबसे ऊँचे पहाड़, विंसन मैसिफ़ और माउंट विंसन हैं जिसकी सबसे ऊँची चोटी 4892 मीटर की है.
A:","उत्तरी हिस्सा या सेंटिनेल रेंज में अंटार्कटिका के सबसे ऊँचे पहाड़, विंसन मैसिफ़ और माउंट विंसन हैं जिसकी सबसे ऊँची चोटी 4892 मीटर की है.","The northern part or Sentinel Range has Antarctica's highest mountains, the Vinson Massif, peaking at 4892 m Mount Vinson.","The highest peak of the Sentinel Range is Mount Everest, which is 8848 meters high.",8.070337396061408,26.222586679663145,eng_Latn," The northern part or Sentinel Range has Antarctica's highest mountains, the Vinson Massif, peaking at 4892 m Mount Vinson.",8.070337396061408,26.222586679663145,14.8125,15.375
"Translate the following sentence from Hindi to English:
Q: दूरस्थ स्थानों में, सेल फ़ोन कवरेज नहीं होने से, एक सेटेलाइट फ़ोन आपका एकमात्र विकल्प हो सकता है.
A:","दूरस्थ स्थानों में, सेल फ़ोन कवरेज नहीं होने से, एक सेटेलाइट फ़ोन आपका एकमात्र विकल्प हो सकता है.","In remote locations, without cell phone coverage, a satellite phone may be your only option.","In remote areas, a satellite phone may be your only option.",46.17023898237744,59.61032143666537,eng_Latn," In remote locations, without cell phone coverage, a satellite phone may be your only option.",46.17023898237744,59.61032143666537,5.3125,3.78125
"Translate the following sentence from Hindi to English:
Q: आम तौर पर सैटेलाइट फोन को मोबाइल फोन के स्थान पर उपयोग नहीं किया जा सकता है, क्योंकि सैटेलाइट फोन से कॉल करने के लिए आपको उपग्रह की रेखा पर घर के बाहर रहना पड़ेगा।
A:","आम तौर पर सैटेलाइट फोन को मोबाइल फोन के स्थान पर उपयोग नहीं किया जा सकता है, क्योंकि सैटेलाइट फोन से कॉल करने के लिए आपको उपग्रह की रेखा पर घर के बाहर रहना पड़ेगा।","A satellite phone is not generally a replacement for a mobile phone, as you have to be outdoors with clear line of sight to the satellite to make a phone call.",Satellite phones are not used as mobile phones because they are expensive and have limited coverage.,1.306114468907877,24.220204118952633,eng_Latn," A satellite phone is not generally a replacement for a mobile phone, as you have to be outdoors with clear line of sight to the satellite to make a phone call.",1.306114468907877,24.220204118952633,4.59375,4.75
"Translate the following sentence from Hindi to English:
Q: यह सेवा आमतौर पर शिपिंग कम्पनी इस्तेमाल करती है, जिसमें विहार योग्य छोटे जहाज भी शामिल हैं, इसके साथ ही वे अभियान जिनमें रिमोट डेटा और वौइस् सेवाओं की ज़रुरत पड़ती है।
A:","यह सेवा आमतौर पर शिपिंग कम्पनी इस्तेमाल करती है, जिसमें विहार योग्य छोटे जहाज भी शामिल हैं, इसके साथ ही वे अभियान जिनमें रिमोट डेटा और वौइस् सेवाओं की ज़रुरत पड़ती है।","The service is frequently used by shipping, including pleasure craft, as well as expeditions who have remote data and voice needs.","This service is used by shipping companies, which includes small vessels.",8.837317723554262,27.425165665636577,eng_Latn," The service is frequently used by shipping, including pleasure craft, as well as expeditions who have remote data and voice needs.",8.837317723554262,27.425165665636577,15.4375,11.875
"Translate the following sentence from Hindi to English:
Q: इस बात का ध्यान रखें कि आपका स्थानीय टेलीफोन सेवा प्रदाता इस सेवा से जुड़ने के बारे में ज़्यादा जानकारी दे सकता हो.
A:",इस बात का ध्यान रखें कि आपका स्थानीय टेलीफोन सेवा प्रदाता इस सेवा से जुड़ने के बारे में ज़्यादा जानकारी दे सकता हो.,Your local telephone service provider should be able to give more information about connecting to this service.,Please note that the local telephone service provider may provide more information about the service.,20.458692784189125,55.73254998223014,eng_Latn, Your local telephone service provider should be able to give more information about connecting to this service.,20.458692784189125,55.73254998223014,0.82421875,0.84765625
"Translate the following sentence from Hindi to English:
Q: एक अंतर-वर्ष की योजना बनाने वालों के लिए अधिक लोकप्रिय विकल्प यात्रा करना और सीखना है.
A:",एक अंतर-वर्ष की योजना बनाने वालों के लिए अधिक लोकप्रिय विकल्प यात्रा करना और सीखना है.,An increasingly more popular option for those planning a gap-year is to travel and learn.,"For inter-year students, the most popular option is to travel and learn.",30.872297363852297,47.00737088922659,eng_Latn, An increasingly more popular option for those planning a gap-year is to travel and learn.,30.872297363852297,47.00737088922659,4.5625,5.75
"Translate the following sentence from Hindi to English:
Q: यह विशेष रूप से स्कूल छोड़ने वालों के लिए लोकप्रिय है, जिससे उन्हें अपनी शिक्षा से समझौता किए बिना विश्वविद्यालय से एक साल पहले ही बाहर निकलने की अनुमति मिलती है।
A:","यह विशेष रूप से स्कूल छोड़ने वालों के लिए लोकप्रिय है, जिससे उन्हें अपनी शिक्षा से समझौता किए बिना विश्वविद्यालय से एक साल पहले ही बाहर निकलने की अनुमति मिलती है।","This is especially popular with school leavers, allowing them to take a year out before university, without compromising their education.",It is popular among students who want to leave the university early.,1.6993142715261111,20.349773210242894,eng_Latn," This is especially popular with school leavers, allowing them to take a year out before university, without compromising their education.",1.6993142715261111,20.349773210242894,12.6875,11.5
"Translate the following sentence from Hindi to English:
Q: कई मामलों में, विदेश में किसी एक साल के गैप वाले कोर्स में दाखिला लेने से, असल में आपको अपने देश में उच्च शिक्षा वाले किसी कोर्स में दाखिला लेने की संभावना बढ़ जाती है.
A:","कई मामलों में, विदेश में किसी एक साल के गैप वाले कोर्स में दाखिला लेने से, असल में आपको अपने देश में उच्च शिक्षा वाले किसी कोर्स में दाखिला लेने की संभावना बढ़ जाती है.","In many cases, enrolling on a gap-year course abroad can actually improve your chances of moving into higher education back in your home country.","In many cases, taking a gap year abroad can actually increase your chances of getting into a good university in India.",20.477462336108974,44.3096641177534,eng_Latn," In many cases, enrolling on a gap-year course abroad can actually improve your chances of moving into higher education back in your home country.",20.477462336108974,44.3096641177534,3.953125,4.28125
"Translate the following sentence from Hindi to English:
Q: आमतौर पर इन शैक्षणिक कार्यक्रमों में दाखिला लेने के लिए शिक्षण शुल्क देना होगा.
A:",आमतौर पर इन शैक्षणिक कार्यक्रमों में दाखिला लेने के लिए शिक्षण शुल्क देना होगा.,Typically there will be a tuition fee to enroll in these educational programs.,आमतौर पर इन शैक्षणिक कार्यक्रमों में दाखिला लेने के लिए शिक्षण शुल्क देना होगा.,2.1476912089159055,1.0697984024343856,hin_Deva, आमतौर पर इन शैक्षणिक कार्यक्रमों में दाखिला लेने के लिए शिक्षण शुल्क देना होगा.,100.00000000000004,100.0,21.0,19.875
"Translate the following sentence from Hindi to English:
Q: फिनलैंड नौका के लिए एक शानदार जगह है। “एक हजार झीलों की भूमि” में हजारों द्वीप भी हैं, जो झीलों में और तटीय द्वीपसमूह में है ।
A:","फिनलैंड नौका के लिए एक शानदार जगह है। “एक हजार झीलों की भूमि” में हजारों द्वीप भी हैं, जो झीलों में और तटीय द्वीपसमूह में है ।","Finland is a great boating destination. The ""Land of a thousand lakes"" has thousands of islands too, in the lakes and in the coastal archipelagos.",Finland is a great place for boating.,1.470646282487968,18.209673032055964,eng_Latn," Finland is a great boating destination. The ""Land of a thousand lakes"" has thousands of islands too, in the lakes and in the coastal archipelagos.",1.470646282487968,18.209673032055964,15.0625,16.125
"Translate the following sentence from Hindi to English:
Q: द्वीप समूहों और झीलों में आपको अनिवार्य रूप से याट की ज़रूरत नहीं होती है.
A:",द्वीप समूहों और झीलों में आपको अनिवार्य रूप से याट की ज़रूरत नहीं होती है.,In the archipelagos and lakes you do not necessarily need a yacht.,You don't need a boat in the islands and lakes.,10.954749601576006,31.33980145534329,eng_Latn, In the archipelagos and lakes you do not necessarily need a yacht.,10.954749601576006,31.33980145534329,4.09375,9.3125
"Translate the following sentence from Hindi to English:
Q: वैसे तो तटीय द्वीपसमूह और सबसे बड़ी झीलें किसी भी याट के लिए काफ़ी बड़ी हैं, लेकिन छोटी नावें या कयाक से अलग ही तरह का अनुभव मिलता है.
A:","वैसे तो तटीय द्वीपसमूह और सबसे बड़ी झीलें किसी भी याट के लिए काफ़ी बड़ी हैं, लेकिन छोटी नावें या कयाक से अलग ही तरह का अनुभव मिलता है.","Although the coastal archipelagos and the biggest lakes are indeed big enough for any yacht, smaller boats or even a kayak offer a different experience.",,0.0,0.0,eng_Latn," Although the coastal archipelagos and the biggest lakes are indeed big enough for any yacht, smaller boats or even a kayak offer a different experience.",0.0,0.0,21.5,16.5
"Translate the following sentence from Hindi to English:
Q: नौका विहार फिनलैंड में एक राष्ट्रीय शगल है, हर सात या आठ लोगों पर एक नाव है।
A:","नौका विहार फिनलैंड में एक राष्ट्रीय शगल है, हर सात या आठ लोगों पर एक नाव है।","Boating is a national pastime in Finland, with a boat to every seven or eight people.","नौका विहार फिनलैंड में एक राष्ट्रीय शगल है, हर सात या आठ लोगों पर एक नाव है।",1.6466642419110007,0.878810226155359,hin_Deva," नौका विहार फिनलैंड में एक राष्ट्रीय शगल है, हर सात या आठ लोगों पर एक नाव है।",100.00000000000004,100.0,22.5,20.625
"Translate the following sentence from Hindi to English:
Q: यह नॉर्वे, स्वीडन और न्यूजीलैंड द्वारा मेल खाता है, लेकिन अन्यथा काफी अनोखा है (जैसे नैदरलैंड्स में यह आंकड़ा एक से चालीस है)।
A:","यह नॉर्वे, स्वीडन और न्यूजीलैंड द्वारा मेल खाता है, लेकिन अन्यथा काफी अनोखा है (जैसे नैदरलैंड्स में यह आंकड़ा एक से चालीस है)।","This is matched by Norway, Sweden and New Zealand, but otherwise quite unique (e.g. in the Netherlands the figure is one to forty).","It is a bit of a puzzle, but I think it is a good example of the kind of thing that can be done with the language.",3.17396192434926,16.639437973011134,eng_Latn," This is matched by Norway, Sweden and New Zealand, but otherwise quite unique (e.g. in the Netherlands the figure is one to forty).",3.17396192434926,16.639437973011134,20.5,21.125
"Translate the following sentence from Hindi to English:
Q: ज़्यादातर विशिष्ट बाल्किट क्रूज़ ने रूस के सेंट पीटर्सबर्ग में विस्तारित ठहराव पेश किया है.
A:",ज़्यादातर विशिष्ट बाल्किट क्रूज़ ने रूस के सेंट पीटर्सबर्ग में विस्तारित ठहराव पेश किया है.,"Most of the distinct Baltic Cruises feature an extended stay in St. Petersburg, Russia.",Most of the specific Baltic cruises have extended stays in St. Petersburg.,20.786251870772663,51.81475439546765,eng_Latn," Most of the distinct Baltic Cruises feature an extended stay in St. Petersburg, Russia.",20.786251870772663,51.81475439546765,5.3125,4.1875
"Translate the following sentence from Hindi to English:
Q: इसका मतलब यह है कि आप कुछ दिनों के लिए ऐतिहासिक शहर की यात्रा कर सकते हैं और वापस लौटते समय रात में शिप पर सो सकते हैं.
A:",इसका मतलब यह है कि आप कुछ दिनों के लिए ऐतिहासिक शहर की यात्रा कर सकते हैं और वापस लौटते समय रात में शिप पर सो सकते हैं.,This means you can visit the historic city for a couple of full days while returning and sleeping on the ship at night.,It means that you can travel to the historical city and return by ship.,4.259881476334242,27.18904970291377,eng_Latn, This means you can visit the historic city for a couple of full days while returning and sleeping on the ship at night.,4.259881476334242,27.18904970291377,5.53125,5.625
"Translate the following sentence from Hindi to English:
Q: यदि आप केवल शिपबोर्ड भ्रमण का उपयोग करके किनारे तक जाते हैं तो आपको एक अलग वीज़ा की आवश्यकता नहीं होगी (2009 तक).
A:",यदि आप केवल शिपबोर्ड भ्रमण का उपयोग करके किनारे तक जाते हैं तो आपको एक अलग वीज़ा की आवश्यकता नहीं होगी (2009 तक).,If you only go ashore using shipboard excursions you will not need a separate visa (as of 2009).,"If you use only the shipboard tour to go ashore, you will not need a separate visa.",34.491708511647744,56.804212135076995,eng_Latn, If you only go ashore using shipboard excursions you will not need a separate visa (as of 2009).,34.491708511647744,56.804212135076995,6.59375,5.28125
"Translate the following sentence from Hindi to English:
Q: कुछ क्रूज़ के ब्रोशर में बर्लिन, जर्मनी शामिल हैं। जैसा कि आप ऊपर के मानचित्र में देख सकते हैं, बर्लिन समुद्र के पास नहीं है और क्रूज़ की कीमत में शहर की यात्रा शामिल नहीं है।
A:","कुछ क्रूज़ के ब्रोशर में बर्लिन, जर्मनी शामिल हैं। जैसा कि आप ऊपर के मानचित्र में देख सकते हैं, बर्लिन समुद्र के पास नहीं है और क्रूज़ की कीमत में शहर की यात्रा शामिल नहीं है।","Some cruises feature Berlin, Germany in the brochures. As you can see from the map above Berlin is no where near the sea and a visit to the city is not included in the price of the cruise.","Some cruise brochures include Berlin, Germany. As you can see in the map above, Berlin is not on the coast.",16.508685903365475,45.161193596456414,eng_Latn," Some cruises feature Berlin, Germany in the brochures. As you can see from the map above Berlin is no where near the sea and a visit to the city is not included in the price of the cruise.",16.508685903365475,45.161193596456414,8.875,6.46875
"Translate the following sentence from Hindi to English:
Q: सभी उम्र और पृष्ठभूमि वाले लोगों के लिए विमान में यात्रा करना एक डरावना अनुभव हो सकता है. खास कर, अगर उन्होंने पहले कभी हवाई यात्रा न की हो या फिर हवाई यात्रा के दौरान किसी दर्दनाक घटना का सामना करना पड़ा हो.
A:","सभी उम्र और पृष्ठभूमि वाले लोगों के लिए विमान में यात्रा करना एक डरावना अनुभव हो सकता है. खास कर, अगर उन्होंने पहले कभी हवाई यात्रा न की हो या फिर हवाई यात्रा के दौरान किसी दर्दनाक घटना का सामना करना पड़ा हो.","Travelling by plane can be a scary experience for people of all ages and backgrounds, particularly if they've not flown before or have experienced a traumatic event.","For all ages and backgrounds, flying can be a scary experience.",19.796279790942204,35.099186709457385,eng_Latn," Travelling by plane can be a scary experience for people of all ages and backgrounds, particularly if they've not flown before or have experienced a traumatic event.",19.796279790942204,35.099186709457385,13.125,11.625
"Translate the following sentence from Hindi to English:
Q: इसके लेकर शर्माने की कोई बात नहीं है: यह निजी डर या दूसरी चीज़ें नापसंद होने से अलग नहीं है जो हर किसी में हो सकता है.
A:",इसके लेकर शर्माने की कोई बात नहीं है: यह निजी डर या दूसरी चीज़ें नापसंद होने से अलग नहीं है जो हर किसी में हो सकता है.,It is not something to be ashamed of: it is no different from the personal fears and dislikes of other things that very many people have.,There is no point in getting upset about it.,1.3211543480711232,9.8584516933179,eng_Latn, It is not something to be ashamed of: it is no different from the personal fears and dislikes of other things that very many people have.,1.3211543480711232,9.8584516933179,18.0,16.75
"Translate the following sentence from Hindi to English:
Q: कुछ के लिए, विमान के काम करने के तरीके और उड़ान के दौरान क्या होता है, इस बारे में समझना एक ऐसे डर को दूर करने में मदद कर सकता है जो अज्ञात या नियंत्रण में न होने पर आधारित है.
A:","कुछ के लिए, विमान के काम करने के तरीके और उड़ान के दौरान क्या होता है, इस बारे में समझना एक ऐसे डर को दूर करने में मदद कर सकता है जो अज्ञात या नियंत्रण में न होने पर आधारित है.","For some, understanding something about how aircraft work and what happens during a flight may help to overcome a fear which is based on the unknown or on not being in control.","For some, understanding how planes work and what happens during flight can help to reduce fear.",14.555947393046573,39.75425063230785,eng_Latn," For some, understanding something about how aircraft work and what happens during a flight may help to overcome a fear which is based on the unknown or on not being in control.",14.555947393046573,39.75425063230785,8.8125,3.65625
"Translate the following sentence from Hindi to English:
Q: कूरियर कंपनियों को सामान को जल्दी से और अच्छे तरीके से पहुंचाने के लिए भुगतान किया जाता है। अक्सर, व्यापारिक दस्तावेजों, व्यापारिक वस्तुओं या मरम्त के लिए प्रयोग किये जाने वाले स्पेयर पार्ट्स को समय से पहुँचाने में बहुत महत्वपूर्ण भूमिका होती है।
A:","कूरियर कंपनियों को सामान को जल्दी से और अच्छे तरीके से पहुंचाने के लिए भुगतान किया जाता है। अक्सर, व्यापारिक दस्तावेजों, व्यापारिक वस्तुओं या मरम्त के लिए प्रयोग किये जाने वाले स्पेयर पार्ट्स को समय से पहुँचाने में बहुत महत्वपूर्ण भूमिका होती है।","Courier companies are well paid for delivering things quickly. Frequently, time is very important with business documents, merchandise or spare parts for an urgent repair.",Courier companies are paid to deliver goods quickly and efficiently.,4.3602282724676735,24.961498241668103,eng_Latn," Courier companies are well paid for delivering things quickly. Frequently, time is very important with business documents, merchandise or spare parts for an urgent repair.",4.3602282724676735,24.961498241668103,14.1875,14.875
"Translate the following sentence from Hindi to English:
Q: चुनिंदा रूट पर, बड़ी कंपनियों के खुद के विमान हैं, लेकिन अन्य रूट पर और छोटी फ़र्म के लिए यह एक समस्या है.
A:","चुनिंदा रूट पर, बड़ी कंपनियों के खुद के विमान हैं, लेकिन अन्य रूट पर और छोटी फ़र्म के लिए यह एक समस्या है.","On some routes, the larger companies have their own planes, but for other routes and smaller firms there was a problem.","On selected routes, large companies have their own aircraft, but on other routes and for small companies, it is a problem.",27.405612859390885,55.47398524406562,eng_Latn," On some routes, the larger companies have their own planes, but for other routes and smaller firms there was a problem.",27.405612859390885,55.47398524406562,1.9375,1.5703125
"Translate the following sentence from Hindi to English:
Q: यदि वे एयर फ़्रेट के ज़रिए चीज़ों को भेजते हैं, तो कुछ रूट्स पर अनलोडिंग करने और कस्टम के लिए कुछ दिन लग सकते हैं.
A:","यदि वे एयर फ़्रेट के ज़रिए चीज़ों को भेजते हैं, तो कुछ रूट्स पर अनलोडिंग करने और कस्टम के लिए कुछ दिन लग सकते हैं.","If they sent things by air freight, on some routes it may have taken days to get through unloading and customs.","If they send the goods by air freight, then some routes may take a few days for unloading and customs.",37.90632598467281,56.19973284037061,eng_Latn," If they sent things by air freight, on some routes it may have taken days to get through unloading and customs.",37.90632598467281,56.19973284037061,2.421875,1.703125
"Translate the following sentence from Hindi to English:
Q: इसे तेज़ी से प्राप्त करने का एकमात्र तरीका इसे चेक किए गए सामान के रूप में भेजना था। एयरलाइन के नियम उन्हें बिना यात्री के सामान भेजने की अनुमति नहीं देंगे, और यहीं पर आप काम आएँगे।
A:","इसे तेज़ी से प्राप्त करने का एकमात्र तरीका इसे चेक किए गए सामान के रूप में भेजना था। एयरलाइन के नियम उन्हें बिना यात्री के सामान भेजने की अनुमति नहीं देंगे, और यहीं पर आप काम आएँगे।","The only way to get it through faster was to send it as checked luggage. Airline regulations will not allow them to send luggage without a passenger, which is where you come in.",The only way to get it quickly was to send it as checked baggage.,16.26801605860346,31.425611962293253,eng_Latn," The only way to get it through faster was to send it as checked luggage. Airline regulations will not allow them to send luggage without a passenger, which is where you come in.",16.26801605860346,31.425611962293253,20.0,17.875
"Translate the following sentence from Hindi to English:
Q: फर्स्ट या बिज़नस क्लास में यात्रा करना सुविधा के लिए अधिक पैसे खर्च करना है (या, बेहतर यह है कि आप अपनी कंपनी से बुकिंग करवाएँ).
A:","फर्स्ट या बिज़नस क्लास में यात्रा करना सुविधा के लिए अधिक पैसे खर्च करना है (या, बेहतर यह है कि आप अपनी कंपनी से बुकिंग करवाएँ).","The obvious way of flying in first or business class is to fork out a thick wad of money for the privilege (or, better yet, get your company to do it for you).",It is more expensive to travel in first or business class.,3.3440242576444206,21.796975224584607,eng_Latn," The obvious way of flying in first or business class is to fork out a thick wad of money for the privilege (or, better yet, get your company to do it for you).",3.3440242576444206,21.796975224584607,12.875,12.25
"Translate the following sentence from Hindi to English:
Q: हालाँकि, यह सस्ता नहीं है: एक नियम के रूप में, आप बिज़नस के लिए सामान्य इकॉनमी भाड़े का चार गुना तक और प्रथम श्रेणी के लिए ग्यारह गुना तक भुगतान करने की उम्मीद कर सकते हैं!
A:","हालाँकि, यह सस्ता नहीं है: एक नियम के रूप में, आप बिज़नस के लिए सामान्य इकॉनमी भाड़े का चार गुना तक और प्रथम श्रेणी के लिए ग्यारह गुना तक भुगतान करने की उम्मीद कर सकते हैं!","However, this does not come cheap: as rough rules of thumb, you can expect to pay up to four times the normal economy fare for business, and eleven times for first class!","However, it is not cheap: as a rule, you can expect to pay four times as much for business class as for economy class.",17.977372629333747,43.93135943951755,eng_Latn," However, this does not come cheap: as rough rules of thumb, you can expect to pay up to four times the normal economy fare for business, and eleven times for first class!",17.977372629333747,43.93135943951755,10.0625,8.0625
"Translate the following sentence from Hindi to English:
Q: आमतौर पर ऐसा कहा जाता है कि सीधी उड़ानों में ए से बी तक बिज़नेस या फ़र्स्ट क्लास सीटों पर किसी भी सूरत में डिस्काउंट नहीं दिया जाता है.
A:",आमतौर पर ऐसा कहा जाता है कि सीधी उड़ानों में ए से बी तक बिज़नेस या फ़र्स्ट क्लास सीटों पर किसी भी सूरत में डिस्काउंट नहीं दिया जाता है.,"Generally speaking, there is no point in even looking for discounts for business or first-class seats on direct flights from A to B.","It is generally said that in direct flights, there is no discount on business or first class seats.",15.395769745986764,48.31649448922912,eng_Latn," Generally speaking, there is no point in even looking for discounts for business or first-class seats on direct flights from A to B.",15.395769745986764,48.31649448922912,5.71875,4.40625
"Translate the following sentence from Hindi to English:
Q: एयरलाइन कंपनियाँ अच्छी तरह जानती हैं कि कुछ यात्रियों का एक ऐसा समूह है जो कुछ हद तक तेज़ और सुविधाजनक यात्रा के लिए ज़्यादा किराया चुकाने के लिए तैयार रहते हैं, और कंपनियाँ उसी हिसाब से चार्ज करती हैं.
A:","एयरलाइन कंपनियाँ अच्छी तरह जानती हैं कि कुछ यात्रियों का एक ऐसा समूह है जो कुछ हद तक तेज़ और सुविधाजनक यात्रा के लिए ज़्यादा किराया चुकाने के लिए तैयार रहते हैं, और कंपनियाँ उसी हिसाब से चार्ज करती हैं.","Airlines know well that there is a certain core group of flyers who are willing to pay top dollar for the privilege of getting somewhere fast and in comfort, and charge accordingly.",Airlines know that some passengers are willing to pay more for a faster and more convenient flight.,7.089148970283069,27.157854344242043,eng_Latn," Airlines know well that there is a certain core group of flyers who are willing to pay top dollar for the privilege of getting somewhere fast and in comfort, and charge accordingly.",7.089148970283069,27.157854344242043,4.9375,3.609375
"Translate the following sentence from Hindi to English:
Q: मोल्दोवा की राजधानी चिसिनाउ है. स्थानीय भाषा रोमानियाई है, लेकिन रूसी भाषा का व्यापक रूप से उपयोग किया जाता है.
A:","मोल्दोवा की राजधानी चिसिनाउ है. स्थानीय भाषा रोमानियाई है, लेकिन रूसी भाषा का व्यापक रूप से उपयोग किया जाता है.","The capital of Moldova is Chişinău. The local language is Romanian, but Russian is widely used.",Moldova is a small country in Eastern Europe. It is a former Soviet republic. The country is located in the eastern part of Europe. The capital of Moldova is Chisinau. The official language of Moldova is Romanian. But Russian is also widely spoken.,12.004755374727145,50.04979451586906,eng_Latn," The capital of Moldova is Chişinău. The local language is Romanian, but Russian is widely used.",12.004755374727145,50.04979451586906,5.46875,6.375
"Translate the following sentence from Hindi to English:
Q: माल्डोवा एक बहु जातीय गणराज्य है, जो जातीय संघर्ष से पीड़ित रहा है.
A:","माल्डोवा एक बहु जातीय गणराज्य है, जो जातीय संघर्ष से पीड़ित रहा है.",Moldova is a multi-ethnic republic that has suffered from ethnic conflict.,"Moldova is a multi-ethnic republic, which has been plagued by ethnic conflict.",49.030470692026626,66.43971752650356,eng_Latn, Moldova is a multi-ethnic republic that has suffered from ethnic conflict.,49.030470692026626,66.43971752650356,0.8828125,0.890625
"Translate the following sentence from Hindi to English:
Q: 1994 में, इस संघर्ष की वजह से पूर्वी माल्डोवा में ट्रांसनिस्ट्रिया गणराज्य के निर्माण घोषणा हुई, जिसकी अपनी सरकार और मुद्रा है लेकिन इसे संयुक्त राष्ट्र के किसी भी सदस्य देश ने मान्यता नहीं दी.
A:","1994 में, इस संघर्ष की वजह से पूर्वी माल्डोवा में ट्रांसनिस्ट्रिया गणराज्य के निर्माण घोषणा हुई, जिसकी अपनी सरकार और मुद्रा है लेकिन इसे संयुक्त राष्ट्र के किसी भी सदस्य देश ने मान्यता नहीं दी.","In 1994, this conflict led to the creation of the self-proclaimed Transnistria Republic in eastern Moldova, which has its own government and currency but is not recognised by any UN member country.","In 1994, the Transnistria Republic was formed in Moldova.",3.176629708926244,22.444154107048643,eng_Latn," In 1994, this conflict led to the creation of the self-proclaimed Transnistria Republic in eastern Moldova, which has its own government and currency but is not recognised by any UN member country.",3.176629708926244,22.444154107048643,14.6875,15.5
"Translate the following sentence from Hindi to English:
Q: राजनीतिक गतिरोध के बावजूद माल्डोवा के इन दो इलाकों में आर्थिक साझेदारी फिर से स्थापित हुई.
A:",राजनीतिक गतिरोध के बावजूद माल्डोवा के इन दो इलाकों में आर्थिक साझेदारी फिर से स्थापित हुई.,Economic links have been re-established between these two parts of Moldova despite the failure in political negotiations.,"Despite political deadlock, economic partnership was re-established in these two areas of Moldova.",21.282560929074485,42.00784008272304,eng_Latn, Economic links have been re-established between these two parts of Moldova despite the failure in political negotiations.,21.282560929074485,42.00784008272304,3.875,3.9375
"Translate the following sentence from Hindi to English:
Q: मोल्दोवा में प्रमुख धर्म रूढ़िवादी ईसाई धर्म है।
A:",मोल्दोवा में प्रमुख धर्म रूढ़िवादी ईसाई धर्म है।,The major religion in Moldova is Orthodox Christian.,The main religion in Moldova is Orthodox Christianity.,48.549177170732335,79.05069251017072,eng_Latn, The major religion in Moldova is Orthodox Christian.,48.549177170732335,79.05069251017072,1.0,0.65625
"Translate the following sentence from Hindi to English:
Q: इज़मिर तुर्की का तीसरा सबसे बड़ा शहर है, जिसकी आबादी लगभग 3.7 मिलियन है, जो इस्तांबुल के बाद दूसरा सबसे बड़ा बंदरगाह है, और एक बहुत अच्छा परिवहन केंद्र है.
A:","इज़मिर तुर्की का तीसरा सबसे बड़ा शहर है, जिसकी आबादी लगभग 3.7 मिलियन है, जो इस्तांबुल के बाद दूसरा सबसे बड़ा बंदरगाह है, और एक बहुत अच्छा परिवहन केंद्र है.","İzmir is the third largest city in Turkey with a population of around 3.7 million, the second biggest port after Istanbul, and a very good transport hub.","Izmir is the third largest city in Turkey, with a population of approximately 3.7 million.",28.077004327906366,48.25099431992305,eng_Latn," İzmir is the third largest city in Turkey with a population of around 3.7 million, the second biggest port after Istanbul, and a very good transport hub.",28.077004327906366,48.25099431992305,10.5625,8.875
"Translate the following sentence from Hindi to English:
Q: एक बार का प्राचीन शहर स्मिर्ना, अब एक आधुनिक, विकसित और व्यस्त व्यवस्या का केन्द्र है, यह एक विशाल खाड़ी के साथ स्थित है और पहाड़ों से चारो ओर से घिरा हुआ है।
A:","एक बार का प्राचीन शहर स्मिर्ना, अब एक आधुनिक, विकसित और व्यस्त व्यवस्या का केन्द्र है, यह एक विशाल खाड़ी के साथ स्थित है और पहाड़ों से चारो ओर से घिरा हुआ है।","Once the ancient city of Smyrna, it is now a modern, developed, and busy commercial center, set around a huge bay and surrounded by mountains.","Once a city, now a town",0.3652242749328612,8.115088791075689,eng_Latn," Once the ancient city of Smyrna, it is now a modern, developed, and busy commercial center, set around a huge bay and surrounded by mountains.",0.3652242749328612,8.115088791075689,23.125,22.625
"Translate the following sentence from Hindi to English:
Q: बड़े-बड़े बुलेवार्ड, ग्लास-फ्रंटेड इमारतों और आधुनिक शॉपिंग सेंटर पारंपरिक लाल टाइल वाली छतों से आच्छादित हैं, 18वीं शताब्दी के बाजार, और पुरानी मस्जिदें और चर्च हैं, हालांकि शहर में पारंपरिक तुर्की की तुलना में भूमध्यसागरीय यूरोप का माहौल अधिक है।
A:","बड़े-बड़े बुलेवार्ड, ग्लास-फ्रंटेड इमारतों और आधुनिक शॉपिंग सेंटर पारंपरिक लाल टाइल वाली छतों से आच्छादित हैं, 18वीं शताब्दी के बाजार, और पुरानी मस्जिदें और चर्च हैं, हालांकि शहर में पारंपरिक तुर्की की तुलना में भूमध्यसागरीय यूरोप का माहौल अधिक है।","The broad boulevards, glass-fronted buildings and modern shopping centers are dotted with traditional red-tiled roofs, the 18th century market, and old mosques and churches, although the city has an atmosphere more of Mediterranean Europe than traditional Turkey.","बड़े-बड़े बुलेवार्ड, ग्लास-फ्रंटेड इमारतों और आधुनिक शॉपिंग सेंटर पारंपरिक लाल टाइल वाली छतों से आच्छादित हैं, 18वीं शताब्दी के बाजार, और पुरानी मस्जिदें और चर्च हैं, हालांकि शहर में पारंपरिक तुर्की की तुलना में भूमध्यसागरीय यूरोप का माहौल अधिक है।",0.8044083687652224,1.6840250183794807,hin_Deva," बड़े-बड़े बुलेवार्ड, ग्लास-फ्रंटेड इमारतों और आधुनिक शॉपिंग सेंटर पारंपरिक लाल टाइल वाली छतों से आच्छादित हैं, 18वीं शताब्दी के बाजार, और पुरानी मस्जिदें और चर्च हैं, हालांकि शहर में पारंपरिक तुर्की की तुलना में भूमध्यसागरीय यूरोप का माहौल अधिक है।",100.00000000000004,100.0,6.5625,10.25
"Translate the following sentence from Hindi to English:
Q: हलडारश्वीक  गाँव से पास के एस्टूरॉय का द्वीप नज़र आता है और इसमें एक असाधारण अष्टकोणीय चर्च है।
A:",हलडारश्वीक  गाँव से पास के एस्टूरॉय का द्वीप नज़र आता है और इसमें एक असाधारण अष्टकोणीय चर्च है।,The village of Haldarsvík offer views of the nearby island Eysturoy and has an unusual octagonal church.,The church is a remarkable octagon.,1.834953280768766,14.367845808754556,eng_Latn, The village of Haldarsvík offer views of the nearby island Eysturoy and has an unusual octagonal church.,1.834953280768766,14.367845808754556,16.25,16.0
"Translate the following sentence from Hindi to English:
Q: चर्च के परिसर में, कुछ कब्रों पर कबूतरों की संगमरमर से बनाई गयी दिलचस्प मूर्तियां हैं।
A:","चर्च के परिसर में, कुछ कब्रों पर कबूतरों की संगमरमर से बनाई गयी दिलचस्प मूर्तियां हैं।","In the churchyard, there are interesting marble sculptures of doves over some tombs.","In the compound of the church, there are some interesting marble sculptures of doves on the graves.",45.359393336810825,69.61446556707347,eng_Latn," In the churchyard, there are interesting marble sculptures of doves over some tombs.",45.359393336810825,69.61446556707347,8.375,4.03125
"Translate the following sentence from Hindi to English:
Q: कुतूहल गाँव में आधे घंटे टहलना समय की हानि नहीं है।
A:",कुतूहल गाँव में आधे घंटे टहलना समय की हानि नहीं है।,It's worth half an hour to stroll about the intriguing village.,It is not a loss of time to walk half an hour in the village.,12.874330508144837,37.860873557839156,eng_Latn, It's worth half an hour to stroll about the intriguing village.,12.874330508144837,37.860873557839156,5.71875,5.3125
"Translate the following sentence from Hindi to English:
Q: उत्तर की ओर और पास ही में सिंट्रा का रोमांटिक और आकर्षक शहर है और जिसे लॉर्ड बायरन द्वारा दर्ज किए गए अपने शानदार कारनामो के बाद विदेशियों के लिए प्रसिद्ध किया गया था।
A:",उत्तर की ओर और पास ही में सिंट्रा का रोमांटिक और आकर्षक शहर है और जिसे लॉर्ड बायरन द्वारा दर्ज किए गए अपने शानदार कारनामो के बाद विदेशियों के लिए प्रसिद्ध किया गया था।,To the north and within easy reach is the romantic and fascinating town of Sintra and which was made famous to foreigners after a glowing account of its splendours recorded by Lord Byron.,उत्तर की ओर और पास ही में सिंट्रा का रोमांटिक और आकर्षक शहर है और जिसे लॉर्ड बायरन द्वारा दर्ज किए गए अपने शानदार कारनामो के बाद विदेशियों के लिए प्रसिद्ध किया गया था।,0.0,0.0,hin_Deva, उत्तर की ओर और पास ही में सिंट्रा का रोमांटिक और आकर्षक शहर है और जिसे लॉर्ड बायरन द्वारा दर्ज किए गए अपने शानदार कारनामो के बाद विदेशियों के लिए प्रसिद्ध किया गया था।,100.00000000000004,100.0,22.625,17.75
"Translate the following sentence from Hindi to English:
Q: स्कॉटो बस 403, हर दिन काबो दा रोका पर रुकते हुए सिंतरा जाती है.
A:","स्कॉटो बस 403, हर दिन काबो दा रोका पर रुकते हुए सिंतरा जाती है.","Scotturb Bus 403 travels regularly to Sintra, stopping at Cabo da Roca.",Scotsman bus 403 stops at Kabo da Roka every day.,4.4857451372357415,21.539932389796785,eng_Latn," Scotturb Bus 403 travels regularly to Sintra, stopping at Cabo da Roca.",4.4857451372357415,21.539932389796785,7.0,11.375
"Translate the following sentence from Hindi to English:
Q: उत्तर की ओर हमारी महान आवर लेडी ऑफ़ फातिमा (श्राइन) अभ्यारण्य की भी यात्रा करे , दुनिया भर में प्रसिद्ध एक जगह जहा मैरिएन दिखाई देते हैं।
A:","उत्तर की ओर हमारी महान आवर लेडी ऑफ़ फातिमा (श्राइन) अभ्यारण्य की भी यात्रा करे , दुनिया भर में प्रसिद्ध एक जगह जहा मैरिएन दिखाई देते हैं।","Also to the north visit the great Sanctuary of Our Lady of Fatima (Shrine), a place of worldwide famous Marian apparitions.",Our great Our Lady of Fatima Shrine is located in the north.,11.38019905458077,29.28068582267184,eng_Latn," Also to the north visit the great Sanctuary of Our Lady of Fatima (Shrine), a place of worldwide famous Marian apparitions.",11.38019905458077,29.28068582267184,15.5,13.5
"Translate the following sentence from Hindi to English:
Q: कृपया याद रखें कि आप एक तरह से एक सामूहिक कब्र स्थल पर जा रहे हैं, साथ ही साथ एक ऐसा स्थल भी जिसका दुनिया की आबादी के एक महत्वपूर्ण हिस्से के हिसाब से असंख्य अर्थ हैं।
A:","कृपया याद रखें कि आप एक तरह से एक सामूहिक कब्र स्थल पर जा रहे हैं, साथ ही साथ एक ऐसा स्थल भी जिसका दुनिया की आबादी के एक महत्वपूर्ण हिस्से के हिसाब से असंख्य अर्थ हैं।","Please remember that you are essentially visiting a mass grave site, as well as a site that has an almost incalculable meaning to a significant portion of the world's population.",Please remember that you are going to a place where many people have been buried.,6.580833052846017,24.838494325595146,eng_Latn," Please remember that you are essentially visiting a mass grave site, as well as a site that has an almost incalculable meaning to a significant portion of the world's population.",6.580833052846017,24.838494325595146,8.6875,10.4375
"Translate the following sentence from Hindi to English:
Q: यहूदी और गैर-यहूदी की तरह, अभी भी ऐसे कई पुरुष और महिलाएं जीवित हैं जो उस समय बचने में सफल रहे और कई जिनके प्रियजनों को मार दिया गया या उनके मरने तक उनसे काम करवाया गया.
A:","यहूदी और गैर-यहूदी की तरह, अभी भी ऐसे कई पुरुष और महिलाएं जीवित हैं जो उस समय बचने में सफल रहे और कई जिनके प्रियजनों को मार दिया गया या उनके मरने तक उनसे काम करवाया गया.","There are still many men and women alive who survived their time here, and many more who had loved ones who were murdered or worked to death there, Jews and non-Jews alike.","Just as there were many men and women who survived, there were also many who were killed or worked to death.",14.288871800974588,40.72264049710384,eng_Latn," There are still many men and women alive who survived their time here, and many more who had loved ones who were murdered or worked to death there, Jews and non-Jews alike.",14.288871800974588,40.72264049710384,10.75,11.1875
"Translate the following sentence from Hindi to English:
Q: कृपया इस जगह का सम्मान करें, अपने व्यवहार में गंभीरता रखें और इससे वही सम्मान दें जिसकी यह हकदार है. होलोकास्ट या नाज़ी लोगों के बारे में मज़ाक न करें.
A:","कृपया इस जगह का सम्मान करें, अपने व्यवहार में गंभीरता रखें और इससे वही सम्मान दें जिसकी यह हकदार है. होलोकास्ट या नाज़ी लोगों के बारे में मज़ाक न करें.","Please treat the site with all of the dignity, solemnity and respect it deserves. Do not make jokes about the Holocaust or Nazis.","Please respect this place, be serious in your behavior and give the same respect to this place as it deserves. Do not make fun of the Holocaust or the Nazis.",29.058572949157327,49.15760713676241,eng_Latn," Please treat the site with all of the dignity, solemnity and respect it deserves. Do not make jokes about the Holocaust or Nazis.",29.058572949157327,49.15760713676241,0.49609375,0.54296875
"Translate the following sentence from Hindi to English:
Q: चीज़ों पर कुछ बनाकर या खरोंच कर इस जगह को नुक़सान न पहुँचाएँ.
A:",चीज़ों पर कुछ बनाकर या खरोंच कर इस जगह को नुक़सान न पहुँचाएँ.,Do not deface the site by marking or scratching graffiti into structures.,Do not damage this place by making or scratching things on it.,16.102642769112478,38.497312549114056,eng_Latn, Do not deface the site by marking or scratching graffiti into structures.,16.102642769112478,38.497312549114056,2.765625,3.765625
"Translate the following sentence from Hindi to English:
Q: बार्सिलोना की आधिकारिक भाषाएँ कातलान और स्पेनिश हैं. लगभग आधे लोग कातलान बोलना पसंद करते हैं, एक बहुत बड़ी जनसंख्या में लोग इसे समझते हैं, और लगभग हर कोई स्पेनिश जानता है.
A:","बार्सिलोना की आधिकारिक भाषाएँ कातलान और स्पेनिश हैं. लगभग आधे लोग कातलान बोलना पसंद करते हैं, एक बहुत बड़ी जनसंख्या में लोग इसे समझते हैं, और लगभग हर कोई स्पेनिश जानता है.","Barcelona's official languages are Catalan and Spanish. About a half prefer to speak Catalan, a vast majority understands it, and virtually everyone knows Spanish.",The official languages of Barcelona are Catalan and Spanish.,6.609097757592071,31.54180408186309,eng_Latn," Barcelona's official languages are Catalan and Spanish. About a half prefer to speak Catalan, a vast majority understands it, and virtually everyone knows Spanish.",6.609097757592071,31.54180408186309,16.75,15.6875
"Translate the following sentence from Hindi to English:
Q: हालाँकि, ज़्यादातर संकेत सिर्फ़ कैटलन में ही इंगित किए जाते हैं, क्योंकि यह कानूनन वहाँ की पहली आधिकारिक भाषा है.
A:","हालाँकि, ज़्यादातर संकेत सिर्फ़ कैटलन में ही इंगित किए जाते हैं, क्योंकि यह कानूनन वहाँ की पहली आधिकारिक भाषा है.","However, most signs are indicated only in Catalan because it is established by law as the first official language.","However, most signs are in Catalan, because it is the official language of Catalonia.",28.11928492521448,56.99354929744405,eng_Latn," However, most signs are indicated only in Catalan because it is established by law as the first official language.",28.11928492521448,56.99354929744405,2.046875,3.421875
"Translate the following sentence from Hindi to English:
Q: हाँ, सार्वजनिक परिवहन और अन्य कार्यालयों में भी स्पेनिश व्यापक रूप से इस्तेमाल की जाती है.
A:","हाँ, सार्वजनिक परिवहन और अन्य कार्यालयों में भी स्पेनिश व्यापक रूप से इस्तेमाल की जाती है.","Yet, Spanish is also widely used in public transport and other facilities.","Yes, Spanish is also widely used in public transport and other offices.",73.67565054628355,80.96448494212156,eng_Latn," Yet, Spanish is also widely used in public transport and other facilities.",73.67565054628355,80.96448494212156,2.9375,4.03125
"Translate the following sentence from Hindi to English:
Q: मेट्रो में नियमित घोषणाएँ केवल कैटलन में की जाती हैं, लेकिन स्पेनिश, अंग्रेजी, फ्रेंच, अरबी और जापानी सहित विभिन्न भाषाओं में एक स्वचालित प्रणाली द्वारा अनियोजित अवरोधों की घोषणा की जाती है।
A:","मेट्रो में नियमित घोषणाएँ केवल कैटलन में की जाती हैं, लेकिन स्पेनिश, अंग्रेजी, फ्रेंच, अरबी और जापानी सहित विभिन्न भाषाओं में एक स्वचालित प्रणाली द्वारा अनियोजित अवरोधों की घोषणा की जाती है।","Regular announcements in the Metro are made only in Catalan, but unplanned disruptions are announced by an automated system in a wide variety of languages including Spanish, English, French, Arabic and Japanese.",The automatic system announces the delays in the following languages:,0.7263326602058318,16.391201356097152,eng_Latn," Regular announcements in the Metro are made only in Catalan, but unplanned disruptions are announced by an automated system in a wide variety of languages including Spanish, English, French, Arabic and Japanese.",0.7263326602058318,16.391201356097152,16.5,18.0
"Translate the following sentence from Hindi to English:
Q: ऐसा माना जाता है कि पेरिस के निवासी अहंकारी, असभ्य और अभिमानी होते हैं।
A:","ऐसा माना जाता है कि पेरिस के निवासी अहंकारी, असभ्य और अभिमानी होते हैं।","Parisians have a reputation for being egocentric, rude and arrogant.","It is believed that the residents of Paris are arrogant, uncivilized and boastful.",4.5672118332822365,25.384873962468923,eng_Latn," Parisians have a reputation for being egocentric, rude and arrogant.",4.5672118332822365,25.384873962468923,1.609375,2.421875
"Translate the following sentence from Hindi to English:
Q: हालांकि यह अक्सर केवल एक गलत रूढ़िवादी धारणा होती है, पेरिस में घुलने-मिलने का सबसे अच्छा तरीका अभी भी अपना सबसे अच्छा व्यवहार करना है, किसी ऐसे व्यक्ति की तरह अभिनय करना जो “बिएन एलेव” (अच्छी तरह से पला-बढ़ा) हो। यह घुलने-मिलने को काफी आसान बना देगा।
A:","हालांकि यह अक्सर केवल एक गलत रूढ़िवादी धारणा होती है, पेरिस में घुलने-मिलने का सबसे अच्छा तरीका अभी भी अपना सबसे अच्छा व्यवहार करना है, किसी ऐसे व्यक्ति की तरह अभिनय करना जो “बिएन एलेव” (अच्छी तरह से पला-बढ़ा) हो। यह घुलने-मिलने को काफी आसान बना देगा।","While this is often only an inaccurate stereotype, the best way to get along in Paris still is to be on your best behavior, acting like someone who is ""bien élevé"" (well brought up). It will make getting about considerably easier.","Although this is often only a false stereotype, the best way to blend in is to act like a “bien élevé” (well-bred) person.",17.358935168800127,32.07600642034864,eng_Latn," While this is often only an inaccurate stereotype, the best way to get along in Paris still is to be on your best behavior, acting like someone who is ""bien élevé"" (well brought up). It will make getting about considerably easier.",17.358935168800127,32.07600642034864,7.28125,6.5625
"Translate the following sentence from Hindi to English:
Q: अगर आप कुछ सामान्य शिष्टाचार दिखाते हैं, तो पेरिस से बाहर के लोग तेजी से गायब हो जाएँगे.
A:","अगर आप कुछ सामान्य शिष्टाचार दिखाते हैं, तो पेरिस से बाहर के लोग तेजी से गायब हो जाएँगे.",Parisians' abrupt exteriors will rapidly evaporate if you display some basic courtesies.,"If you show some common courtesy, the people outside Paris will disappear quickly.",2.2655482624513295,23.150821005922612,eng_Latn, Parisians' abrupt exteriors will rapidly evaporate if you display some basic courtesies.,2.2655482624513295,23.150821005922612,2.09375,5.8125
"Translate the following sentence from Hindi to English:
Q: प्लिटवाइस नेशनल पार्क घने जंगल से घिरा है, जहाँ मुख्य रूप से बीच, स्प्रूस और फ़र के पेड़ लगे हुए हैं, और यहां अल्पाइन और भूमध्य वनस्पति मिलती हैं.
A:","प्लिटवाइस नेशनल पार्क घने जंगल से घिरा है, जहाँ मुख्य रूप से बीच, स्प्रूस और फ़र के पेड़ लगे हुए हैं, और यहां अल्पाइन और भूमध्य वनस्पति मिलती हैं.","The Plitvice Lakes national park is heavily forested, mainly with beech, spruce, and fir trees, and features a mixture of Alpine and Mediterranean vegetation.","The Plitvice Lakes National Park is surrounded by dense forests, where the main trees are beech, spruce, and fir.",29.829982670503558,39.98625278649903,eng_Latn," The Plitvice Lakes national park is heavily forested, mainly with beech, spruce, and fir trees, and features a mixture of Alpine and Mediterranean vegetation.",29.829982670503558,39.98625278649903,6.3125,5.375
"Translate the following sentence from Hindi to English:
Q: इसकी सूक्ष्म जलवायु श्रेणी श्रृंखलाओं, भिन्न मिट्टियों और ऊँचाई के विभिन्न स्तरों के कारण इसमें व्यापक वनस्पति विविधता है।
A:","इसकी सूक्ष्म जलवायु श्रेणी श्रृंखलाओं, भिन्न मिट्टियों और ऊँचाई के विभिन्न स्तरों के कारण इसमें व्यापक वनस्पति विविधता है।","It has a notably wide variety of plant communities, due to its range of microclimates, differing soils and varying levels of altitude.","Its microclimate is due to the variation in altitude, soil and climate.",5.216594479250967,24.807921070758685,eng_Latn," It has a notably wide variety of plant communities, due to its range of microclimates, differing soils and varying levels of altitude.",5.216594479250967,24.807921070758685,11.1875,10.6875
"Translate the following sentence from Hindi to English:
Q: यह क्षेत्र पशु और पक्षी प्रजातियों की एक बहुत व्यापक किस्मों का आवास है।
A:",यह क्षेत्र पशु और पक्षी प्रजातियों की एक बहुत व्यापक किस्मों का आवास है।,The area is also home to an extremely wide variety of animal and bird species.,This area is a habitat for a very wide variety of animals and birds.,12.51723443026766,45.90458602919048,eng_Latn, The area is also home to an extremely wide variety of animal and bird species.,12.51723443026766,45.90458602919048,1.5390625,1.7734375
"Translate the following sentence from Hindi to English:
Q: कई सामान्य प्रजातियों के साथ ही, यहाँ दुलर्भ जीव-जंतु जैसे कि यूरोपीय भूरा भालू, भेड़िया, ईगल, उल्लू, वनबिलाव, जंगली बिल्ली और कैपरकैलिली भी मिल सकते हैं.
A:","कई सामान्य प्रजातियों के साथ ही, यहाँ दुलर्भ जीव-जंतु जैसे कि यूरोपीय भूरा भालू, भेड़िया, ईगल, उल्लू, वनबिलाव, जंगली बिल्ली और कैपरकैलिली भी मिल सकते हैं.","Rare fauna such as the European brown bear, wolf, eagle, owl, lynx, wild cat and capercaillie can be found there, along with many more common species","Along with many common species, here are also rare species like European brown bear, wolf, eagle, owl, wild cat, etc.",37.36346727377297,53.92582721257349,eng_Latn," Rare fauna such as the European brown bear, wolf, eagle, owl, lynx, wild cat and capercaillie can be found there, along with many more common species",37.36346727377297,53.92582721257349,7.0,6.1875
"Translate the following sentence from Hindi to English:
Q: मठों में जाते समय महिलाओं को अपने घुटनों को ढकने के लिए स्कर्ट्स पहनने की ज़रूरत होती है और उन्हें अपने कंधों को भी ढकना होता है.
A:",मठों में जाते समय महिलाओं को अपने घुटनों को ढकने के लिए स्कर्ट्स पहनने की ज़रूरत होती है और उन्हें अपने कंधों को भी ढकना होता है.,"While visiting the monasteries, women are required to wear skirts covering the knees and have their shoulders covered, too.","When women go to the temple, they have to wear a scarf and cover their heads.",3.3052607825145826,23.41984229607608,eng_Latn," While visiting the monasteries, women are required to wear skirts covering the knees and have their shoulders covered, too.",3.3052607825145826,23.41984229607608,10.0,10.5
"Translate the following sentence from Hindi to English:
Q: अधिकांश मठों में बिना तैयारी के आने वाली महिलाओं के लिए सिर पर लपेटने का कपडा उपलब्ध कराया जाता है, लेकिन अगर आप अपना, विशेष रूप से चमकीले रंग का कपड़ा लाते हैं, तो आपको प्रवेश द्वार पर साधु या नन से एक प्यारी सी मुस्कान मिलेगी।
A:","अधिकांश मठों में बिना तैयारी के आने वाली महिलाओं के लिए सिर पर लपेटने का कपडा उपलब्ध कराया जाता है, लेकिन अगर आप अपना, विशेष रूप से चमकीले रंग का कपड़ा लाते हैं, तो आपको प्रवेश द्वार पर साधु या नन से एक प्यारी सी मुस्कान मिलेगी।","Most of the monasteries do provide wraps for women who come unprepared, but if you bring your own, especially one with bright colors, you'll get a smile from the monk or nun at the entrance.","Most monasteries provide a scarf for women to cover their heads, but if you bring your own, especially a bright colored scarf, you will be given a smile at the entrance.",29.53999651816366,52.73952550912397,eng_Latn," Most of the monasteries do provide wraps for women who come unprepared, but if you bring your own, especially one with bright colors, you'll get a smile from the monk or nun at the entrance.",29.53999651816366,52.73952550912397,4.5,1.9609375
"Translate the following sentence from Hindi to English:
Q: इसी तरह, पुरुषों के लिए घुटनों को ढँकने वाले ट्राउज़र पहनना ज़रूरी है.
A:","इसी तरह, पुरुषों के लिए घुटनों को ढँकने वाले ट्राउज़र पहनना ज़रूरी है.","Along the same line, men are required to wear trousers covering the knees.",Men should wear trousers that cover their knees.,17.110187425008153,31.194133589272848,eng_Latn," Along the same line, men are required to wear trousers covering the knees.",17.110187425008153,31.194133589272848,2.8125,4.28125
"Translate the following sentence from Hindi to English:
Q: इसे प्रवेश द्वार पर रखे स्टॉक से भी लिया जा सकता है लेकिन उन कपड़ों को हर इस्तेमाल के बाद धोया नहीं जाता है इसलिए शायद आपको ये स्कर्ट पहनना सुविधाजनक न लगे. पुरुषों के लिए एक ही साइज़ उपलब्ध है.
A:",इसे प्रवेश द्वार पर रखे स्टॉक से भी लिया जा सकता है लेकिन उन कपड़ों को हर इस्तेमाल के बाद धोया नहीं जाता है इसलिए शायद आपको ये स्कर्ट पहनना सुविधाजनक न लगे. पुरुषों के लिए एक ही साइज़ उपलब्ध है.,This too can be borrowed from the stock at the entrance but that clothing isn't washed after every user so you may not feel comfortable wearing these skirts. One size fits all for men!,"It can be taken from the stock at the entrance, but the clothes are not washed after each use.",14.101215717725726,33.87664342098134,eng_Latn, This too can be borrowed from the stock at the entrance but that clothing isn't washed after every user so you may not feel comfortable wearing these skirts. One size fits all for men!,14.101215717725726,33.87664342098134,15.6875,9.875
"Translate the following sentence from Hindi to English:
Q: मेजरकेन खाना, भूमध्य सागर में समान क्षेत्रों की तरह, रोटी, सब्जियों और मांस (विशेष रूप से सूअर का मांस) पर आधारित है, और जैतून के तेल का उपयोग करता है।
A:","मेजरकेन खाना, भूमध्य सागर में समान क्षेत्रों की तरह, रोटी, सब्जियों और मांस (विशेष रूप से सूअर का मांस) पर आधारित है, और जैतून के तेल का उपयोग करता है।","Majorcan cuisine, like that of similar zones in the Mediterranean, is based on bread, vegetables and meat (specially pork), and uses olive oil throughout.","Majorcan cuisine is based on the Mediterranean diet, which is rich in vegetables, fruits, and olive oil.",12.472361971022782,42.55736154433952,eng_Latn," Majorcan cuisine, like that of similar zones in the Mediterranean, is based on bread, vegetables and meat (specially pork), and uses olive oil throughout.",12.472361971022782,42.55736154433952,6.96875,5.96875
"Translate the following sentence from Hindi to English:
Q: एक सामान्य लोकप्रिय डिनर, विशेष रूप से गर्मी के मौसम में, पा एम्बे ओली है: ब्रेड के साथ ऑलिव ऑयल, टमाटर, और कोई भी उपलब्ध रुचिकर सामग्री जैसे पनीर, ट्यूना मछली आदि।
A:","एक सामान्य लोकप्रिय डिनर, विशेष रूप से गर्मी के मौसम में, पा एम्बे ओली है: ब्रेड के साथ ऑलिव ऑयल, टमाटर, और कोई भी उपलब्ध रुचिकर सामग्री जैसे पनीर, ट्यूना मछली आदि।","A simple popular dinner, especially during the summer, is the Pa amb Oli: Bread with olive oil, tomato, and any available condiments such as cheese, tunafish, etc.","A common popular dinner, especially in the summer season, is a salad.",4.745618863948815,27.711965346432326,eng_Latn," A simple popular dinner, especially during the summer, is the Pa amb Oli: Bread with olive oil, tomato, and any available condiments such as cheese, tunafish, etc.",4.745618863948815,27.711965346432326,16.125,15.9375
"Translate the following sentence from Hindi to English:
Q: साई के साथ-साथ सभी संज्ञा शब्द हमेशा अंग्रेज़ी के बड़े अक्षर से ही शुरू होते हैं, भले ही वे वाक्य के बीच में ही क्यों न हों.
A:","साई के साथ-साथ सभी संज्ञा शब्द हमेशा अंग्रेज़ी के बड़े अक्षर से ही शुरू होते हैं, भले ही वे वाक्य के बीच में ही क्यों न हों.","All nouns, alongside the word Sie for you, always begin with a capital letter, even in the middle of a sentence.",The word 'all' is not used in the sentence.,2.90171858095224,18.39517707001451,eng_Latn," All nouns, alongside the word Sie for you, always begin with a capital letter, even in the middle of a sentence.",2.90171858095224,18.39517707001451,22.875,22.0
"Translate the following sentence from Hindi to English:
Q: यह कुछ क्रियाओं और विषय के बीच अंतर करने का एक महत्वपूर्ण तरीका है।
A:",यह कुछ क्रियाओं और विषय के बीच अंतर करने का एक महत्वपूर्ण तरीका है।,This is an important way to distinguish between some verbs and objects.,This is a very important way to differentiate between the subject and the verb.,12.874330508144837,48.21492377112273,eng_Latn, This is an important way to distinguish between some verbs and objects.,12.874330508144837,48.21492377112273,2.09375,1.90625
"Translate the following sentence from Hindi to English:
Q: यह यकीनन पढ़ने को आसान बनाता है, हालांकि यह पता लगाने की आवश्यकता से लिखना कंही ज्यादा मुश्किल है कि क्या एक क्रिया या विशेषण का उपयोग सही ढंग से किया गया है।
A:","यह यकीनन पढ़ने को आसान बनाता है, हालांकि यह पता लगाने की आवश्यकता से लिखना कंही ज्यादा मुश्किल है कि क्या एक क्रिया या विशेषण का उपयोग सही ढंग से किया गया है।","It also arguably makes reading easier, though writing is somewhat complicated by the need to find out whether a verb or adjective is used in a substantivized form.",It is certainly easier to read than to write.,0.34525173995496794,11.083653582295032,eng_Latn," It also arguably makes reading easier, though writing is somewhat complicated by the need to find out whether a verb or adjective is used in a substantivized form.",0.34525173995496794,11.083653582295032,12.0625,12.25
"Translate the following sentence from Hindi to English:
Q: इतालवी भाषा में उच्चारण करना तुलनात्मक रूप से आसान है क्योंकि ज़्यादातर शब्दों का उच्चारण वैसे ही किया जाता है जैसे उन्हें लिखा जाता है
A:",इतालवी भाषा में उच्चारण करना तुलनात्मक रूप से आसान है क्योंकि ज़्यादातर शब्दों का उच्चारण वैसे ही किया जाता है जैसे उन्हें लिखा जाता है,Pronunciation is relatively easy in Italian since most words are pronounced exactly how they are written,It is easier to pronounce words in Italian than in Hindi because the pronunciation of words is similar to the way they are written.,7.987276352377329,43.77743207500204,eng_Latn, Pronunciation is relatively easy in Italian since most words are pronounced exactly how they are written,7.987276352377329,43.77743207500204,8.25,9.75
"Translate the following sentence from Hindi to English:
Q: ध्यान रखने वाले मुख्य वर्ण c और g है, चूँकि उनका उच्चारण निम्न स्वर के आधार पर भिन्न होता है.
A:","ध्यान रखने वाले मुख्य वर्ण c और g है, चूँकि उनका उच्चारण निम्न स्वर के आधार पर भिन्न होता है.","The main letters to watch out for are c and g, since their pronunciation varies based on the following vowel.","The main vowels are a, i, u, e, o, and a.",3.982231906397001,14.777075209802499,eng_Latn," The main letters to watch out for are c and g, since their pronunciation varies based on the following vowel.",3.982231906397001,14.777075209802499,19.25,19.25
"Translate the following sentence from Hindi to English:
Q: साथ ही, r और rr का अलग-अलग तरीके से ही करें: caro का मतलब है प्रिय, जबकि carro का मतलब है रथ.
A:","साथ ही, r और rr का अलग-अलग तरीके से ही करें: caro का मतलब है प्रिय, जबकि carro का मतलब है रथ.","Also, make sure to pronounce r and rr differently: caro means dear, whereas carro means chariot.",Both are correct.,0.06528036073093087,4.825477212423462,eng_Latn," Also, make sure to pronounce r and rr differently: caro means dear, whereas carro means chariot.",0.06528036073093087,4.825477212423462,13.25,22.875
"Translate the following sentence from Hindi to English:
Q: फारसी में ज्यादातर सरल और नियमित व्याकरण है।
A:",फारसी में ज्यादातर सरल और नियमित व्याकरण है।,Persian has a relatively easy and mostly regular grammar.,Persian has a simple and regular grammar.,40.084360380296616,54.37106052331714,eng_Latn, Persian has a relatively easy and mostly regular grammar.,40.084360380296616,54.37106052331714,2.734375,1.453125
"Translate the following sentence from Hindi to English:
Q: इसलिए, व्याकरण की इस प्रथम पुस्तक को पढ़ने से आपको फारसी व्याकरण के बारे में बहुत कुछ जानने और वाक्यांशों को बेहतर ढंग से समझने में मदद मिलेगी।
A:","इसलिए, व्याकरण की इस प्रथम पुस्तक को पढ़ने से आपको फारसी व्याकरण के बारे में बहुत कुछ जानने और वाक्यांशों को बेहतर ढंग से समझने में मदद मिलेगी।","Therefore, reading this grammar primer would help you learn much about Persian grammar and understand phrases better.","Therefore, this book will help you learn a lot about the grammar of Hindi.",9.062193049805316,32.33620720209029,eng_Latn," Therefore, reading this grammar primer would help you learn much about Persian grammar and understand phrases better.",9.062193049805316,32.33620720209029,13.1875,12.375
"Translate the following sentence from Hindi to English:
Q: यह कहने की कोई ज़रूरत नहीं कि यदि आप रोमांस लैंग्वेज़ जानते हैं, तो आपके लिए पुर्तगाली सीखना आसान होगा.
A:","यह कहने की कोई ज़रूरत नहीं कि यदि आप रोमांस लैंग्वेज़ जानते हैं, तो आपके लिए पुर्तगाली सीखना आसान होगा.","Needless to say, if you know a Romance language, it will be easier for you to learn Portuguese.","It is not necessary to say that if you know romance languages, then it is easy to learn Portuguese.",23.16330492047301,49.8013764557864,eng_Latn," Needless to say, if you know a Romance language, it will be easier for you to learn Portuguese.",23.16330492047301,49.8013764557864,1.8359375,2.71875
"Translate the following sentence from Hindi to English:
Q: हालांकि, जो लोग थोड़ी स्पेनिश जानते हैं वे इससे सहमत हैं कि पुर्तगाली, स्पेनिश के इतने समान है की इसे अलग से अध्ययन करने की आवश्यकता नहीं है।
A:","हालांकि, जो लोग थोड़ी स्पेनिश जानते हैं वे इससे सहमत हैं कि पुर्तगाली, स्पेनिश के इतने समान है की इसे अलग से अध्ययन करने की आवश्यकता नहीं है।","However, people who know a little Spanish may hastily conclude that Portuguese is close enough that it need not be studied separately.","Although, those who know a little Spanish agree that Portuguese is so similar to Spanish that it does not need to be studied separately.",38.27302770836541,58.24433651821303,eng_Latn," However, people who know a little Spanish may hastily conclude that Portuguese is close enough that it need not be studied separately.",38.27302770836541,58.24433651821303,0.859375,1.1875
"Translate the following sentence from Hindi to English:
Q: आधुनिक काल से पहले की वेधशालाएँ आजकल आम तौर पर पुरानी हो चुकी हैं और उन्हें संग्रहालयों या शैक्षणिक स्थानों की तरह रखा जाता है.
A:",आधुनिक काल से पहले की वेधशालाएँ आजकल आम तौर पर पुरानी हो चुकी हैं और उन्हें संग्रहालयों या शैक्षणिक स्थानों की तरह रखा जाता है.,"Pre-modern observatories are usually obsolete today, and remain as museums, or sites of education.",The observatories of the modern era are no longer in use.,3.599714065959926,23.60034200947662,eng_Latn," Pre-modern observatories are usually obsolete today, and remain as museums, or sites of education.",3.599714065959926,23.60034200947662,14.5625,11.5625
"Translate the following sentence from Hindi to English:
Q: चूँकि उनकी शुरुआती दिनों में प्रकाश प्रदूषण आज की तरह की समस्या नहीं थी, वे आमतौर पर शहरों में या परिसरों में स्थित हैं, जहाँ आधुनिक समय में निर्मित जगहों की तुलना में पहुँचना आसान होता हैं।
A:","चूँकि उनकी शुरुआती दिनों में प्रकाश प्रदूषण आज की तरह की समस्या नहीं थी, वे आमतौर पर शहरों में या परिसरों में स्थित हैं, जहाँ आधुनिक समय में निर्मित जगहों की तुलना में पहुँचना आसान होता हैं।","As light pollution in their heyday was not the kind of problem it is today, they are usually located in cities or at campuses, easier to reach than those built in modern times.","Because of the lack of light pollution, they are located in the city or in the countryside.",6.595693818876262,26.797426584502343,eng_Latn," As light pollution in their heyday was not the kind of problem it is today, they are usually located in cities or at campuses, easier to reach than those built in modern times.",6.595693818876262,26.797426584502343,15.0,12.1875
"Translate the following sentence from Hindi to English:
Q: अधिकांश आधुनिक अनुसंधान दूरबीनों में अनुकूल वायुमंडलीय परिस्थितियों के साथ दूरदराज के क्षेत्रों में काम करने के लिए बहुत सुविधाएँ हैं.
A:",अधिकांश आधुनिक अनुसंधान दूरबीनों में अनुकूल वायुमंडलीय परिस्थितियों के साथ दूरदराज के क्षेत्रों में काम करने के लिए बहुत सुविधाएँ हैं.,Most modern research telescopes are enormous facilities in remote areas with favorable atmospheric conditions.,Most modern research telescopes have a lot of features for working in remote areas with good atmospheric conditions.,46.245194932532264,66.25636482803608,eng_Latn, Most modern research telescopes are enormous facilities in remote areas with favorable atmospheric conditions.,46.245194932532264,66.25636482803608,1.796875,2.953125
"Translate the following sentence from Hindi to English:
Q: चेरी ब्लॉसम देखना हनामी कहलाता है, ये 8वीं सदी से जापानी संस्कृति का एक हिस्सा है.
A:","चेरी ब्लॉसम देखना हनामी कहलाता है, ये 8वीं सदी से जापानी संस्कृति का एक हिस्सा है.","Cherry blossom viewing, known as hanami, has been a part of Japanese culture since the 8th century.",Cherry blossom is a symbol of spring in Japan.,11.964691478965165,22.350021056066076,eng_Latn," Cherry blossom viewing, known as hanami, has been a part of Japanese culture since the 8th century.",11.964691478965165,22.350021056066076,14.0,11.1875
"Translate the following sentence from Hindi to English:
Q: यह अवधारणा चीन से आई थी जहाँ बेर के फूल पसंदीदा फूल होते थे।
A:",यह अवधारणा चीन से आई थी जहाँ बेर के फूल पसंदीदा फूल होते थे।,The concept came from China where plum blossoms were the flower of choice.,This concept came from China where the flower was the symbol of the Chinese Communist Party.,26.801651563557787,55.04802863808925,eng_Latn, The concept came from China where plum blossoms were the flower of choice.,26.801651563557787,55.04802863808925,8.375,6.9375
"Translate the following sentence from Hindi to English:
Q: जापान में, पहले चेरी ब्लॉसम पार्टियों को सम्राट द्वारा केवल खुद और अपने खास समुदायों के अन्य सदस्यों के लिए इंपीरियल न्यायालय के आसपास होस्ट किया जाता था।
A:","जापान में, पहले चेरी ब्लॉसम पार्टियों को सम्राट द्वारा केवल खुद और अपने खास समुदायों के अन्य सदस्यों के लिए इंपीरियल न्यायालय के आसपास होस्ट किया जाता था।","In Japan, the first cherry blossom parties were hosted by the emperor only for himself and other members of the aristocracy around the Imperial Court.","In Japan, cherry blossom parties are called hanami.",10.202210314963983,24.395582463573735,eng_Latn," In Japan, the first cherry blossom parties were hosted by the emperor only for himself and other members of the aristocracy around the Imperial Court.",10.202210314963983,24.395582463573735,13.75,10.4375
"Translate the following sentence from Hindi to English:
Q: प्राकृतिक वातावरण में पौधे सबसे अच्छे दिखते हैं, इसलिए “सिर्फ एक” नमूने को भी हटाने के प्रलोभन को रोकें.
A:","प्राकृतिक वातावरण में पौधे सबसे अच्छे दिखते हैं, इसलिए “सिर्फ एक” नमूने को भी हटाने के प्रलोभन को रोकें.","Plants look their best when in a natural environment, so resist the temptation to remove even ""just one"" specimen.",The temptation to remove a single sample from the natural environment is the most difficult to resist.,16.264816222961098,43.59364292950026,eng_Latn," Plants look their best when in a natural environment, so resist the temptation to remove even ""just one"" specimen.",16.264816222961098,43.59364292950026,9.125,9.0625
"Translate the following sentence from Hindi to English:
Q: अगर आप किसी औपचारिक रूप से व्यवस्थित बगीचे में जाते हैं, तो वहां से “नमूने” इकट्ठे करने पर भी आपको बिना किसी चर्चा के बाहर निकाल दिया जाता है.
A:","अगर आप किसी औपचारिक रूप से व्यवस्थित बगीचे में जाते हैं, तो वहां से “नमूने” इकट्ठे करने पर भी आपको बिना किसी चर्चा के बाहर निकाल दिया जाता है.","If visiting a formally arranged garden, collecting ""specimens"" is also going to get you ejected, without discussion.","If you go to a formal garden, you will be asked to sign a disclaimer.",3.103984996077148,20.76832298320607,eng_Latn," If visiting a formally arranged garden, collecting ""specimens"" is also going to get you ejected, without discussion.",3.103984996077148,20.76832298320607,13.0,12.75
"Translate the following sentence from Hindi to English:
Q: आम तौर पर सिंगापुर रहने के लिए काफ़ी सुरक्षित जगह है. आप यहाँ आसानी से नेविगेट कर सकते हैं और यहाँ आने के बाद लगभग हर चीज़ खरीद सकते हैं.
A:",आम तौर पर सिंगापुर रहने के लिए काफ़ी सुरक्षित जगह है. आप यहाँ आसानी से नेविगेट कर सकते हैं और यहाँ आने के बाद लगभग हर चीज़ खरीद सकते हैं.,"Singapore is generally an extremely safe place to be and very easy to navigate, and you can buy almost anything after arriving.","Generally, Singapore is a safe place to live. You can easily navigate and buy almost everything.",9.666038999671365,44.727898368756996,eng_Latn," Singapore is generally an extremely safe place to be and very easy to navigate, and you can buy almost anything after arriving.",9.666038999671365,44.727898368756996,1.9453125,2.140625
"Translate the following sentence from Hindi to English:
Q: लेकिन भूमध्य रेखा के कुछ ही डिग्री उत्तर में मौजूद “अत्यधिक उष्णकटिबंध” में होने की वजह से, आपको गर्मी (हमेशा) और तेज़ धूप (जब आसमान साफ़ हो, जो कि ज़्यादातर होता है) का सामना करना पड़ेगा.
A:","लेकिन भूमध्य रेखा के कुछ ही डिग्री उत्तर में मौजूद “अत्यधिक उष्णकटिबंध” में होने की वजह से, आपको गर्मी (हमेशा) और तेज़ धूप (जब आसमान साफ़ हो, जो कि ज़्यादातर होता है) का सामना करना पड़ेगा.","But being placed in the ""high tropics"" just a few degrees north of equator you will need to deal with both heat (always) and strong sun (when the sky is clear, more rarely).","But in the “very hot” region, you will have to face the heat (always) and the sun (when it is clear).",16.296685837335136,31.62758349142037,eng_Latn," But being placed in the ""high tropics"" just a few degrees north of equator you will need to deal with both heat (always) and strong sun (when the sky is clear, more rarely).",16.296685837335136,31.62758349142037,10.5625,9.8125
"Translate the following sentence from Hindi to English:
Q: उत्तर में हेब्रोन जाने वाली भी कुछ बसें हैं, जो बाइबिल के कुलपतियों अब्राहम, आइसैक, जैकब और उनकी पत्नियों का पारंपरिक समाधि स्थल है।
A:","उत्तर में हेब्रोन जाने वाली भी कुछ बसें हैं, जो बाइबिल के कुलपतियों अब्राहम, आइसैक, जैकब और उनकी पत्नियों का पारंपरिक समाधि स्थल है।","There are also a few buses going north to Hebron, the traditional burial place of the Biblical patriarchs Abraham, Isaac, Jacob, and their wives.",There are also some buses going to Hebron in the north.,4.380275827532432,26.387531845999824,eng_Latn," There are also a few buses going north to Hebron, the traditional burial place of the Biblical patriarchs Abraham, Isaac, Jacob, and their wives.",4.380275827532432,26.387531845999824,16.625,11.375
"Translate the following sentence from Hindi to English:
Q: देख लें कि आप जिस बस से जाने की सोच रहे हैं वह हेब्रॉन जाती है न कि सिर्फ़ किरयात अरबा के नज़दीकी यहूदी स्थानों तक.
A:",देख लें कि आप जिस बस से जाने की सोच रहे हैं वह हेब्रॉन जाती है न कि सिर्फ़ किरयात अरबा के नज़दीकी यहूदी स्थानों तक.,Check that the bus you are thinking of taking goes into Hebron and not just to the nearby Jewish settlement of Kiryat Arba.,Look at the bus schedule.,0.4592181994589514,9.520654572414987,eng_Latn, Check that the bus you are thinking of taking goes into Hebron and not just to the nearby Jewish settlement of Kiryat Arba.,0.4592181994589514,9.520654572414987,23.875,23.25
"Translate the following sentence from Hindi to English:
Q: अंतर्देशीय जलमार्ग आनेवाली छुट्टियों के लिए एक अच्छा विषय हो सकता है।
A:",अंतर्देशीय जलमार्ग आनेवाली छुट्टियों के लिए एक अच्छा विषय हो सकता है।,Inland waterways can be a good theme to base a holiday around.,Inland waterways can be a good subject for coming holidays.,49.00941039306948,56.86425045997626,eng_Latn, Inland waterways can be a good theme to base a holiday around.,49.00941039306948,56.86425045997626,4.5,5.15625
"Translate the following sentence from Hindi to English:
Q: उदाहरण के लिए लॉयर वैली, राइन वैली के महलों में जाना या दानुबे की दिलचस्प जगहों तक जाने के लिए क्रूज़ से सफ़र करना या इरी कैनाल के साथ-साथ बोटिंग करना.
A:","उदाहरण के लिए लॉयर वैली, राइन वैली के महलों में जाना या दानुबे की दिलचस्प जगहों तक जाने के लिए क्रूज़ से सफ़र करना या इरी कैनाल के साथ-साथ बोटिंग करना.","For example visiting castles in the Loire Valley, the Rhine valley or taking a cruise to interesting cites on the Danube or boating along the Erie Canal.","For example, the lawyer valley, the Rhine valley, the Danube river, the Irri canal, the Danube river, the Danube river, the Danube river, the Danube river, the Danube river, the Danube river, the Danube river, the Danube river, the Danube river, the Danube river, the Danube river, the Danube river, the Danube river, the Danube river, the Danube river, the Danube river, the Danube river, the Danube river, the Danube river, the Danube river,",5.130540853831354,23.46374010370299,eng_Latn," For example visiting castles in the Loire Valley, the Rhine valley or taking a cruise to interesting cites on the Danube or boating along the Erie Canal.",5.130540853831354,23.46374010370299,10.5625,11.3125
"Translate the following sentence from Hindi to English:
Q: उन्होंने लोकप्रिय हाइकिंग और साइक्लिंग ट्रैल्स के लिए रूट्स भी तय किए.
A:",उन्होंने लोकप्रिय हाइकिंग और साइक्लिंग ट्रैल्स के लिए रूट्स भी तय किए.,They also define routes for popular hiking and cycling trails.,They have also marked out routes for popular hiking and cycling trails.,72.05815373945799,77.4778240029899,eng_Latn, They also define routes for popular hiking and cycling trails.,72.05815373945799,77.4778240029899,2.875,2.3125
"Translate the following sentence from Hindi to English:
Q: क्रिसमस ईसाई धर्म का एक सबसे महत्वपूर्ण अवकाश है और इसे यीशू के जन्मदिन के रूप में मनाया जाता है.
A:",क्रिसमस ईसाई धर्म का एक सबसे महत्वपूर्ण अवकाश है और इसे यीशू के जन्मदिन के रूप में मनाया जाता है.,"Christmas is one of the most important holidays of Christianity, and is celebrated as the birthday of Jesus.",Christmas is the most important holiday for Christians and is celebrated on the 25th of December.,23.0301991075655,55.57525733850775,eng_Latn," Christmas is one of the most important holidays of Christianity, and is celebrated as the birthday of Jesus.",23.0301991075655,55.57525733850775,2.875,2.359375
"Translate the following sentence from Hindi to English:
Q: इस त्यौहार से जुड़ी कई बातें ईसाई देशों और पूरी दुनिया में ईसाई धर्म से अलग दूसरे धर्मों के लोगों ने अपना ली हैं.
A:",इस त्यौहार से जुड़ी कई बातें ईसाई देशों और पूरी दुनिया में ईसाई धर्म से अलग दूसरे धर्मों के लोगों ने अपना ली हैं.,Many of the traditions surrounding the holiday have been adopted also by non-believers in Christian countries and non-Christians around the world.,Many things related to this festival have been adopted by people of other religions.,3.89258517155974,23.250889678935128,eng_Latn, Many of the traditions surrounding the holiday have been adopted also by non-believers in Christian countries and non-Christians around the world.,3.89258517155974,23.250889678935128,8.0,7.65625
"Translate the following sentence from Hindi to English:
Q: यहाँ सूर्योदय देखने की कुछ जगहों पर ईस्टर की पूरी रात जागने की परंपरा है.
A:",यहाँ सूर्योदय देखने की कुछ जगहों पर ईस्टर की पूरी रात जागने की परंपरा है.,There's a tradition to pass the Easter night awake at some exposed point to see the sunrise.,There are some places where the sun rises.,3.1784032193777274,19.68792824346286,eng_Latn, There's a tradition to pass the Easter night awake at some exposed point to see the sunrise.,3.1784032193777274,19.68792824346286,20.125,18.25
"Translate the following sentence from Hindi to English:
Q: बेशक इस परंपरा के पीछे ईसाई धर्मशास्त्र के स्पष्टीकरण दिए जाते हैं, लेकिन एक प्री-क्रिश्चयन स्प्रिंग और फ़र्टिलिटी रस्म भी हो सकती है.
A:","बेशक इस परंपरा के पीछे ईसाई धर्मशास्त्र के स्पष्टीकरण दिए जाते हैं, लेकिन एक प्री-क्रिश्चयन स्प्रिंग और फ़र्टिलिटी रस्म भी हो सकती है.","There are of course Christian theological explanations for this tradition, but it may well be a pre-Christian Spring and Fertility ritual.","Although the Christian explanation is given, a pre-Christian spring and fertility ritual can also be given.",15.55198359048981,39.76205280242603,eng_Latn," There are of course Christian theological explanations for this tradition, but it may well be a pre-Christian Spring and Fertility ritual.",15.55198359048981,39.76205280242603,5.65625,5.84375
"Translate the following sentence from Hindi to English:
Q: ज़्यादा परंपरागत चर्चों में ईस्टर सप्ताहांत में शनिवार रात को ईस्टर विजिल का आयोजन किया जाता है, जिसमें लोग क्रिस के पुनर्जन्म का उत्सव मनाने के लिए आधी रात के समय उत्सव मनाना शुरू करते हैं.
A:","ज़्यादा परंपरागत चर्चों में ईस्टर सप्ताहांत में शनिवार रात को ईस्टर विजिल का आयोजन किया जाता है, जिसमें लोग क्रिस के पुनर्जन्म का उत्सव मनाने के लिए आधी रात के समय उत्सव मनाना शुरू करते हैं.","More traditional churches often hold an Easter Vigil on Saturday night during the Easter weekend, with the congregations often breaking into celebration at the stroke of midnight to celebrate Christ's resurrection.","In many traditional churches, Easter Vigil is held on Saturday night.",3.3918514769573855,24.965705516282462,eng_Latn," More traditional churches often hold an Easter Vigil on Saturday night during the Easter weekend, with the congregations often breaking into celebration at the stroke of midnight to celebrate Christ's resurrection.",3.3918514769573855,24.965705516282462,10.5,13.0
"Translate the following sentence from Hindi to English:
Q: द्वीपों में मूल रूप से आए सभी जानवर यहाँ तैरकर, उड़कर या बहकर आए हैं.
A:","द्वीपों में मूल रूप से आए सभी जानवर यहाँ तैरकर, उड़कर या बहकर आए हैं.","All animals that originally arrived in the islands came here either by swimming, flying or floating.","All the animals that came to the islands originally have come here by swimming, flying or floating.",50.3423182754679,67.67449497294172,eng_Latn," All animals that originally arrived in the islands came here either by swimming, flying or floating.",50.3423182754679,67.67449497294172,3.09375,2.609375
"Translate the following sentence from Hindi to English:
Q: महाद्वीप से लंबी दूरी होने के कारण, स्तनधारी यात्रा करने में असमर्थ थे जिसने विशाल कछुए को गैलापागोस में चरने वाला प्राथमिक जानवर बना दिया।
A:","महाद्वीप से लंबी दूरी होने के कारण, स्तनधारी यात्रा करने में असमर्थ थे जिसने विशाल कछुए को गैलापागोस में चरने वाला प्राथमिक जानवर बना दिया।",Due to the long distance from the continent mammals were unable to make the journey making the giant tortoise the primary grazing animal in the Galapagos.,"Because of the long distance from the continent, mammals were unable to travel to the Galapagos Islands.",31.855635106914857,49.44395243122281,eng_Latn, Due to the long distance from the continent mammals were unable to make the journey making the giant tortoise the primary grazing animal in the Galapagos.,31.855635106914857,49.44395243122281,7.53125,5.09375
"Translate the following sentence from Hindi to English:
Q: गैलापागोस में मनुष्य के आगमन के बाद से, कई स्तनधारी का आगमन हुआ है जिसमें बकरियाँ, घोड़े, गाय, चूहे, बिल्लियाँ और कुत्ते शामिल हैं.
A:","गैलापागोस में मनुष्य के आगमन के बाद से, कई स्तनधारी का आगमन हुआ है जिसमें बकरियाँ, घोड़े, गाय, चूहे, बिल्लियाँ और कुत्ते शामिल हैं.","Since the arrival of man to the Galapagos, many mammals have been introduced including goats, horses, cows, rats, cats and dogs.","Since the arrival of humans in Galapagos, many mammals have arrived including sheep, horses, cows, rats, dogs and cats.",55.18740859567755,65.88376606890799,eng_Latn," Since the arrival of man to the Galapagos, many mammals have been introduced including goats, horses, cows, rats, cats and dogs.",55.18740859567755,65.88376606890799,3.234375,2.578125
"Translate the following sentence from Hindi to English:
Q: यदि आप सर्दियों में आर्कटिक या अंटार्कटिक क्षेत्रों में जाते हैं, तो आप ध्रुवीय रात का अनुभव करेंगे, जिसका अर्थ है कि सूरज क्षितिज से ऊपर नहीं उगता है।
A:","यदि आप सर्दियों में आर्कटिक या अंटार्कटिक क्षेत्रों में जाते हैं, तो आप ध्रुवीय रात का अनुभव करेंगे, जिसका अर्थ है कि सूरज क्षितिज से ऊपर नहीं उगता है।","If you visit the Arctic or Antarctic areas in the winter you will experience the polar night, which means that the sun doesn't rise above the horizon.","If you go to the Arctic or Antarctic regions in winter, you will experience polar night, which means that the sun does not rise above the horizon.",51.5684778380542,75.30447344790613,eng_Latn," If you visit the Arctic or Antarctic areas in the winter you will experience the polar night, which means that the sun doesn't rise above the horizon.",51.5684778380542,75.30447344790613,0.94140625,0.74609375
"Translate the following sentence from Hindi to English:
Q: यह ऑरोरा बोरेलिस को देखने का एक अच्छा अवसर प्रदान करता है, क्योंकि आकाश में उस समय अंधकार सा ही रहेगा।
A:","यह ऑरोरा बोरेलिस को देखने का एक अच्छा अवसर प्रदान करता है, क्योंकि आकाश में उस समय अंधकार सा ही रहेगा।","This offers a good opportunity to see the Aurora borealis, as the sky will be dark more or less around the clock.",It provides a good opportunity to see the aurora borealis because the sky will be dark at that time.,34.07846259328086,54.787811811888595,eng_Latn," This offers a good opportunity to see the Aurora borealis, as the sky will be dark more or less around the clock.",34.07846259328086,54.787811811888595,1.4140625,2.125
"Translate the following sentence from Hindi to English:
Q: क्षेत्र में जनसंख्या के बहुत कम होने और अक्सर प्रकाश प्रदूषण की समस्या म होने के कारण, आप सितारों का भी आनंद ले पाएँगे।
A:","क्षेत्र में जनसंख्या के बहुत कम होने और अक्सर प्रकाश प्रदूषण की समस्या म होने के कारण, आप सितारों का भी आनंद ले पाएँगे।","As the areas are sparsely populated, and light pollution therefore often not a problem, you will also be able to enjoy the stars.","Due to the low population density and the problem of light pollution, you will be able to see the stars.",13.64061422396439,43.929342773839075,eng_Latn," As the areas are sparsely populated, and light pollution therefore often not a problem, you will also be able to enjoy the stars.",13.64061422396439,43.929342773839075,4.1875,5.65625
"Translate the following sentence from Hindi to English:
Q: जापानी कार्य संस्कृति पश्चिमी लोगों की तुलना में अधिक श्रेणीबद्ध और औपचारिक है.
A:",जापानी कार्य संस्कृति पश्चिमी लोगों की तुलना में अधिक श्रेणीबद्ध और औपचारिक है.,Japanese work culture is more hierarchical and formal that what Westerners may be used to.,Japanese work culture is more hierarchical and formal than Western cultures.,49.56058724652765,68.05441014250482,eng_Latn, Japanese work culture is more hierarchical and formal that what Westerners may be used to.,49.56058724652765,68.05441014250482,1.21875,1.6171875
"Translate the following sentence from Hindi to English:
Q: सूट मानक व्यावसायिक पहनावा हैं, और सहकर्मी एक-दूसरे को उनके पारिवारिक नामों या पद नामों से पुकारते हैं.
A:","सूट मानक व्यावसायिक पहनावा हैं, और सहकर्मी एक-दूसरे को उनके पारिवारिक नामों या पद नामों से पुकारते हैं.","Suits are standard business attire, and coworkers call each other by their family names or by job titles.",Suits are standard business attire and colleagues address each other by their first names.,33.553218252500216,58.229392182996,eng_Latn," Suits are standard business attire, and coworkers call each other by their family names or by job titles.",33.553218252500216,58.229392182996,7.0625,7.78125
"Translate the following sentence from Hindi to English:
Q: कार्यस्थल सामंजस्य महत्वपूर्ण होता है, जो व्यक्तिगत उपलब्धियों की प्रशंसा की बजाय सामूहिक प्रयास पर ज़ोर देता है.
A:","कार्यस्थल सामंजस्य महत्वपूर्ण होता है, जो व्यक्तिगत उपलब्धियों की प्रशंसा की बजाय सामूहिक प्रयास पर ज़ोर देता है.","Workplace harmony is crucial, emphasizing group effort rather than praising individual accomplishments.","Workplace harmony is important, which emphasizes collective efforts rather than individual achievements.",23.41812326184748,50.90179478466086,eng_Latn," Workplace harmony is crucial, emphasizing group effort rather than praising individual accomplishments.",23.41812326184748,50.90179478466086,0.78515625,0.65625
"Translate the following sentence from Hindi to English:
Q: श्रमिकों को अक्सर किसी भी निर्णय के लिए अपने वरिष्ठ अधिकारियों की मंजूरी लेनी चाहिए, और उनसे बिना किसी सवाल के अपने वरिष्ठों के निर्देशों का पालन करने की अपेक्षा की जाती है.
A:","श्रमिकों को अक्सर किसी भी निर्णय के लिए अपने वरिष्ठ अधिकारियों की मंजूरी लेनी चाहिए, और उनसे बिना किसी सवाल के अपने वरिष्ठों के निर्देशों का पालन करने की अपेक्षा की जाती है.","Workers must often get their superiors' approval for any decisions they make, and are expected to obey their superiors' instructions without question.",Workers are often expected to follow the instructions of their superiors without question.,8.569299494944039,42.42767272803114,eng_Latn," Workers must often get their superiors' approval for any decisions they make, and are expected to obey their superiors' instructions without question.",8.569299494944039,42.42767272803114,5.1875,6.15625
